split,dataset,payload_bits,label_name,label,prompt,seed,key_seed,image_path,brisque,mode_used
train,COCO,0,cover,0,A black Honda motorcycle parked in front of a garage.,10000.0,,/content/drive/MyDrive/grdh_outputs/detect/images/train/cover/COCO/COCO_train_cover_0000.png,4.32440185546875,
train,COCO,0,cover,0,A Honda motorcycle parked in a grass driveway,10001.0,,/content/drive/MyDrive/grdh_outputs/detect/images/train/cover/COCO/COCO_train_cover_0001.png,19.38043212890625,
train,COCO,0,cover,0,An office cubicle with four different types of computers.,10002.0,,/content/drive/MyDrive/grdh_outputs/detect/images/train/cover/COCO/COCO_train_cover_0002.png,12.92962646484375,
train,COCO,0,cover,0,A small closed toilet in a cramped space.,10003.0,,/content/drive/MyDrive/grdh_outputs/detect/images/train/cover/COCO/COCO_train_cover_0003.png,-9.61932373046875,
train,COCO,0,cover,0,Two women waiting at a bench next to a street.,10004.0,,/content/drive/MyDrive/grdh_outputs/detect/images/train/cover/COCO/COCO_train_cover_0004.png,11.51190185546875,
train,COCO,0,cover,0,A black Honda motorcycle with a dark burgundy seat.,10005.0,,/content/drive/MyDrive/grdh_outputs/detect/images/train/cover/COCO/COCO_train_cover_0005.png,22.70660400390625,
train,COCO,0,cover,0,A tan toilet and sink combination in a small room.,10006.0,,/content/drive/MyDrive/grdh_outputs/detect/images/train/cover/COCO/COCO_train_cover_0006.png,1.98394775390625,
train,COCO,0,cover,0,The home office space seems to be very cluttered.,10007.0,,/content/drive/MyDrive/grdh_outputs/detect/images/train/cover/COCO/COCO_train_cover_0007.png,23.89007568359375,
train,COCO,0,cover,0,A beautiful dessert waiting to be shared by two people,10008.0,,/content/drive/MyDrive/grdh_outputs/detect/images/train/cover/COCO/COCO_train_cover_0008.png,2.64971923828125,
train,COCO,0,cover,0,A woman sitting on a bench and a woman standing waiting for the bus.,10009.0,,/content/drive/MyDrive/grdh_outputs/detect/images/train/cover/COCO/COCO_train_cover_0009.png,21.09796142578125,
train,COCO,0,cover,0,A woman sitting on a bench in the middle of the city,10010.0,,/content/drive/MyDrive/grdh_outputs/detect/images/train/cover/COCO/COCO_train_cover_0010.png,21.36663818359375,
train,COCO,0,cover,0,This is an advanced toilet with a sink and control panel.,10011.0,,/content/drive/MyDrive/grdh_outputs/detect/images/train/cover/COCO/COCO_train_cover_0011.png,12.02642822265625,
train,COCO,0,cover,0,A cat eating a bird it has caught.,10012.0,,/content/drive/MyDrive/grdh_outputs/detect/images/train/cover/COCO/COCO_train_cover_0012.png,-0.25982666015625,
train,COCO,0,cover,0,A close-up picture of a toilet with a fountain.,10013.0,,/content/drive/MyDrive/grdh_outputs/detect/images/train/cover/COCO/COCO_train_cover_0013.png,10.35211181640625,
train,COCO,0,cover,0,A shot of an elderly man inside a kitchen.,10014.0,,/content/drive/MyDrive/grdh_outputs/detect/images/train/cover/COCO/COCO_train_cover_0014.png,15.42901611328125,
train,COCO,0,cover,0,A cat in between two cars in a parking lot.,10015.0,,/content/drive/MyDrive/grdh_outputs/detect/images/train/cover/COCO/COCO_train_cover_0015.png,10.08599853515625,
train,COCO,0,cover,0,A woman sitting on a bench and a woman standing behind the bench at a bus stop,10016.0,,/content/drive/MyDrive/grdh_outputs/detect/images/train/cover/COCO/COCO_train_cover_0016.png,24.64056396484375,
train,COCO,0,cover,0,An office cubicle with multiple computers in it,10017.0,,/content/drive/MyDrive/grdh_outputs/detect/images/train/cover/COCO/COCO_train_cover_0017.png,9.75726318359375,
train,COCO,0,cover,0,An old man is wearing an odd hat,10018.0,,/content/drive/MyDrive/grdh_outputs/detect/images/train/cover/COCO/COCO_train_cover_0018.png,-7.26715087890625,
train,COCO,0,cover,0,A parade of motorcycles is going through a group of tall trees.,10019.0,,/content/drive/MyDrive/grdh_outputs/detect/images/train/cover/COCO/COCO_train_cover_0019.png,11.04119873046875,
train,COCO,0,cover,0,a man sleeping with his cat next to him,10020.0,,/content/drive/MyDrive/grdh_outputs/detect/images/train/cover/COCO/COCO_train_cover_0020.png,5.38446044921875,
train,COCO,0,cover,0,An all white kitchen with an electric stovetop. ,10021.0,,/content/drive/MyDrive/grdh_outputs/detect/images/train/cover/COCO/COCO_train_cover_0021.png,24.19171142578125,
train,COCO,0,cover,0,an office with desk computer and chair and laptop.,10022.0,,/content/drive/MyDrive/grdh_outputs/detect/images/train/cover/COCO/COCO_train_cover_0022.png,19.45684814453125,
train,COCO,0,cover,0,The telephone has a banana where the receiver should be.,10023.0,,/content/drive/MyDrive/grdh_outputs/detect/images/train/cover/COCO/COCO_train_cover_0023.png,22.37005615234375,
train,COCO,0,cover,0,Off white toilet with a faucet and controls. ,10024.0,,/content/drive/MyDrive/grdh_outputs/detect/images/train/cover/COCO/COCO_train_cover_0024.png,3.08721923828125,
train,COCO,0,cover,0,A white stove sits between two small counter tops.,10025.0,,/content/drive/MyDrive/grdh_outputs/detect/images/train/cover/COCO/COCO_train_cover_0025.png,13.15472412109375,
train,COCO,0,cover,0,A woman and another woman waiting at a stop.,10026.0,,/content/drive/MyDrive/grdh_outputs/detect/images/train/cover/COCO/COCO_train_cover_0026.png,26.13641357421875,
train,COCO,0,cover,0,Office setting with a lot of computer screens.,10027.0,,/content/drive/MyDrive/grdh_outputs/detect/images/train/cover/COCO/COCO_train_cover_0027.png,36.01959228515625,
train,COCO,0,cover,0,Close up of a white kitchen setup with a coffee maker on counter.,10028.0,,/content/drive/MyDrive/grdh_outputs/detect/images/train/cover/COCO/COCO_train_cover_0028.png,41.20196533203125,
train,COCO,0,cover,0,A desk and chair in an office cubicle.,10029.0,,/content/drive/MyDrive/grdh_outputs/detect/images/train/cover/COCO/COCO_train_cover_0029.png,30.24945068359375,
train,COCO,0,cover,0,A white stove and cabinet inside a kitchen.,10030.0,,/content/drive/MyDrive/grdh_outputs/detect/images/train/cover/COCO/COCO_train_cover_0030.png,18.14495849609375,
train,COCO,0,cover,0,There is a piece of cake on a plate with decorations on it.,10031.0,,/content/drive/MyDrive/grdh_outputs/detect/images/train/cover/COCO/COCO_train_cover_0031.png,21.38262939453125,
train,COCO,0,cover,0,A cat stands between two parked cars on a grassy sidewalk. ,10032.0,,/content/drive/MyDrive/grdh_outputs/detect/images/train/cover/COCO/COCO_train_cover_0032.png,15.73333740234375,
train,COCO,0,cover,0,Creamy cheesecake dessert with whip cream and caramel.,10033.0,,/content/drive/MyDrive/grdh_outputs/detect/images/train/cover/COCO/COCO_train_cover_0033.png,5.48773193359375,
train,COCO,0,cover,0,A group of motorcyclists drive down a tree lined street.,10034.0,,/content/drive/MyDrive/grdh_outputs/detect/images/train/cover/COCO/COCO_train_cover_0034.png,14.90789794921875,
train,COCO,0,cover,0,A cat at attention between two parked cars.,10035.0,,/content/drive/MyDrive/grdh_outputs/detect/images/train/cover/COCO/COCO_train_cover_0035.png,10.23553466796875,
train,COCO,0,cover,0,"A dog sitting between its masters feet on a footstool watching tv
",10036.0,,/content/drive/MyDrive/grdh_outputs/detect/images/train/cover/COCO/COCO_train_cover_0036.png,2.56329345703125,
train,COCO,0,cover,0,A young man and his cute cat enjoy a nap together.,10037.0,,/content/drive/MyDrive/grdh_outputs/detect/images/train/cover/COCO/COCO_train_cover_0037.png,12.12005615234375,
train,COCO,0,cover,0,A dog between the feet of a person looking at a TV.,10038.0,,/content/drive/MyDrive/grdh_outputs/detect/images/train/cover/COCO/COCO_train_cover_0038.png,-1.83355712890625,
train,COCO,0,cover,0,An older man is wearing a funny hat in his dining room.,10039.0,,/content/drive/MyDrive/grdh_outputs/detect/images/train/cover/COCO/COCO_train_cover_0039.png,17.60198974609375,
train,COCO,0,cover,0,Man in motorcycle leathers standing in front of a group of bikes,10040.0,,/content/drive/MyDrive/grdh_outputs/detect/images/train/cover/COCO/COCO_train_cover_0040.png,10.95672607421875,
train,COCO,0,cover,0,"Bikers, dressed in their gear, standing near their motorcycles.",10041.0,,/content/drive/MyDrive/grdh_outputs/detect/images/train/cover/COCO/COCO_train_cover_0041.png,17.39447021484375,
train,COCO,0,cover,0,A man is sleeping with his head on a pillow.,10042.0,,/content/drive/MyDrive/grdh_outputs/detect/images/train/cover/COCO/COCO_train_cover_0042.png,3.05780029296875,
train,COCO,0,cover,0,A banana replacing the phone on an answering machine,10043.0,,/content/drive/MyDrive/grdh_outputs/detect/images/train/cover/COCO/COCO_train_cover_0043.png,2.88128662109375,
train,COCO,0,cover,0,Ma motorcycle parked on the gravel in front of a garage,10044.0,,/content/drive/MyDrive/grdh_outputs/detect/images/train/cover/COCO/COCO_train_cover_0044.png,7.21209716796875,
train,COCO,0,cover,0,A dog and a person are watching television together.,10045.0,,/content/drive/MyDrive/grdh_outputs/detect/images/train/cover/COCO/COCO_train_cover_0045.png,24.28631591796875,
train,COCO,0,cover,0,A motorcycle with its brake extended standing outside,10046.0,,/content/drive/MyDrive/grdh_outputs/detect/images/train/cover/COCO/COCO_train_cover_0046.png,23.64862060546875,
train,COCO,0,cover,0,A group of motorcycles down a long street filled with trees on either side.,10047.0,,/content/drive/MyDrive/grdh_outputs/detect/images/train/cover/COCO/COCO_train_cover_0047.png,18.96331787109375,
train,COCO,0,cover,0,A person is sitting with their dog watching tv.,10048.0,,/content/drive/MyDrive/grdh_outputs/detect/images/train/cover/COCO/COCO_train_cover_0048.png,1.09320068359375,
train,COCO,0,cover,0,An office desk with two flat panel monitors.,10049.0,,/content/drive/MyDrive/grdh_outputs/detect/images/train/cover/COCO/COCO_train_cover_0049.png,0.57281494140625,
train,COCO,0,cover,0,A grey and white cat watches from between parked cars.,10050.0,,/content/drive/MyDrive/grdh_outputs/detect/images/train/cover/COCO/COCO_train_cover_0050.png,4.59844970703125,
train,COCO,0,cover,0,A group of men stand next to their bicycles.,10051.0,,/content/drive/MyDrive/grdh_outputs/detect/images/train/cover/COCO/COCO_train_cover_0051.png,9.56280517578125,
train,COCO,0,cover,0,Three men standing around their motorcycles in a parking lot.,10052.0,,/content/drive/MyDrive/grdh_outputs/detect/images/train/cover/COCO/COCO_train_cover_0052.png,12.67474365234375,
train,COCO,0,cover,0,Man sleeping in his bedroom next to a cat.,10053.0,,/content/drive/MyDrive/grdh_outputs/detect/images/train/cover/COCO/COCO_train_cover_0053.png,2.99896240234375,
train,COCO,0,cover,0,Set of toy animals sitting in front of a red wooden wagon.,10054.0,,/content/drive/MyDrive/grdh_outputs/detect/images/train/cover/COCO/COCO_train_cover_0054.png,23.06463623046875,
train,COCO,0,cover,0,Group of three motorcyclists standing in front of their motorcycles.,10055.0,,/content/drive/MyDrive/grdh_outputs/detect/images/train/cover/COCO/COCO_train_cover_0055.png,8.16082763671875,
train,COCO,0,cover,0,A phone with a banana where the receiver should be.,10056.0,,/content/drive/MyDrive/grdh_outputs/detect/images/train/cover/COCO/COCO_train_cover_0056.png,10.69061279296875,
train,COCO,0,cover,0,A woman wearing a hat & pink top takes a selfie in front of a bathroom mirror.,10057.0,,/content/drive/MyDrive/grdh_outputs/detect/images/train/cover/COCO/COCO_train_cover_0057.png,-2.73016357421875,
train,COCO,0,cover,0,A telephone has it receiver replaced with a banana.,10058.0,,/content/drive/MyDrive/grdh_outputs/detect/images/train/cover/COCO/COCO_train_cover_0058.png,14.67596435546875,
train,COCO,0,cover,0,A white cat caught a bird outside on a patio.,10059.0,,/content/drive/MyDrive/grdh_outputs/detect/images/train/cover/COCO/COCO_train_cover_0059.png,42.73992919921875,
train,COCO,0,cover,0,Man sleeping next to a cat on a bed. ,10060.0,,/content/drive/MyDrive/grdh_outputs/detect/images/train/cover/COCO/COCO_train_cover_0060.png,11.34027099609375,
train,COCO,0,cover,0,This is a small kitchen with white cabinets and appliances.,10061.0,,/content/drive/MyDrive/grdh_outputs/detect/images/train/cover/COCO/COCO_train_cover_0061.png,25.08685302734375,
train,COCO,0,cover,0,A striped plane flying up into the sky as the sun shines behind it.,10062.0,,/content/drive/MyDrive/grdh_outputs/detect/images/train/cover/COCO/COCO_train_cover_0062.png,17.09710693359375,
train,COCO,0,cover,0,A dog driving an SUV in an open grass covered field.,10063.0,,/content/drive/MyDrive/grdh_outputs/detect/images/train/cover/COCO/COCO_train_cover_0063.png,23.79010009765625,
train,COCO,0,cover,0,A customized motorcycle with more in the background.,10064.0,,/content/drive/MyDrive/grdh_outputs/detect/images/train/cover/COCO/COCO_train_cover_0064.png,8.83599853515625,
train,COCO,0,cover,0,An airplane is ascending into the white sky,10065.0,,/content/drive/MyDrive/grdh_outputs/detect/images/train/cover/COCO/COCO_train_cover_0065.png,16.16888427734375,
train,COCO,0,cover,0,A sculpture of two women stting on a bench with their purses on the ground while people standing in a line behind them. ,10066.0,,/content/drive/MyDrive/grdh_outputs/detect/images/train/cover/COCO/COCO_train_cover_0066.png,7.31817626953125,
train,COCO,0,cover,0,An American Airlines plane is in the sky,10067.0,,/content/drive/MyDrive/grdh_outputs/detect/images/train/cover/COCO/COCO_train_cover_0067.png,25.91815185546875,
train,COCO,0,cover,0,Grey house cat devours a song bird on a door step,10068.0,,/content/drive/MyDrive/grdh_outputs/detect/images/train/cover/COCO/COCO_train_cover_0068.png,8.46771240234375,
train,COCO,0,cover,0,An extravagant dessert on a plate overlooking the water.,10069.0,,/content/drive/MyDrive/grdh_outputs/detect/images/train/cover/COCO/COCO_train_cover_0069.png,13.82513427734375,
train,COCO,0,cover,0,A grey and white cat standing in the grass in a parking lot. ,10070.0,,/content/drive/MyDrive/grdh_outputs/detect/images/train/cover/COCO/COCO_train_cover_0070.png,2.94732666015625,
train,COCO,0,cover,0,A metal statue of two women sits on a bench in a city street.,10071.0,,/content/drive/MyDrive/grdh_outputs/detect/images/train/cover/COCO/COCO_train_cover_0071.png,3.14569091796875,
train,COCO,0,cover,0,There is very little traffic at this city intersection.,10072.0,,/content/drive/MyDrive/grdh_outputs/detect/images/train/cover/COCO/COCO_train_cover_0072.png,7.45379638671875,
train,COCO,0,cover,0,"An office desk with two computer screens, books diagrams and a phone on it.",10073.0,,/content/drive/MyDrive/grdh_outputs/detect/images/train/cover/COCO/COCO_train_cover_0073.png,17.30316162109375,
train,COCO,0,cover,0,A black and white photograph of a motorcycle.,10074.0,,/content/drive/MyDrive/grdh_outputs/detect/images/train/cover/COCO/COCO_train_cover_0074.png,15.96893310546875,
train,COCO,0,cover,0,Two computer monitors are placed beside each other on a desk.,10075.0,,/content/drive/MyDrive/grdh_outputs/detect/images/train/cover/COCO/COCO_train_cover_0075.png,15.72833251953125,
train,COCO,0,cover,0,An orange reddish rose in a vase filled with water on top of a table.,10076.0,,/content/drive/MyDrive/grdh_outputs/detect/images/train/cover/COCO/COCO_train_cover_0076.png,6.24969482421875,
train,COCO,0,cover,0,A cat pausing as it's picture is taken.,10077.0,,/content/drive/MyDrive/grdh_outputs/detect/images/train/cover/COCO/COCO_train_cover_0077.png,2.54022216796875,
train,COCO,0,cover,0,A blue eyed tabby cat crouched on the ground. ,10078.0,,/content/drive/MyDrive/grdh_outputs/detect/images/train/cover/COCO/COCO_train_cover_0078.png,21.19696044921875,
train,COCO,0,cover,0,A woman in a flowered dress taking a selfie in a bathroom mirror.,10079.0,,/content/drive/MyDrive/grdh_outputs/detect/images/train/cover/COCO/COCO_train_cover_0079.png,16.68402099609375,
train,COCO,0,cover,0,Black and white photo of a parked motorcycle,10080.0,,/content/drive/MyDrive/grdh_outputs/detect/images/train/cover/COCO/COCO_train_cover_0080.png,26.28704833984375,
train,COCO,0,cover,0,A black trash bag in a restroom next to a sink.,10081.0,,/content/drive/MyDrive/grdh_outputs/detect/images/train/cover/COCO/COCO_train_cover_0081.png,7.94818115234375,
train,COCO,0,cover,0,A man in a jacket and hat looks at the camera.,10082.0,,/content/drive/MyDrive/grdh_outputs/detect/images/train/cover/COCO/COCO_train_cover_0082.png,-3.65045166015625,
train,COCO,0,cover,0,"Several toy animals - a bull, giraffe, deer and parakeet.",10083.0,,/content/drive/MyDrive/grdh_outputs/detect/images/train/cover/COCO/COCO_train_cover_0083.png,-0.99945068359375,
train,COCO,0,cover,0,An older woman in a flower dress takes a self photo in the mirror.,10084.0,,/content/drive/MyDrive/grdh_outputs/detect/images/train/cover/COCO/COCO_train_cover_0084.png,-8.89923095703125,
train,COCO,0,cover,0,A dog sits in the front seat of a jeep. ,10085.0,,/content/drive/MyDrive/grdh_outputs/detect/images/train/cover/COCO/COCO_train_cover_0085.png,1.39300537109375,
train,COCO,0,cover,0,A clean kitchen with the windows white and open.,10086.0,,/content/drive/MyDrive/grdh_outputs/detect/images/train/cover/COCO/COCO_train_cover_0086.png,22.49920654296875,
train,COCO,0,cover,0,Some toy animals on the ground near a picture,10087.0,,/content/drive/MyDrive/grdh_outputs/detect/images/train/cover/COCO/COCO_train_cover_0087.png,7.91949462890625,
train,COCO,0,cover,0,An urban intersection with stoplights on a cloudy day.,10088.0,,/content/drive/MyDrive/grdh_outputs/detect/images/train/cover/COCO/COCO_train_cover_0088.png,14.43524169921875,
train,COCO,0,cover,0,"A man relaxing at home, watching television with his dog.",10089.0,,/content/drive/MyDrive/grdh_outputs/detect/images/train/cover/COCO/COCO_train_cover_0089.png,-1.72491455078125,
train,COCO,0,cover,0,Children's toy animals are strewn across a floor.,10090.0,,/content/drive/MyDrive/grdh_outputs/detect/images/train/cover/COCO/COCO_train_cover_0090.png,18.50616455078125,
train,COCO,0,cover,0,A glass bowl filled with oranges on a table.,10091.0,,/content/drive/MyDrive/grdh_outputs/detect/images/train/cover/COCO/COCO_train_cover_0091.png,9.25665283203125,
train,COCO,0,cover,0,"A red, white, and blue plane is in the sky.",10092.0,,/content/drive/MyDrive/grdh_outputs/detect/images/train/cover/COCO/COCO_train_cover_0092.png,18.09320068359375,
train,COCO,0,cover,0,A young attractive woman sitting on a toilette on the side of a street.,10093.0,,/content/drive/MyDrive/grdh_outputs/detect/images/train/cover/COCO/COCO_train_cover_0093.png,8.55755615234375,
train,COCO,0,cover,0,A young woman using a laptop computer while sitting on a bunk bed.,10094.0,,/content/drive/MyDrive/grdh_outputs/detect/images/train/cover/COCO/COCO_train_cover_0094.png,2.27716064453125,
train,COCO,0,cover,0,Several custom made motorcycles on display while riders chat.,10095.0,,/content/drive/MyDrive/grdh_outputs/detect/images/train/cover/COCO/COCO_train_cover_0095.png,11.51434326171875,
train,COCO,0,cover,0,A black cat with white stomach takes a pose.,10096.0,,/content/drive/MyDrive/grdh_outputs/detect/images/train/cover/COCO/COCO_train_cover_0096.png,6.99041748046875,
train,COCO,0,cover,0,An old victorian style bed frame in a bedroom.,10097.0,,/content/drive/MyDrive/grdh_outputs/detect/images/train/cover/COCO/COCO_train_cover_0097.png,16.22796630859375,
train,COCO,0,cover,0,Two computers sitting on top of a desk.,10098.0,,/content/drive/MyDrive/grdh_outputs/detect/images/train/cover/COCO/COCO_train_cover_0098.png,19.18206787109375,
train,COCO,0,cover,0,A plane flies through the sky at an angle. ,10099.0,,/content/drive/MyDrive/grdh_outputs/detect/images/train/cover/COCO/COCO_train_cover_0099.png,20.68768310546875,
train,COCO,0,cover,0,A customized motorcycle with a large rear and skinny front tire,10100.0,,/content/drive/MyDrive/grdh_outputs/detect/images/train/cover/COCO/COCO_train_cover_0100.png,14.27825927734375,
train,COCO,0,cover,0,A view of a bathroom that is clean.,10101.0,,/content/drive/MyDrive/grdh_outputs/detect/images/train/cover/COCO/COCO_train_cover_0101.png,1.62481689453125,
train,COCO,0,cover,0,a garbage bag in a white lighted bathroom,10102.0,,/content/drive/MyDrive/grdh_outputs/detect/images/train/cover/COCO/COCO_train_cover_0102.png,32.62347412109375,
train,COCO,0,cover,0,An old man standing in a kitchen posing for a picture.,10103.0,,/content/drive/MyDrive/grdh_outputs/detect/images/train/cover/COCO/COCO_train_cover_0103.png,20.98162841796875,
train,COCO,0,cover,0,A long haired cat eating a dead bird.,10104.0,,/content/drive/MyDrive/grdh_outputs/detect/images/train/cover/COCO/COCO_train_cover_0104.png,-2.01678466796875,
train,COCO,0,cover,0,A close up of oranges and apples in a bowl.,10105.0,,/content/drive/MyDrive/grdh_outputs/detect/images/train/cover/COCO/COCO_train_cover_0105.png,3.18975830078125,
train,COCO,0,cover,0,A person sitting on a stool on the street.,10106.0,,/content/drive/MyDrive/grdh_outputs/detect/images/train/cover/COCO/COCO_train_cover_0106.png,7.80535888671875,
train,COCO,0,cover,0,A desk with two monitors depicting security cameras.,10107.0,,/content/drive/MyDrive/grdh_outputs/detect/images/train/cover/COCO/COCO_train_cover_0107.png,31.46942138671875,
train,COCO,0,cover,0,A display of vintage animal toys on the floor.,10108.0,,/content/drive/MyDrive/grdh_outputs/detect/images/train/cover/COCO/COCO_train_cover_0108.png,10.86700439453125,
train,COCO,0,cover,0,A person that is sitting in a bed facing out.,10109.0,,/content/drive/MyDrive/grdh_outputs/detect/images/train/cover/COCO/COCO_train_cover_0109.png,-1.41070556640625,
train,COCO,0,cover,0,A cat sitting on a street corner looking at the camera.,10110.0,,/content/drive/MyDrive/grdh_outputs/detect/images/train/cover/COCO/COCO_train_cover_0110.png,6.81890869140625,
train,COCO,0,cover,0,A close up of a bike brake on a bicycle.,10111.0,,/content/drive/MyDrive/grdh_outputs/detect/images/train/cover/COCO/COCO_train_cover_0111.png,0.21405029296875,
train,COCO,0,cover,0,A group of people riding mopeds through a park.,10112.0,,/content/drive/MyDrive/grdh_outputs/detect/images/train/cover/COCO/COCO_train_cover_0112.png,26.23236083984375,
train,COCO,0,cover,0,A statue of two women with purses sitting on a bench. ,10113.0,,/content/drive/MyDrive/grdh_outputs/detect/images/train/cover/COCO/COCO_train_cover_0113.png,13.68743896484375,
train,COCO,0,cover,0,a stripped cat sitting near a brick wall,10114.0,,/content/drive/MyDrive/grdh_outputs/detect/images/train/cover/COCO/COCO_train_cover_0114.png,15.69158935546875,
train,COCO,0,cover,0,a city street with multiple bildings and a street light,10115.0,,/content/drive/MyDrive/grdh_outputs/detect/images/train/cover/COCO/COCO_train_cover_0115.png,30.84576416015625,
train,COCO,0,cover,0,A yellow rose in a clear vase filled with water.,10116.0,,/content/drive/MyDrive/grdh_outputs/detect/images/train/cover/COCO/COCO_train_cover_0116.png,9.18670654296875,
train,COCO,0,cover,0,A toddler celebrates his birthday with a cupcake.,10117.0,,/content/drive/MyDrive/grdh_outputs/detect/images/train/cover/COCO/COCO_train_cover_0117.png,20.04315185546875,
train,COCO,0,cover,0,A young girl sits in the bottom bunk of her bunkbed.,10118.0,,/content/drive/MyDrive/grdh_outputs/detect/images/train/cover/COCO/COCO_train_cover_0118.png,12.80316162109375,
train,COCO,0,cover,0,"A bathroom with a vanity, toilet and shower.",10119.0,,/content/drive/MyDrive/grdh_outputs/detect/images/train/cover/COCO/COCO_train_cover_0119.png,3.85064697265625,
train,COCO,0,cover,0,A woman in a yellow bathroom is holding a camera.,10120.0,,/content/drive/MyDrive/grdh_outputs/detect/images/train/cover/COCO/COCO_train_cover_0120.png,23.15802001953125,
train,COCO,0,cover,0,A glass bowl has oranges and apples in it.,10121.0,,/content/drive/MyDrive/grdh_outputs/detect/images/train/cover/COCO/COCO_train_cover_0121.png,0.90985107421875,
train,COCO,0,cover,0,There are two yellow flowers inside a vase.,10122.0,,/content/drive/MyDrive/grdh_outputs/detect/images/train/cover/COCO/COCO_train_cover_0122.png,-1.63433837890625,
train,COCO,0,cover,0,A giraffe and a zebra checking each other out.,10123.0,,/content/drive/MyDrive/grdh_outputs/detect/images/train/cover/COCO/COCO_train_cover_0123.png,14.47503662109375,
train,COCO,0,cover,0,"Spacious white kitchen with brown cabinetry, sink and appliances. ",10124.0,,/content/drive/MyDrive/grdh_outputs/detect/images/train/cover/COCO/COCO_train_cover_0124.png,22.06951904296875,
train,COCO,0,cover,0,A dog is sitting inside a red car.,10125.0,,/content/drive/MyDrive/grdh_outputs/detect/images/train/cover/COCO/COCO_train_cover_0125.png,23.06829833984375,
train,COCO,0,cover,0,A woman sitting on a bucket on the side of a street. ,10126.0,,/content/drive/MyDrive/grdh_outputs/detect/images/train/cover/COCO/COCO_train_cover_0126.png,8.16473388671875,
train,COCO,0,cover,0,A red truck has a black dog in the drivers chair.,10127.0,,/content/drive/MyDrive/grdh_outputs/detect/images/train/cover/COCO/COCO_train_cover_0127.png,14.89117431640625,
train,COCO,0,cover,0,"The bathroom has a wall sink, medicine cabinet, toothbrush holder, and bare walls.",10128.0,,/content/drive/MyDrive/grdh_outputs/detect/images/train/cover/COCO/COCO_train_cover_0128.png,14.58660888671875,
train,COCO,0,cover,0,A bicycle is chained up to a pole at a train station.,10129.0,,/content/drive/MyDrive/grdh_outputs/detect/images/train/cover/COCO/COCO_train_cover_0129.png,25.79437255859375,
train,COCO,0,cover,0,A door is open to a white bathroom that has a black garbage back on the floor.,10130.0,,/content/drive/MyDrive/grdh_outputs/detect/images/train/cover/COCO/COCO_train_cover_0130.png,30.74993896484375,
train,COCO,0,cover,0,A dog sitting in the front seat of a truck.,10131.0,,/content/drive/MyDrive/grdh_outputs/detect/images/train/cover/COCO/COCO_train_cover_0131.png,7.23480224609375,
train,COCO,0,cover,0,A laptop computer and a desktop computer on a white desk,10132.0,,/content/drive/MyDrive/grdh_outputs/detect/images/train/cover/COCO/COCO_train_cover_0132.png,21.63421630859375,
train,COCO,0,cover,0,A woman is sitting on a stool on a sidewalk.,10133.0,,/content/drive/MyDrive/grdh_outputs/detect/images/train/cover/COCO/COCO_train_cover_0133.png,34.41717529296875,
train,COCO,0,cover,0,A giraffe and a zebra are on a grassy field by the water.,10134.0,,/content/drive/MyDrive/grdh_outputs/detect/images/train/cover/COCO/COCO_train_cover_0134.png,-0.34405517578125,
train,COCO,0,cover,0,A bedroom with bunk beds and the bathroom next door.,10135.0,,/content/drive/MyDrive/grdh_outputs/detect/images/train/cover/COCO/COCO_train_cover_0135.png,22.40008544921875,
train,COCO,0,cover,0,A statue of two people sitting on a bench.,10136.0,,/content/drive/MyDrive/grdh_outputs/detect/images/train/cover/COCO/COCO_train_cover_0136.png,15.63104248046875,
train,COCO,0,cover,0,A yellow and blue train is next to an overhang.,10137.0,,/content/drive/MyDrive/grdh_outputs/detect/images/train/cover/COCO/COCO_train_cover_0137.png,19.20306396484375,
train,COCO,0,cover,0,A glass bowl full of oranges and apples.,10138.0,,/content/drive/MyDrive/grdh_outputs/detect/images/train/cover/COCO/COCO_train_cover_0138.png,1.93939208984375,
train,COCO,0,cover,0,A young boy with a spoon looking at a birthday cupcake.,10139.0,,/content/drive/MyDrive/grdh_outputs/detect/images/train/cover/COCO/COCO_train_cover_0139.png,15.35760498046875,
train,COCO,0,cover,0,A giraffe and a zebra walking through an African plain.,10140.0,,/content/drive/MyDrive/grdh_outputs/detect/images/train/cover/COCO/COCO_train_cover_0140.png,-9.07403564453125,
train,COCO,0,cover,0,A desktop with two computers and fruit on it.,10141.0,,/content/drive/MyDrive/grdh_outputs/detect/images/train/cover/COCO/COCO_train_cover_0141.png,13.57684326171875,
train,COCO,0,cover,0,A beautiful yellow rose is seen in a small vase.,10142.0,,/content/drive/MyDrive/grdh_outputs/detect/images/train/cover/COCO/COCO_train_cover_0142.png,14.34759521484375,
train,COCO,0,cover,0,A woman taking a picture of herself in a bathroom.,10143.0,,/content/drive/MyDrive/grdh_outputs/detect/images/train/cover/COCO/COCO_train_cover_0143.png,26.55535888671875,
train,COCO,0,cover,0,a vintage photo of a bike eith a lock on it,10144.0,,/content/drive/MyDrive/grdh_outputs/detect/images/train/cover/COCO/COCO_train_cover_0144.png,11.29339599609375,
train,COCO,0,cover,0,The bathroom door is open with the light on.,10145.0,,/content/drive/MyDrive/grdh_outputs/detect/images/train/cover/COCO/COCO_train_cover_0145.png,9.33734130859375,
train,COCO,0,cover,0,A giraffe looks down at a zebra on the field,10146.0,,/content/drive/MyDrive/grdh_outputs/detect/images/train/cover/COCO/COCO_train_cover_0146.png,2.49652099609375,
train,COCO,0,cover,0,A metal statue of two women sitting on a bench.,10147.0,,/content/drive/MyDrive/grdh_outputs/detect/images/train/cover/COCO/COCO_train_cover_0147.png,7.25823974609375,
train,COCO,0,cover,0,A group of scooters rides down a street,10148.0,,/content/drive/MyDrive/grdh_outputs/detect/images/train/cover/COCO/COCO_train_cover_0148.png,20.99652099609375,
train,COCO,0,cover,0,Three people live in one room who share a bathroom.,10149.0,,/content/drive/MyDrive/grdh_outputs/detect/images/train/cover/COCO/COCO_train_cover_0149.png,3.47247314453125,
train,COCO,0,cover,0,One apple and several oranges sit in a bowl.,10150.0,,/content/drive/MyDrive/grdh_outputs/detect/images/train/cover/COCO/COCO_train_cover_0150.png,8.09930419921875,
train,COCO,0,cover,0,Two orange roses in a small vase with water. ,10151.0,,/content/drive/MyDrive/grdh_outputs/detect/images/train/cover/COCO/COCO_train_cover_0151.png,2.04998779296875,
train,COCO,0,cover,0,A close up of a bicycle  parked on a train platform.,10152.0,,/content/drive/MyDrive/grdh_outputs/detect/images/train/cover/COCO/COCO_train_cover_0152.png,20.12188720703125,
train,COCO,0,cover,0,An office kitchen with open windows and no food.,10153.0,,/content/drive/MyDrive/grdh_outputs/detect/images/train/cover/COCO/COCO_train_cover_0153.png,19.48870849609375,
train,COCO,0,cover,0,A lap top computer next to a computer monitor sitting on top of a desk.,10154.0,,/content/drive/MyDrive/grdh_outputs/detect/images/train/cover/COCO/COCO_train_cover_0154.png,20.17034912109375,
train,COCO,0,cover,0,The bicycle is locked to the metal pole as the young man waits to board the mass  transit train.,10155.0,,/content/drive/MyDrive/grdh_outputs/detect/images/train/cover/COCO/COCO_train_cover_0155.png,10.39007568359375,
train,COCO,0,cover,0,A baby holding a spoon looking at a cupcake and candle.,10156.0,,/content/drive/MyDrive/grdh_outputs/detect/images/train/cover/COCO/COCO_train_cover_0156.png,20.38861083984375,
train,COCO,0,cover,0,a zebra and a giraffe in the wild,10157.0,,/content/drive/MyDrive/grdh_outputs/detect/images/train/cover/COCO/COCO_train_cover_0157.png,13.07574462890625,
train,COCO,0,cover,0,A group of women operating a car wash.,10158.0,,/content/drive/MyDrive/grdh_outputs/detect/images/train/cover/COCO/COCO_train_cover_0158.png,18.32012939453125,
train,COCO,0,cover,0,An airplane on the runway either just landed or ready to take off.,10159.0,,/content/drive/MyDrive/grdh_outputs/detect/images/train/cover/COCO/COCO_train_cover_0159.png,14.39593505859375,
train,COCO,0,cover,0,"An extremely plain, and outdated white colored kitchen",10160.0,,/content/drive/MyDrive/grdh_outputs/detect/images/train/cover/COCO/COCO_train_cover_0160.png,21.23187255859375,
train,COCO,0,cover,0,A child holds a spoon and looks at a cupcake.,10161.0,,/content/drive/MyDrive/grdh_outputs/detect/images/train/cover/COCO/COCO_train_cover_0161.png,6.46258544921875,
train,COCO,0,cover,0,A kitchen scene is shown with cabinets and appliances.,10162.0,,/content/drive/MyDrive/grdh_outputs/detect/images/train/cover/COCO/COCO_train_cover_0162.png,28.29779052734375,
train,COCO,0,cover,0,A car is parked on dry grass with kites overhead.,10163.0,,/content/drive/MyDrive/grdh_outputs/detect/images/train/cover/COCO/COCO_train_cover_0163.png,17.42962646484375,
train,COCO,0,cover,0,a young child looking at a birthday cupcake,10164.0,,/content/drive/MyDrive/grdh_outputs/detect/images/train/cover/COCO/COCO_train_cover_0164.png,20.83880615234375,
train,COCO,0,cover,0,Young women washing motor cycles in the middle of a street.,10165.0,,/content/drive/MyDrive/grdh_outputs/detect/images/train/cover/COCO/COCO_train_cover_0165.png,12.14910888671875,
train,COCO,0,cover,0,A four cross street of a downtown area.,10166.0,,/content/drive/MyDrive/grdh_outputs/detect/images/train/cover/COCO/COCO_train_cover_0166.png,17.40496826171875,
train,COCO,0,cover,0,An Egyptian airlines plane landing at an airport.,10167.0,,/content/drive/MyDrive/grdh_outputs/detect/images/train/cover/COCO/COCO_train_cover_0167.png,18.22882080078125,
train,COCO,0,cover,0,A truck driving through a field with people flying kites.,10168.0,,/content/drive/MyDrive/grdh_outputs/detect/images/train/cover/COCO/COCO_train_cover_0168.png,2.62762451171875,
train,COCO,0,cover,0,An open field with a truck and some kites being flown,10169.0,,/content/drive/MyDrive/grdh_outputs/detect/images/train/cover/COCO/COCO_train_cover_0169.png,1.12286376953125,
train,COCO,0,cover,0,A train sits on the track at a deserted station overlooked by a tower.,10170.0,,/content/drive/MyDrive/grdh_outputs/detect/images/train/cover/COCO/COCO_train_cover_0170.png,12.51947021484375,
train,COCO,0,cover,0,A pickup truck is parked underneath multiple flying kites.,10171.0,,/content/drive/MyDrive/grdh_outputs/detect/images/train/cover/COCO/COCO_train_cover_0171.png,-1.10479736328125,
train,COCO,0,cover,0,A flying plane with smoke trailing behind it.,10172.0,,/content/drive/MyDrive/grdh_outputs/detect/images/train/cover/COCO/COCO_train_cover_0172.png,-0.27276611328125,
train,COCO,0,cover,0,Two young women are washing two motorcycles with hoses..,10173.0,,/content/drive/MyDrive/grdh_outputs/detect/images/train/cover/COCO/COCO_train_cover_0173.png,6.10247802734375,
train,COCO,0,cover,0,Part of train car with a door to the rear connected to the car behind it,10174.0,,/content/drive/MyDrive/grdh_outputs/detect/images/train/cover/COCO/COCO_train_cover_0174.png,29.12847900390625,
train,COCO,0,cover,0,A bed in a bedroom with a white covering next to a doorway.,10175.0,,/content/drive/MyDrive/grdh_outputs/detect/images/train/cover/COCO/COCO_train_cover_0175.png,2.19207763671875,
train,COCO,0,cover,0,A colorful train stopped at a train station.,10176.0,,/content/drive/MyDrive/grdh_outputs/detect/images/train/cover/COCO/COCO_train_cover_0176.png,36.65472412109375,
train,COCO,0,cover,0,Kitchen area with counter top space and dining room table. ,10177.0,,/content/drive/MyDrive/grdh_outputs/detect/images/train/cover/COCO/COCO_train_cover_0177.png,26.36773681640625,
train,COCO,0,cover,0,A bathroom with a sliding shower door next to a toilet.,10178.0,,/content/drive/MyDrive/grdh_outputs/detect/images/train/cover/COCO/COCO_train_cover_0178.png,9.17279052734375,
train,COCO,0,cover,0,An single passanger in an airplane flying through the sky,10179.0,,/content/drive/MyDrive/grdh_outputs/detect/images/train/cover/COCO/COCO_train_cover_0179.png,8.64617919921875,
train,COCO,0,cover,0,"A view of a kitchen with cabinets, a sink and a clothes washer.",10180.0,,/content/drive/MyDrive/grdh_outputs/detect/images/train/cover/COCO/COCO_train_cover_0180.png,18.75738525390625,
train,COCO,0,cover,0,A passenger train stopped near a train station.,10181.0,,/content/drive/MyDrive/grdh_outputs/detect/images/train/cover/COCO/COCO_train_cover_0181.png,26.84771728515625,
train,COCO,0,cover,0,A truck sitting on a field with kites in the air.,10182.0,,/content/drive/MyDrive/grdh_outputs/detect/images/train/cover/COCO/COCO_train_cover_0182.png,53.55267333984375,
train,COCO,0,cover,0,A canopy bed with white see through curtains. ,10183.0,,/content/drive/MyDrive/grdh_outputs/detect/images/train/cover/COCO/COCO_train_cover_0183.png,17.61907958984375,
train,COCO,0,cover,0,A commercial plane on the strip to take off.,10184.0,,/content/drive/MyDrive/grdh_outputs/detect/images/train/cover/COCO/COCO_train_cover_0184.png,22.03533935546875,
train,COCO,0,cover,0,A counter top in a laundry room with a tile back splash,10185.0,,/content/drive/MyDrive/grdh_outputs/detect/images/train/cover/COCO/COCO_train_cover_0185.png,0.44696044921875,
train,COCO,0,cover,0,An old airplane is flying through the sky.,10186.0,,/content/drive/MyDrive/grdh_outputs/detect/images/train/cover/COCO/COCO_train_cover_0186.png,-10.20611572265625,
train,COCO,0,cover,0,The bathroom features a vanity sink and tub/shower combination.,10187.0,,/content/drive/MyDrive/grdh_outputs/detect/images/train/cover/COCO/COCO_train_cover_0187.png,3.41107177734375,
train,COCO,0,cover,0,a white bed and a ceiling fan light ,10188.0,,/content/drive/MyDrive/grdh_outputs/detect/images/train/cover/COCO/COCO_train_cover_0188.png,16.29534912109375,
train,COCO,0,cover,0,A Marine that is looking at his cell phone.,10189.0,,/content/drive/MyDrive/grdh_outputs/detect/images/train/cover/COCO/COCO_train_cover_0189.png,22.16522216796875,
train,COCO,0,cover,0,A empty laundry room with lot of storage space.,10190.0,,/content/drive/MyDrive/grdh_outputs/detect/images/train/cover/COCO/COCO_train_cover_0190.png,23.54791259765625,
train,COCO,0,cover,0,A wide empty street corner filled with buildings.,10191.0,,/content/drive/MyDrive/grdh_outputs/detect/images/train/cover/COCO/COCO_train_cover_0191.png,8.46917724609375,
train,COCO,0,cover,0,A poster bed with canopy in a room. ,10192.0,,/content/drive/MyDrive/grdh_outputs/detect/images/train/cover/COCO/COCO_train_cover_0192.png,-0.13604736328125,
train,COCO,0,cover,0,Girls wash a motorcycle while men look on.,10193.0,,/content/drive/MyDrive/grdh_outputs/detect/images/train/cover/COCO/COCO_train_cover_0193.png,11.07415771484375,
train,COCO,0,cover,0,A train is pulling into the train station.,10194.0,,/content/drive/MyDrive/grdh_outputs/detect/images/train/cover/COCO/COCO_train_cover_0194.png,15.72357177734375,
train,COCO,0,cover,0,A small bathroom is featured in this photo.,10195.0,,/content/drive/MyDrive/grdh_outputs/detect/images/train/cover/COCO/COCO_train_cover_0195.png,12.81854248046875,
train,COCO,0,cover,0,A group of people standing near the motorcycles on the street. ,10196.0,,/content/drive/MyDrive/grdh_outputs/detect/images/train/cover/COCO/COCO_train_cover_0196.png,3.48529052734375,
train,COCO,0,cover,0,a laptop computer a keyboard and two monitors,10197.0,,/content/drive/MyDrive/grdh_outputs/detect/images/train/cover/COCO/COCO_train_cover_0197.png,8.05340576171875,
train,COCO,0,cover,0,a kitchen with wooden cabinets a sink and a dish washer,10198.0,,/content/drive/MyDrive/grdh_outputs/detect/images/train/cover/COCO/COCO_train_cover_0198.png,34.45721435546875,
train,COCO,0,cover,0,A train with a striped door waiting on a train track.,10199.0,,/content/drive/MyDrive/grdh_outputs/detect/images/train/cover/COCO/COCO_train_cover_0199.png,17.71539306640625,
train,COCO,1024,stego,1,A black Honda motorcycle parked in front of a garage.,,15000.0,/content/drive/MyDrive/grdh_outputs/detect/images/train/stego/COCO/COCO_train_p1024_0000.png,47.50115966796875,robust
train,COCO,2048,stego,1,A Honda motorcycle parked in a grass driveway,,15001.0,/content/drive/MyDrive/grdh_outputs/detect/images/train/stego/COCO/COCO_train_p2048_0001.png,2.75213623046875,robust
train,COCO,4096,stego,1,An office cubicle with four different types of computers.,,15002.0,/content/drive/MyDrive/grdh_outputs/detect/images/train/stego/COCO/COCO_train_p4096_0002.png,22.09100341796875,robust
train,COCO,1024,stego,1,A small closed toilet in a cramped space.,,15003.0,/content/drive/MyDrive/grdh_outputs/detect/images/train/stego/COCO/COCO_train_p1024_0003.png,0.63372802734375,robust
train,COCO,2048,stego,1,Two women waiting at a bench next to a street.,,15004.0,/content/drive/MyDrive/grdh_outputs/detect/images/train/stego/COCO/COCO_train_p2048_0004.png,20.52630615234375,robust
train,COCO,4096,stego,1,A black Honda motorcycle with a dark burgundy seat.,,15005.0,/content/drive/MyDrive/grdh_outputs/detect/images/train/stego/COCO/COCO_train_p4096_0005.png,4.18218994140625,robust
train,COCO,1024,stego,1,A tan toilet and sink combination in a small room.,,15006.0,/content/drive/MyDrive/grdh_outputs/detect/images/train/stego/COCO/COCO_train_p1024_0006.png,9.99920654296875,robust
train,COCO,2048,stego,1,The home office space seems to be very cluttered.,,15007.0,/content/drive/MyDrive/grdh_outputs/detect/images/train/stego/COCO/COCO_train_p2048_0007.png,21.58355712890625,robust
train,COCO,4096,stego,1,A beautiful dessert waiting to be shared by two people,,15008.0,/content/drive/MyDrive/grdh_outputs/detect/images/train/stego/COCO/COCO_train_p4096_0008.png,-6.56622314453125,robust
train,COCO,1024,stego,1,A woman sitting on a bench and a woman standing waiting for the bus.,,15009.0,/content/drive/MyDrive/grdh_outputs/detect/images/train/stego/COCO/COCO_train_p1024_0009.png,19.69329833984375,robust
train,COCO,2048,stego,1,A woman sitting on a bench in the middle of the city,,15010.0,/content/drive/MyDrive/grdh_outputs/detect/images/train/stego/COCO/COCO_train_p2048_0010.png,39.19842529296875,robust
train,COCO,4096,stego,1,This is an advanced toilet with a sink and control panel.,,15011.0,/content/drive/MyDrive/grdh_outputs/detect/images/train/stego/COCO/COCO_train_p4096_0011.png,5.16705322265625,robust
train,COCO,1024,stego,1,A cat eating a bird it has caught.,,15012.0,/content/drive/MyDrive/grdh_outputs/detect/images/train/stego/COCO/COCO_train_p1024_0012.png,2.20050048828125,robust
train,COCO,2048,stego,1,A close-up picture of a toilet with a fountain.,,15013.0,/content/drive/MyDrive/grdh_outputs/detect/images/train/stego/COCO/COCO_train_p2048_0013.png,1.79046630859375,robust
train,COCO,4096,stego,1,A shot of an elderly man inside a kitchen.,,15014.0,/content/drive/MyDrive/grdh_outputs/detect/images/train/stego/COCO/COCO_train_p4096_0014.png,11.03045654296875,robust
train,COCO,1024,stego,1,A cat in between two cars in a parking lot.,,15015.0,/content/drive/MyDrive/grdh_outputs/detect/images/train/stego/COCO/COCO_train_p1024_0015.png,23.86175537109375,robust
train,COCO,2048,stego,1,A woman sitting on a bench and a woman standing behind the bench at a bus stop,,15016.0,/content/drive/MyDrive/grdh_outputs/detect/images/train/stego/COCO/COCO_train_p2048_0016.png,21.45721435546875,robust
train,COCO,4096,stego,1,An office cubicle with multiple computers in it,,15017.0,/content/drive/MyDrive/grdh_outputs/detect/images/train/stego/COCO/COCO_train_p4096_0017.png,27.62005615234375,robust
train,COCO,1024,stego,1,An old man is wearing an odd hat,,15018.0,/content/drive/MyDrive/grdh_outputs/detect/images/train/stego/COCO/COCO_train_p1024_0018.png,19.37884521484375,robust
train,COCO,2048,stego,1,A parade of motorcycles is going through a group of tall trees.,,15019.0,/content/drive/MyDrive/grdh_outputs/detect/images/train/stego/COCO/COCO_train_p2048_0019.png,0.00750732421875,robust
train,COCO,4096,stego,1,a man sleeping with his cat next to him,,15020.0,/content/drive/MyDrive/grdh_outputs/detect/images/train/stego/COCO/COCO_train_p4096_0020.png,-2.25994873046875,robust
train,COCO,1024,stego,1,An all white kitchen with an electric stovetop. ,,15021.0,/content/drive/MyDrive/grdh_outputs/detect/images/train/stego/COCO/COCO_train_p1024_0021.png,14.74945068359375,robust
train,COCO,2048,stego,1,an office with desk computer and chair and laptop.,,15022.0,/content/drive/MyDrive/grdh_outputs/detect/images/train/stego/COCO/COCO_train_p2048_0022.png,16.52557373046875,robust
train,COCO,4096,stego,1,The telephone has a banana where the receiver should be.,,15023.0,/content/drive/MyDrive/grdh_outputs/detect/images/train/stego/COCO/COCO_train_p4096_0023.png,3.38079833984375,robust
train,COCO,1024,stego,1,Off white toilet with a faucet and controls. ,,15024.0,/content/drive/MyDrive/grdh_outputs/detect/images/train/stego/COCO/COCO_train_p1024_0024.png,17.17718505859375,robust
train,COCO,2048,stego,1,A white stove sits between two small counter tops.,,15025.0,/content/drive/MyDrive/grdh_outputs/detect/images/train/stego/COCO/COCO_train_p2048_0025.png,27.77313232421875,robust
train,COCO,4096,stego,1,A woman and another woman waiting at a stop.,,15026.0,/content/drive/MyDrive/grdh_outputs/detect/images/train/stego/COCO/COCO_train_p4096_0026.png,5.49261474609375,robust
train,COCO,1024,stego,1,Office setting with a lot of computer screens.,,15027.0,/content/drive/MyDrive/grdh_outputs/detect/images/train/stego/COCO/COCO_train_p1024_0027.png,26.14202880859375,robust
train,COCO,2048,stego,1,Close up of a white kitchen setup with a coffee maker on counter.,,15028.0,/content/drive/MyDrive/grdh_outputs/detect/images/train/stego/COCO/COCO_train_p2048_0028.png,32.72406005859375,robust
train,COCO,4096,stego,1,A desk and chair in an office cubicle.,,15029.0,/content/drive/MyDrive/grdh_outputs/detect/images/train/stego/COCO/COCO_train_p4096_0029.png,1.50994873046875,robust
train,COCO,1024,stego,1,A white stove and cabinet inside a kitchen.,,15030.0,/content/drive/MyDrive/grdh_outputs/detect/images/train/stego/COCO/COCO_train_p1024_0030.png,31.52972412109375,robust
train,COCO,2048,stego,1,There is a piece of cake on a plate with decorations on it.,,15031.0,/content/drive/MyDrive/grdh_outputs/detect/images/train/stego/COCO/COCO_train_p2048_0031.png,0.75091552734375,robust
train,COCO,4096,stego,1,A cat stands between two parked cars on a grassy sidewalk. ,,15032.0,/content/drive/MyDrive/grdh_outputs/detect/images/train/stego/COCO/COCO_train_p4096_0032.png,21.69171142578125,robust
train,COCO,1024,stego,1,Creamy cheesecake dessert with whip cream and caramel.,,15033.0,/content/drive/MyDrive/grdh_outputs/detect/images/train/stego/COCO/COCO_train_p1024_0033.png,7.02142333984375,robust
train,COCO,2048,stego,1,A group of motorcyclists drive down a tree lined street.,,15034.0,/content/drive/MyDrive/grdh_outputs/detect/images/train/stego/COCO/COCO_train_p2048_0034.png,-0.96307373046875,robust
train,COCO,4096,stego,1,A cat at attention between two parked cars.,,15035.0,/content/drive/MyDrive/grdh_outputs/detect/images/train/stego/COCO/COCO_train_p4096_0035.png,21.95208740234375,robust
train,COCO,1024,stego,1,"A dog sitting between its masters feet on a footstool watching tv
",,15036.0,/content/drive/MyDrive/grdh_outputs/detect/images/train/stego/COCO/COCO_train_p1024_0036.png,50.31549072265625,robust
train,COCO,2048,stego,1,A young man and his cute cat enjoy a nap together.,,15037.0,/content/drive/MyDrive/grdh_outputs/detect/images/train/stego/COCO/COCO_train_p2048_0037.png,0.62457275390625,robust
train,COCO,4096,stego,1,A dog between the feet of a person looking at a TV.,,15038.0,/content/drive/MyDrive/grdh_outputs/detect/images/train/stego/COCO/COCO_train_p4096_0038.png,17.88323974609375,robust
train,COCO,1024,stego,1,An older man is wearing a funny hat in his dining room.,,15039.0,/content/drive/MyDrive/grdh_outputs/detect/images/train/stego/COCO/COCO_train_p1024_0039.png,11.72454833984375,robust
train,COCO,2048,stego,1,Man in motorcycle leathers standing in front of a group of bikes,,15040.0,/content/drive/MyDrive/grdh_outputs/detect/images/train/stego/COCO/COCO_train_p2048_0040.png,3.33612060546875,robust
train,COCO,4096,stego,1,"Bikers, dressed in their gear, standing near their motorcycles.",,15041.0,/content/drive/MyDrive/grdh_outputs/detect/images/train/stego/COCO/COCO_train_p4096_0041.png,13.34857177734375,robust
train,COCO,1024,stego,1,A man is sleeping with his head on a pillow.,,15042.0,/content/drive/MyDrive/grdh_outputs/detect/images/train/stego/COCO/COCO_train_p1024_0042.png,3.09857177734375,robust
train,COCO,2048,stego,1,A banana replacing the phone on an answering machine,,15043.0,/content/drive/MyDrive/grdh_outputs/detect/images/train/stego/COCO/COCO_train_p2048_0043.png,68.39825439453125,robust
train,COCO,4096,stego,1,Ma motorcycle parked on the gravel in front of a garage,,15044.0,/content/drive/MyDrive/grdh_outputs/detect/images/train/stego/COCO/COCO_train_p4096_0044.png,12.25433349609375,robust
train,COCO,1024,stego,1,A dog and a person are watching television together.,,15045.0,/content/drive/MyDrive/grdh_outputs/detect/images/train/stego/COCO/COCO_train_p1024_0045.png,13.90252685546875,robust
train,COCO,2048,stego,1,A motorcycle with its brake extended standing outside,,15046.0,/content/drive/MyDrive/grdh_outputs/detect/images/train/stego/COCO/COCO_train_p2048_0046.png,1.68280029296875,robust
train,COCO,4096,stego,1,A group of motorcycles down a long street filled with trees on either side.,,15047.0,/content/drive/MyDrive/grdh_outputs/detect/images/train/stego/COCO/COCO_train_p4096_0047.png,29.36614990234375,robust
train,COCO,1024,stego,1,A person is sitting with their dog watching tv.,,15048.0,/content/drive/MyDrive/grdh_outputs/detect/images/train/stego/COCO/COCO_train_p1024_0048.png,13.92962646484375,robust
train,COCO,2048,stego,1,An office desk with two flat panel monitors.,,15049.0,/content/drive/MyDrive/grdh_outputs/detect/images/train/stego/COCO/COCO_train_p2048_0049.png,31.79119873046875,robust
train,COCO,4096,stego,1,A grey and white cat watches from between parked cars.,,15050.0,/content/drive/MyDrive/grdh_outputs/detect/images/train/stego/COCO/COCO_train_p4096_0050.png,10.29876708984375,robust
train,COCO,1024,stego,1,A group of men stand next to their bicycles.,,15051.0,/content/drive/MyDrive/grdh_outputs/detect/images/train/stego/COCO/COCO_train_p1024_0051.png,20.63177490234375,robust
train,COCO,2048,stego,1,Three men standing around their motorcycles in a parking lot.,,15052.0,/content/drive/MyDrive/grdh_outputs/detect/images/train/stego/COCO/COCO_train_p2048_0052.png,5.47210693359375,robust
train,COCO,4096,stego,1,Man sleeping in his bedroom next to a cat.,,15053.0,/content/drive/MyDrive/grdh_outputs/detect/images/train/stego/COCO/COCO_train_p4096_0053.png,-0.21856689453125,robust
train,COCO,1024,stego,1,Set of toy animals sitting in front of a red wooden wagon.,,15054.0,/content/drive/MyDrive/grdh_outputs/detect/images/train/stego/COCO/COCO_train_p1024_0054.png,7.45892333984375,robust
train,COCO,2048,stego,1,Group of three motorcyclists standing in front of their motorcycles.,,15055.0,/content/drive/MyDrive/grdh_outputs/detect/images/train/stego/COCO/COCO_train_p2048_0055.png,15.44378662109375,robust
train,COCO,4096,stego,1,A phone with a banana where the receiver should be.,,15056.0,/content/drive/MyDrive/grdh_outputs/detect/images/train/stego/COCO/COCO_train_p4096_0056.png,6.82537841796875,robust
train,COCO,1024,stego,1,A woman wearing a hat & pink top takes a selfie in front of a bathroom mirror.,,15057.0,/content/drive/MyDrive/grdh_outputs/detect/images/train/stego/COCO/COCO_train_p1024_0057.png,3.25811767578125,robust
train,COCO,2048,stego,1,A telephone has it receiver replaced with a banana.,,15058.0,/content/drive/MyDrive/grdh_outputs/detect/images/train/stego/COCO/COCO_train_p2048_0058.png,8.86651611328125,robust
train,COCO,4096,stego,1,A white cat caught a bird outside on a patio.,,15059.0,/content/drive/MyDrive/grdh_outputs/detect/images/train/stego/COCO/COCO_train_p4096_0059.png,0.77740478515625,robust
train,COCO,1024,stego,1,Man sleeping next to a cat on a bed. ,,15060.0,/content/drive/MyDrive/grdh_outputs/detect/images/train/stego/COCO/COCO_train_p1024_0060.png,3.99932861328125,robust
train,COCO,2048,stego,1,This is a small kitchen with white cabinets and appliances.,,15061.0,/content/drive/MyDrive/grdh_outputs/detect/images/train/stego/COCO/COCO_train_p2048_0061.png,33.77020263671875,robust
train,COCO,4096,stego,1,A striped plane flying up into the sky as the sun shines behind it.,,15062.0,/content/drive/MyDrive/grdh_outputs/detect/images/train/stego/COCO/COCO_train_p4096_0062.png,21.30535888671875,robust
train,COCO,1024,stego,1,A dog driving an SUV in an open grass covered field.,,15063.0,/content/drive/MyDrive/grdh_outputs/detect/images/train/stego/COCO/COCO_train_p1024_0063.png,17.54669189453125,robust
train,COCO,2048,stego,1,A customized motorcycle with more in the background.,,15064.0,/content/drive/MyDrive/grdh_outputs/detect/images/train/stego/COCO/COCO_train_p2048_0064.png,5.78778076171875,robust
train,COCO,4096,stego,1,An airplane is ascending into the white sky,,15065.0,/content/drive/MyDrive/grdh_outputs/detect/images/train/stego/COCO/COCO_train_p4096_0065.png,28.17413330078125,robust
train,COCO,1024,stego,1,A sculpture of two women stting on a bench with their purses on the ground while people standing in a line behind them. ,,15066.0,/content/drive/MyDrive/grdh_outputs/detect/images/train/stego/COCO/COCO_train_p1024_0066.png,24.22674560546875,robust
train,COCO,2048,stego,1,An American Airlines plane is in the sky,,15067.0,/content/drive/MyDrive/grdh_outputs/detect/images/train/stego/COCO/COCO_train_p2048_0067.png,7.25726318359375,robust
train,COCO,4096,stego,1,Grey house cat devours a song bird on a door step,,15068.0,/content/drive/MyDrive/grdh_outputs/detect/images/train/stego/COCO/COCO_train_p4096_0068.png,21.18499755859375,robust
train,COCO,1024,stego,1,An extravagant dessert on a plate overlooking the water.,,15069.0,/content/drive/MyDrive/grdh_outputs/detect/images/train/stego/COCO/COCO_train_p1024_0069.png,28.57757568359375,robust
train,COCO,2048,stego,1,A grey and white cat standing in the grass in a parking lot. ,,15070.0,/content/drive/MyDrive/grdh_outputs/detect/images/train/stego/COCO/COCO_train_p2048_0070.png,12.89202880859375,robust
train,COCO,4096,stego,1,A metal statue of two women sits on a bench in a city street.,,15071.0,/content/drive/MyDrive/grdh_outputs/detect/images/train/stego/COCO/COCO_train_p4096_0071.png,15.41619873046875,robust
train,COCO,1024,stego,1,There is very little traffic at this city intersection.,,15072.0,/content/drive/MyDrive/grdh_outputs/detect/images/train/stego/COCO/COCO_train_p1024_0072.png,-9.28033447265625,robust
train,COCO,2048,stego,1,"An office desk with two computer screens, books diagrams and a phone on it.",,15073.0,/content/drive/MyDrive/grdh_outputs/detect/images/train/stego/COCO/COCO_train_p2048_0073.png,13.55657958984375,robust
train,COCO,4096,stego,1,A black and white photograph of a motorcycle.,,15074.0,/content/drive/MyDrive/grdh_outputs/detect/images/train/stego/COCO/COCO_train_p4096_0074.png,8.68743896484375,robust
train,COCO,1024,stego,1,Two computer monitors are placed beside each other on a desk.,,15075.0,/content/drive/MyDrive/grdh_outputs/detect/images/train/stego/COCO/COCO_train_p1024_0075.png,18.54656982421875,robust
train,COCO,2048,stego,1,An orange reddish rose in a vase filled with water on top of a table.,,15076.0,/content/drive/MyDrive/grdh_outputs/detect/images/train/stego/COCO/COCO_train_p2048_0076.png,8.78375244140625,robust
train,COCO,4096,stego,1,A cat pausing as it's picture is taken.,,15077.0,/content/drive/MyDrive/grdh_outputs/detect/images/train/stego/COCO/COCO_train_p4096_0077.png,5.58978271484375,robust
train,COCO,1024,stego,1,A blue eyed tabby cat crouched on the ground. ,,15078.0,/content/drive/MyDrive/grdh_outputs/detect/images/train/stego/COCO/COCO_train_p1024_0078.png,45.46575927734375,robust
train,COCO,2048,stego,1,A woman in a flowered dress taking a selfie in a bathroom mirror.,,15079.0,/content/drive/MyDrive/grdh_outputs/detect/images/train/stego/COCO/COCO_train_p2048_0079.png,5.03973388671875,robust
train,COCO,4096,stego,1,Black and white photo of a parked motorcycle,,15080.0,/content/drive/MyDrive/grdh_outputs/detect/images/train/stego/COCO/COCO_train_p4096_0080.png,23.55511474609375,robust
train,COCO,1024,stego,1,A black trash bag in a restroom next to a sink.,,15081.0,/content/drive/MyDrive/grdh_outputs/detect/images/train/stego/COCO/COCO_train_p1024_0081.png,11.86907958984375,robust
train,COCO,2048,stego,1,A man in a jacket and hat looks at the camera.,,15082.0,/content/drive/MyDrive/grdh_outputs/detect/images/train/stego/COCO/COCO_train_p2048_0082.png,9.55230712890625,robust
train,COCO,4096,stego,1,"Several toy animals - a bull, giraffe, deer and parakeet.",,15083.0,/content/drive/MyDrive/grdh_outputs/detect/images/train/stego/COCO/COCO_train_p4096_0083.png,3.23968505859375,robust
train,COCO,1024,stego,1,An older woman in a flower dress takes a self photo in the mirror.,,15084.0,/content/drive/MyDrive/grdh_outputs/detect/images/train/stego/COCO/COCO_train_p1024_0084.png,0.22430419921875,robust
train,COCO,2048,stego,1,A dog sits in the front seat of a jeep. ,,15085.0,/content/drive/MyDrive/grdh_outputs/detect/images/train/stego/COCO/COCO_train_p2048_0085.png,7.68231201171875,robust
train,COCO,4096,stego,1,A clean kitchen with the windows white and open.,,15086.0,/content/drive/MyDrive/grdh_outputs/detect/images/train/stego/COCO/COCO_train_p4096_0086.png,13.85028076171875,robust
train,COCO,1024,stego,1,Some toy animals on the ground near a picture,,15087.0,/content/drive/MyDrive/grdh_outputs/detect/images/train/stego/COCO/COCO_train_p1024_0087.png,45.83258056640625,robust
train,COCO,2048,stego,1,An urban intersection with stoplights on a cloudy day.,,15088.0,/content/drive/MyDrive/grdh_outputs/detect/images/train/stego/COCO/COCO_train_p2048_0088.png,33.98211669921875,robust
train,COCO,4096,stego,1,"A man relaxing at home, watching television with his dog.",,15089.0,/content/drive/MyDrive/grdh_outputs/detect/images/train/stego/COCO/COCO_train_p4096_0089.png,2.65960693359375,robust
train,COCO,1024,stego,1,Children's toy animals are strewn across a floor.,,15090.0,/content/drive/MyDrive/grdh_outputs/detect/images/train/stego/COCO/COCO_train_p1024_0090.png,-3.55731201171875,robust
train,COCO,2048,stego,1,A glass bowl filled with oranges on a table.,,15091.0,/content/drive/MyDrive/grdh_outputs/detect/images/train/stego/COCO/COCO_train_p2048_0091.png,1.39398193359375,robust
train,COCO,4096,stego,1,"A red, white, and blue plane is in the sky.",,15092.0,/content/drive/MyDrive/grdh_outputs/detect/images/train/stego/COCO/COCO_train_p4096_0092.png,63.06182861328125,robust
train,COCO,1024,stego,1,A young attractive woman sitting on a toilette on the side of a street.,,15093.0,/content/drive/MyDrive/grdh_outputs/detect/images/train/stego/COCO/COCO_train_p1024_0093.png,29.76458740234375,robust
train,COCO,2048,stego,1,A young woman using a laptop computer while sitting on a bunk bed.,,15094.0,/content/drive/MyDrive/grdh_outputs/detect/images/train/stego/COCO/COCO_train_p2048_0094.png,11.05731201171875,robust
train,COCO,4096,stego,1,Several custom made motorcycles on display while riders chat.,,15095.0,/content/drive/MyDrive/grdh_outputs/detect/images/train/stego/COCO/COCO_train_p4096_0095.png,1.92864990234375,robust
train,COCO,1024,stego,1,A black cat with white stomach takes a pose.,,15096.0,/content/drive/MyDrive/grdh_outputs/detect/images/train/stego/COCO/COCO_train_p1024_0096.png,1.91937255859375,robust
train,COCO,2048,stego,1,An old victorian style bed frame in a bedroom.,,15097.0,/content/drive/MyDrive/grdh_outputs/detect/images/train/stego/COCO/COCO_train_p2048_0097.png,12.09930419921875,robust
train,COCO,4096,stego,1,Two computers sitting on top of a desk.,,15098.0,/content/drive/MyDrive/grdh_outputs/detect/images/train/stego/COCO/COCO_train_p4096_0098.png,25.44757080078125,robust
train,COCO,1024,stego,1,A plane flies through the sky at an angle. ,,15099.0,/content/drive/MyDrive/grdh_outputs/detect/images/train/stego/COCO/COCO_train_p1024_0099.png,28.59881591796875,robust
train,COCO,2048,stego,1,A customized motorcycle with a large rear and skinny front tire,,15100.0,/content/drive/MyDrive/grdh_outputs/detect/images/train/stego/COCO/COCO_train_p2048_0100.png,2.72515869140625,robust
train,COCO,4096,stego,1,A view of a bathroom that is clean.,,15101.0,/content/drive/MyDrive/grdh_outputs/detect/images/train/stego/COCO/COCO_train_p4096_0101.png,-4.70135498046875,robust
train,COCO,1024,stego,1,a garbage bag in a white lighted bathroom,,15102.0,/content/drive/MyDrive/grdh_outputs/detect/images/train/stego/COCO/COCO_train_p1024_0102.png,12.51519775390625,robust
train,COCO,2048,stego,1,An old man standing in a kitchen posing for a picture.,,15103.0,/content/drive/MyDrive/grdh_outputs/detect/images/train/stego/COCO/COCO_train_p2048_0103.png,6.73040771484375,robust
train,COCO,4096,stego,1,A long haired cat eating a dead bird.,,15104.0,/content/drive/MyDrive/grdh_outputs/detect/images/train/stego/COCO/COCO_train_p4096_0104.png,-0.76226806640625,robust
train,COCO,1024,stego,1,A close up of oranges and apples in a bowl.,,15105.0,/content/drive/MyDrive/grdh_outputs/detect/images/train/stego/COCO/COCO_train_p1024_0105.png,-9.08087158203125,robust
train,COCO,2048,stego,1,A person sitting on a stool on the street.,,15106.0,/content/drive/MyDrive/grdh_outputs/detect/images/train/stego/COCO/COCO_train_p2048_0106.png,20.35455322265625,robust
train,COCO,4096,stego,1,A desk with two monitors depicting security cameras.,,15107.0,/content/drive/MyDrive/grdh_outputs/detect/images/train/stego/COCO/COCO_train_p4096_0107.png,15.35247802734375,robust
train,COCO,1024,stego,1,A display of vintage animal toys on the floor.,,15108.0,/content/drive/MyDrive/grdh_outputs/detect/images/train/stego/COCO/COCO_train_p1024_0108.png,8.03558349609375,robust
train,COCO,2048,stego,1,A person that is sitting in a bed facing out.,,15109.0,/content/drive/MyDrive/grdh_outputs/detect/images/train/stego/COCO/COCO_train_p2048_0109.png,12.83978271484375,robust
train,COCO,4096,stego,1,A cat sitting on a street corner looking at the camera.,,15110.0,/content/drive/MyDrive/grdh_outputs/detect/images/train/stego/COCO/COCO_train_p4096_0110.png,6.19012451171875,robust
train,COCO,1024,stego,1,A close up of a bike brake on a bicycle.,,15111.0,/content/drive/MyDrive/grdh_outputs/detect/images/train/stego/COCO/COCO_train_p1024_0111.png,51.08148193359375,robust
train,COCO,2048,stego,1,A group of people riding mopeds through a park.,,15112.0,/content/drive/MyDrive/grdh_outputs/detect/images/train/stego/COCO/COCO_train_p2048_0112.png,12.89141845703125,robust
train,COCO,4096,stego,1,A statue of two women with purses sitting on a bench. ,,15113.0,/content/drive/MyDrive/grdh_outputs/detect/images/train/stego/COCO/COCO_train_p4096_0113.png,10.15008544921875,robust
train,COCO,1024,stego,1,a stripped cat sitting near a brick wall,,15114.0,/content/drive/MyDrive/grdh_outputs/detect/images/train/stego/COCO/COCO_train_p1024_0114.png,7.23895263671875,robust
train,COCO,2048,stego,1,a city street with multiple bildings and a street light,,15115.0,/content/drive/MyDrive/grdh_outputs/detect/images/train/stego/COCO/COCO_train_p2048_0115.png,22.99285888671875,robust
train,COCO,4096,stego,1,A yellow rose in a clear vase filled with water.,,15116.0,/content/drive/MyDrive/grdh_outputs/detect/images/train/stego/COCO/COCO_train_p4096_0116.png,21.48089599609375,robust
train,COCO,1024,stego,1,A toddler celebrates his birthday with a cupcake.,,15117.0,/content/drive/MyDrive/grdh_outputs/detect/images/train/stego/COCO/COCO_train_p1024_0117.png,12.38128662109375,robust
train,COCO,2048,stego,1,A young girl sits in the bottom bunk of her bunkbed.,,15118.0,/content/drive/MyDrive/grdh_outputs/detect/images/train/stego/COCO/COCO_train_p2048_0118.png,1.24505615234375,robust
train,COCO,4096,stego,1,"A bathroom with a vanity, toilet and shower.",,15119.0,/content/drive/MyDrive/grdh_outputs/detect/images/train/stego/COCO/COCO_train_p4096_0119.png,2.84320068359375,robust
train,COCO,1024,stego,1,A woman in a yellow bathroom is holding a camera.,,15120.0,/content/drive/MyDrive/grdh_outputs/detect/images/train/stego/COCO/COCO_train_p1024_0120.png,13.37615966796875,robust
train,COCO,2048,stego,1,A glass bowl has oranges and apples in it.,,15121.0,/content/drive/MyDrive/grdh_outputs/detect/images/train/stego/COCO/COCO_train_p2048_0121.png,6.47491455078125,robust
train,COCO,4096,stego,1,There are two yellow flowers inside a vase.,,15122.0,/content/drive/MyDrive/grdh_outputs/detect/images/train/stego/COCO/COCO_train_p4096_0122.png,23.60723876953125,robust
train,COCO,1024,stego,1,A giraffe and a zebra checking each other out.,,15123.0,/content/drive/MyDrive/grdh_outputs/detect/images/train/stego/COCO/COCO_train_p1024_0123.png,24.64215087890625,robust
train,COCO,2048,stego,1,"Spacious white kitchen with brown cabinetry, sink and appliances. ",,15124.0,/content/drive/MyDrive/grdh_outputs/detect/images/train/stego/COCO/COCO_train_p2048_0124.png,16.24114990234375,robust
train,COCO,4096,stego,1,A dog is sitting inside a red car.,,15125.0,/content/drive/MyDrive/grdh_outputs/detect/images/train/stego/COCO/COCO_train_p4096_0125.png,5.03350830078125,robust
train,COCO,1024,stego,1,A woman sitting on a bucket on the side of a street. ,,15126.0,/content/drive/MyDrive/grdh_outputs/detect/images/train/stego/COCO/COCO_train_p1024_0126.png,9.16668701171875,robust
train,COCO,2048,stego,1,A red truck has a black dog in the drivers chair.,,15127.0,/content/drive/MyDrive/grdh_outputs/detect/images/train/stego/COCO/COCO_train_p2048_0127.png,6.03033447265625,robust
train,COCO,4096,stego,1,"The bathroom has a wall sink, medicine cabinet, toothbrush holder, and bare walls.",,15128.0,/content/drive/MyDrive/grdh_outputs/detect/images/train/stego/COCO/COCO_train_p4096_0128.png,20.89837646484375,robust
train,COCO,1024,stego,1,A bicycle is chained up to a pole at a train station.,,15129.0,/content/drive/MyDrive/grdh_outputs/detect/images/train/stego/COCO/COCO_train_p1024_0129.png,7.69647216796875,robust
train,COCO,2048,stego,1,A door is open to a white bathroom that has a black garbage back on the floor.,,15130.0,/content/drive/MyDrive/grdh_outputs/detect/images/train/stego/COCO/COCO_train_p2048_0130.png,26.42877197265625,robust
train,COCO,4096,stego,1,A dog sitting in the front seat of a truck.,,15131.0,/content/drive/MyDrive/grdh_outputs/detect/images/train/stego/COCO/COCO_train_p4096_0131.png,10.13421630859375,robust
train,COCO,1024,stego,1,A laptop computer and a desktop computer on a white desk,,15132.0,/content/drive/MyDrive/grdh_outputs/detect/images/train/stego/COCO/COCO_train_p1024_0132.png,18.03143310546875,robust
train,COCO,2048,stego,1,A woman is sitting on a stool on a sidewalk.,,15133.0,/content/drive/MyDrive/grdh_outputs/detect/images/train/stego/COCO/COCO_train_p2048_0133.png,20.35174560546875,robust
train,COCO,4096,stego,1,A giraffe and a zebra are on a grassy field by the water.,,15134.0,/content/drive/MyDrive/grdh_outputs/detect/images/train/stego/COCO/COCO_train_p4096_0134.png,10.10345458984375,robust
train,COCO,1024,stego,1,A bedroom with bunk beds and the bathroom next door.,,15135.0,/content/drive/MyDrive/grdh_outputs/detect/images/train/stego/COCO/COCO_train_p1024_0135.png,24.13336181640625,robust
train,COCO,2048,stego,1,A statue of two people sitting on a bench.,,15136.0,/content/drive/MyDrive/grdh_outputs/detect/images/train/stego/COCO/COCO_train_p2048_0136.png,17.24066162109375,robust
train,COCO,4096,stego,1,A yellow and blue train is next to an overhang.,,15137.0,/content/drive/MyDrive/grdh_outputs/detect/images/train/stego/COCO/COCO_train_p4096_0137.png,24.03411865234375,robust
train,COCO,1024,stego,1,A glass bowl full of oranges and apples.,,15138.0,/content/drive/MyDrive/grdh_outputs/detect/images/train/stego/COCO/COCO_train_p1024_0138.png,-0.35650634765625,robust
train,COCO,2048,stego,1,A young boy with a spoon looking at a birthday cupcake.,,15139.0,/content/drive/MyDrive/grdh_outputs/detect/images/train/stego/COCO/COCO_train_p2048_0139.png,18.14556884765625,robust
train,COCO,4096,stego,1,A giraffe and a zebra walking through an African plain.,,15140.0,/content/drive/MyDrive/grdh_outputs/detect/images/train/stego/COCO/COCO_train_p4096_0140.png,23.36614990234375,robust
train,COCO,1024,stego,1,A desktop with two computers and fruit on it.,,15141.0,/content/drive/MyDrive/grdh_outputs/detect/images/train/stego/COCO/COCO_train_p1024_0141.png,17.31488037109375,robust
train,COCO,2048,stego,1,A beautiful yellow rose is seen in a small vase.,,15142.0,/content/drive/MyDrive/grdh_outputs/detect/images/train/stego/COCO/COCO_train_p2048_0142.png,21.91278076171875,robust
train,COCO,4096,stego,1,A woman taking a picture of herself in a bathroom.,,15143.0,/content/drive/MyDrive/grdh_outputs/detect/images/train/stego/COCO/COCO_train_p4096_0143.png,1.34515380859375,robust
train,COCO,1024,stego,1,a vintage photo of a bike eith a lock on it,,15144.0,/content/drive/MyDrive/grdh_outputs/detect/images/train/stego/COCO/COCO_train_p1024_0144.png,15.17742919921875,robust
train,COCO,2048,stego,1,The bathroom door is open with the light on.,,15145.0,/content/drive/MyDrive/grdh_outputs/detect/images/train/stego/COCO/COCO_train_p2048_0145.png,15.49163818359375,robust
train,COCO,4096,stego,1,A giraffe looks down at a zebra on the field,,15146.0,/content/drive/MyDrive/grdh_outputs/detect/images/train/stego/COCO/COCO_train_p4096_0146.png,4.96673583984375,robust
train,COCO,1024,stego,1,A metal statue of two women sitting on a bench.,,15147.0,/content/drive/MyDrive/grdh_outputs/detect/images/train/stego/COCO/COCO_train_p1024_0147.png,5.77947998046875,robust
train,COCO,2048,stego,1,A group of scooters rides down a street,,15148.0,/content/drive/MyDrive/grdh_outputs/detect/images/train/stego/COCO/COCO_train_p2048_0148.png,11.24627685546875,robust
train,COCO,4096,stego,1,Three people live in one room who share a bathroom.,,15149.0,/content/drive/MyDrive/grdh_outputs/detect/images/train/stego/COCO/COCO_train_p4096_0149.png,40.17889404296875,robust
train,COCO,1024,stego,1,One apple and several oranges sit in a bowl.,,15150.0,/content/drive/MyDrive/grdh_outputs/detect/images/train/stego/COCO/COCO_train_p1024_0150.png,-0.12677001953125,robust
train,COCO,2048,stego,1,Two orange roses in a small vase with water. ,,15151.0,/content/drive/MyDrive/grdh_outputs/detect/images/train/stego/COCO/COCO_train_p2048_0151.png,14.37884521484375,robust
train,COCO,4096,stego,1,A close up of a bicycle  parked on a train platform.,,15152.0,/content/drive/MyDrive/grdh_outputs/detect/images/train/stego/COCO/COCO_train_p4096_0152.png,19.65435791015625,robust
train,COCO,1024,stego,1,An office kitchen with open windows and no food.,,15153.0,/content/drive/MyDrive/grdh_outputs/detect/images/train/stego/COCO/COCO_train_p1024_0153.png,16.49066162109375,robust
train,COCO,2048,stego,1,A lap top computer next to a computer monitor sitting on top of a desk.,,15154.0,/content/drive/MyDrive/grdh_outputs/detect/images/train/stego/COCO/COCO_train_p2048_0154.png,29.66461181640625,robust
train,COCO,4096,stego,1,The bicycle is locked to the metal pole as the young man waits to board the mass  transit train.,,15155.0,/content/drive/MyDrive/grdh_outputs/detect/images/train/stego/COCO/COCO_train_p4096_0155.png,14.45770263671875,robust
train,COCO,1024,stego,1,A baby holding a spoon looking at a cupcake and candle.,,15156.0,/content/drive/MyDrive/grdh_outputs/detect/images/train/stego/COCO/COCO_train_p1024_0156.png,29.52191162109375,robust
train,COCO,2048,stego,1,a zebra and a giraffe in the wild,,15157.0,/content/drive/MyDrive/grdh_outputs/detect/images/train/stego/COCO/COCO_train_p2048_0157.png,9.91400146484375,robust
train,COCO,4096,stego,1,A group of women operating a car wash.,,15158.0,/content/drive/MyDrive/grdh_outputs/detect/images/train/stego/COCO/COCO_train_p4096_0158.png,9.63812255859375,robust
train,COCO,1024,stego,1,An airplane on the runway either just landed or ready to take off.,,15159.0,/content/drive/MyDrive/grdh_outputs/detect/images/train/stego/COCO/COCO_train_p1024_0159.png,10.47296142578125,robust
train,COCO,2048,stego,1,"An extremely plain, and outdated white colored kitchen",,15160.0,/content/drive/MyDrive/grdh_outputs/detect/images/train/stego/COCO/COCO_train_p2048_0160.png,20.43084716796875,robust
train,COCO,4096,stego,1,A child holds a spoon and looks at a cupcake.,,15161.0,/content/drive/MyDrive/grdh_outputs/detect/images/train/stego/COCO/COCO_train_p4096_0161.png,3.08929443359375,robust
train,COCO,1024,stego,1,A kitchen scene is shown with cabinets and appliances.,,15162.0,/content/drive/MyDrive/grdh_outputs/detect/images/train/stego/COCO/COCO_train_p1024_0162.png,12.71343994140625,robust
train,COCO,2048,stego,1,A car is parked on dry grass with kites overhead.,,15163.0,/content/drive/MyDrive/grdh_outputs/detect/images/train/stego/COCO/COCO_train_p2048_0163.png,57.5135498046875,robust
train,COCO,4096,stego,1,a young child looking at a birthday cupcake,,15164.0,/content/drive/MyDrive/grdh_outputs/detect/images/train/stego/COCO/COCO_train_p4096_0164.png,15.31463623046875,robust
train,COCO,1024,stego,1,Young women washing motor cycles in the middle of a street.,,15165.0,/content/drive/MyDrive/grdh_outputs/detect/images/train/stego/COCO/COCO_train_p1024_0165.png,14.20355224609375,robust
train,COCO,2048,stego,1,A four cross street of a downtown area.,,15166.0,/content/drive/MyDrive/grdh_outputs/detect/images/train/stego/COCO/COCO_train_p2048_0166.png,16.38494873046875,robust
train,COCO,4096,stego,1,An Egyptian airlines plane landing at an airport.,,15167.0,/content/drive/MyDrive/grdh_outputs/detect/images/train/stego/COCO/COCO_train_p4096_0167.png,17.91668701171875,robust
train,COCO,1024,stego,1,A truck driving through a field with people flying kites.,,15168.0,/content/drive/MyDrive/grdh_outputs/detect/images/train/stego/COCO/COCO_train_p1024_0168.png,44.73114013671875,robust
train,COCO,2048,stego,1,An open field with a truck and some kites being flown,,15169.0,/content/drive/MyDrive/grdh_outputs/detect/images/train/stego/COCO/COCO_train_p2048_0169.png,0.77471923828125,robust
train,COCO,4096,stego,1,A train sits on the track at a deserted station overlooked by a tower.,,15170.0,/content/drive/MyDrive/grdh_outputs/detect/images/train/stego/COCO/COCO_train_p4096_0170.png,2.63214111328125,robust
train,COCO,1024,stego,1,A pickup truck is parked underneath multiple flying kites.,,15171.0,/content/drive/MyDrive/grdh_outputs/detect/images/train/stego/COCO/COCO_train_p1024_0171.png,3.17108154296875,robust
train,COCO,2048,stego,1,A flying plane with smoke trailing behind it.,,15172.0,/content/drive/MyDrive/grdh_outputs/detect/images/train/stego/COCO/COCO_train_p2048_0172.png,27.02264404296875,robust
train,COCO,4096,stego,1,Two young women are washing two motorcycles with hoses..,,15173.0,/content/drive/MyDrive/grdh_outputs/detect/images/train/stego/COCO/COCO_train_p4096_0173.png,3.69781494140625,robust
train,COCO,1024,stego,1,Part of train car with a door to the rear connected to the car behind it,,15174.0,/content/drive/MyDrive/grdh_outputs/detect/images/train/stego/COCO/COCO_train_p1024_0174.png,4.43328857421875,robust
train,COCO,2048,stego,1,A bed in a bedroom with a white covering next to a doorway.,,15175.0,/content/drive/MyDrive/grdh_outputs/detect/images/train/stego/COCO/COCO_train_p2048_0175.png,2.56549072265625,robust
train,COCO,4096,stego,1,A colorful train stopped at a train station.,,15176.0,/content/drive/MyDrive/grdh_outputs/detect/images/train/stego/COCO/COCO_train_p4096_0176.png,44.75653076171875,robust
train,COCO,1024,stego,1,Kitchen area with counter top space and dining room table. ,,15177.0,/content/drive/MyDrive/grdh_outputs/detect/images/train/stego/COCO/COCO_train_p1024_0177.png,9.77288818359375,robust
train,COCO,2048,stego,1,A bathroom with a sliding shower door next to a toilet.,,15178.0,/content/drive/MyDrive/grdh_outputs/detect/images/train/stego/COCO/COCO_train_p2048_0178.png,6.18646240234375,robust
train,COCO,4096,stego,1,An single passanger in an airplane flying through the sky,,15179.0,/content/drive/MyDrive/grdh_outputs/detect/images/train/stego/COCO/COCO_train_p4096_0179.png,10.78570556640625,robust
train,COCO,1024,stego,1,"A view of a kitchen with cabinets, a sink and a clothes washer.",,15180.0,/content/drive/MyDrive/grdh_outputs/detect/images/train/stego/COCO/COCO_train_p1024_0180.png,19.74383544921875,robust
train,COCO,2048,stego,1,A passenger train stopped near a train station.,,15181.0,/content/drive/MyDrive/grdh_outputs/detect/images/train/stego/COCO/COCO_train_p2048_0181.png,12.57000732421875,robust
train,COCO,4096,stego,1,A truck sitting on a field with kites in the air.,,15182.0,/content/drive/MyDrive/grdh_outputs/detect/images/train/stego/COCO/COCO_train_p4096_0182.png,8.37371826171875,robust
train,COCO,1024,stego,1,A canopy bed with white see through curtains. ,,15183.0,/content/drive/MyDrive/grdh_outputs/detect/images/train/stego/COCO/COCO_train_p1024_0183.png,17.52239990234375,robust
train,COCO,2048,stego,1,A commercial plane on the strip to take off.,,15184.0,/content/drive/MyDrive/grdh_outputs/detect/images/train/stego/COCO/COCO_train_p2048_0184.png,19.51544189453125,robust
train,COCO,4096,stego,1,A counter top in a laundry room with a tile back splash,,15185.0,/content/drive/MyDrive/grdh_outputs/detect/images/train/stego/COCO/COCO_train_p4096_0185.png,9.71319580078125,robust
train,COCO,1024,stego,1,An old airplane is flying through the sky.,,15186.0,/content/drive/MyDrive/grdh_outputs/detect/images/train/stego/COCO/COCO_train_p1024_0186.png,33.32366943359375,robust
train,COCO,2048,stego,1,The bathroom features a vanity sink and tub/shower combination.,,15187.0,/content/drive/MyDrive/grdh_outputs/detect/images/train/stego/COCO/COCO_train_p2048_0187.png,1.46734619140625,robust
train,COCO,4096,stego,1,a white bed and a ceiling fan light ,,15188.0,/content/drive/MyDrive/grdh_outputs/detect/images/train/stego/COCO/COCO_train_p4096_0188.png,6.55487060546875,robust
train,COCO,1024,stego,1,A Marine that is looking at his cell phone.,,15189.0,/content/drive/MyDrive/grdh_outputs/detect/images/train/stego/COCO/COCO_train_p1024_0189.png,15.62713623046875,robust
train,COCO,2048,stego,1,A empty laundry room with lot of storage space.,,15190.0,/content/drive/MyDrive/grdh_outputs/detect/images/train/stego/COCO/COCO_train_p2048_0190.png,16.73089599609375,robust
train,COCO,4096,stego,1,A wide empty street corner filled with buildings.,,15191.0,/content/drive/MyDrive/grdh_outputs/detect/images/train/stego/COCO/COCO_train_p4096_0191.png,25.55584716796875,robust
train,COCO,1024,stego,1,A poster bed with canopy in a room. ,,15192.0,/content/drive/MyDrive/grdh_outputs/detect/images/train/stego/COCO/COCO_train_p1024_0192.png,32.45819091796875,robust
train,COCO,2048,stego,1,Girls wash a motorcycle while men look on.,,15193.0,/content/drive/MyDrive/grdh_outputs/detect/images/train/stego/COCO/COCO_train_p2048_0193.png,3.13702392578125,robust
train,COCO,4096,stego,1,A train is pulling into the train station.,,15194.0,/content/drive/MyDrive/grdh_outputs/detect/images/train/stego/COCO/COCO_train_p4096_0194.png,7.85931396484375,robust
train,COCO,1024,stego,1,A small bathroom is featured in this photo.,,15195.0,/content/drive/MyDrive/grdh_outputs/detect/images/train/stego/COCO/COCO_train_p1024_0195.png,11.42742919921875,robust
train,COCO,2048,stego,1,A group of people standing near the motorcycles on the street. ,,15196.0,/content/drive/MyDrive/grdh_outputs/detect/images/train/stego/COCO/COCO_train_p2048_0196.png,15.05328369140625,robust
train,COCO,4096,stego,1,a laptop computer a keyboard and two monitors,,15197.0,/content/drive/MyDrive/grdh_outputs/detect/images/train/stego/COCO/COCO_train_p4096_0197.png,39.66497802734375,robust
train,COCO,1024,stego,1,a kitchen with wooden cabinets a sink and a dish washer,,15198.0,/content/drive/MyDrive/grdh_outputs/detect/images/train/stego/COCO/COCO_train_p1024_0198.png,23.19903564453125,robust
train,COCO,2048,stego,1,A train with a striped door waiting on a train track.,,15199.0,/content/drive/MyDrive/grdh_outputs/detect/images/train/stego/COCO/COCO_train_p2048_0199.png,3.88409423828125,robust
train,Flickr8K,0,cover,0,A child in a pink dress is climbing up a set of stairs in an entry way .,20000.0,,/content/drive/MyDrive/grdh_outputs/detect/images/train/cover/Flickr8K/Flickr8K_train_cover_0000.png,9.84906005859375,
train,Flickr8K,0,cover,0,A girl going into a wooden building .,20001.0,,/content/drive/MyDrive/grdh_outputs/detect/images/train/cover/Flickr8K/Flickr8K_train_cover_0001.png,11.93084716796875,
train,Flickr8K,0,cover,0,A little girl climbing into a wooden playhouse .,20002.0,,/content/drive/MyDrive/grdh_outputs/detect/images/train/cover/Flickr8K/Flickr8K_train_cover_0002.png,21.46307373046875,
train,Flickr8K,0,cover,0,A little girl climbing the stairs to her playhouse .,20003.0,,/content/drive/MyDrive/grdh_outputs/detect/images/train/cover/Flickr8K/Flickr8K_train_cover_0003.png,10.22503662109375,
train,Flickr8K,0,cover,0,A little girl in a pink dress going into a wooden cabin .,20004.0,,/content/drive/MyDrive/grdh_outputs/detect/images/train/cover/Flickr8K/Flickr8K_train_cover_0004.png,28.20306396484375,
train,Flickr8K,0,cover,0,A black dog and a spotted dog are fighting,20005.0,,/content/drive/MyDrive/grdh_outputs/detect/images/train/cover/Flickr8K/Flickr8K_train_cover_0005.png,25.98651123046875,
train,Flickr8K,0,cover,0,A black dog and a tri-colored dog playing with each other on the road .,20006.0,,/content/drive/MyDrive/grdh_outputs/detect/images/train/cover/Flickr8K/Flickr8K_train_cover_0006.png,15.29901123046875,
train,Flickr8K,0,cover,0,A black dog and a white dog with brown spots are staring at each other in the street .,20007.0,,/content/drive/MyDrive/grdh_outputs/detect/images/train/cover/Flickr8K/Flickr8K_train_cover_0007.png,11.17315673828125,
train,Flickr8K,0,cover,0,Two dogs of different breeds looking at each other on the road .,20008.0,,/content/drive/MyDrive/grdh_outputs/detect/images/train/cover/Flickr8K/Flickr8K_train_cover_0008.png,3.69354248046875,
train,Flickr8K,0,cover,0,Two dogs on pavement moving toward each other .,20009.0,,/content/drive/MyDrive/grdh_outputs/detect/images/train/cover/Flickr8K/Flickr8K_train_cover_0009.png,8.36663818359375,
train,Flickr8K,0,cover,0,A little girl covered in paint sits in front of a painted rainbow with her hands in a bowl .,20010.0,,/content/drive/MyDrive/grdh_outputs/detect/images/train/cover/Flickr8K/Flickr8K_train_cover_0010.png,1.90081787109375,
train,Flickr8K,0,cover,0,A little girl is sitting in front of a large painted rainbow .,20011.0,,/content/drive/MyDrive/grdh_outputs/detect/images/train/cover/Flickr8K/Flickr8K_train_cover_0011.png,13.57073974609375,
train,Flickr8K,0,cover,0,A small girl in the grass plays with fingerpaints in front of a white canvas with a rainbow on it .,20012.0,,/content/drive/MyDrive/grdh_outputs/detect/images/train/cover/Flickr8K/Flickr8K_train_cover_0012.png,44.68133544921875,
train,Flickr8K,0,cover,0,There is a girl with pigtails sitting in front of a rainbow painting .,20013.0,,/content/drive/MyDrive/grdh_outputs/detect/images/train/cover/Flickr8K/Flickr8K_train_cover_0013.png,12.58184814453125,
train,Flickr8K,0,cover,0,Young girl with pigtails painting outside in the grass .,20014.0,,/content/drive/MyDrive/grdh_outputs/detect/images/train/cover/Flickr8K/Flickr8K_train_cover_0014.png,3.89959716796875,
train,Flickr8K,0,cover,0,A man lays on a bench while his dog sits by him .,20015.0,,/content/drive/MyDrive/grdh_outputs/detect/images/train/cover/Flickr8K/Flickr8K_train_cover_0015.png,11.61639404296875,
train,Flickr8K,0,cover,0,A man lays on the bench to which a white dog is also tied .,20016.0,,/content/drive/MyDrive/grdh_outputs/detect/images/train/cover/Flickr8K/Flickr8K_train_cover_0016.png,15.64544677734375,
train,Flickr8K,0,cover,0,a man sleeping on a bench outside with a white and black dog sitting next to him .,20017.0,,/content/drive/MyDrive/grdh_outputs/detect/images/train/cover/Flickr8K/Flickr8K_train_cover_0017.png,8.57904052734375,
train,Flickr8K,0,cover,0,A shirtless man lies on a park bench with his dog .,20018.0,,/content/drive/MyDrive/grdh_outputs/detect/images/train/cover/Flickr8K/Flickr8K_train_cover_0018.png,34.09442138671875,
train,Flickr8K,0,cover,0,man laying on bench holding leash of dog sitting on ground,20019.0,,/content/drive/MyDrive/grdh_outputs/detect/images/train/cover/Flickr8K/Flickr8K_train_cover_0019.png,3.32489013671875,
train,Flickr8K,0,cover,0,A man in an orange hat starring at something .,20020.0,,/content/drive/MyDrive/grdh_outputs/detect/images/train/cover/Flickr8K/Flickr8K_train_cover_0020.png,15.31622314453125,
train,Flickr8K,0,cover,0,A man wears an orange hat and glasses .,20021.0,,/content/drive/MyDrive/grdh_outputs/detect/images/train/cover/Flickr8K/Flickr8K_train_cover_0021.png,5.68939208984375,
train,Flickr8K,0,cover,0,A man with gauges and glasses is wearing a Blitz hat .,20022.0,,/content/drive/MyDrive/grdh_outputs/detect/images/train/cover/Flickr8K/Flickr8K_train_cover_0022.png,16.93280029296875,
train,Flickr8K,0,cover,0,A man with glasses is wearing a beer can crocheted hat .,20023.0,,/content/drive/MyDrive/grdh_outputs/detect/images/train/cover/Flickr8K/Flickr8K_train_cover_0023.png,-5.98406982421875,
train,Flickr8K,0,cover,0,The man with pierced ears is wearing glasses and an orange hat .,20024.0,,/content/drive/MyDrive/grdh_outputs/detect/images/train/cover/Flickr8K/Flickr8K_train_cover_0024.png,15.13031005859375,
train,Flickr8K,0,cover,0,A child playing on a rope net .,20025.0,,/content/drive/MyDrive/grdh_outputs/detect/images/train/cover/Flickr8K/Flickr8K_train_cover_0025.png,28.18353271484375,
train,Flickr8K,0,cover,0,A little girl climbing on red roping .,20026.0,,/content/drive/MyDrive/grdh_outputs/detect/images/train/cover/Flickr8K/Flickr8K_train_cover_0026.png,6.68316650390625,
train,Flickr8K,0,cover,0,A little girl in pink climbs a rope bridge at the park .,20027.0,,/content/drive/MyDrive/grdh_outputs/detect/images/train/cover/Flickr8K/Flickr8K_train_cover_0027.png,12.86175537109375,
train,Flickr8K,0,cover,0,A small child grips onto the red ropes at the playground .,20028.0,,/content/drive/MyDrive/grdh_outputs/detect/images/train/cover/Flickr8K/Flickr8K_train_cover_0028.png,17.29132080078125,
train,Flickr8K,0,cover,0,The small child climbs on a red ropes on a playground .,20029.0,,/content/drive/MyDrive/grdh_outputs/detect/images/train/cover/Flickr8K/Flickr8K_train_cover_0029.png,10.63714599609375,
train,Flickr8K,0,cover,0,A black and white dog is running in a grassy garden surrounded by a white fence .,20030.0,,/content/drive/MyDrive/grdh_outputs/detect/images/train/cover/Flickr8K/Flickr8K_train_cover_0030.png,7.40594482421875,
train,Flickr8K,0,cover,0,A black and white dog is running through the grass .,20031.0,,/content/drive/MyDrive/grdh_outputs/detect/images/train/cover/Flickr8K/Flickr8K_train_cover_0031.png,10.05413818359375,
train,Flickr8K,0,cover,0,A Boston terrier is running in the grass .,20032.0,,/content/drive/MyDrive/grdh_outputs/detect/images/train/cover/Flickr8K/Flickr8K_train_cover_0032.png,30.81585693359375,
train,Flickr8K,0,cover,0,A Boston Terrier is running on lush green grass in front of a white fence .,20033.0,,/content/drive/MyDrive/grdh_outputs/detect/images/train/cover/Flickr8K/Flickr8K_train_cover_0033.png,10.50189208984375,
train,Flickr8K,0,cover,0,A dog runs on the green grass near a wooden fence .,20034.0,,/content/drive/MyDrive/grdh_outputs/detect/images/train/cover/Flickr8K/Flickr8K_train_cover_0034.png,14.06658935546875,
train,Flickr8K,0,cover,0,"""A dog shakes its head near the shore , a red ball next to it .""",20035.0,,/content/drive/MyDrive/grdh_outputs/detect/images/train/cover/Flickr8K/Flickr8K_train_cover_0035.png,3.40850830078125,
train,Flickr8K,0,cover,0,A white dog shakes on the edge of a beach with an orange ball .,20036.0,,/content/drive/MyDrive/grdh_outputs/detect/images/train/cover/Flickr8K/Flickr8K_train_cover_0036.png,17.28558349609375,
train,Flickr8K,0,cover,0,"""Dog with orange ball at feet , stands on shore shaking off water""",20037.0,,/content/drive/MyDrive/grdh_outputs/detect/images/train/cover/Flickr8K/Flickr8K_train_cover_0037.png,24.62969970703125,
train,Flickr8K,0,cover,0,White dog playing with a red ball on the shore near the water .,20038.0,,/content/drive/MyDrive/grdh_outputs/detect/images/train/cover/Flickr8K/Flickr8K_train_cover_0038.png,12.10443115234375,
train,Flickr8K,0,cover,0,White dog with brown ears standing near water with head turned to one side .,20039.0,,/content/drive/MyDrive/grdh_outputs/detect/images/train/cover/Flickr8K/Flickr8K_train_cover_0039.png,15.65496826171875,
train,Flickr8K,0,cover,0,A boy smiles in front of a stony wall in a city .,20040.0,,/content/drive/MyDrive/grdh_outputs/detect/images/train/cover/Flickr8K/Flickr8K_train_cover_0040.png,5.01361083984375,
train,Flickr8K,0,cover,0,A little boy is standing on the street while a man in overalls is working on a stone wall .,20041.0,,/content/drive/MyDrive/grdh_outputs/detect/images/train/cover/Flickr8K/Flickr8K_train_cover_0041.png,9.03973388671875,
train,Flickr8K,0,cover,0,A young boy runs aross the street .,20042.0,,/content/drive/MyDrive/grdh_outputs/detect/images/train/cover/Flickr8K/Flickr8K_train_cover_0042.png,3.29193115234375,
train,Flickr8K,0,cover,0,A young child is walking on a stone paved street with a metal pole and a man behind him .,20043.0,,/content/drive/MyDrive/grdh_outputs/detect/images/train/cover/Flickr8K/Flickr8K_train_cover_0043.png,17.87957763671875,
train,Flickr8K,0,cover,0,Smiling boy in white shirt and blue jeans in front of rock wall with man in overalls behind him .,20044.0,,/content/drive/MyDrive/grdh_outputs/detect/images/train/cover/Flickr8K/Flickr8K_train_cover_0044.png,12.53607177734375,
train,Flickr8K,0,cover,0,A black dog leaps over a log .,20045.0,,/content/drive/MyDrive/grdh_outputs/detect/images/train/cover/Flickr8K/Flickr8K_train_cover_0045.png,23.53875732421875,
train,Flickr8K,0,cover,0,A grey dog is leaping over a fallen tree .,20046.0,,/content/drive/MyDrive/grdh_outputs/detect/images/train/cover/Flickr8K/Flickr8K_train_cover_0046.png,14.41009521484375,
train,Flickr8K,0,cover,0,A large black dog leaps a fallen log .,20047.0,,/content/drive/MyDrive/grdh_outputs/detect/images/train/cover/Flickr8K/Flickr8K_train_cover_0047.png,13.14398193359375,
train,Flickr8K,0,cover,0,A mottled black and grey dog in a blue collar jumping over a fallen tree .,20048.0,,/content/drive/MyDrive/grdh_outputs/detect/images/train/cover/Flickr8K/Flickr8K_train_cover_0048.png,5.01434326171875,
train,Flickr8K,0,cover,0,The black dog jumped the tree stump .,20049.0,,/content/drive/MyDrive/grdh_outputs/detect/images/train/cover/Flickr8K/Flickr8K_train_cover_0049.png,10.71478271484375,
train,Flickr8K,0,cover,0,A brown and white dog is running through the snow .,20050.0,,/content/drive/MyDrive/grdh_outputs/detect/images/train/cover/Flickr8K/Flickr8K_train_cover_0050.png,6.81756591796875,
train,Flickr8K,0,cover,0,A dog is running in the snow,20051.0,,/content/drive/MyDrive/grdh_outputs/detect/images/train/cover/Flickr8K/Flickr8K_train_cover_0051.png,18.51702880859375,
train,Flickr8K,0,cover,0,A dog running through snow .,20052.0,,/content/drive/MyDrive/grdh_outputs/detect/images/train/cover/Flickr8K/Flickr8K_train_cover_0052.png,7.86871337890625,
train,Flickr8K,0,cover,0,a white and brown dog is running through a snow covered field .,20053.0,,/content/drive/MyDrive/grdh_outputs/detect/images/train/cover/Flickr8K/Flickr8K_train_cover_0053.png,10.41107177734375,
train,Flickr8K,0,cover,0,The white and brown dog is running over the surface of the snow .,20054.0,,/content/drive/MyDrive/grdh_outputs/detect/images/train/cover/Flickr8K/Flickr8K_train_cover_0054.png,15.34539794921875,
train,Flickr8K,0,cover,0,A man in a hat is displaying pictures next to a skier in a blue hat .,20055.0,,/content/drive/MyDrive/grdh_outputs/detect/images/train/cover/Flickr8K/Flickr8K_train_cover_0055.png,21.85540771484375,
train,Flickr8K,0,cover,0,A man skis past another man displaying paintings in the snow .,20056.0,,/content/drive/MyDrive/grdh_outputs/detect/images/train/cover/Flickr8K/Flickr8K_train_cover_0056.png,9.13372802734375,
train,Flickr8K,0,cover,0,A person wearing skis looking at framed pictures set up in the snow .,20057.0,,/content/drive/MyDrive/grdh_outputs/detect/images/train/cover/Flickr8K/Flickr8K_train_cover_0057.png,19.44537353515625,
train,Flickr8K,0,cover,0,A skier looks at framed pictures in the snow next to trees .,20058.0,,/content/drive/MyDrive/grdh_outputs/detect/images/train/cover/Flickr8K/Flickr8K_train_cover_0058.png,6.06365966796875,
train,Flickr8K,0,cover,0,Man on skis looking at artwork for sale in the snow,20059.0,,/content/drive/MyDrive/grdh_outputs/detect/images/train/cover/Flickr8K/Flickr8K_train_cover_0059.png,4.17645263671875,
train,Flickr8K,0,cover,0,A collage of one person climbing a cliff .,20060.0,,/content/drive/MyDrive/grdh_outputs/detect/images/train/cover/Flickr8K/Flickr8K_train_cover_0060.png,4.50787353515625,
train,Flickr8K,0,cover,0,A group of people are rock climbing on a rock climbing wall .,20061.0,,/content/drive/MyDrive/grdh_outputs/detect/images/train/cover/Flickr8K/Flickr8K_train_cover_0061.png,5.42791748046875,
train,Flickr8K,0,cover,0,A group of people climbing a rock while one man belays,20062.0,,/content/drive/MyDrive/grdh_outputs/detect/images/train/cover/Flickr8K/Flickr8K_train_cover_0062.png,7.10345458984375,
train,Flickr8K,0,cover,0,Seven climbers are ascending a rock face whilst another man stands holding the rope .,20063.0,,/content/drive/MyDrive/grdh_outputs/detect/images/train/cover/Flickr8K/Flickr8K_train_cover_0063.png,17.13323974609375,
train,Flickr8K,0,cover,0,Several climbers in a row are climbing the rock while the man in red watches and holds the line .,20064.0,,/content/drive/MyDrive/grdh_outputs/detect/images/train/cover/Flickr8K/Flickr8K_train_cover_0064.png,53.19024658203125,
train,Flickr8K,0,cover,0,A brown dog chases the water from a sprinkler on a lawn .,20065.0,,/content/drive/MyDrive/grdh_outputs/detect/images/train/cover/Flickr8K/Flickr8K_train_cover_0065.png,13.87493896484375,
train,Flickr8K,0,cover,0,a brown dog plays with the hose .,20066.0,,/content/drive/MyDrive/grdh_outputs/detect/images/train/cover/Flickr8K/Flickr8K_train_cover_0066.png,15.16412353515625,
train,Flickr8K,0,cover,0,A brown dog running on a lawn near a garden hose,20067.0,,/content/drive/MyDrive/grdh_outputs/detect/images/train/cover/Flickr8K/Flickr8K_train_cover_0067.png,9.32489013671875,
train,Flickr8K,0,cover,0,A dog is playing with a hose .,20068.0,,/content/drive/MyDrive/grdh_outputs/detect/images/train/cover/Flickr8K/Flickr8K_train_cover_0068.png,7.07879638671875,
train,Flickr8K,0,cover,0,Large brown dog running away from the sprinkler in the grass .,20069.0,,/content/drive/MyDrive/grdh_outputs/detect/images/train/cover/Flickr8K/Flickr8K_train_cover_0069.png,22.04486083984375,
train,Flickr8K,0,cover,0,A dog prepares to catch a thrown object in a field with nearby cars .,20070.0,,/content/drive/MyDrive/grdh_outputs/detect/images/train/cover/Flickr8K/Flickr8K_train_cover_0070.png,14.70953369140625,
train,Flickr8K,0,cover,0,A white dog is about to catch a yellow ball in its mouth .,20071.0,,/content/drive/MyDrive/grdh_outputs/detect/images/train/cover/Flickr8K/Flickr8K_train_cover_0071.png,19.78924560546875,
train,Flickr8K,0,cover,0,A white dog is about to catch a yellow dog toy .,20072.0,,/content/drive/MyDrive/grdh_outputs/detect/images/train/cover/Flickr8K/Flickr8K_train_cover_0072.png,28.55450439453125,
train,Flickr8K,0,cover,0,A white dog is ready to catch a yellow ball flying through the air .,20073.0,,/content/drive/MyDrive/grdh_outputs/detect/images/train/cover/Flickr8K/Flickr8K_train_cover_0073.png,8.31146240234375,
train,Flickr8K,0,cover,0,A white dog running after a yellow ball,20074.0,,/content/drive/MyDrive/grdh_outputs/detect/images/train/cover/Flickr8K/Flickr8K_train_cover_0074.png,21.17950439453125,
train,Flickr8K,0,cover,0,a black and white dog jumping in the air to get a toy .,20075.0,,/content/drive/MyDrive/grdh_outputs/detect/images/train/cover/Flickr8K/Flickr8K_train_cover_0075.png,7.37860107421875,
train,Flickr8K,0,cover,0,A black and white dog jumps up towards a yellow toy .,20076.0,,/content/drive/MyDrive/grdh_outputs/detect/images/train/cover/Flickr8K/Flickr8K_train_cover_0076.png,7.40374755859375,
train,Flickr8K,0,cover,0,A dog leaps to catch a ball in a field .,20077.0,,/content/drive/MyDrive/grdh_outputs/detect/images/train/cover/Flickr8K/Flickr8K_train_cover_0077.png,17.33514404296875,
train,Flickr8K,0,cover,0,A white dog is trying to catch a ball in midair over a grassy field .,20078.0,,/content/drive/MyDrive/grdh_outputs/detect/images/train/cover/Flickr8K/Flickr8K_train_cover_0078.png,1.12103271484375,
train,Flickr8K,0,cover,0,The white dog is playing in a green field with a yellow toy .,20079.0,,/content/drive/MyDrive/grdh_outputs/detect/images/train/cover/Flickr8K/Flickr8K_train_cover_0079.png,16.95672607421875,
train,Flickr8K,0,cover,0,A child and a woman are at waters edge in a big city .,20080.0,,/content/drive/MyDrive/grdh_outputs/detect/images/train/cover/Flickr8K/Flickr8K_train_cover_0080.png,15.77020263671875,
train,Flickr8K,0,cover,0,a large lake with a lone duck swimming in it with several people around the edge of it .,20081.0,,/content/drive/MyDrive/grdh_outputs/detect/images/train/cover/Flickr8K/Flickr8K_train_cover_0081.png,-10.06549072265625,
train,Flickr8K,0,cover,0,A little boy at a lake watching a duck .,20082.0,,/content/drive/MyDrive/grdh_outputs/detect/images/train/cover/Flickr8K/Flickr8K_train_cover_0082.png,21.39617919921875,
train,Flickr8K,0,cover,0,A young boy waves his hand at the duck in the water surrounded by a green park .,20083.0,,/content/drive/MyDrive/grdh_outputs/detect/images/train/cover/Flickr8K/Flickr8K_train_cover_0083.png,15.11199951171875,
train,Flickr8K,0,cover,0,"""Two people are at the edge of a lake , facing the water and the city skyline .""",20084.0,,/content/drive/MyDrive/grdh_outputs/detect/images/train/cover/Flickr8K/Flickr8K_train_cover_0084.png,-1.97332763671875,
train,Flickr8K,0,cover,0,"""A couple and an infant , being held by the male , sitting next to a pond with a near by stroller .""",20085.0,,/content/drive/MyDrive/grdh_outputs/detect/images/train/cover/Flickr8K/Flickr8K_train_cover_0085.png,1.49285888671875,
train,Flickr8K,0,cover,0,A couple sit on the grass with a baby and stroller .,20086.0,,/content/drive/MyDrive/grdh_outputs/detect/images/train/cover/Flickr8K/Flickr8K_train_cover_0086.png,8.17913818359375,
train,Flickr8K,0,cover,0,A couple with their newborn baby sitting under a tree facing a lake .,20087.0,,/content/drive/MyDrive/grdh_outputs/detect/images/train/cover/Flickr8K/Flickr8K_train_cover_0087.png,15.84051513671875,
train,Flickr8K,0,cover,0,A man and woman care for an infant along the side of a body of water .,20088.0,,/content/drive/MyDrive/grdh_outputs/detect/images/train/cover/Flickr8K/Flickr8K_train_cover_0088.png,23.53253173828125,
train,Flickr8K,0,cover,0,Couple with a baby sit outdoors next to their stroller .,20089.0,,/content/drive/MyDrive/grdh_outputs/detect/images/train/cover/Flickr8K/Flickr8K_train_cover_0089.png,7.35272216796875,
train,Flickr8K,0,cover,0,A black dog running in the surf .,20090.0,,/content/drive/MyDrive/grdh_outputs/detect/images/train/cover/Flickr8K/Flickr8K_train_cover_0090.png,15.03912353515625,
train,Flickr8K,0,cover,0,A black lab with tags frolicks in the water .,20091.0,,/content/drive/MyDrive/grdh_outputs/detect/images/train/cover/Flickr8K/Flickr8K_train_cover_0091.png,41.48602294921875,
train,Flickr8K,0,cover,0,A dog splashes in the water,20092.0,,/content/drive/MyDrive/grdh_outputs/detect/images/train/cover/Flickr8K/Flickr8K_train_cover_0092.png,26.07501220703125,
train,Flickr8K,0,cover,0,The black dog runs through the water .,20093.0,,/content/drive/MyDrive/grdh_outputs/detect/images/train/cover/Flickr8K/Flickr8K_train_cover_0093.png,6.71966552734375,
train,Flickr8K,0,cover,0,This is a black dog splashing in the water .,20094.0,,/content/drive/MyDrive/grdh_outputs/detect/images/train/cover/Flickr8K/Flickr8K_train_cover_0094.png,9.92254638671875,
train,Flickr8K,0,cover,0,A man drilling a hole in the ice .,20095.0,,/content/drive/MyDrive/grdh_outputs/detect/images/train/cover/Flickr8K/Flickr8K_train_cover_0095.png,8.26666259765625,
train,Flickr8K,0,cover,0,A man is drilling through the frozen ice of a pond .,20096.0,,/content/drive/MyDrive/grdh_outputs/detect/images/train/cover/Flickr8K/Flickr8K_train_cover_0096.png,24.81561279296875,
train,Flickr8K,0,cover,0,A person in the snow drilling a hole in the ice .,20097.0,,/content/drive/MyDrive/grdh_outputs/detect/images/train/cover/Flickr8K/Flickr8K_train_cover_0097.png,16.39178466796875,
train,Flickr8K,0,cover,0,A person standing on a frozen lake .,20098.0,,/content/drive/MyDrive/grdh_outputs/detect/images/train/cover/Flickr8K/Flickr8K_train_cover_0098.png,30.41571044921875,
train,Flickr8K,0,cover,0,Two men are ice fishing .,20099.0,,/content/drive/MyDrive/grdh_outputs/detect/images/train/cover/Flickr8K/Flickr8K_train_cover_0099.png,14.55010986328125,
train,Flickr8K,0,cover,0,Two different breeds of brown and white dogs play on the beach .,20100.0,,/content/drive/MyDrive/grdh_outputs/detect/images/train/cover/Flickr8K/Flickr8K_train_cover_0100.png,13.00408935546875,
train,Flickr8K,0,cover,0,Two dogs are making a turn on a soft sand beach .,20101.0,,/content/drive/MyDrive/grdh_outputs/detect/images/train/cover/Flickr8K/Flickr8K_train_cover_0101.png,9.80389404296875,
train,Flickr8K,0,cover,0,Two dogs playing in the sand at the beach .,20102.0,,/content/drive/MyDrive/grdh_outputs/detect/images/train/cover/Flickr8K/Flickr8K_train_cover_0102.png,23.43426513671875,
train,Flickr8K,0,cover,0,Two dogs playing together on a beach .,20103.0,,/content/drive/MyDrive/grdh_outputs/detect/images/train/cover/Flickr8K/Flickr8K_train_cover_0103.png,32.11322021484375,
train,Flickr8K,0,cover,0,Two large tan dogs play along a sandy beach .,20104.0,,/content/drive/MyDrive/grdh_outputs/detect/images/train/cover/Flickr8K/Flickr8K_train_cover_0104.png,4.14215087890625,
train,Flickr8K,0,cover,0,A man uses ice picks and crampons to scale ice .,20105.0,,/content/drive/MyDrive/grdh_outputs/detect/images/train/cover/Flickr8K/Flickr8K_train_cover_0105.png,-0.84515380859375,
train,Flickr8K,0,cover,0,an ice climber in a blue jacket and black pants is scaling a frozen ice wall .,20106.0,,/content/drive/MyDrive/grdh_outputs/detect/images/train/cover/Flickr8K/Flickr8K_train_cover_0106.png,4.43414306640625,
train,Flickr8K,0,cover,0,An ice climber scaling a frozen waterfall .,20107.0,,/content/drive/MyDrive/grdh_outputs/detect/images/train/cover/Flickr8K/Flickr8K_train_cover_0107.png,27.48114013671875,
train,Flickr8K,0,cover,0,A person in blue and red ice climbing with two picks .,20108.0,,/content/drive/MyDrive/grdh_outputs/detect/images/train/cover/Flickr8K/Flickr8K_train_cover_0108.png,35.96759033203125,
train,Flickr8K,0,cover,0,Climber climbing an ice wall,20109.0,,/content/drive/MyDrive/grdh_outputs/detect/images/train/cover/Flickr8K/Flickr8K_train_cover_0109.png,18.94671630859375,
train,Flickr8K,0,cover,0,A black dog carries a green toy in his mouth as he walks through the grass .,20110.0,,/content/drive/MyDrive/grdh_outputs/detect/images/train/cover/Flickr8K/Flickr8K_train_cover_0110.png,41.29705810546875,
train,Flickr8K,0,cover,0,A black dog carrying something through the grass .,20111.0,,/content/drive/MyDrive/grdh_outputs/detect/images/train/cover/Flickr8K/Flickr8K_train_cover_0111.png,95.7845458984375,
train,Flickr8K,0,cover,0,A black dog has a blue toy in its mouth .,20112.0,,/content/drive/MyDrive/grdh_outputs/detect/images/train/cover/Flickr8K/Flickr8K_train_cover_0112.png,2.96185302734375,
train,Flickr8K,0,cover,0,A dog in grass with a blue item in his mouth .,20113.0,,/content/drive/MyDrive/grdh_outputs/detect/images/train/cover/Flickr8K/Flickr8K_train_cover_0113.png,38.17864990234375,
train,Flickr8K,0,cover,0,A wet black dog is carrying a green toy through the grass .,20114.0,,/content/drive/MyDrive/grdh_outputs/detect/images/train/cover/Flickr8K/Flickr8K_train_cover_0114.png,13.02166748046875,
train,Flickr8K,0,cover,0,A man and a baby are in a yellow kayak on water .,20115.0,,/content/drive/MyDrive/grdh_outputs/detect/images/train/cover/Flickr8K/Flickr8K_train_cover_0115.png,12.12811279296875,
train,Flickr8K,0,cover,0,A man and a little boy in blue life jackets are rowing a yellow canoe .,20116.0,,/content/drive/MyDrive/grdh_outputs/detect/images/train/cover/Flickr8K/Flickr8K_train_cover_0116.png,19.90679931640625,
train,Flickr8K,0,cover,0,A man and child kayak through gentle waters .,20117.0,,/content/drive/MyDrive/grdh_outputs/detect/images/train/cover/Flickr8K/Flickr8K_train_cover_0117.png,20.63934326171875,
train,Flickr8K,0,cover,0,A man and young boy ride in a yellow kayak .,20118.0,,/content/drive/MyDrive/grdh_outputs/detect/images/train/cover/Flickr8K/Flickr8K_train_cover_0118.png,2.04547119140625,
train,Flickr8K,0,cover,0,Man and child in yellow kayak,20119.0,,/content/drive/MyDrive/grdh_outputs/detect/images/train/cover/Flickr8K/Flickr8K_train_cover_0119.png,23.04974365234375,
train,Flickr8K,0,cover,0,A black dog and a brown dog are jumping up to catch a red toy .,20120.0,,/content/drive/MyDrive/grdh_outputs/detect/images/train/cover/Flickr8K/Flickr8K_train_cover_0120.png,11.51483154296875,
train,Flickr8K,0,cover,0,A black dog and a brown dog play with a red toy on a courtyard .,20121.0,,/content/drive/MyDrive/grdh_outputs/detect/images/train/cover/Flickr8K/Flickr8K_train_cover_0121.png,21.52728271484375,
train,Flickr8K,0,cover,0,A brown and black lab are outside and the black lab is catching a toy in its mouth .,20122.0,,/content/drive/MyDrive/grdh_outputs/detect/images/train/cover/Flickr8K/Flickr8K_train_cover_0122.png,4.86273193359375,
train,Flickr8K,0,cover,0,Black dog snaps at red and black object as brown dog lunges .,20123.0,,/content/drive/MyDrive/grdh_outputs/detect/images/train/cover/Flickr8K/Flickr8K_train_cover_0123.png,-3.29986572265625,
train,Flickr8K,0,cover,0,The Chocolate Lab jumps too late to get the toy as the Black Lab captures it in the driveway .,20124.0,,/content/drive/MyDrive/grdh_outputs/detect/images/train/cover/Flickr8K/Flickr8K_train_cover_0124.png,7.31353759765625,
train,Flickr8K,0,cover,0,A boy with a stick kneeling in front of a goalie net,20125.0,,/content/drive/MyDrive/grdh_outputs/detect/images/train/cover/Flickr8K/Flickr8K_train_cover_0125.png,27.84454345703125,
train,Flickr8K,0,cover,0,A child in a red jacket playing street hockey guarding a goal .,20126.0,,/content/drive/MyDrive/grdh_outputs/detect/images/train/cover/Flickr8K/Flickr8K_train_cover_0126.png,26.31060791015625,
train,Flickr8K,0,cover,0,A young kid playing the goalie in a hockey rink .,20127.0,,/content/drive/MyDrive/grdh_outputs/detect/images/train/cover/Flickr8K/Flickr8K_train_cover_0127.png,37.49627685546875,
train,Flickr8K,0,cover,0,A young male kneeling in front of a hockey goal with a hockey stick in his right hand .,20128.0,,/content/drive/MyDrive/grdh_outputs/detect/images/train/cover/Flickr8K/Flickr8K_train_cover_0128.png,7.38226318359375,
train,Flickr8K,0,cover,0,"""Hockey goalie boy in red jacket crouches by goal , with stick .""",20129.0,,/content/drive/MyDrive/grdh_outputs/detect/images/train/cover/Flickr8K/Flickr8K_train_cover_0129.png,4.63787841796875,
train,Flickr8K,0,cover,0,A man in black is sitting next to a modern art structure in front of a glass building .,20130.0,,/content/drive/MyDrive/grdh_outputs/detect/images/train/cover/Flickr8K/Flickr8K_train_cover_0130.png,13.65960693359375,
train,Flickr8K,0,cover,0,A man sits and reads a newspaper by a sculpture outside of an office building .,20131.0,,/content/drive/MyDrive/grdh_outputs/detect/images/train/cover/Flickr8K/Flickr8K_train_cover_0131.png,25.54095458984375,
train,Flickr8K,0,cover,0,a man sits near a large statue .,20132.0,,/content/drive/MyDrive/grdh_outputs/detect/images/train/cover/Flickr8K/Flickr8K_train_cover_0132.png,5.87860107421875,
train,Flickr8K,0,cover,0,A man sitting in front of a metal sculpture in front of a building .,20133.0,,/content/drive/MyDrive/grdh_outputs/detect/images/train/cover/Flickr8K/Flickr8K_train_cover_0133.png,10.31390380859375,
train,Flickr8K,0,cover,0,The man with the backpack is sitting in a buildings courtyard in front of an art sculpture reading .,20134.0,,/content/drive/MyDrive/grdh_outputs/detect/images/train/cover/Flickr8K/Flickr8K_train_cover_0134.png,22.00128173828125,
train,Flickr8K,0,cover,0,A tent is being set up on the ice .,20135.0,,/content/drive/MyDrive/grdh_outputs/detect/images/train/cover/Flickr8K/Flickr8K_train_cover_0135.png,7.42108154296875,
train,Flickr8K,0,cover,0,Two men are about to enter an ice fishing tent on a snow covered lake .,20136.0,,/content/drive/MyDrive/grdh_outputs/detect/images/train/cover/Flickr8K/Flickr8K_train_cover_0136.png,7.79132080078125,
train,Flickr8K,0,cover,0,two men setting up a blue ice fishing hut on an iced over lake,20137.0,,/content/drive/MyDrive/grdh_outputs/detect/images/train/cover/Flickr8K/Flickr8K_train_cover_0137.png,6.24310302734375,
train,Flickr8K,0,cover,0,"""Two men , standing on an ice , looking into something covered with a blue tarp .""",20138.0,,/content/drive/MyDrive/grdh_outputs/detect/images/train/cover/Flickr8K/Flickr8K_train_cover_0138.png,3.73968505859375,
train,Flickr8K,0,cover,0,Two people standing outside a blue tent structure on a snowy surface .,20139.0,,/content/drive/MyDrive/grdh_outputs/detect/images/train/cover/Flickr8K/Flickr8K_train_cover_0139.png,29.81707763671875,
train,Flickr8K,0,cover,0,A woman crouches near three dogs in a field .,20140.0,,/content/drive/MyDrive/grdh_outputs/detect/images/train/cover/Flickr8K/Flickr8K_train_cover_0140.png,6.85357666015625,
train,Flickr8K,0,cover,0,Three dogs are playing on grassy hill with a blue sky .,20141.0,,/content/drive/MyDrive/grdh_outputs/detect/images/train/cover/Flickr8K/Flickr8K_train_cover_0141.png,-4.90228271484375,
train,Flickr8K,0,cover,0,Three dogs are standing in the grass and a person is sitting next to them,20142.0,,/content/drive/MyDrive/grdh_outputs/detect/images/train/cover/Flickr8K/Flickr8K_train_cover_0142.png,48.00238037109375,
train,Flickr8K,0,cover,0,Three dogs on a grassy hill,20143.0,,/content/drive/MyDrive/grdh_outputs/detect/images/train/cover/Flickr8K/Flickr8K_train_cover_0143.png,13.02740478515625,
train,Flickr8K,0,cover,0,Three dogs stand in a grassy field while a person kneels nearby .,20144.0,,/content/drive/MyDrive/grdh_outputs/detect/images/train/cover/Flickr8K/Flickr8K_train_cover_0144.png,11.60394287109375,
train,Flickr8K,0,cover,0,a man is standing in front of a skyscraper,20145.0,,/content/drive/MyDrive/grdh_outputs/detect/images/train/cover/Flickr8K/Flickr8K_train_cover_0145.png,19.33929443359375,
train,Flickr8K,0,cover,0,A man stands in front of a skyscraper .,20146.0,,/content/drive/MyDrive/grdh_outputs/detect/images/train/cover/Flickr8K/Flickr8K_train_cover_0146.png,57.337158203125,
train,Flickr8K,0,cover,0,A man stands in front of a very tall building .,20147.0,,/content/drive/MyDrive/grdh_outputs/detect/images/train/cover/Flickr8K/Flickr8K_train_cover_0147.png,37.61944580078125,
train,Flickr8K,0,cover,0,Behind the man in a red shirt stands a large skyscraper .,20148.0,,/content/drive/MyDrive/grdh_outputs/detect/images/train/cover/Flickr8K/Flickr8K_train_cover_0148.png,62.16790771484375,
train,Flickr8K,0,cover,0,There is a skyscraper in the distance with a man walking in front of the camera .,20149.0,,/content/drive/MyDrive/grdh_outputs/detect/images/train/cover/Flickr8K/Flickr8K_train_cover_0149.png,27.30633544921875,
train,Flickr8K,0,cover,0,A boy bites hard into a treat while he sits outside .,20150.0,,/content/drive/MyDrive/grdh_outputs/detect/images/train/cover/Flickr8K/Flickr8K_train_cover_0150.png,25.51678466796875,
train,Flickr8K,0,cover,0,A child biting into a baked good .,20151.0,,/content/drive/MyDrive/grdh_outputs/detect/images/train/cover/Flickr8K/Flickr8K_train_cover_0151.png,9.86224365234375,
train,Flickr8K,0,cover,0,A small boy putting something in his mouth with both hands .,20152.0,,/content/drive/MyDrive/grdh_outputs/detect/images/train/cover/Flickr8K/Flickr8K_train_cover_0152.png,31.22308349609375,
train,Flickr8K,0,cover,0,The boy eats his food outside at the table .,20153.0,,/content/drive/MyDrive/grdh_outputs/detect/images/train/cover/Flickr8K/Flickr8K_train_cover_0153.png,1.32440185546875,
train,Flickr8K,0,cover,0,The boy is eating pizza over a tin dish .,20154.0,,/content/drive/MyDrive/grdh_outputs/detect/images/train/cover/Flickr8K/Flickr8K_train_cover_0154.png,-7.61334228515625,
train,Flickr8K,0,cover,0,People sit on the mountainside and check out the view .,20155.0,,/content/drive/MyDrive/grdh_outputs/detect/images/train/cover/Flickr8K/Flickr8K_train_cover_0155.png,11.78582763671875,
train,Flickr8K,0,cover,0,Three people are on a hilltop overlooking a green valley .,20156.0,,/content/drive/MyDrive/grdh_outputs/detect/images/train/cover/Flickr8K/Flickr8K_train_cover_0156.png,11.44134521484375,
train,Flickr8K,0,cover,0,Three people hang out on top of a big hill .,20157.0,,/content/drive/MyDrive/grdh_outputs/detect/images/train/cover/Flickr8K/Flickr8K_train_cover_0157.png,12.10736083984375,
train,Flickr8K,0,cover,0,Three people overlook a green valley .,20158.0,,/content/drive/MyDrive/grdh_outputs/detect/images/train/cover/Flickr8K/Flickr8K_train_cover_0158.png,15.49969482421875,
train,Flickr8K,0,cover,0,Three people rest on a ledge above the moutains .,20159.0,,/content/drive/MyDrive/grdh_outputs/detect/images/train/cover/Flickr8K/Flickr8K_train_cover_0159.png,5.53424072265625,
train,Flickr8K,0,cover,0,A boy in a green shirt is looking down at many inflatable boats .,20160.0,,/content/drive/MyDrive/grdh_outputs/detect/images/train/cover/Flickr8K/Flickr8K_train_cover_0160.png,11.24237060546875,
train,Flickr8K,0,cover,0,A boy in a green shirt watches kayakers .,20161.0,,/content/drive/MyDrive/grdh_outputs/detect/images/train/cover/Flickr8K/Flickr8K_train_cover_0161.png,22.07489013671875,
train,Flickr8K,0,cover,0,A boy looks over a railing at the many boats and rafts below in the water .,20162.0,,/content/drive/MyDrive/grdh_outputs/detect/images/train/cover/Flickr8K/Flickr8K_train_cover_0162.png,34.84979248046875,
train,Flickr8K,0,cover,0,A young boy overlooking a crowd of inflatable boats .,20163.0,,/content/drive/MyDrive/grdh_outputs/detect/images/train/cover/Flickr8K/Flickr8K_train_cover_0163.png,16.01141357421875,
train,Flickr8K,0,cover,0,A young boy wearing a jersey looks down over a ledge at many boats in the water .,20164.0,,/content/drive/MyDrive/grdh_outputs/detect/images/train/cover/Flickr8K/Flickr8K_train_cover_0164.png,23.12860107421875,
train,Flickr8K,0,cover,0,A man and woman pose for the camera while another man looks on .,20165.0,,/content/drive/MyDrive/grdh_outputs/detect/images/train/cover/Flickr8K/Flickr8K_train_cover_0165.png,4.46124267578125,
train,Flickr8K,0,cover,0,A man is holding the hand of a woman up to his mouth in front of some buildings while another man looks on .,20166.0,,/content/drive/MyDrive/grdh_outputs/detect/images/train/cover/Flickr8K/Flickr8K_train_cover_0166.png,16.09759521484375,
train,Flickr8K,0,cover,0,A multiracial couple posing for a picture,20167.0,,/content/drive/MyDrive/grdh_outputs/detect/images/train/cover/Flickr8K/Flickr8K_train_cover_0167.png,1.26739501953125,
train,Flickr8K,0,cover,0,"""Asian man and blond woman holding hands outdoors , man in background watches .""",20168.0,,/content/drive/MyDrive/grdh_outputs/detect/images/train/cover/Flickr8K/Flickr8K_train_cover_0168.png,10.41021728515625,
train,Flickr8K,0,cover,0,Guy in blue shirt biting hand of girl in black striped jacket while another guy watches,20169.0,,/content/drive/MyDrive/grdh_outputs/detect/images/train/cover/Flickr8K/Flickr8K_train_cover_0169.png,7.25531005859375,
train,Flickr8K,0,cover,0,A person eats takeout while watching a small television .,20170.0,,/content/drive/MyDrive/grdh_outputs/detect/images/train/cover/Flickr8K/Flickr8K_train_cover_0170.png,5.09906005859375,
train,Flickr8K,0,cover,0,A person sits on the floor and eats in front of a television .,20171.0,,/content/drive/MyDrive/grdh_outputs/detect/images/train/cover/Flickr8K/Flickr8K_train_cover_0171.png,5.96453857421875,
train,Flickr8K,0,cover,0,A television with a picture of a girl on it .,20172.0,,/content/drive/MyDrive/grdh_outputs/detect/images/train/cover/Flickr8K/Flickr8K_train_cover_0172.png,4.29974365234375,
train,Flickr8K,0,cover,0,A young man sits on the floor by the television with a fast food meal in front of him .,20173.0,,/content/drive/MyDrive/grdh_outputs/detect/images/train/cover/Flickr8K/Flickr8K_train_cover_0173.png,11.94427490234375,
train,Flickr8K,0,cover,0,Someone is laying in front of the TV eating food .,20174.0,,/content/drive/MyDrive/grdh_outputs/detect/images/train/cover/Flickr8K/Flickr8K_train_cover_0174.png,3.27239990234375,
train,Flickr8K,0,cover,0,a couple of several people sitting on a ledge overlooking the beach,20175.0,,/content/drive/MyDrive/grdh_outputs/detect/images/train/cover/Flickr8K/Flickr8K_train_cover_0175.png,-14.32098388671875,
train,Flickr8K,0,cover,0,A group of people sit on a wall at the beach .,20176.0,,/content/drive/MyDrive/grdh_outputs/detect/images/train/cover/Flickr8K/Flickr8K_train_cover_0176.png,8.55181884765625,
train,Flickr8K,0,cover,0,A group of teens sit on a wall by a beach .,20177.0,,/content/drive/MyDrive/grdh_outputs/detect/images/train/cover/Flickr8K/Flickr8K_train_cover_0177.png,-7.64886474609375,
train,Flickr8K,0,cover,0,Crowd of people at the beach .,20178.0,,/content/drive/MyDrive/grdh_outputs/detect/images/train/cover/Flickr8K/Flickr8K_train_cover_0178.png,19.26751708984375,
train,Flickr8K,0,cover,0,Several young people sitting on a rail above a crowded beach .,20179.0,,/content/drive/MyDrive/grdh_outputs/detect/images/train/cover/Flickr8K/Flickr8K_train_cover_0179.png,11.52777099609375,
train,Flickr8K,0,cover,0,A boy takes a jump on his skateboard while another boy with a skateboard watches .,20180.0,,/content/drive/MyDrive/grdh_outputs/detect/images/train/cover/Flickr8K/Flickr8K_train_cover_0180.png,1.76556396484375,
train,Flickr8K,0,cover,0,A child is performing a skateboard trick while another child with a skateboard leans on a wall .,20181.0,,/content/drive/MyDrive/grdh_outputs/detect/images/train/cover/Flickr8K/Flickr8K_train_cover_0181.png,16.68280029296875,
train,Flickr8K,0,cover,0,A little boy skateboarder is doing a trick on his board while another young skateboarder watches .,20182.0,,/content/drive/MyDrive/grdh_outputs/detect/images/train/cover/Flickr8K/Flickr8K_train_cover_0182.png,6.47479248046875,
train,Flickr8K,0,cover,0,a young boy skateboarder jumping on a platform on a skateboard .,20183.0,,/content/drive/MyDrive/grdh_outputs/detect/images/train/cover/Flickr8K/Flickr8K_train_cover_0183.png,12.75555419921875,
train,Flickr8K,0,cover,0,Two skateboarders .,20184.0,,/content/drive/MyDrive/grdh_outputs/detect/images/train/cover/Flickr8K/Flickr8K_train_cover_0184.png,8.85931396484375,
train,Flickr8K,0,cover,0,"""A girl paddling down a large river , as seen from behind her .""",20185.0,,/content/drive/MyDrive/grdh_outputs/detect/images/train/cover/Flickr8K/Flickr8K_train_cover_0185.png,19.09588623046875,
train,Flickr8K,0,cover,0,A woman kayaking down a river .,20186.0,,/content/drive/MyDrive/grdh_outputs/detect/images/train/cover/Flickr8K/Flickr8K_train_cover_0186.png,20.74090576171875,
train,Flickr8K,0,cover,0,A woman paddles a boat down a river .,20187.0,,/content/drive/MyDrive/grdh_outputs/detect/images/train/cover/Flickr8K/Flickr8K_train_cover_0187.png,7.44122314453125,
train,Flickr8K,0,cover,0,A woman with a paddle .,20188.0,,/content/drive/MyDrive/grdh_outputs/detect/images/train/cover/Flickr8K/Flickr8K_train_cover_0188.png,25.81781005859375,
train,Flickr8K,0,cover,0,A woman with a paddle sits in a boat on the water .,20189.0,,/content/drive/MyDrive/grdh_outputs/detect/images/train/cover/Flickr8K/Flickr8K_train_cover_0189.png,9.52435302734375,
train,Flickr8K,0,cover,0,A girl in pigtails splashes in the shallow water .,20190.0,,/content/drive/MyDrive/grdh_outputs/detect/images/train/cover/Flickr8K/Flickr8K_train_cover_0190.png,23.47613525390625,
train,Flickr8K,0,cover,0,A girls plays in the surf .,20191.0,,/content/drive/MyDrive/grdh_outputs/detect/images/train/cover/Flickr8K/Flickr8K_train_cover_0191.png,18.98443603515625,
train,Flickr8K,0,cover,0,a girl with pigtails is playing in the ocean by the beach .,20192.0,,/content/drive/MyDrive/grdh_outputs/detect/images/train/cover/Flickr8K/Flickr8K_train_cover_0192.png,29.88958740234375,
train,Flickr8K,0,cover,0,A girl with pigtails plays in the water .,20193.0,,/content/drive/MyDrive/grdh_outputs/detect/images/train/cover/Flickr8K/Flickr8K_train_cover_0193.png,17.33599853515625,
train,Flickr8K,0,cover,0,A young girl in pigtails plays in the water .,20194.0,,/content/drive/MyDrive/grdh_outputs/detect/images/train/cover/Flickr8K/Flickr8K_train_cover_0194.png,23.74212646484375,
train,Flickr8K,0,cover,0,A group of four children wearing pajamas have a pillow fight .,20195.0,,/content/drive/MyDrive/grdh_outputs/detect/images/train/cover/Flickr8K/Flickr8K_train_cover_0195.png,6.40362548828125,
train,Flickr8K,0,cover,0,A group of kids have a pillow-fight .,20196.0,,/content/drive/MyDrive/grdh_outputs/detect/images/train/cover/Flickr8K/Flickr8K_train_cover_0196.png,0.11700439453125,
train,Flickr8K,0,cover,0,A group of young children playing pillow fight on a bed .,20197.0,,/content/drive/MyDrive/grdh_outputs/detect/images/train/cover/Flickr8K/Flickr8K_train_cover_0197.png,-0.68951416015625,
train,Flickr8K,0,cover,0,Children having a pillow fight .,20198.0,,/content/drive/MyDrive/grdh_outputs/detect/images/train/cover/Flickr8K/Flickr8K_train_cover_0198.png,0.78326416015625,
train,Flickr8K,0,cover,0,Four children are having a pillow fight .,20199.0,,/content/drive/MyDrive/grdh_outputs/detect/images/train/cover/Flickr8K/Flickr8K_train_cover_0199.png,9.14837646484375,
train,Flickr8K,1024,stego,1,A child in a pink dress is climbing up a set of stairs in an entry way .,,25000.0,/content/drive/MyDrive/grdh_outputs/detect/images/train/stego/Flickr8K/Flickr8K_train_p1024_0000.png,3.19500732421875,robust
train,Flickr8K,2048,stego,1,A girl going into a wooden building .,,25001.0,/content/drive/MyDrive/grdh_outputs/detect/images/train/stego/Flickr8K/Flickr8K_train_p2048_0001.png,12.05621337890625,robust
train,Flickr8K,4096,stego,1,A little girl climbing into a wooden playhouse .,,25002.0,/content/drive/MyDrive/grdh_outputs/detect/images/train/stego/Flickr8K/Flickr8K_train_p4096_0002.png,8.99945068359375,robust
train,Flickr8K,1024,stego,1,A little girl climbing the stairs to her playhouse .,,25003.0,/content/drive/MyDrive/grdh_outputs/detect/images/train/stego/Flickr8K/Flickr8K_train_p1024_0003.png,5.85845947265625,robust
train,Flickr8K,2048,stego,1,A little girl in a pink dress going into a wooden cabin .,,25004.0,/content/drive/MyDrive/grdh_outputs/detect/images/train/stego/Flickr8K/Flickr8K_train_p2048_0004.png,21.45037841796875,robust
train,Flickr8K,4096,stego,1,A black dog and a spotted dog are fighting,,25005.0,/content/drive/MyDrive/grdh_outputs/detect/images/train/stego/Flickr8K/Flickr8K_train_p4096_0005.png,7.31072998046875,robust
train,Flickr8K,1024,stego,1,A black dog and a tri-colored dog playing with each other on the road .,,25006.0,/content/drive/MyDrive/grdh_outputs/detect/images/train/stego/Flickr8K/Flickr8K_train_p1024_0006.png,21.17010498046875,robust
train,Flickr8K,2048,stego,1,A black dog and a white dog with brown spots are staring at each other in the street .,,25007.0,/content/drive/MyDrive/grdh_outputs/detect/images/train/stego/Flickr8K/Flickr8K_train_p2048_0007.png,13.05401611328125,robust
train,Flickr8K,4096,stego,1,Two dogs of different breeds looking at each other on the road .,,25008.0,/content/drive/MyDrive/grdh_outputs/detect/images/train/stego/Flickr8K/Flickr8K_train_p4096_0008.png,-0.57574462890625,robust
train,Flickr8K,1024,stego,1,Two dogs on pavement moving toward each other .,,25009.0,/content/drive/MyDrive/grdh_outputs/detect/images/train/stego/Flickr8K/Flickr8K_train_p1024_0009.png,0.48822021484375,robust
train,Flickr8K,2048,stego,1,A little girl covered in paint sits in front of a painted rainbow with her hands in a bowl .,,25010.0,/content/drive/MyDrive/grdh_outputs/detect/images/train/stego/Flickr8K/Flickr8K_train_p2048_0010.png,1.46356201171875,robust
train,Flickr8K,4096,stego,1,A little girl is sitting in front of a large painted rainbow .,,25011.0,/content/drive/MyDrive/grdh_outputs/detect/images/train/stego/Flickr8K/Flickr8K_train_p4096_0011.png,1.76605224609375,robust
train,Flickr8K,1024,stego,1,A small girl in the grass plays with fingerpaints in front of a white canvas with a rainbow on it .,,25012.0,/content/drive/MyDrive/grdh_outputs/detect/images/train/stego/Flickr8K/Flickr8K_train_p1024_0012.png,-7.95220947265625,robust
train,Flickr8K,2048,stego,1,There is a girl with pigtails sitting in front of a rainbow painting .,,25013.0,/content/drive/MyDrive/grdh_outputs/detect/images/train/stego/Flickr8K/Flickr8K_train_p2048_0013.png,17.71881103515625,robust
train,Flickr8K,4096,stego,1,Young girl with pigtails painting outside in the grass .,,25014.0,/content/drive/MyDrive/grdh_outputs/detect/images/train/stego/Flickr8K/Flickr8K_train_p4096_0014.png,18.05169677734375,robust
train,Flickr8K,1024,stego,1,A man lays on a bench while his dog sits by him .,,25015.0,/content/drive/MyDrive/grdh_outputs/detect/images/train/stego/Flickr8K/Flickr8K_train_p1024_0015.png,19.50042724609375,robust
train,Flickr8K,2048,stego,1,A man lays on the bench to which a white dog is also tied .,,25016.0,/content/drive/MyDrive/grdh_outputs/detect/images/train/stego/Flickr8K/Flickr8K_train_p2048_0016.png,8.00384521484375,robust
train,Flickr8K,4096,stego,1,a man sleeping on a bench outside with a white and black dog sitting next to him .,,25017.0,/content/drive/MyDrive/grdh_outputs/detect/images/train/stego/Flickr8K/Flickr8K_train_p4096_0017.png,27.53839111328125,robust
train,Flickr8K,1024,stego,1,A shirtless man lies on a park bench with his dog .,,25018.0,/content/drive/MyDrive/grdh_outputs/detect/images/train/stego/Flickr8K/Flickr8K_train_p1024_0018.png,13.71478271484375,robust
train,Flickr8K,2048,stego,1,man laying on bench holding leash of dog sitting on ground,,25019.0,/content/drive/MyDrive/grdh_outputs/detect/images/train/stego/Flickr8K/Flickr8K_train_p2048_0019.png,12.59197998046875,robust
train,Flickr8K,4096,stego,1,A man in an orange hat starring at something .,,25020.0,/content/drive/MyDrive/grdh_outputs/detect/images/train/stego/Flickr8K/Flickr8K_train_p4096_0020.png,0.98455810546875,robust
train,Flickr8K,1024,stego,1,A man wears an orange hat and glasses .,,25021.0,/content/drive/MyDrive/grdh_outputs/detect/images/train/stego/Flickr8K/Flickr8K_train_p1024_0021.png,51.62152099609375,robust
train,Flickr8K,2048,stego,1,A man with gauges and glasses is wearing a Blitz hat .,,25022.0,/content/drive/MyDrive/grdh_outputs/detect/images/train/stego/Flickr8K/Flickr8K_train_p2048_0022.png,19.49383544921875,robust
train,Flickr8K,4096,stego,1,A man with glasses is wearing a beer can crocheted hat .,,25023.0,/content/drive/MyDrive/grdh_outputs/detect/images/train/stego/Flickr8K/Flickr8K_train_p4096_0023.png,-3.98028564453125,robust
train,Flickr8K,1024,stego,1,The man with pierced ears is wearing glasses and an orange hat .,,25024.0,/content/drive/MyDrive/grdh_outputs/detect/images/train/stego/Flickr8K/Flickr8K_train_p1024_0024.png,-7.88055419921875,robust
train,Flickr8K,2048,stego,1,A child playing on a rope net .,,25025.0,/content/drive/MyDrive/grdh_outputs/detect/images/train/stego/Flickr8K/Flickr8K_train_p2048_0025.png,14.35919189453125,robust
train,Flickr8K,4096,stego,1,A little girl climbing on red roping .,,25026.0,/content/drive/MyDrive/grdh_outputs/detect/images/train/stego/Flickr8K/Flickr8K_train_p4096_0026.png,10.32366943359375,robust
train,Flickr8K,1024,stego,1,A little girl in pink climbs a rope bridge at the park .,,25027.0,/content/drive/MyDrive/grdh_outputs/detect/images/train/stego/Flickr8K/Flickr8K_train_p1024_0027.png,26.09783935546875,robust
train,Flickr8K,2048,stego,1,A small child grips onto the red ropes at the playground .,,25028.0,/content/drive/MyDrive/grdh_outputs/detect/images/train/stego/Flickr8K/Flickr8K_train_p2048_0028.png,8.16156005859375,robust
train,Flickr8K,4096,stego,1,The small child climbs on a red ropes on a playground .,,25029.0,/content/drive/MyDrive/grdh_outputs/detect/images/train/stego/Flickr8K/Flickr8K_train_p4096_0029.png,7.46893310546875,robust
train,Flickr8K,1024,stego,1,A black and white dog is running in a grassy garden surrounded by a white fence .,,25030.0,/content/drive/MyDrive/grdh_outputs/detect/images/train/stego/Flickr8K/Flickr8K_train_p1024_0030.png,-4.01983642578125,robust
train,Flickr8K,2048,stego,1,A black and white dog is running through the grass .,,25031.0,/content/drive/MyDrive/grdh_outputs/detect/images/train/stego/Flickr8K/Flickr8K_train_p2048_0031.png,6.60345458984375,robust
train,Flickr8K,4096,stego,1,A Boston terrier is running in the grass .,,25032.0,/content/drive/MyDrive/grdh_outputs/detect/images/train/stego/Flickr8K/Flickr8K_train_p4096_0032.png,58.75653076171875,robust
train,Flickr8K,1024,stego,1,A Boston Terrier is running on lush green grass in front of a white fence .,,25033.0,/content/drive/MyDrive/grdh_outputs/detect/images/train/stego/Flickr8K/Flickr8K_train_p1024_0033.png,-0.86065673828125,robust
train,Flickr8K,2048,stego,1,A dog runs on the green grass near a wooden fence .,,25034.0,/content/drive/MyDrive/grdh_outputs/detect/images/train/stego/Flickr8K/Flickr8K_train_p2048_0034.png,22.45648193359375,robust
train,Flickr8K,4096,stego,1,"""A dog shakes its head near the shore , a red ball next to it .""",,25035.0,/content/drive/MyDrive/grdh_outputs/detect/images/train/stego/Flickr8K/Flickr8K_train_p4096_0035.png,5.98284912109375,robust
train,Flickr8K,1024,stego,1,A white dog shakes on the edge of a beach with an orange ball .,,25036.0,/content/drive/MyDrive/grdh_outputs/detect/images/train/stego/Flickr8K/Flickr8K_train_p1024_0036.png,13.78387451171875,robust
train,Flickr8K,2048,stego,1,"""Dog with orange ball at feet , stands on shore shaking off water""",,25037.0,/content/drive/MyDrive/grdh_outputs/detect/images/train/stego/Flickr8K/Flickr8K_train_p2048_0037.png,23.27484130859375,robust
train,Flickr8K,4096,stego,1,White dog playing with a red ball on the shore near the water .,,25038.0,/content/drive/MyDrive/grdh_outputs/detect/images/train/stego/Flickr8K/Flickr8K_train_p4096_0038.png,9.90313720703125,robust
train,Flickr8K,1024,stego,1,White dog with brown ears standing near water with head turned to one side .,,25039.0,/content/drive/MyDrive/grdh_outputs/detect/images/train/stego/Flickr8K/Flickr8K_train_p1024_0039.png,24.03875732421875,robust
train,Flickr8K,2048,stego,1,A boy smiles in front of a stony wall in a city .,,25040.0,/content/drive/MyDrive/grdh_outputs/detect/images/train/stego/Flickr8K/Flickr8K_train_p2048_0040.png,7.67376708984375,robust
train,Flickr8K,4096,stego,1,A little boy is standing on the street while a man in overalls is working on a stone wall .,,25041.0,/content/drive/MyDrive/grdh_outputs/detect/images/train/stego/Flickr8K/Flickr8K_train_p4096_0041.png,17.17254638671875,robust
train,Flickr8K,1024,stego,1,A young boy runs aross the street .,,25042.0,/content/drive/MyDrive/grdh_outputs/detect/images/train/stego/Flickr8K/Flickr8K_train_p1024_0042.png,6.00799560546875,robust
train,Flickr8K,2048,stego,1,A young child is walking on a stone paved street with a metal pole and a man behind him .,,25043.0,/content/drive/MyDrive/grdh_outputs/detect/images/train/stego/Flickr8K/Flickr8K_train_p2048_0043.png,16.88299560546875,robust
train,Flickr8K,4096,stego,1,Smiling boy in white shirt and blue jeans in front of rock wall with man in overalls behind him .,,25044.0,/content/drive/MyDrive/grdh_outputs/detect/images/train/stego/Flickr8K/Flickr8K_train_p4096_0044.png,-2.51446533203125,robust
train,Flickr8K,1024,stego,1,A black dog leaps over a log .,,25045.0,/content/drive/MyDrive/grdh_outputs/detect/images/train/stego/Flickr8K/Flickr8K_train_p1024_0045.png,-4.06158447265625,robust
train,Flickr8K,2048,stego,1,A grey dog is leaping over a fallen tree .,,25046.0,/content/drive/MyDrive/grdh_outputs/detect/images/train/stego/Flickr8K/Flickr8K_train_p2048_0046.png,9.96905517578125,robust
train,Flickr8K,4096,stego,1,A large black dog leaps a fallen log .,,25047.0,/content/drive/MyDrive/grdh_outputs/detect/images/train/stego/Flickr8K/Flickr8K_train_p4096_0047.png,16.91278076171875,robust
train,Flickr8K,1024,stego,1,A mottled black and grey dog in a blue collar jumping over a fallen tree .,,25048.0,/content/drive/MyDrive/grdh_outputs/detect/images/train/stego/Flickr8K/Flickr8K_train_p1024_0048.png,17.73187255859375,robust
train,Flickr8K,2048,stego,1,The black dog jumped the tree stump .,,25049.0,/content/drive/MyDrive/grdh_outputs/detect/images/train/stego/Flickr8K/Flickr8K_train_p2048_0049.png,48.93377685546875,robust
train,Flickr8K,4096,stego,1,A brown and white dog is running through the snow .,,25050.0,/content/drive/MyDrive/grdh_outputs/detect/images/train/stego/Flickr8K/Flickr8K_train_p4096_0050.png,5.95037841796875,robust
train,Flickr8K,1024,stego,1,A dog is running in the snow,,25051.0,/content/drive/MyDrive/grdh_outputs/detect/images/train/stego/Flickr8K/Flickr8K_train_p1024_0051.png,-10.22454833984375,robust
train,Flickr8K,2048,stego,1,A dog running through snow .,,25052.0,/content/drive/MyDrive/grdh_outputs/detect/images/train/stego/Flickr8K/Flickr8K_train_p2048_0052.png,5.73748779296875,robust
train,Flickr8K,4096,stego,1,a white and brown dog is running through a snow covered field .,,25053.0,/content/drive/MyDrive/grdh_outputs/detect/images/train/stego/Flickr8K/Flickr8K_train_p4096_0053.png,1.00091552734375,robust
train,Flickr8K,1024,stego,1,The white and brown dog is running over the surface of the snow .,,25054.0,/content/drive/MyDrive/grdh_outputs/detect/images/train/stego/Flickr8K/Flickr8K_train_p1024_0054.png,10.00775146484375,robust
train,Flickr8K,2048,stego,1,A man in a hat is displaying pictures next to a skier in a blue hat .,,25055.0,/content/drive/MyDrive/grdh_outputs/detect/images/train/stego/Flickr8K/Flickr8K_train_p2048_0055.png,6.87945556640625,robust
train,Flickr8K,4096,stego,1,A man skis past another man displaying paintings in the snow .,,25056.0,/content/drive/MyDrive/grdh_outputs/detect/images/train/stego/Flickr8K/Flickr8K_train_p4096_0056.png,3.74688720703125,robust
train,Flickr8K,1024,stego,1,A person wearing skis looking at framed pictures set up in the snow .,,25057.0,/content/drive/MyDrive/grdh_outputs/detect/images/train/stego/Flickr8K/Flickr8K_train_p1024_0057.png,9.30621337890625,robust
train,Flickr8K,2048,stego,1,A skier looks at framed pictures in the snow next to trees .,,25058.0,/content/drive/MyDrive/grdh_outputs/detect/images/train/stego/Flickr8K/Flickr8K_train_p2048_0058.png,7.68255615234375,robust
train,Flickr8K,4096,stego,1,Man on skis looking at artwork for sale in the snow,,25059.0,/content/drive/MyDrive/grdh_outputs/detect/images/train/stego/Flickr8K/Flickr8K_train_p4096_0059.png,14.05914306640625,robust
train,Flickr8K,1024,stego,1,A collage of one person climbing a cliff .,,25060.0,/content/drive/MyDrive/grdh_outputs/detect/images/train/stego/Flickr8K/Flickr8K_train_p1024_0060.png,19.40057373046875,robust
train,Flickr8K,2048,stego,1,A group of people are rock climbing on a rock climbing wall .,,25061.0,/content/drive/MyDrive/grdh_outputs/detect/images/train/stego/Flickr8K/Flickr8K_train_p2048_0061.png,8.20330810546875,robust
train,Flickr8K,4096,stego,1,A group of people climbing a rock while one man belays,,25062.0,/content/drive/MyDrive/grdh_outputs/detect/images/train/stego/Flickr8K/Flickr8K_train_p4096_0062.png,9.69464111328125,robust
train,Flickr8K,1024,stego,1,Seven climbers are ascending a rock face whilst another man stands holding the rope .,,25063.0,/content/drive/MyDrive/grdh_outputs/detect/images/train/stego/Flickr8K/Flickr8K_train_p1024_0063.png,38.17926025390625,robust
train,Flickr8K,2048,stego,1,Several climbers in a row are climbing the rock while the man in red watches and holds the line .,,25064.0,/content/drive/MyDrive/grdh_outputs/detect/images/train/stego/Flickr8K/Flickr8K_train_p2048_0064.png,-5.57122802734375,robust
train,Flickr8K,4096,stego,1,A brown dog chases the water from a sprinkler on a lawn .,,25065.0,/content/drive/MyDrive/grdh_outputs/detect/images/train/stego/Flickr8K/Flickr8K_train_p4096_0065.png,17.24774169921875,robust
train,Flickr8K,1024,stego,1,a brown dog plays with the hose .,,25066.0,/content/drive/MyDrive/grdh_outputs/detect/images/train/stego/Flickr8K/Flickr8K_train_p1024_0066.png,12.46380615234375,robust
train,Flickr8K,2048,stego,1,A brown dog running on a lawn near a garden hose,,25067.0,/content/drive/MyDrive/grdh_outputs/detect/images/train/stego/Flickr8K/Flickr8K_train_p2048_0067.png,8.99554443359375,robust
train,Flickr8K,4096,stego,1,A dog is playing with a hose .,,25068.0,/content/drive/MyDrive/grdh_outputs/detect/images/train/stego/Flickr8K/Flickr8K_train_p4096_0068.png,27.22943115234375,robust
train,Flickr8K,1024,stego,1,Large brown dog running away from the sprinkler in the grass .,,25069.0,/content/drive/MyDrive/grdh_outputs/detect/images/train/stego/Flickr8K/Flickr8K_train_p1024_0069.png,22.50909423828125,robust
train,Flickr8K,2048,stego,1,A dog prepares to catch a thrown object in a field with nearby cars .,,25070.0,/content/drive/MyDrive/grdh_outputs/detect/images/train/stego/Flickr8K/Flickr8K_train_p2048_0070.png,22.73797607421875,robust
train,Flickr8K,4096,stego,1,A white dog is about to catch a yellow ball in its mouth .,,25071.0,/content/drive/MyDrive/grdh_outputs/detect/images/train/stego/Flickr8K/Flickr8K_train_p4096_0071.png,16.04791259765625,robust
train,Flickr8K,1024,stego,1,A white dog is about to catch a yellow dog toy .,,25072.0,/content/drive/MyDrive/grdh_outputs/detect/images/train/stego/Flickr8K/Flickr8K_train_p1024_0072.png,9.30194091796875,robust
train,Flickr8K,2048,stego,1,A white dog is ready to catch a yellow ball flying through the air .,,25073.0,/content/drive/MyDrive/grdh_outputs/detect/images/train/stego/Flickr8K/Flickr8K_train_p2048_0073.png,3.49798583984375,robust
train,Flickr8K,4096,stego,1,A white dog running after a yellow ball,,25074.0,/content/drive/MyDrive/grdh_outputs/detect/images/train/stego/Flickr8K/Flickr8K_train_p4096_0074.png,28.83001708984375,robust
train,Flickr8K,1024,stego,1,a black and white dog jumping in the air to get a toy .,,25075.0,/content/drive/MyDrive/grdh_outputs/detect/images/train/stego/Flickr8K/Flickr8K_train_p1024_0075.png,-10.28802490234375,robust
train,Flickr8K,2048,stego,1,A black and white dog jumps up towards a yellow toy .,,25076.0,/content/drive/MyDrive/grdh_outputs/detect/images/train/stego/Flickr8K/Flickr8K_train_p2048_0076.png,35.4119873046875,robust
train,Flickr8K,4096,stego,1,A dog leaps to catch a ball in a field .,,25077.0,/content/drive/MyDrive/grdh_outputs/detect/images/train/stego/Flickr8K/Flickr8K_train_p4096_0077.png,7.36090087890625,robust
train,Flickr8K,1024,stego,1,A white dog is trying to catch a ball in midair over a grassy field .,,25078.0,/content/drive/MyDrive/grdh_outputs/detect/images/train/stego/Flickr8K/Flickr8K_train_p1024_0078.png,15.85211181640625,robust
train,Flickr8K,2048,stego,1,The white dog is playing in a green field with a yellow toy .,,25079.0,/content/drive/MyDrive/grdh_outputs/detect/images/train/stego/Flickr8K/Flickr8K_train_p2048_0079.png,8.54620361328125,robust
train,Flickr8K,4096,stego,1,A child and a woman are at waters edge in a big city .,,25080.0,/content/drive/MyDrive/grdh_outputs/detect/images/train/stego/Flickr8K/Flickr8K_train_p4096_0080.png,13.33099365234375,robust
train,Flickr8K,1024,stego,1,a large lake with a lone duck swimming in it with several people around the edge of it .,,25081.0,/content/drive/MyDrive/grdh_outputs/detect/images/train/stego/Flickr8K/Flickr8K_train_p1024_0081.png,3.73089599609375,robust
train,Flickr8K,2048,stego,1,A little boy at a lake watching a duck .,,25082.0,/content/drive/MyDrive/grdh_outputs/detect/images/train/stego/Flickr8K/Flickr8K_train_p2048_0082.png,24.69134521484375,robust
train,Flickr8K,4096,stego,1,A young boy waves his hand at the duck in the water surrounded by a green park .,,25083.0,/content/drive/MyDrive/grdh_outputs/detect/images/train/stego/Flickr8K/Flickr8K_train_p4096_0083.png,14.84930419921875,robust
train,Flickr8K,1024,stego,1,"""Two people are at the edge of a lake , facing the water and the city skyline .""",,25084.0,/content/drive/MyDrive/grdh_outputs/detect/images/train/stego/Flickr8K/Flickr8K_train_p1024_0084.png,50.77423095703125,robust
train,Flickr8K,2048,stego,1,"""A couple and an infant , being held by the male , sitting next to a pond with a near by stroller .""",,25085.0,/content/drive/MyDrive/grdh_outputs/detect/images/train/stego/Flickr8K/Flickr8K_train_p2048_0085.png,7.61395263671875,robust
train,Flickr8K,4096,stego,1,A couple sit on the grass with a baby and stroller .,,25086.0,/content/drive/MyDrive/grdh_outputs/detect/images/train/stego/Flickr8K/Flickr8K_train_p4096_0086.png,22.55596923828125,robust
train,Flickr8K,1024,stego,1,A couple with their newborn baby sitting under a tree facing a lake .,,25087.0,/content/drive/MyDrive/grdh_outputs/detect/images/train/stego/Flickr8K/Flickr8K_train_p1024_0087.png,-7.31182861328125,robust
train,Flickr8K,2048,stego,1,A man and woman care for an infant along the side of a body of water .,,25088.0,/content/drive/MyDrive/grdh_outputs/detect/images/train/stego/Flickr8K/Flickr8K_train_p2048_0088.png,33.30633544921875,robust
train,Flickr8K,4096,stego,1,Couple with a baby sit outdoors next to their stroller .,,25089.0,/content/drive/MyDrive/grdh_outputs/detect/images/train/stego/Flickr8K/Flickr8K_train_p4096_0089.png,18.67572021484375,robust
train,Flickr8K,1024,stego,1,A black dog running in the surf .,,25090.0,/content/drive/MyDrive/grdh_outputs/detect/images/train/stego/Flickr8K/Flickr8K_train_p1024_0090.png,15.19036865234375,robust
train,Flickr8K,2048,stego,1,A black lab with tags frolicks in the water .,,25091.0,/content/drive/MyDrive/grdh_outputs/detect/images/train/stego/Flickr8K/Flickr8K_train_p2048_0091.png,12.61614990234375,robust
train,Flickr8K,4096,stego,1,A dog splashes in the water,,25092.0,/content/drive/MyDrive/grdh_outputs/detect/images/train/stego/Flickr8K/Flickr8K_train_p4096_0092.png,7.69219970703125,robust
train,Flickr8K,1024,stego,1,The black dog runs through the water .,,25093.0,/content/drive/MyDrive/grdh_outputs/detect/images/train/stego/Flickr8K/Flickr8K_train_p1024_0093.png,32.48443603515625,robust
train,Flickr8K,2048,stego,1,This is a black dog splashing in the water .,,25094.0,/content/drive/MyDrive/grdh_outputs/detect/images/train/stego/Flickr8K/Flickr8K_train_p2048_0094.png,26.49822998046875,robust
train,Flickr8K,4096,stego,1,A man drilling a hole in the ice .,,25095.0,/content/drive/MyDrive/grdh_outputs/detect/images/train/stego/Flickr8K/Flickr8K_train_p4096_0095.png,-0.40533447265625,robust
train,Flickr8K,1024,stego,1,A man is drilling through the frozen ice of a pond .,,25096.0,/content/drive/MyDrive/grdh_outputs/detect/images/train/stego/Flickr8K/Flickr8K_train_p1024_0096.png,18.74456787109375,robust
train,Flickr8K,2048,stego,1,A person in the snow drilling a hole in the ice .,,25097.0,/content/drive/MyDrive/grdh_outputs/detect/images/train/stego/Flickr8K/Flickr8K_train_p2048_0097.png,0.33770751953125,robust
train,Flickr8K,4096,stego,1,A person standing on a frozen lake .,,25098.0,/content/drive/MyDrive/grdh_outputs/detect/images/train/stego/Flickr8K/Flickr8K_train_p4096_0098.png,-3.34039306640625,robust
train,Flickr8K,1024,stego,1,Two men are ice fishing .,,25099.0,/content/drive/MyDrive/grdh_outputs/detect/images/train/stego/Flickr8K/Flickr8K_train_p1024_0099.png,26.00799560546875,robust
train,Flickr8K,2048,stego,1,Two different breeds of brown and white dogs play on the beach .,,25100.0,/content/drive/MyDrive/grdh_outputs/detect/images/train/stego/Flickr8K/Flickr8K_train_p2048_0100.png,33.93133544921875,robust
train,Flickr8K,4096,stego,1,Two dogs are making a turn on a soft sand beach .,,25101.0,/content/drive/MyDrive/grdh_outputs/detect/images/train/stego/Flickr8K/Flickr8K_train_p4096_0101.png,-4.44000244140625,robust
train,Flickr8K,1024,stego,1,Two dogs playing in the sand at the beach .,,25102.0,/content/drive/MyDrive/grdh_outputs/detect/images/train/stego/Flickr8K/Flickr8K_train_p1024_0102.png,6.57464599609375,robust
train,Flickr8K,2048,stego,1,Two dogs playing together on a beach .,,25103.0,/content/drive/MyDrive/grdh_outputs/detect/images/train/stego/Flickr8K/Flickr8K_train_p2048_0103.png,9.42352294921875,robust
train,Flickr8K,4096,stego,1,Two large tan dogs play along a sandy beach .,,25104.0,/content/drive/MyDrive/grdh_outputs/detect/images/train/stego/Flickr8K/Flickr8K_train_p4096_0104.png,14.79449462890625,robust
train,Flickr8K,1024,stego,1,A man uses ice picks and crampons to scale ice .,,25105.0,/content/drive/MyDrive/grdh_outputs/detect/images/train/stego/Flickr8K/Flickr8K_train_p1024_0105.png,-10.33062744140625,robust
train,Flickr8K,2048,stego,1,an ice climber in a blue jacket and black pants is scaling a frozen ice wall .,,25106.0,/content/drive/MyDrive/grdh_outputs/detect/images/train/stego/Flickr8K/Flickr8K_train_p2048_0106.png,12.06817626953125,robust
train,Flickr8K,4096,stego,1,An ice climber scaling a frozen waterfall .,,25107.0,/content/drive/MyDrive/grdh_outputs/detect/images/train/stego/Flickr8K/Flickr8K_train_p4096_0107.png,17.48211669921875,robust
train,Flickr8K,1024,stego,1,A person in blue and red ice climbing with two picks .,,25108.0,/content/drive/MyDrive/grdh_outputs/detect/images/train/stego/Flickr8K/Flickr8K_train_p1024_0108.png,19.74212646484375,robust
train,Flickr8K,2048,stego,1,Climber climbing an ice wall,,25109.0,/content/drive/MyDrive/grdh_outputs/detect/images/train/stego/Flickr8K/Flickr8K_train_p2048_0109.png,12.52996826171875,robust
train,Flickr8K,4096,stego,1,A black dog carries a green toy in his mouth as he walks through the grass .,,25110.0,/content/drive/MyDrive/grdh_outputs/detect/images/train/stego/Flickr8K/Flickr8K_train_p4096_0110.png,27.09661865234375,robust
train,Flickr8K,1024,stego,1,A black dog carrying something through the grass .,,25111.0,/content/drive/MyDrive/grdh_outputs/detect/images/train/stego/Flickr8K/Flickr8K_train_p1024_0111.png,-1.00897216796875,robust
train,Flickr8K,2048,stego,1,A black dog has a blue toy in its mouth .,,25112.0,/content/drive/MyDrive/grdh_outputs/detect/images/train/stego/Flickr8K/Flickr8K_train_p2048_0112.png,2.56927490234375,robust
train,Flickr8K,4096,stego,1,A dog in grass with a blue item in his mouth .,,25113.0,/content/drive/MyDrive/grdh_outputs/detect/images/train/stego/Flickr8K/Flickr8K_train_p4096_0113.png,84.15081787109375,robust
train,Flickr8K,1024,stego,1,A wet black dog is carrying a green toy through the grass .,,25114.0,/content/drive/MyDrive/grdh_outputs/detect/images/train/stego/Flickr8K/Flickr8K_train_p1024_0114.png,27.57049560546875,robust
train,Flickr8K,2048,stego,1,A man and a baby are in a yellow kayak on water .,,25115.0,/content/drive/MyDrive/grdh_outputs/detect/images/train/stego/Flickr8K/Flickr8K_train_p2048_0115.png,11.68548583984375,robust
train,Flickr8K,4096,stego,1,A man and a little boy in blue life jackets are rowing a yellow canoe .,,25116.0,/content/drive/MyDrive/grdh_outputs/detect/images/train/stego/Flickr8K/Flickr8K_train_p4096_0116.png,23.62347412109375,robust
train,Flickr8K,1024,stego,1,A man and child kayak through gentle waters .,,25117.0,/content/drive/MyDrive/grdh_outputs/detect/images/train/stego/Flickr8K/Flickr8K_train_p1024_0117.png,19.20404052734375,robust
train,Flickr8K,2048,stego,1,A man and young boy ride in a yellow kayak .,,25118.0,/content/drive/MyDrive/grdh_outputs/detect/images/train/stego/Flickr8K/Flickr8K_train_p2048_0118.png,8.59344482421875,robust
train,Flickr8K,4096,stego,1,Man and child in yellow kayak,,25119.0,/content/drive/MyDrive/grdh_outputs/detect/images/train/stego/Flickr8K/Flickr8K_train_p4096_0119.png,19.10247802734375,robust
train,Flickr8K,1024,stego,1,A black dog and a brown dog are jumping up to catch a red toy .,,25120.0,/content/drive/MyDrive/grdh_outputs/detect/images/train/stego/Flickr8K/Flickr8K_train_p1024_0120.png,22.39239501953125,robust
train,Flickr8K,2048,stego,1,A black dog and a brown dog play with a red toy on a courtyard .,,25121.0,/content/drive/MyDrive/grdh_outputs/detect/images/train/stego/Flickr8K/Flickr8K_train_p2048_0121.png,11.28729248046875,robust
train,Flickr8K,4096,stego,1,A brown and black lab are outside and the black lab is catching a toy in its mouth .,,25122.0,/content/drive/MyDrive/grdh_outputs/detect/images/train/stego/Flickr8K/Flickr8K_train_p4096_0122.png,12.23626708984375,robust
train,Flickr8K,1024,stego,1,Black dog snaps at red and black object as brown dog lunges .,,25123.0,/content/drive/MyDrive/grdh_outputs/detect/images/train/stego/Flickr8K/Flickr8K_train_p1024_0123.png,-0.88873291015625,robust
train,Flickr8K,2048,stego,1,The Chocolate Lab jumps too late to get the toy as the Black Lab captures it in the driveway .,,25124.0,/content/drive/MyDrive/grdh_outputs/detect/images/train/stego/Flickr8K/Flickr8K_train_p2048_0124.png,12.09039306640625,robust
train,Flickr8K,4096,stego,1,A boy with a stick kneeling in front of a goalie net,,25125.0,/content/drive/MyDrive/grdh_outputs/detect/images/train/stego/Flickr8K/Flickr8K_train_p4096_0125.png,48.20037841796875,robust
train,Flickr8K,1024,stego,1,A child in a red jacket playing street hockey guarding a goal .,,25126.0,/content/drive/MyDrive/grdh_outputs/detect/images/train/stego/Flickr8K/Flickr8K_train_p1024_0126.png,18.58477783203125,robust
train,Flickr8K,2048,stego,1,A young kid playing the goalie in a hockey rink .,,25127.0,/content/drive/MyDrive/grdh_outputs/detect/images/train/stego/Flickr8K/Flickr8K_train_p2048_0127.png,44.32427978515625,robust
train,Flickr8K,4096,stego,1,A young male kneeling in front of a hockey goal with a hockey stick in his right hand .,,25128.0,/content/drive/MyDrive/grdh_outputs/detect/images/train/stego/Flickr8K/Flickr8K_train_p4096_0128.png,21.83941650390625,robust
train,Flickr8K,1024,stego,1,"""Hockey goalie boy in red jacket crouches by goal , with stick .""",,25129.0,/content/drive/MyDrive/grdh_outputs/detect/images/train/stego/Flickr8K/Flickr8K_train_p1024_0129.png,21.63055419921875,robust
train,Flickr8K,2048,stego,1,A man in black is sitting next to a modern art structure in front of a glass building .,,25130.0,/content/drive/MyDrive/grdh_outputs/detect/images/train/stego/Flickr8K/Flickr8K_train_p2048_0130.png,32.18768310546875,robust
train,Flickr8K,4096,stego,1,A man sits and reads a newspaper by a sculpture outside of an office building .,,25131.0,/content/drive/MyDrive/grdh_outputs/detect/images/train/stego/Flickr8K/Flickr8K_train_p4096_0131.png,20.53082275390625,robust
train,Flickr8K,1024,stego,1,a man sits near a large statue .,,25132.0,/content/drive/MyDrive/grdh_outputs/detect/images/train/stego/Flickr8K/Flickr8K_train_p1024_0132.png,21.05120849609375,robust
train,Flickr8K,2048,stego,1,A man sitting in front of a metal sculpture in front of a building .,,25133.0,/content/drive/MyDrive/grdh_outputs/detect/images/train/stego/Flickr8K/Flickr8K_train_p2048_0133.png,43.45477294921875,robust
train,Flickr8K,4096,stego,1,The man with the backpack is sitting in a buildings courtyard in front of an art sculpture reading .,,25134.0,/content/drive/MyDrive/grdh_outputs/detect/images/train/stego/Flickr8K/Flickr8K_train_p4096_0134.png,20.50238037109375,robust
train,Flickr8K,1024,stego,1,A tent is being set up on the ice .,,25135.0,/content/drive/MyDrive/grdh_outputs/detect/images/train/stego/Flickr8K/Flickr8K_train_p1024_0135.png,2.10076904296875,robust
train,Flickr8K,2048,stego,1,Two men are about to enter an ice fishing tent on a snow covered lake .,,25136.0,/content/drive/MyDrive/grdh_outputs/detect/images/train/stego/Flickr8K/Flickr8K_train_p2048_0136.png,5.01629638671875,robust
train,Flickr8K,4096,stego,1,two men setting up a blue ice fishing hut on an iced over lake,,25137.0,/content/drive/MyDrive/grdh_outputs/detect/images/train/stego/Flickr8K/Flickr8K_train_p4096_0137.png,13.71173095703125,robust
train,Flickr8K,1024,stego,1,"""Two men , standing on an ice , looking into something covered with a blue tarp .""",,25138.0,/content/drive/MyDrive/grdh_outputs/detect/images/train/stego/Flickr8K/Flickr8K_train_p1024_0138.png,32.14190673828125,robust
train,Flickr8K,2048,stego,1,Two people standing outside a blue tent structure on a snowy surface .,,25139.0,/content/drive/MyDrive/grdh_outputs/detect/images/train/stego/Flickr8K/Flickr8K_train_p2048_0139.png,-6.97332763671875,robust
train,Flickr8K,4096,stego,1,A woman crouches near three dogs in a field .,,25140.0,/content/drive/MyDrive/grdh_outputs/detect/images/train/stego/Flickr8K/Flickr8K_train_p4096_0140.png,18.78704833984375,robust
train,Flickr8K,1024,stego,1,Three dogs are playing on grassy hill with a blue sky .,,25141.0,/content/drive/MyDrive/grdh_outputs/detect/images/train/stego/Flickr8K/Flickr8K_train_p1024_0141.png,7.99554443359375,robust
train,Flickr8K,2048,stego,1,Three dogs are standing in the grass and a person is sitting next to them,,25142.0,/content/drive/MyDrive/grdh_outputs/detect/images/train/stego/Flickr8K/Flickr8K_train_p2048_0142.png,14.76873779296875,robust
train,Flickr8K,4096,stego,1,Three dogs on a grassy hill,,25143.0,/content/drive/MyDrive/grdh_outputs/detect/images/train/stego/Flickr8K/Flickr8K_train_p4096_0143.png,15.43768310546875,robust
train,Flickr8K,1024,stego,1,Three dogs stand in a grassy field while a person kneels nearby .,,25144.0,/content/drive/MyDrive/grdh_outputs/detect/images/train/stego/Flickr8K/Flickr8K_train_p1024_0144.png,-1.05157470703125,robust
train,Flickr8K,2048,stego,1,a man is standing in front of a skyscraper,,25145.0,/content/drive/MyDrive/grdh_outputs/detect/images/train/stego/Flickr8K/Flickr8K_train_p2048_0145.png,4.05194091796875,robust
train,Flickr8K,4096,stego,1,A man stands in front of a skyscraper .,,25146.0,/content/drive/MyDrive/grdh_outputs/detect/images/train/stego/Flickr8K/Flickr8K_train_p4096_0146.png,12.44940185546875,robust
train,Flickr8K,1024,stego,1,A man stands in front of a very tall building .,,25147.0,/content/drive/MyDrive/grdh_outputs/detect/images/train/stego/Flickr8K/Flickr8K_train_p1024_0147.png,3.29339599609375,robust
train,Flickr8K,2048,stego,1,Behind the man in a red shirt stands a large skyscraper .,,25148.0,/content/drive/MyDrive/grdh_outputs/detect/images/train/stego/Flickr8K/Flickr8K_train_p2048_0148.png,17.48736572265625,robust
train,Flickr8K,4096,stego,1,There is a skyscraper in the distance with a man walking in front of the camera .,,25149.0,/content/drive/MyDrive/grdh_outputs/detect/images/train/stego/Flickr8K/Flickr8K_train_p4096_0149.png,32.99603271484375,robust
train,Flickr8K,1024,stego,1,A boy bites hard into a treat while he sits outside .,,25150.0,/content/drive/MyDrive/grdh_outputs/detect/images/train/stego/Flickr8K/Flickr8K_train_p1024_0150.png,15.72479248046875,robust
train,Flickr8K,2048,stego,1,A child biting into a baked good .,,25151.0,/content/drive/MyDrive/grdh_outputs/detect/images/train/stego/Flickr8K/Flickr8K_train_p2048_0151.png,16.34783935546875,robust
train,Flickr8K,4096,stego,1,A small boy putting something in his mouth with both hands .,,25152.0,/content/drive/MyDrive/grdh_outputs/detect/images/train/stego/Flickr8K/Flickr8K_train_p4096_0152.png,1.46771240234375,robust
train,Flickr8K,1024,stego,1,The boy eats his food outside at the table .,,25153.0,/content/drive/MyDrive/grdh_outputs/detect/images/train/stego/Flickr8K/Flickr8K_train_p1024_0153.png,14.65106201171875,robust
train,Flickr8K,2048,stego,1,The boy is eating pizza over a tin dish .,,25154.0,/content/drive/MyDrive/grdh_outputs/detect/images/train/stego/Flickr8K/Flickr8K_train_p2048_0154.png,5.87811279296875,robust
train,Flickr8K,4096,stego,1,People sit on the mountainside and check out the view .,,25155.0,/content/drive/MyDrive/grdh_outputs/detect/images/train/stego/Flickr8K/Flickr8K_train_p4096_0155.png,-1.31964111328125,robust
train,Flickr8K,1024,stego,1,Three people are on a hilltop overlooking a green valley .,,25156.0,/content/drive/MyDrive/grdh_outputs/detect/images/train/stego/Flickr8K/Flickr8K_train_p1024_0156.png,-6.68377685546875,robust
train,Flickr8K,2048,stego,1,Three people hang out on top of a big hill .,,25157.0,/content/drive/MyDrive/grdh_outputs/detect/images/train/stego/Flickr8K/Flickr8K_train_p2048_0157.png,3.54071044921875,robust
train,Flickr8K,4096,stego,1,Three people overlook a green valley .,,25158.0,/content/drive/MyDrive/grdh_outputs/detect/images/train/stego/Flickr8K/Flickr8K_train_p4096_0158.png,24.57537841796875,robust
train,Flickr8K,1024,stego,1,Three people rest on a ledge above the moutains .,,25159.0,/content/drive/MyDrive/grdh_outputs/detect/images/train/stego/Flickr8K/Flickr8K_train_p1024_0159.png,42.78631591796875,robust
train,Flickr8K,2048,stego,1,A boy in a green shirt is looking down at many inflatable boats .,,25160.0,/content/drive/MyDrive/grdh_outputs/detect/images/train/stego/Flickr8K/Flickr8K_train_p2048_0160.png,23.92047119140625,robust
train,Flickr8K,4096,stego,1,A boy in a green shirt watches kayakers .,,25161.0,/content/drive/MyDrive/grdh_outputs/detect/images/train/stego/Flickr8K/Flickr8K_train_p4096_0161.png,34.53582763671875,robust
train,Flickr8K,1024,stego,1,A boy looks over a railing at the many boats and rafts below in the water .,,25162.0,/content/drive/MyDrive/grdh_outputs/detect/images/train/stego/Flickr8K/Flickr8K_train_p1024_0162.png,7.07293701171875,robust
train,Flickr8K,2048,stego,1,A young boy overlooking a crowd of inflatable boats .,,25163.0,/content/drive/MyDrive/grdh_outputs/detect/images/train/stego/Flickr8K/Flickr8K_train_p2048_0163.png,14.39678955078125,robust
train,Flickr8K,4096,stego,1,A young boy wearing a jersey looks down over a ledge at many boats in the water .,,25164.0,/content/drive/MyDrive/grdh_outputs/detect/images/train/stego/Flickr8K/Flickr8K_train_p4096_0164.png,17.62347412109375,robust
train,Flickr8K,1024,stego,1,A man and woman pose for the camera while another man looks on .,,25165.0,/content/drive/MyDrive/grdh_outputs/detect/images/train/stego/Flickr8K/Flickr8K_train_p1024_0165.png,-1.13848876953125,robust
train,Flickr8K,2048,stego,1,A man is holding the hand of a woman up to his mouth in front of some buildings while another man looks on .,,25166.0,/content/drive/MyDrive/grdh_outputs/detect/images/train/stego/Flickr8K/Flickr8K_train_p2048_0166.png,11.15570068359375,robust
train,Flickr8K,4096,stego,1,A multiracial couple posing for a picture,,25167.0,/content/drive/MyDrive/grdh_outputs/detect/images/train/stego/Flickr8K/Flickr8K_train_p4096_0167.png,-2.87664794921875,robust
train,Flickr8K,1024,stego,1,"""Asian man and blond woman holding hands outdoors , man in background watches .""",,25168.0,/content/drive/MyDrive/grdh_outputs/detect/images/train/stego/Flickr8K/Flickr8K_train_p1024_0168.png,-1.33892822265625,robust
train,Flickr8K,2048,stego,1,Guy in blue shirt biting hand of girl in black striped jacket while another guy watches,,25169.0,/content/drive/MyDrive/grdh_outputs/detect/images/train/stego/Flickr8K/Flickr8K_train_p2048_0169.png,42.80560302734375,robust
train,Flickr8K,4096,stego,1,A person eats takeout while watching a small television .,,25170.0,/content/drive/MyDrive/grdh_outputs/detect/images/train/stego/Flickr8K/Flickr8K_train_p4096_0170.png,33.20294189453125,robust
train,Flickr8K,1024,stego,1,A person sits on the floor and eats in front of a television .,,25171.0,/content/drive/MyDrive/grdh_outputs/detect/images/train/stego/Flickr8K/Flickr8K_train_p1024_0171.png,14.02947998046875,robust
train,Flickr8K,2048,stego,1,A television with a picture of a girl on it .,,25172.0,/content/drive/MyDrive/grdh_outputs/detect/images/train/stego/Flickr8K/Flickr8K_train_p2048_0172.png,6.11859130859375,robust
train,Flickr8K,4096,stego,1,A young man sits on the floor by the television with a fast food meal in front of him .,,25173.0,/content/drive/MyDrive/grdh_outputs/detect/images/train/stego/Flickr8K/Flickr8K_train_p4096_0173.png,-1.44171142578125,robust
train,Flickr8K,1024,stego,1,Someone is laying in front of the TV eating food .,,25174.0,/content/drive/MyDrive/grdh_outputs/detect/images/train/stego/Flickr8K/Flickr8K_train_p1024_0174.png,-1.85577392578125,robust
train,Flickr8K,2048,stego,1,a couple of several people sitting on a ledge overlooking the beach,,25175.0,/content/drive/MyDrive/grdh_outputs/detect/images/train/stego/Flickr8K/Flickr8K_train_p2048_0175.png,14.08905029296875,robust
train,Flickr8K,4096,stego,1,A group of people sit on a wall at the beach .,,25176.0,/content/drive/MyDrive/grdh_outputs/detect/images/train/stego/Flickr8K/Flickr8K_train_p4096_0176.png,26.74737548828125,robust
train,Flickr8K,1024,stego,1,A group of teens sit on a wall by a beach .,,25177.0,/content/drive/MyDrive/grdh_outputs/detect/images/train/stego/Flickr8K/Flickr8K_train_p1024_0177.png,-0.10186767578125,robust
train,Flickr8K,2048,stego,1,Crowd of people at the beach .,,25178.0,/content/drive/MyDrive/grdh_outputs/detect/images/train/stego/Flickr8K/Flickr8K_train_p2048_0178.png,13.93902587890625,robust
train,Flickr8K,4096,stego,1,Several young people sitting on a rail above a crowded beach .,,25179.0,/content/drive/MyDrive/grdh_outputs/detect/images/train/stego/Flickr8K/Flickr8K_train_p4096_0179.png,8.44818115234375,robust
train,Flickr8K,1024,stego,1,A boy takes a jump on his skateboard while another boy with a skateboard watches .,,25180.0,/content/drive/MyDrive/grdh_outputs/detect/images/train/stego/Flickr8K/Flickr8K_train_p1024_0180.png,11.01275634765625,robust
train,Flickr8K,2048,stego,1,A child is performing a skateboard trick while another child with a skateboard leans on a wall .,,25181.0,/content/drive/MyDrive/grdh_outputs/detect/images/train/stego/Flickr8K/Flickr8K_train_p2048_0181.png,7.15057373046875,robust
train,Flickr8K,4096,stego,1,A little boy skateboarder is doing a trick on his board while another young skateboarder watches .,,25182.0,/content/drive/MyDrive/grdh_outputs/detect/images/train/stego/Flickr8K/Flickr8K_train_p4096_0182.png,8.56378173828125,robust
train,Flickr8K,1024,stego,1,a young boy skateboarder jumping on a platform on a skateboard .,,25183.0,/content/drive/MyDrive/grdh_outputs/detect/images/train/stego/Flickr8K/Flickr8K_train_p1024_0183.png,4.72650146484375,robust
train,Flickr8K,2048,stego,1,Two skateboarders .,,25184.0,/content/drive/MyDrive/grdh_outputs/detect/images/train/stego/Flickr8K/Flickr8K_train_p2048_0184.png,-2.38677978515625,robust
train,Flickr8K,4096,stego,1,"""A girl paddling down a large river , as seen from behind her .""",,25185.0,/content/drive/MyDrive/grdh_outputs/detect/images/train/stego/Flickr8K/Flickr8K_train_p4096_0185.png,16.91619873046875,robust
train,Flickr8K,1024,stego,1,A woman kayaking down a river .,,25186.0,/content/drive/MyDrive/grdh_outputs/detect/images/train/stego/Flickr8K/Flickr8K_train_p1024_0186.png,28.19171142578125,robust
train,Flickr8K,2048,stego,1,A woman paddles a boat down a river .,,25187.0,/content/drive/MyDrive/grdh_outputs/detect/images/train/stego/Flickr8K/Flickr8K_train_p2048_0187.png,23.65057373046875,robust
train,Flickr8K,4096,stego,1,A woman with a paddle .,,25188.0,/content/drive/MyDrive/grdh_outputs/detect/images/train/stego/Flickr8K/Flickr8K_train_p4096_0188.png,9.90594482421875,robust
train,Flickr8K,1024,stego,1,A woman with a paddle sits in a boat on the water .,,25189.0,/content/drive/MyDrive/grdh_outputs/detect/images/train/stego/Flickr8K/Flickr8K_train_p1024_0189.png,20.64398193359375,robust
train,Flickr8K,2048,stego,1,A girl in pigtails splashes in the shallow water .,,25190.0,/content/drive/MyDrive/grdh_outputs/detect/images/train/stego/Flickr8K/Flickr8K_train_p2048_0190.png,17.65850830078125,robust
train,Flickr8K,4096,stego,1,A girls plays in the surf .,,25191.0,/content/drive/MyDrive/grdh_outputs/detect/images/train/stego/Flickr8K/Flickr8K_train_p4096_0191.png,18.63421630859375,robust
train,Flickr8K,1024,stego,1,a girl with pigtails is playing in the ocean by the beach .,,25192.0,/content/drive/MyDrive/grdh_outputs/detect/images/train/stego/Flickr8K/Flickr8K_train_p1024_0192.png,6.29339599609375,robust
train,Flickr8K,2048,stego,1,A girl with pigtails plays in the water .,,25193.0,/content/drive/MyDrive/grdh_outputs/detect/images/train/stego/Flickr8K/Flickr8K_train_p2048_0193.png,12.14862060546875,robust
train,Flickr8K,4096,stego,1,A young girl in pigtails plays in the water .,,25194.0,/content/drive/MyDrive/grdh_outputs/detect/images/train/stego/Flickr8K/Flickr8K_train_p4096_0194.png,31.92523193359375,robust
train,Flickr8K,1024,stego,1,A group of four children wearing pajamas have a pillow fight .,,25195.0,/content/drive/MyDrive/grdh_outputs/detect/images/train/stego/Flickr8K/Flickr8K_train_p1024_0195.png,5.65985107421875,robust
train,Flickr8K,2048,stego,1,A group of kids have a pillow-fight .,,25196.0,/content/drive/MyDrive/grdh_outputs/detect/images/train/stego/Flickr8K/Flickr8K_train_p2048_0196.png,2.87042236328125,robust
train,Flickr8K,4096,stego,1,A group of young children playing pillow fight on a bed .,,25197.0,/content/drive/MyDrive/grdh_outputs/detect/images/train/stego/Flickr8K/Flickr8K_train_p4096_0197.png,9.60101318359375,robust
train,Flickr8K,1024,stego,1,Children having a pillow fight .,,25198.0,/content/drive/MyDrive/grdh_outputs/detect/images/train/stego/Flickr8K/Flickr8K_train_p1024_0198.png,2.16009521484375,robust
train,Flickr8K,2048,stego,1,Four children are having a pillow fight .,,25199.0,/content/drive/MyDrive/grdh_outputs/detect/images/train/stego/Flickr8K/Flickr8K_train_p2048_0199.png,3.77569580078125,robust
train,DeskGPT,0,cover,0,"a desert landscape in a minimalistic composition, with balanced lighting",30000.0,,/content/drive/MyDrive/grdh_outputs/detect/images/train/cover/DeskGPT/DeskGPT_train_cover_0000.png,41.11505126953125,
train,DeskGPT,0,cover,0,"a remote farmhouse captured during sunset, with balanced lighting",30001.0,,/content/drive/MyDrive/grdh_outputs/detect/images/train/cover/DeskGPT/DeskGPT_train_cover_0001.png,-1.89776611328125,
train,DeskGPT,0,cover,0,"a calm riverbank in a long-exposure style, with natural color tones",30002.0,,/content/drive/MyDrive/grdh_outputs/detect/images/train/cover/DeskGPT/DeskGPT_train_cover_0002.png,-8.90032958984375,
train,DeskGPT,0,cover,0,"a busy marketplace shot through a window, with a clear subject focus",30003.0,,/content/drive/MyDrive/grdh_outputs/detect/images/train/cover/DeskGPT/DeskGPT_train_cover_0003.png,24.13751220703125,
train,DeskGPT,0,cover,0,"a quiet library captured during sunset, with sharp architectural lines",30004.0,,/content/drive/MyDrive/grdh_outputs/detect/images/train/cover/DeskGPT/DeskGPT_train_cover_0004.png,31.50360107421875,
train,DeskGPT,0,cover,0,"a dimly lit bar under dramatic shadows, with a wide-angle perspective",30005.0,,/content/drive/MyDrive/grdh_outputs/detect/images/train/cover/DeskGPT/DeskGPT_train_cover_0005.png,20.13787841796875,
train,DeskGPT,0,cover,0,"a cozy living room seen from above, with organic natural forms",30006.0,,/content/drive/MyDrive/grdh_outputs/detect/images/train/cover/DeskGPT/DeskGPT_train_cover_0006.png,5.94769287109375,
train,DeskGPT,0,cover,0,"a calm riverbank in a long-exposure style, with a clear subject focus",30007.0,,/content/drive/MyDrive/grdh_outputs/detect/images/train/cover/DeskGPT/DeskGPT_train_cover_0007.png,10.06097412109375,
train,DeskGPT,0,cover,0,"a moody lakeside dock with emphasis on symmetry, with natural color tones",30008.0,,/content/drive/MyDrive/grdh_outputs/detect/images/train/cover/DeskGPT/DeskGPT_train_cover_0008.png,20.00738525390625,
train,DeskGPT,0,cover,0,"a desert landscape under dramatic shadows, with well-defined textures",30009.0,,/content/drive/MyDrive/grdh_outputs/detect/images/train/cover/DeskGPT/DeskGPT_train_cover_0009.png,-2.48150634765625,
train,DeskGPT,0,cover,0,"a quiet library with soft natural light, with a wide-angle perspective",30010.0,,/content/drive/MyDrive/grdh_outputs/detect/images/train/cover/DeskGPT/DeskGPT_train_cover_0010.png,38.24481201171875,
train,DeskGPT,0,cover,0,"a quiet street with emphasis on symmetry, with a wide-angle perspective",30011.0,,/content/drive/MyDrive/grdh_outputs/detect/images/train/cover/DeskGPT/DeskGPT_train_cover_0011.png,45.28851318359375,
train,DeskGPT,0,cover,0,"a snowy hillside showing active human movement, with natural color tones",30012.0,,/content/drive/MyDrive/grdh_outputs/detect/images/train/cover/DeskGPT/DeskGPT_train_cover_0012.png,51.50555419921875,
train,DeskGPT,0,cover,0,"a foggy forest showing active human movement, with smooth reflective highlights",30013.0,,/content/drive/MyDrive/grdh_outputs/detect/images/train/cover/DeskGPT/DeskGPT_train_cover_0013.png,4.04132080078125,
train,DeskGPT,0,cover,0,"a quiet library under dramatic shadows, with balanced lighting",30014.0,,/content/drive/MyDrive/grdh_outputs/detect/images/train/cover/DeskGPT/DeskGPT_train_cover_0014.png,32.29754638671875,
train,DeskGPT,0,cover,0,"a scientific laboratory in windy conditions, with high micro-contrast",30015.0,,/content/drive/MyDrive/grdh_outputs/detect/images/train/cover/DeskGPT/DeskGPT_train_cover_0015.png,52.29119873046875,
train,DeskGPT,0,cover,0,"a calm riverbank with a shallow depth of field, with high structural clarity",30016.0,,/content/drive/MyDrive/grdh_outputs/detect/images/train/cover/DeskGPT/DeskGPT_train_cover_0016.png,43.81463623046875,
train,DeskGPT,0,cover,0,"a remote farmhouse seen from above, with soft background blur",30017.0,,/content/drive/MyDrive/grdh_outputs/detect/images/train/cover/DeskGPT/DeskGPT_train_cover_0017.png,5.30096435546875,
train,DeskGPT,0,cover,0,"a scientific laboratory framed with leading lines, with high micro-contrast",30018.0,,/content/drive/MyDrive/grdh_outputs/detect/images/train/cover/DeskGPT/DeskGPT_train_cover_0018.png,35.78118896484375,
train,DeskGPT,0,cover,0,"a crowded train station highlighting color contrasts, with natural color tones",30019.0,,/content/drive/MyDrive/grdh_outputs/detect/images/train/cover/DeskGPT/DeskGPT_train_cover_0019.png,17.43914794921875,
train,DeskGPT,0,cover,0,"a quiet library highlighting color contrasts, with organic natural forms",30020.0,,/content/drive/MyDrive/grdh_outputs/detect/images/train/cover/DeskGPT/DeskGPT_train_cover_0020.png,7.28314208984375,
train,DeskGPT,0,cover,0,"a large open plaza shot through a window, with well-defined textures",30021.0,,/content/drive/MyDrive/grdh_outputs/detect/images/train/cover/DeskGPT/DeskGPT_train_cover_0021.png,18.58221435546875,
train,DeskGPT,0,cover,0,"a scientific laboratory captured during sunset, with a neutral color palette",30022.0,,/content/drive/MyDrive/grdh_outputs/detect/images/train/cover/DeskGPT/DeskGPT_train_cover_0022.png,21.11322021484375,
train,DeskGPT,0,cover,0,"a large open plaza with emphasis on symmetry, with balanced lighting",30023.0,,/content/drive/MyDrive/grdh_outputs/detect/images/train/cover/DeskGPT/DeskGPT_train_cover_0023.png,21.26922607421875,
train,DeskGPT,0,cover,0,"a futuristic skyline framed with leading lines, with balanced lighting",30024.0,,/content/drive/MyDrive/grdh_outputs/detect/images/train/cover/DeskGPT/DeskGPT_train_cover_0024.png,32.18402099609375,
train,DeskGPT,0,cover,0,"a futuristic skyline during early morning fog, with layered environmental depth",30025.0,,/content/drive/MyDrive/grdh_outputs/detect/images/train/cover/DeskGPT/DeskGPT_train_cover_0025.png,-12.76202392578125,
train,DeskGPT,0,cover,0,"a futuristic skyline in windy conditions, with balanced lighting",30026.0,,/content/drive/MyDrive/grdh_outputs/detect/images/train/cover/DeskGPT/DeskGPT_train_cover_0026.png,12.89373779296875,
train,DeskGPT,0,cover,0,"a tropical beach captured during sunset, with layered environmental depth",30027.0,,/content/drive/MyDrive/grdh_outputs/detect/images/train/cover/DeskGPT/DeskGPT_train_cover_0027.png,5.67034912109375,
train,DeskGPT,0,cover,0,"a busy marketplace in bright daylight, with layered environmental depth",30028.0,,/content/drive/MyDrive/grdh_outputs/detect/images/train/cover/DeskGPT/DeskGPT_train_cover_0028.png,20.46868896484375,
train,DeskGPT,0,cover,0,"a cozy living room during light rainfall, with a neutral color palette",30029.0,,/content/drive/MyDrive/grdh_outputs/detect/images/train/cover/DeskGPT/DeskGPT_train_cover_0029.png,1.99920654296875,
train,DeskGPT,0,cover,0,"a rustic kitchen with strong directional light, with natural color tones",30030.0,,/content/drive/MyDrive/grdh_outputs/detect/images/train/cover/DeskGPT/DeskGPT_train_cover_0030.png,24.78265380859375,
train,DeskGPT,0,cover,0,"a quiet museum hall shot through a window, with sharp architectural lines",30031.0,,/content/drive/MyDrive/grdh_outputs/detect/images/train/cover/DeskGPT/DeskGPT_train_cover_0031.png,17.63739013671875,
train,DeskGPT,0,cover,0,"a historic monument showing active human movement, with high micro-contrast",30032.0,,/content/drive/MyDrive/grdh_outputs/detect/images/train/cover/DeskGPT/DeskGPT_train_cover_0032.png,17.44647216796875,
train,DeskGPT,0,cover,0,"a quiet library in overcast weather, with a neutral color palette",30033.0,,/content/drive/MyDrive/grdh_outputs/detect/images/train/cover/DeskGPT/DeskGPT_train_cover_0033.png,33.76922607421875,
train,DeskGPT,0,cover,0,"a stone bridge over water showing active human movement, with clean geometric shapes",30034.0,,/content/drive/MyDrive/grdh_outputs/detect/images/train/cover/DeskGPT/DeskGPT_train_cover_0034.png,3.44073486328125,
train,DeskGPT,0,cover,0,"a desert landscape in bright daylight, with detailed foreground elements",30035.0,,/content/drive/MyDrive/grdh_outputs/detect/images/train/cover/DeskGPT/DeskGPT_train_cover_0035.png,2.83953857421875,
train,DeskGPT,0,cover,0,"a historic monument with a shallow depth of field, with detailed foreground elements",30036.0,,/content/drive/MyDrive/grdh_outputs/detect/images/train/cover/DeskGPT/DeskGPT_train_cover_0036.png,11.19244384765625,
train,DeskGPT,0,cover,0,"a modern office space highlighting color contrasts, with well-defined textures",30037.0,,/content/drive/MyDrive/grdh_outputs/detect/images/train/cover/DeskGPT/DeskGPT_train_cover_0037.png,33.55743408203125,
train,DeskGPT,0,cover,0,"a coastal village under dramatic shadows, with a wide-angle perspective",30038.0,,/content/drive/MyDrive/grdh_outputs/detect/images/train/cover/DeskGPT/DeskGPT_train_cover_0038.png,17.11737060546875,
train,DeskGPT,0,cover,0,"a historic monument presented with rich textures, with a clear subject focus",30039.0,,/content/drive/MyDrive/grdh_outputs/detect/images/train/cover/DeskGPT/DeskGPT_train_cover_0039.png,21.89813232421875,
train,DeskGPT,0,cover,0,"a snowy hillside in windy conditions, with a strong central subject",30040.0,,/content/drive/MyDrive/grdh_outputs/detect/images/train/cover/DeskGPT/DeskGPT_train_cover_0040.png,19.33929443359375,
train,DeskGPT,0,cover,0,"a rustic kitchen under dramatic shadows, with high structural clarity",30041.0,,/content/drive/MyDrive/grdh_outputs/detect/images/train/cover/DeskGPT/DeskGPT_train_cover_0041.png,9.09393310546875,
train,DeskGPT,0,cover,0,"a scientific laboratory seen from above, with smooth reflective highlights",30042.0,,/content/drive/MyDrive/grdh_outputs/detect/images/train/cover/DeskGPT/DeskGPT_train_cover_0042.png,17.87298583984375,
train,DeskGPT,0,cover,0,"a quiet museum hall under dramatic shadows, with an unobstructed view",30043.0,,/content/drive/MyDrive/grdh_outputs/detect/images/train/cover/DeskGPT/DeskGPT_train_cover_0043.png,16.91986083984375,
train,DeskGPT,0,cover,0,"a mountain trail in a long-exposure style, with sharp architectural lines",30044.0,,/content/drive/MyDrive/grdh_outputs/detect/images/train/cover/DeskGPT/DeskGPT_train_cover_0044.png,64.38665771484375,
train,DeskGPT,0,cover,0,"a stone bridge over water showing subtle motion blur, with organic natural forms",30045.0,,/content/drive/MyDrive/grdh_outputs/detect/images/train/cover/DeskGPT/DeskGPT_train_cover_0045.png,34.48577880859375,
train,DeskGPT,0,cover,0,"a tropical beach with soft natural light, with a clear subject focus",30046.0,,/content/drive/MyDrive/grdh_outputs/detect/images/train/cover/DeskGPT/DeskGPT_train_cover_0046.png,6.02532958984375,
train,DeskGPT,0,cover,0,"an abandoned warehouse with calm reflective surfaces, with a subtle color gradient",30047.0,,/content/drive/MyDrive/grdh_outputs/detect/images/train/cover/DeskGPT/DeskGPT_train_cover_0047.png,6.31585693359375,
train,DeskGPT,0,cover,0,"a bustling cafe showing subtle motion blur, with detailed foreground elements",30048.0,,/content/drive/MyDrive/grdh_outputs/detect/images/train/cover/DeskGPT/DeskGPT_train_cover_0048.png,13.18096923828125,
train,DeskGPT,0,cover,0,"a mountain trail in overcast weather, with smooth reflective highlights",30049.0,,/content/drive/MyDrive/grdh_outputs/detect/images/train/cover/DeskGPT/DeskGPT_train_cover_0049.png,29.67254638671875,
train,DeskGPT,0,cover,0,"a desert landscape under dramatic shadows, with balanced lighting",30050.0,,/content/drive/MyDrive/grdh_outputs/detect/images/train/cover/DeskGPT/DeskGPT_train_cover_0050.png,7.00823974609375,
train,DeskGPT,0,cover,0,"a stone bridge over water with soft natural light, with an unobstructed view",30051.0,,/content/drive/MyDrive/grdh_outputs/detect/images/train/cover/DeskGPT/DeskGPT_train_cover_0051.png,8.65545654296875,
train,DeskGPT,0,cover,0,"a cozy living room with calm reflective surfaces, with a strong central subject",30052.0,,/content/drive/MyDrive/grdh_outputs/detect/images/train/cover/DeskGPT/DeskGPT_train_cover_0052.png,4.81732177734375,
train,DeskGPT,0,cover,0,"a historic monument under dramatic shadows, with a strong central subject",30053.0,,/content/drive/MyDrive/grdh_outputs/detect/images/train/cover/DeskGPT/DeskGPT_train_cover_0053.png,50.05621337890625,
train,DeskGPT,0,cover,0,"a sunlit courtyard framed with leading lines, with layered environmental depth",30054.0,,/content/drive/MyDrive/grdh_outputs/detect/images/train/cover/DeskGPT/DeskGPT_train_cover_0054.png,27.85858154296875,
train,DeskGPT,0,cover,0,"a stone bridge over water with a wide depth of field, with natural color tones",30055.0,,/content/drive/MyDrive/grdh_outputs/detect/images/train/cover/DeskGPT/DeskGPT_train_cover_0055.png,26.07147216796875,
train,DeskGPT,0,cover,0,"a quiet library framed with leading lines, with well-defined textures",30056.0,,/content/drive/MyDrive/grdh_outputs/detect/images/train/cover/DeskGPT/DeskGPT_train_cover_0056.png,31.03619384765625,
train,DeskGPT,0,cover,0,"a mountain trail in a long-exposure style, with high micro-contrast",30057.0,,/content/drive/MyDrive/grdh_outputs/detect/images/train/cover/DeskGPT/DeskGPT_train_cover_0057.png,39.99359130859375,
train,DeskGPT,0,cover,0,"an abandoned warehouse seen from above, with detailed foreground elements",30058.0,,/content/drive/MyDrive/grdh_outputs/detect/images/train/cover/DeskGPT/DeskGPT_train_cover_0058.png,18.01251220703125,
train,DeskGPT,0,cover,0,"a peaceful garden with emphasis on symmetry, with clean geometric shapes",30059.0,,/content/drive/MyDrive/grdh_outputs/detect/images/train/cover/DeskGPT/DeskGPT_train_cover_0059.png,16.83465576171875,
train,DeskGPT,0,cover,0,"a historic monument highlighting color contrasts, with distinct spatial separation",30060.0,,/content/drive/MyDrive/grdh_outputs/detect/images/train/cover/DeskGPT/DeskGPT_train_cover_0060.png,16.20660400390625,
train,DeskGPT,0,cover,0,"a rustic kitchen in a minimalistic composition, with soft background blur",30061.0,,/content/drive/MyDrive/grdh_outputs/detect/images/train/cover/DeskGPT/DeskGPT_train_cover_0061.png,17.19647216796875,
train,DeskGPT,0,cover,0,"a snowy hillside showing subtle motion blur, with a wide-angle perspective",30062.0,,/content/drive/MyDrive/grdh_outputs/detect/images/train/cover/DeskGPT/DeskGPT_train_cover_0062.png,19.00933837890625,
train,DeskGPT,0,cover,0,"a moody lakeside dock with a wide depth of field, with sharp architectural lines",30063.0,,/content/drive/MyDrive/grdh_outputs/detect/images/train/cover/DeskGPT/DeskGPT_train_cover_0063.png,8.12811279296875,
train,DeskGPT,0,cover,0,"a scientific laboratory in windy conditions, with high structural clarity",30064.0,,/content/drive/MyDrive/grdh_outputs/detect/images/train/cover/DeskGPT/DeskGPT_train_cover_0064.png,14.22503662109375,
train,DeskGPT,0,cover,0,"a cozy living room with soft natural light, with an unobstructed view",30065.0,,/content/drive/MyDrive/grdh_outputs/detect/images/train/cover/DeskGPT/DeskGPT_train_cover_0065.png,11.38470458984375,
train,DeskGPT,0,cover,0,"a foggy forest in windy conditions, with soft background blur",30066.0,,/content/drive/MyDrive/grdh_outputs/detect/images/train/cover/DeskGPT/DeskGPT_train_cover_0066.png,-6.75665283203125,
train,DeskGPT,0,cover,0,"a crowded train station in windy conditions, with high structural clarity",30067.0,,/content/drive/MyDrive/grdh_outputs/detect/images/train/cover/DeskGPT/DeskGPT_train_cover_0067.png,5.72674560546875,
train,DeskGPT,0,cover,0,"a sunlit courtyard with a wide depth of field, with balanced lighting",30068.0,,/content/drive/MyDrive/grdh_outputs/detect/images/train/cover/DeskGPT/DeskGPT_train_cover_0068.png,13.74237060546875,
train,DeskGPT,0,cover,0,"a quiet library with calm reflective surfaces, with distinct spatial separation",30069.0,,/content/drive/MyDrive/grdh_outputs/detect/images/train/cover/DeskGPT/DeskGPT_train_cover_0069.png,14.89801025390625,
train,DeskGPT,0,cover,0,"a modern office space framed with leading lines, with a clear subject focus",30070.0,,/content/drive/MyDrive/grdh_outputs/detect/images/train/cover/DeskGPT/DeskGPT_train_cover_0070.png,56.04681396484375,
train,DeskGPT,0,cover,0,"a quiet museum hall with a cinematic perspective, with smooth reflective highlights",30071.0,,/content/drive/MyDrive/grdh_outputs/detect/images/train/cover/DeskGPT/DeskGPT_train_cover_0071.png,26.08331298828125,
train,DeskGPT,0,cover,0,"an abandoned warehouse in bright daylight, with high micro-contrast",30072.0,,/content/drive/MyDrive/grdh_outputs/detect/images/train/cover/DeskGPT/DeskGPT_train_cover_0072.png,15.25628662109375,
train,DeskGPT,0,cover,0,"a desert landscape with a cinematic perspective, with organic natural forms",30073.0,,/content/drive/MyDrive/grdh_outputs/detect/images/train/cover/DeskGPT/DeskGPT_train_cover_0073.png,-11.49688720703125,
train,DeskGPT,0,cover,0,"a foggy forest with strong directional light, with high structural clarity",30074.0,,/content/drive/MyDrive/grdh_outputs/detect/images/train/cover/DeskGPT/DeskGPT_train_cover_0074.png,1.96087646484375,
train,DeskGPT,0,cover,0,"a stone bridge over water seen from ground level, with high micro-contrast",30075.0,,/content/drive/MyDrive/grdh_outputs/detect/images/train/cover/DeskGPT/DeskGPT_train_cover_0075.png,12.61151123046875,
train,DeskGPT,0,cover,0,"a cozy living room captured at sunrise, with natural color tones",30076.0,,/content/drive/MyDrive/grdh_outputs/detect/images/train/cover/DeskGPT/DeskGPT_train_cover_0076.png,10.31182861328125,
train,DeskGPT,0,cover,0,"a tropical beach seen from ground level, with a wide-angle perspective",30077.0,,/content/drive/MyDrive/grdh_outputs/detect/images/train/cover/DeskGPT/DeskGPT_train_cover_0077.png,38.91375732421875,
train,DeskGPT,0,cover,0,"a sunlit courtyard in bright daylight, with a neutral color palette",30078.0,,/content/drive/MyDrive/grdh_outputs/detect/images/train/cover/DeskGPT/DeskGPT_train_cover_0078.png,11.29583740234375,
train,DeskGPT,0,cover,0,"a foggy forest in a long-exposure style, with smooth reflective highlights",30079.0,,/content/drive/MyDrive/grdh_outputs/detect/images/train/cover/DeskGPT/DeskGPT_train_cover_0079.png,6.10382080078125,
train,DeskGPT,0,cover,0,"a moody lakeside dock with soft natural light, with distinct spatial separation",30080.0,,/content/drive/MyDrive/grdh_outputs/detect/images/train/cover/DeskGPT/DeskGPT_train_cover_0080.png,0.85687255859375,
train,DeskGPT,0,cover,0,"a calm riverbank with a wide depth of field, with a subtle color gradient",30081.0,,/content/drive/MyDrive/grdh_outputs/detect/images/train/cover/DeskGPT/DeskGPT_train_cover_0081.png,21.50006103515625,
train,DeskGPT,0,cover,0,"a rustic kitchen shot through a window, with layered environmental depth",30082.0,,/content/drive/MyDrive/grdh_outputs/detect/images/train/cover/DeskGPT/DeskGPT_train_cover_0082.png,21.24139404296875,
train,DeskGPT,0,cover,0,"a remote farmhouse in windy conditions, with smooth reflective highlights",30083.0,,/content/drive/MyDrive/grdh_outputs/detect/images/train/cover/DeskGPT/DeskGPT_train_cover_0083.png,-1.35260009765625,
train,DeskGPT,0,cover,0,"an abandoned warehouse with a wide depth of field, with a neutral color palette",30084.0,,/content/drive/MyDrive/grdh_outputs/detect/images/train/cover/DeskGPT/DeskGPT_train_cover_0084.png,8.86761474609375,
train,DeskGPT,0,cover,0,"a busy marketplace presented with rich textures, with sharp architectural lines",30085.0,,/content/drive/MyDrive/grdh_outputs/detect/images/train/cover/DeskGPT/DeskGPT_train_cover_0085.png,31.84014892578125,
train,DeskGPT,0,cover,0,"a tropical beach highlighting color contrasts, with clean geometric shapes",30086.0,,/content/drive/MyDrive/grdh_outputs/detect/images/train/cover/DeskGPT/DeskGPT_train_cover_0086.png,4.66082763671875,
train,DeskGPT,0,cover,0,"a narrow old-town alley with emphasis on symmetry, with a wide-angle perspective",30087.0,,/content/drive/MyDrive/grdh_outputs/detect/images/train/cover/DeskGPT/DeskGPT_train_cover_0087.png,28.13031005859375,
train,DeskGPT,0,cover,0,"a futuristic skyline presented with rich textures, with high micro-contrast",30088.0,,/content/drive/MyDrive/grdh_outputs/detect/images/train/cover/DeskGPT/DeskGPT_train_cover_0088.png,29.19281005859375,
train,DeskGPT,0,cover,0,"a moody lakeside dock during light rainfall, with balanced lighting",30089.0,,/content/drive/MyDrive/grdh_outputs/detect/images/train/cover/DeskGPT/DeskGPT_train_cover_0089.png,42.81781005859375,
train,DeskGPT,0,cover,0,"a dimly lit bar during light rainfall, with detailed foreground elements",30090.0,,/content/drive/MyDrive/grdh_outputs/detect/images/train/cover/DeskGPT/DeskGPT_train_cover_0090.png,29.79510498046875,
train,DeskGPT,0,cover,0,"a futuristic skyline seen from above, with high micro-contrast",30091.0,,/content/drive/MyDrive/grdh_outputs/detect/images/train/cover/DeskGPT/DeskGPT_train_cover_0091.png,18.50750732421875,
train,DeskGPT,0,cover,0,"an abandoned warehouse captured during sunset, with high structural clarity",30092.0,,/content/drive/MyDrive/grdh_outputs/detect/images/train/cover/DeskGPT/DeskGPT_train_cover_0092.png,32.18951416015625,
train,DeskGPT,0,cover,0,"a tropical beach seen from ground level, with natural color tones",30093.0,,/content/drive/MyDrive/grdh_outputs/detect/images/train/cover/DeskGPT/DeskGPT_train_cover_0093.png,17.06561279296875,
train,DeskGPT,0,cover,0,"a stone bridge over water highlighting color contrasts, with precise visual framing",30094.0,,/content/drive/MyDrive/grdh_outputs/detect/images/train/cover/DeskGPT/DeskGPT_train_cover_0094.png,21.44427490234375,
train,DeskGPT,0,cover,0,"a quiet street during early morning fog, with a strong central subject",30095.0,,/content/drive/MyDrive/grdh_outputs/detect/images/train/cover/DeskGPT/DeskGPT_train_cover_0095.png,14.05267333984375,
train,DeskGPT,0,cover,0,"a peaceful garden with emphasis on symmetry, with a clear subject focus",30096.0,,/content/drive/MyDrive/grdh_outputs/detect/images/train/cover/DeskGPT/DeskGPT_train_cover_0096.png,27.78607177734375,
train,DeskGPT,0,cover,0,"a historic monument presented with rich textures, with a subtle color gradient",30097.0,,/content/drive/MyDrive/grdh_outputs/detect/images/train/cover/DeskGPT/DeskGPT_train_cover_0097.png,7.92010498046875,
train,DeskGPT,0,cover,0,"a neon-lit alley in bright daylight, with natural color tones",30098.0,,/content/drive/MyDrive/grdh_outputs/detect/images/train/cover/DeskGPT/DeskGPT_train_cover_0098.png,14.06292724609375,
train,DeskGPT,0,cover,0,"a large open plaza during early morning fog, with an unobstructed view",30099.0,,/content/drive/MyDrive/grdh_outputs/detect/images/train/cover/DeskGPT/DeskGPT_train_cover_0099.png,21.00042724609375,
train,DeskGPT,0,cover,0,"a bustling cafe seen from above, with high structural clarity",30100.0,,/content/drive/MyDrive/grdh_outputs/detect/images/train/cover/DeskGPT/DeskGPT_train_cover_0100.png,6.00885009765625,
train,DeskGPT,0,cover,0,"a cozy living room in a long-exposure style, with precise visual framing",30101.0,,/content/drive/MyDrive/grdh_outputs/detect/images/train/cover/DeskGPT/DeskGPT_train_cover_0101.png,-1.82025146484375,
train,DeskGPT,0,cover,0,"a large open plaza with emphasis on symmetry, with sharp architectural lines",30102.0,,/content/drive/MyDrive/grdh_outputs/detect/images/train/cover/DeskGPT/DeskGPT_train_cover_0102.png,23.80230712890625,
train,DeskGPT,0,cover,0,"a modern office space during early morning fog, with a clear subject focus",30103.0,,/content/drive/MyDrive/grdh_outputs/detect/images/train/cover/DeskGPT/DeskGPT_train_cover_0103.png,3.82269287109375,
train,DeskGPT,0,cover,0,"a mountain trail shot through a window, with distinct spatial separation",30104.0,,/content/drive/MyDrive/grdh_outputs/detect/images/train/cover/DeskGPT/DeskGPT_train_cover_0104.png,27.25799560546875,
train,DeskGPT,0,cover,0,"a calm riverbank with emphasis on symmetry, with a wide-angle perspective",30105.0,,/content/drive/MyDrive/grdh_outputs/detect/images/train/cover/DeskGPT/DeskGPT_train_cover_0105.png,48.52801513671875,
train,DeskGPT,0,cover,0,"a crowded train station with strong directional light, with clean geometric shapes",30106.0,,/content/drive/MyDrive/grdh_outputs/detect/images/train/cover/DeskGPT/DeskGPT_train_cover_0106.png,6.22576904296875,
train,DeskGPT,0,cover,0,"a narrow old-town alley with a shallow depth of field, with an unobstructed view",30107.0,,/content/drive/MyDrive/grdh_outputs/detect/images/train/cover/DeskGPT/DeskGPT_train_cover_0107.png,33.55194091796875,
train,DeskGPT,0,cover,0,"a bustling cafe with a cinematic perspective, with well-defined textures",30108.0,,/content/drive/MyDrive/grdh_outputs/detect/images/train/cover/DeskGPT/DeskGPT_train_cover_0108.png,25.29705810546875,
train,DeskGPT,0,cover,0,"a narrow old-town alley highlighting color contrasts, with high structural clarity",30109.0,,/content/drive/MyDrive/grdh_outputs/detect/images/train/cover/DeskGPT/DeskGPT_train_cover_0109.png,23.91082763671875,
train,DeskGPT,0,cover,0,"a large open plaza with a shallow depth of field, with layered environmental depth",30110.0,,/content/drive/MyDrive/grdh_outputs/detect/images/train/cover/DeskGPT/DeskGPT_train_cover_0110.png,31.17132568359375,
train,DeskGPT,0,cover,0,"a rustic kitchen with calm reflective surfaces, with layered environmental depth",30111.0,,/content/drive/MyDrive/grdh_outputs/detect/images/train/cover/DeskGPT/DeskGPT_train_cover_0111.png,25.59283447265625,
train,DeskGPT,0,cover,0,"a historic monument showing active human movement, with natural color tones",30112.0,,/content/drive/MyDrive/grdh_outputs/detect/images/train/cover/DeskGPT/DeskGPT_train_cover_0112.png,2.18780517578125,
train,DeskGPT,0,cover,0,"a dimly lit bar with strong directional light, with an unobstructed view",30113.0,,/content/drive/MyDrive/grdh_outputs/detect/images/train/cover/DeskGPT/DeskGPT_train_cover_0113.png,28.09783935546875,
train,DeskGPT,0,cover,0,"a snowy hillside with calm reflective surfaces, with organic natural forms",30114.0,,/content/drive/MyDrive/grdh_outputs/detect/images/train/cover/DeskGPT/DeskGPT_train_cover_0114.png,1.67083740234375,
train,DeskGPT,0,cover,0,"a moody lakeside dock shot through a window, with high micro-contrast",30115.0,,/content/drive/MyDrive/grdh_outputs/detect/images/train/cover/DeskGPT/DeskGPT_train_cover_0115.png,-0.31329345703125,
train,DeskGPT,0,cover,0,"a rustic kitchen during early morning fog, with high structural clarity",30116.0,,/content/drive/MyDrive/grdh_outputs/detect/images/train/cover/DeskGPT/DeskGPT_train_cover_0116.png,1.73443603515625,
train,DeskGPT,0,cover,0,"a modern office space in a minimalistic composition, with detailed foreground elements",30117.0,,/content/drive/MyDrive/grdh_outputs/detect/images/train/cover/DeskGPT/DeskGPT_train_cover_0117.png,8.82244873046875,
train,DeskGPT,0,cover,0,"a bustling cafe captured during sunset, with a clear subject focus",30118.0,,/content/drive/MyDrive/grdh_outputs/detect/images/train/cover/DeskGPT/DeskGPT_train_cover_0118.png,22.80621337890625,
train,DeskGPT,0,cover,0,"a mountain trail showing active human movement, with sharp architectural lines",30119.0,,/content/drive/MyDrive/grdh_outputs/detect/images/train/cover/DeskGPT/DeskGPT_train_cover_0119.png,33.90936279296875,
train,DeskGPT,0,cover,0,"a historic monument with strong directional light, with high structural clarity",30120.0,,/content/drive/MyDrive/grdh_outputs/detect/images/train/cover/DeskGPT/DeskGPT_train_cover_0120.png,24.70941162109375,
train,DeskGPT,0,cover,0,"a bustling cafe showing active human movement, with soft background blur",30121.0,,/content/drive/MyDrive/grdh_outputs/detect/images/train/cover/DeskGPT/DeskGPT_train_cover_0121.png,27.14080810546875,
train,DeskGPT,0,cover,0,"a stone bridge over water captured at sunrise, with smooth reflective highlights",30122.0,,/content/drive/MyDrive/grdh_outputs/detect/images/train/cover/DeskGPT/DeskGPT_train_cover_0122.png,4.55389404296875,
train,DeskGPT,0,cover,0,"a vibrant festival in windy conditions, with a strong central subject",30123.0,,/content/drive/MyDrive/grdh_outputs/detect/images/train/cover/DeskGPT/DeskGPT_train_cover_0123.png,4.48162841796875,
train,DeskGPT,0,cover,0,"a remote farmhouse with emphasis on symmetry, with balanced lighting",30124.0,,/content/drive/MyDrive/grdh_outputs/detect/images/train/cover/DeskGPT/DeskGPT_train_cover_0124.png,13.02215576171875,
train,DeskGPT,0,cover,0,"a quiet museum hall seen from above, with a clear subject focus",30125.0,,/content/drive/MyDrive/grdh_outputs/detect/images/train/cover/DeskGPT/DeskGPT_train_cover_0125.png,13.73187255859375,
train,DeskGPT,0,cover,0,"an abandoned warehouse during light rainfall, with a clear subject focus",30126.0,,/content/drive/MyDrive/grdh_outputs/detect/images/train/cover/DeskGPT/DeskGPT_train_cover_0126.png,32.68804931640625,
train,DeskGPT,0,cover,0,"a crowded train station in windy conditions, with a strong central subject",30127.0,,/content/drive/MyDrive/grdh_outputs/detect/images/train/cover/DeskGPT/DeskGPT_train_cover_0127.png,15.98187255859375,
train,DeskGPT,0,cover,0,"a bustling cafe with a shallow depth of field, with high structural clarity",30128.0,,/content/drive/MyDrive/grdh_outputs/detect/images/train/cover/DeskGPT/DeskGPT_train_cover_0128.png,24.03094482421875,
train,DeskGPT,0,cover,0,"a quiet museum hall framed with leading lines, with soft background blur",30129.0,,/content/drive/MyDrive/grdh_outputs/detect/images/train/cover/DeskGPT/DeskGPT_train_cover_0129.png,12.55621337890625,
train,DeskGPT,0,cover,0,"a snowy hillside with a wide depth of field, with a strong central subject",30130.0,,/content/drive/MyDrive/grdh_outputs/detect/images/train/cover/DeskGPT/DeskGPT_train_cover_0130.png,27.89984130859375,
train,DeskGPT,0,cover,0,"a quiet street with a shallow depth of field, with well-defined textures",30131.0,,/content/drive/MyDrive/grdh_outputs/detect/images/train/cover/DeskGPT/DeskGPT_train_cover_0131.png,27.34442138671875,
train,DeskGPT,0,cover,0,"a modern office space seen from ground level, with soft background blur",30132.0,,/content/drive/MyDrive/grdh_outputs/detect/images/train/cover/DeskGPT/DeskGPT_train_cover_0132.png,24.81488037109375,
train,DeskGPT,0,cover,0,"a desert landscape in windy conditions, with clean geometric shapes",30133.0,,/content/drive/MyDrive/grdh_outputs/detect/images/train/cover/DeskGPT/DeskGPT_train_cover_0133.png,91.2171630859375,
train,DeskGPT,0,cover,0,"a busy marketplace in bright daylight, with an unobstructed view",30134.0,,/content/drive/MyDrive/grdh_outputs/detect/images/train/cover/DeskGPT/DeskGPT_train_cover_0134.png,7.81195068359375,
train,DeskGPT,0,cover,0,"a narrow old-town alley captured during sunset, with a clear subject focus",30135.0,,/content/drive/MyDrive/grdh_outputs/detect/images/train/cover/DeskGPT/DeskGPT_train_cover_0135.png,29.84075927734375,
train,DeskGPT,0,cover,0,"a dimly lit bar under dramatic shadows, with organic natural forms",30136.0,,/content/drive/MyDrive/grdh_outputs/detect/images/train/cover/DeskGPT/DeskGPT_train_cover_0136.png,21.09735107421875,
train,DeskGPT,0,cover,0,"a bustling cafe in a minimalistic composition, with a neutral color palette",30137.0,,/content/drive/MyDrive/grdh_outputs/detect/images/train/cover/DeskGPT/DeskGPT_train_cover_0137.png,26.78533935546875,
train,DeskGPT,0,cover,0,"a historic monument captured at sunrise, with layered environmental depth",30138.0,,/content/drive/MyDrive/grdh_outputs/detect/images/train/cover/DeskGPT/DeskGPT_train_cover_0138.png,-15.29425048828125,
train,DeskGPT,0,cover,0,"a desert landscape with emphasis on symmetry, with a neutral color palette",30139.0,,/content/drive/MyDrive/grdh_outputs/detect/images/train/cover/DeskGPT/DeskGPT_train_cover_0139.png,46.12396240234375,
train,DeskGPT,0,cover,0,"a desert landscape showing active human movement, with a neutral color palette",30140.0,,/content/drive/MyDrive/grdh_outputs/detect/images/train/cover/DeskGPT/DeskGPT_train_cover_0140.png,18.52630615234375,
train,DeskGPT,0,cover,0,"a neon-lit alley under dramatic shadows, with high structural clarity",30141.0,,/content/drive/MyDrive/grdh_outputs/detect/images/train/cover/DeskGPT/DeskGPT_train_cover_0141.png,11.76019287109375,
train,DeskGPT,0,cover,0,"a desert landscape highlighting color contrasts, with a clear subject focus",30142.0,,/content/drive/MyDrive/grdh_outputs/detect/images/train/cover/DeskGPT/DeskGPT_train_cover_0142.png,15.14849853515625,
train,DeskGPT,0,cover,0,"a crowded train station with soft natural light, with organic natural forms",30143.0,,/content/drive/MyDrive/grdh_outputs/detect/images/train/cover/DeskGPT/DeskGPT_train_cover_0143.png,20.99334716796875,
train,DeskGPT,0,cover,0,"a quiet museum hall in windy conditions, with a clear subject focus",30144.0,,/content/drive/MyDrive/grdh_outputs/detect/images/train/cover/DeskGPT/DeskGPT_train_cover_0144.png,21.06707763671875,
train,DeskGPT,0,cover,0,"a dimly lit bar seen from above, with balanced lighting",30145.0,,/content/drive/MyDrive/grdh_outputs/detect/images/train/cover/DeskGPT/DeskGPT_train_cover_0145.png,25.65130615234375,
train,DeskGPT,0,cover,0,"a peaceful garden shot through a window, with clean geometric shapes",30146.0,,/content/drive/MyDrive/grdh_outputs/detect/images/train/cover/DeskGPT/DeskGPT_train_cover_0146.png,9.10296630859375,
train,DeskGPT,0,cover,0,"a quiet museum hall showing subtle motion blur, with high structural clarity",30147.0,,/content/drive/MyDrive/grdh_outputs/detect/images/train/cover/DeskGPT/DeskGPT_train_cover_0147.png,28.87567138671875,
train,DeskGPT,0,cover,0,"a foggy forest during light rainfall, with clean geometric shapes",30148.0,,/content/drive/MyDrive/grdh_outputs/detect/images/train/cover/DeskGPT/DeskGPT_train_cover_0148.png,-12.57147216796875,
train,DeskGPT,0,cover,0,"a foggy forest in overcast weather, with high micro-contrast",30149.0,,/content/drive/MyDrive/grdh_outputs/detect/images/train/cover/DeskGPT/DeskGPT_train_cover_0149.png,-3.40386962890625,
train,DeskGPT,0,cover,0,"a coastal village in a minimalistic composition, with natural color tones",30150.0,,/content/drive/MyDrive/grdh_outputs/detect/images/train/cover/DeskGPT/DeskGPT_train_cover_0150.png,10.06170654296875,
train,DeskGPT,0,cover,0,"a futuristic skyline captured at sunrise, with high structural clarity",30151.0,,/content/drive/MyDrive/grdh_outputs/detect/images/train/cover/DeskGPT/DeskGPT_train_cover_0151.png,33.31829833984375,
train,DeskGPT,0,cover,0,"a snowy hillside seen from ground level, with distinct spatial separation",30152.0,,/content/drive/MyDrive/grdh_outputs/detect/images/train/cover/DeskGPT/DeskGPT_train_cover_0152.png,2.35296630859375,
train,DeskGPT,0,cover,0,"a quiet library in overcast weather, with natural color tones",30153.0,,/content/drive/MyDrive/grdh_outputs/detect/images/train/cover/DeskGPT/DeskGPT_train_cover_0153.png,20.33502197265625,
train,DeskGPT,0,cover,0,"a desert landscape with a cinematic perspective, with a clear subject focus",30154.0,,/content/drive/MyDrive/grdh_outputs/detect/images/train/cover/DeskGPT/DeskGPT_train_cover_0154.png,-3.63067626953125,
train,DeskGPT,0,cover,0,"a narrow old-town alley with a cinematic perspective, with layered environmental depth",30155.0,,/content/drive/MyDrive/grdh_outputs/detect/images/train/cover/DeskGPT/DeskGPT_train_cover_0155.png,23.43426513671875,
train,DeskGPT,0,cover,0,"a crowded train station with strong directional light, with sharp architectural lines",30156.0,,/content/drive/MyDrive/grdh_outputs/detect/images/train/cover/DeskGPT/DeskGPT_train_cover_0156.png,-0.97271728515625,
train,DeskGPT,0,cover,0,"a quiet street captured during sunset, with an unobstructed view",30157.0,,/content/drive/MyDrive/grdh_outputs/detect/images/train/cover/DeskGPT/DeskGPT_train_cover_0157.png,15.62432861328125,
train,DeskGPT,0,cover,0,"a narrow old-town alley showing subtle motion blur, with a wide-angle perspective",30158.0,,/content/drive/MyDrive/grdh_outputs/detect/images/train/cover/DeskGPT/DeskGPT_train_cover_0158.png,33.22186279296875,
train,DeskGPT,0,cover,0,"a futuristic skyline highlighting color contrasts, with layered environmental depth",30159.0,,/content/drive/MyDrive/grdh_outputs/detect/images/train/cover/DeskGPT/DeskGPT_train_cover_0159.png,84.234375,
train,DeskGPT,0,cover,0,"a futuristic skyline during early morning fog, with high structural clarity",30160.0,,/content/drive/MyDrive/grdh_outputs/detect/images/train/cover/DeskGPT/DeskGPT_train_cover_0160.png,-20.69488525390625,
train,DeskGPT,0,cover,0,"a scientific laboratory highlighting color contrasts, with precise visual framing",30161.0,,/content/drive/MyDrive/grdh_outputs/detect/images/train/cover/DeskGPT/DeskGPT_train_cover_0161.png,11.55560302734375,
train,DeskGPT,0,cover,0,"a desert landscape with a shallow depth of field, with sharp architectural lines",30162.0,,/content/drive/MyDrive/grdh_outputs/detect/images/train/cover/DeskGPT/DeskGPT_train_cover_0162.png,22.55975341796875,
train,DeskGPT,0,cover,0,"a coastal village during light rainfall, with high micro-contrast",30163.0,,/content/drive/MyDrive/grdh_outputs/detect/images/train/cover/DeskGPT/DeskGPT_train_cover_0163.png,3.27044677734375,
train,DeskGPT,0,cover,0,"a cozy living room captured at sunrise, with a clear subject focus",30164.0,,/content/drive/MyDrive/grdh_outputs/detect/images/train/cover/DeskGPT/DeskGPT_train_cover_0164.png,4.64959716796875,
train,DeskGPT,0,cover,0,"a modern office space seen from ground level, with precise visual framing",30165.0,,/content/drive/MyDrive/grdh_outputs/detect/images/train/cover/DeskGPT/DeskGPT_train_cover_0165.png,29.21588134765625,
train,DeskGPT,0,cover,0,"a futuristic skyline presented with rich textures, with a subtle color gradient",30166.0,,/content/drive/MyDrive/grdh_outputs/detect/images/train/cover/DeskGPT/DeskGPT_train_cover_0166.png,18.59832763671875,
train,DeskGPT,0,cover,0,"a coastal village seen from above, with detailed foreground elements",30167.0,,/content/drive/MyDrive/grdh_outputs/detect/images/train/cover/DeskGPT/DeskGPT_train_cover_0167.png,22.65411376953125,
train,DeskGPT,0,cover,0,"a desert landscape framed with leading lines, with sharp architectural lines",30168.0,,/content/drive/MyDrive/grdh_outputs/detect/images/train/cover/DeskGPT/DeskGPT_train_cover_0168.png,-8.92999267578125,
train,DeskGPT,0,cover,0,"a snowy hillside presented with rich textures, with soft background blur",30169.0,,/content/drive/MyDrive/grdh_outputs/detect/images/train/cover/DeskGPT/DeskGPT_train_cover_0169.png,-1.41607666015625,
train,DeskGPT,0,cover,0,"a futuristic skyline with a shallow depth of field, with an unobstructed view",30170.0,,/content/drive/MyDrive/grdh_outputs/detect/images/train/cover/DeskGPT/DeskGPT_train_cover_0170.png,13.24603271484375,
train,DeskGPT,0,cover,0,"a moody lakeside dock framed with leading lines, with clean geometric shapes",30171.0,,/content/drive/MyDrive/grdh_outputs/detect/images/train/cover/DeskGPT/DeskGPT_train_cover_0171.png,32.51898193359375,
train,DeskGPT,0,cover,0,"a sunlit courtyard with emphasis on symmetry, with a clear subject focus",30172.0,,/content/drive/MyDrive/grdh_outputs/detect/images/train/cover/DeskGPT/DeskGPT_train_cover_0172.png,17.15447998046875,
train,DeskGPT,0,cover,0,"a rustic kitchen in bright daylight, with sharp architectural lines",30173.0,,/content/drive/MyDrive/grdh_outputs/detect/images/train/cover/DeskGPT/DeskGPT_train_cover_0173.png,25.62481689453125,
train,DeskGPT,0,cover,0,"a vibrant festival captured at sunrise, with high structural clarity",30174.0,,/content/drive/MyDrive/grdh_outputs/detect/images/train/cover/DeskGPT/DeskGPT_train_cover_0174.png,8.58367919921875,
train,DeskGPT,0,cover,0,"a quiet street under dramatic shadows, with distinct spatial separation",30175.0,,/content/drive/MyDrive/grdh_outputs/detect/images/train/cover/DeskGPT/DeskGPT_train_cover_0175.png,11.55560302734375,
train,DeskGPT,0,cover,0,"a sunlit courtyard during light rainfall, with balanced lighting",30176.0,,/content/drive/MyDrive/grdh_outputs/detect/images/train/cover/DeskGPT/DeskGPT_train_cover_0176.png,28.16290283203125,
train,DeskGPT,0,cover,0,"a calm riverbank during light rainfall, with soft background blur",30177.0,,/content/drive/MyDrive/grdh_outputs/detect/images/train/cover/DeskGPT/DeskGPT_train_cover_0177.png,4.20245361328125,
train,DeskGPT,0,cover,0,"a scientific laboratory framed with leading lines, with well-defined textures",30178.0,,/content/drive/MyDrive/grdh_outputs/detect/images/train/cover/DeskGPT/DeskGPT_train_cover_0178.png,8.22796630859375,
train,DeskGPT,0,cover,0,"a desert landscape presented with rich textures, with a strong central subject",30179.0,,/content/drive/MyDrive/grdh_outputs/detect/images/train/cover/DeskGPT/DeskGPT_train_cover_0179.png,13.88909912109375,
train,DeskGPT,0,cover,0,"a quiet street seen from above, with an unobstructed view",30180.0,,/content/drive/MyDrive/grdh_outputs/detect/images/train/cover/DeskGPT/DeskGPT_train_cover_0180.png,14.32562255859375,
train,DeskGPT,0,cover,0,"an abandoned warehouse with calm reflective surfaces, with an unobstructed view",30181.0,,/content/drive/MyDrive/grdh_outputs/detect/images/train/cover/DeskGPT/DeskGPT_train_cover_0181.png,25.21575927734375,
train,DeskGPT,0,cover,0,"a large open plaza in windy conditions, with soft background blur",30182.0,,/content/drive/MyDrive/grdh_outputs/detect/images/train/cover/DeskGPT/DeskGPT_train_cover_0182.png,21.29193115234375,
train,DeskGPT,0,cover,0,"a narrow old-town alley showing active human movement, with detailed foreground elements",30183.0,,/content/drive/MyDrive/grdh_outputs/detect/images/train/cover/DeskGPT/DeskGPT_train_cover_0183.png,12.78997802734375,
train,DeskGPT,0,cover,0,"a busy marketplace in windy conditions, with balanced lighting",30184.0,,/content/drive/MyDrive/grdh_outputs/detect/images/train/cover/DeskGPT/DeskGPT_train_cover_0184.png,21.88885498046875,
train,DeskGPT,0,cover,0,"a large open plaza with a cinematic perspective, with a wide-angle perspective",30185.0,,/content/drive/MyDrive/grdh_outputs/detect/images/train/cover/DeskGPT/DeskGPT_train_cover_0185.png,9.76495361328125,
train,DeskGPT,0,cover,0,"a quiet library with a cinematic perspective, with a clear subject focus",30186.0,,/content/drive/MyDrive/grdh_outputs/detect/images/train/cover/DeskGPT/DeskGPT_train_cover_0186.png,30.18719482421875,
train,DeskGPT,0,cover,0,"an abandoned warehouse in overcast weather, with sharp architectural lines",30187.0,,/content/drive/MyDrive/grdh_outputs/detect/images/train/cover/DeskGPT/DeskGPT_train_cover_0187.png,41.9583740234375,
train,DeskGPT,0,cover,0,"a foggy forest in a long-exposure style, with precise visual framing",30188.0,,/content/drive/MyDrive/grdh_outputs/detect/images/train/cover/DeskGPT/DeskGPT_train_cover_0188.png,-0.83770751953125,
train,DeskGPT,0,cover,0,"a modern office space showing subtle motion blur, with organic natural forms",30189.0,,/content/drive/MyDrive/grdh_outputs/detect/images/train/cover/DeskGPT/DeskGPT_train_cover_0189.png,15.09783935546875,
train,DeskGPT,0,cover,0,"a crowded train station shot through a window, with a neutral color palette",30190.0,,/content/drive/MyDrive/grdh_outputs/detect/images/train/cover/DeskGPT/DeskGPT_train_cover_0190.png,1.13067626953125,
train,DeskGPT,0,cover,0,"a stone bridge over water in bright daylight, with sharp architectural lines",30191.0,,/content/drive/MyDrive/grdh_outputs/detect/images/train/cover/DeskGPT/DeskGPT_train_cover_0191.png,10.10540771484375,
train,DeskGPT,0,cover,0,"a desert landscape showing active human movement, with balanced lighting",30192.0,,/content/drive/MyDrive/grdh_outputs/detect/images/train/cover/DeskGPT/DeskGPT_train_cover_0192.png,-3.17022705078125,
train,DeskGPT,0,cover,0,"a stone bridge over water with emphasis on symmetry, with smooth reflective highlights",30193.0,,/content/drive/MyDrive/grdh_outputs/detect/images/train/cover/DeskGPT/DeskGPT_train_cover_0193.png,8.30718994140625,
train,DeskGPT,0,cover,0,"a rustic kitchen seen from ground level, with a wide-angle perspective",30194.0,,/content/drive/MyDrive/grdh_outputs/detect/images/train/cover/DeskGPT/DeskGPT_train_cover_0194.png,17.82244873046875,
train,DeskGPT,0,cover,0,"a mountain trail seen from above, with an unobstructed view",30195.0,,/content/drive/MyDrive/grdh_outputs/detect/images/train/cover/DeskGPT/DeskGPT_train_cover_0195.png,31.55975341796875,
train,DeskGPT,0,cover,0,"a dimly lit bar during light rainfall, with balanced lighting",30196.0,,/content/drive/MyDrive/grdh_outputs/detect/images/train/cover/DeskGPT/DeskGPT_train_cover_0196.png,22.02264404296875,
train,DeskGPT,0,cover,0,"a stone bridge over water seen from ground level, with a strong central subject",30197.0,,/content/drive/MyDrive/grdh_outputs/detect/images/train/cover/DeskGPT/DeskGPT_train_cover_0197.png,15.19232177734375,
train,DeskGPT,0,cover,0,"a quiet museum hall seen from above, with precise visual framing",30198.0,,/content/drive/MyDrive/grdh_outputs/detect/images/train/cover/DeskGPT/DeskGPT_train_cover_0198.png,5.95135498046875,
train,DeskGPT,0,cover,0,"a foggy forest presented with rich textures, with detailed foreground elements",30199.0,,/content/drive/MyDrive/grdh_outputs/detect/images/train/cover/DeskGPT/DeskGPT_train_cover_0199.png,-1.77642822265625,
train,DeskGPT,1024,stego,1,"a desert landscape in a minimalistic composition, with balanced lighting",,35000.0,/content/drive/MyDrive/grdh_outputs/detect/images/train/stego/DeskGPT/DeskGPT_train_p1024_0000.png,23.90106201171875,robust
train,DeskGPT,2048,stego,1,"a remote farmhouse captured during sunset, with balanced lighting",,35001.0,/content/drive/MyDrive/grdh_outputs/detect/images/train/stego/DeskGPT/DeskGPT_train_p2048_0001.png,12.92791748046875,robust
train,DeskGPT,4096,stego,1,"a calm riverbank in a long-exposure style, with natural color tones",,35002.0,/content/drive/MyDrive/grdh_outputs/detect/images/train/stego/DeskGPT/DeskGPT_train_p4096_0002.png,6.65081787109375,robust
train,DeskGPT,1024,stego,1,"a busy marketplace shot through a window, with a clear subject focus",,35003.0,/content/drive/MyDrive/grdh_outputs/detect/images/train/stego/DeskGPT/DeskGPT_train_p1024_0003.png,20.63616943359375,robust
train,DeskGPT,2048,stego,1,"a quiet library captured during sunset, with sharp architectural lines",,35004.0,/content/drive/MyDrive/grdh_outputs/detect/images/train/stego/DeskGPT/DeskGPT_train_p2048_0004.png,25.34661865234375,robust
train,DeskGPT,4096,stego,1,"a dimly lit bar under dramatic shadows, with a wide-angle perspective",,35005.0,/content/drive/MyDrive/grdh_outputs/detect/images/train/stego/DeskGPT/DeskGPT_train_p4096_0005.png,7.53729248046875,robust
train,DeskGPT,1024,stego,1,"a cozy living room seen from above, with organic natural forms",,35006.0,/content/drive/MyDrive/grdh_outputs/detect/images/train/stego/DeskGPT/DeskGPT_train_p1024_0006.png,6.82440185546875,robust
train,DeskGPT,2048,stego,1,"a calm riverbank in a long-exposure style, with a clear subject focus",,35007.0,/content/drive/MyDrive/grdh_outputs/detect/images/train/stego/DeskGPT/DeskGPT_train_p2048_0007.png,-6.92877197265625,robust
train,DeskGPT,4096,stego,1,"a moody lakeside dock with emphasis on symmetry, with natural color tones",,35008.0,/content/drive/MyDrive/grdh_outputs/detect/images/train/stego/DeskGPT/DeskGPT_train_p4096_0008.png,13.41253662109375,robust
train,DeskGPT,1024,stego,1,"a desert landscape under dramatic shadows, with well-defined textures",,35009.0,/content/drive/MyDrive/grdh_outputs/detect/images/train/stego/DeskGPT/DeskGPT_train_p1024_0009.png,26.29461669921875,robust
train,DeskGPT,2048,stego,1,"a quiet library with soft natural light, with a wide-angle perspective",,35010.0,/content/drive/MyDrive/grdh_outputs/detect/images/train/stego/DeskGPT/DeskGPT_train_p2048_0010.png,24.38983154296875,robust
train,DeskGPT,4096,stego,1,"a quiet street with emphasis on symmetry, with a wide-angle perspective",,35011.0,/content/drive/MyDrive/grdh_outputs/detect/images/train/stego/DeskGPT/DeskGPT_train_p4096_0011.png,15.34197998046875,robust
train,DeskGPT,1024,stego,1,"a snowy hillside showing active human movement, with natural color tones",,35012.0,/content/drive/MyDrive/grdh_outputs/detect/images/train/stego/DeskGPT/DeskGPT_train_p1024_0012.png,27.62896728515625,robust
train,DeskGPT,2048,stego,1,"a foggy forest showing active human movement, with smooth reflective highlights",,35013.0,/content/drive/MyDrive/grdh_outputs/detect/images/train/stego/DeskGPT/DeskGPT_train_p2048_0013.png,-8.27789306640625,robust
train,DeskGPT,4096,stego,1,"a quiet library under dramatic shadows, with balanced lighting",,35014.0,/content/drive/MyDrive/grdh_outputs/detect/images/train/stego/DeskGPT/DeskGPT_train_p4096_0014.png,41.79705810546875,robust
train,DeskGPT,1024,stego,1,"a scientific laboratory in windy conditions, with high micro-contrast",,35015.0,/content/drive/MyDrive/grdh_outputs/detect/images/train/stego/DeskGPT/DeskGPT_train_p1024_0015.png,30.23150634765625,robust
train,DeskGPT,2048,stego,1,"a calm riverbank with a shallow depth of field, with high structural clarity",,35016.0,/content/drive/MyDrive/grdh_outputs/detect/images/train/stego/DeskGPT/DeskGPT_train_p2048_0016.png,13.74627685546875,robust
train,DeskGPT,4096,stego,1,"a remote farmhouse seen from above, with soft background blur",,35017.0,/content/drive/MyDrive/grdh_outputs/detect/images/train/stego/DeskGPT/DeskGPT_train_p4096_0017.png,34.35028076171875,robust
train,DeskGPT,1024,stego,1,"a scientific laboratory framed with leading lines, with high micro-contrast",,35018.0,/content/drive/MyDrive/grdh_outputs/detect/images/train/stego/DeskGPT/DeskGPT_train_p1024_0018.png,12.10919189453125,robust
train,DeskGPT,2048,stego,1,"a crowded train station highlighting color contrasts, with natural color tones",,35019.0,/content/drive/MyDrive/grdh_outputs/detect/images/train/stego/DeskGPT/DeskGPT_train_p2048_0019.png,31.38787841796875,robust
train,DeskGPT,4096,stego,1,"a quiet library highlighting color contrasts, with organic natural forms",,35020.0,/content/drive/MyDrive/grdh_outputs/detect/images/train/stego/DeskGPT/DeskGPT_train_p4096_0020.png,41.48602294921875,robust
train,DeskGPT,1024,stego,1,"a large open plaza shot through a window, with well-defined textures",,35021.0,/content/drive/MyDrive/grdh_outputs/detect/images/train/stego/DeskGPT/DeskGPT_train_p1024_0021.png,51.45843505859375,robust
train,DeskGPT,2048,stego,1,"a scientific laboratory captured during sunset, with a neutral color palette",,35022.0,/content/drive/MyDrive/grdh_outputs/detect/images/train/stego/DeskGPT/DeskGPT_train_p2048_0022.png,23.49053955078125,robust
train,DeskGPT,4096,stego,1,"a large open plaza with emphasis on symmetry, with balanced lighting",,35023.0,/content/drive/MyDrive/grdh_outputs/detect/images/train/stego/DeskGPT/DeskGPT_train_p4096_0023.png,22.38470458984375,robust
train,DeskGPT,1024,stego,1,"a futuristic skyline framed with leading lines, with balanced lighting",,35024.0,/content/drive/MyDrive/grdh_outputs/detect/images/train/stego/DeskGPT/DeskGPT_train_p1024_0024.png,33.15203857421875,robust
train,DeskGPT,2048,stego,1,"a futuristic skyline during early morning fog, with layered environmental depth",,35025.0,/content/drive/MyDrive/grdh_outputs/detect/images/train/stego/DeskGPT/DeskGPT_train_p2048_0025.png,11.44427490234375,robust
train,DeskGPT,4096,stego,1,"a futuristic skyline in windy conditions, with balanced lighting",,35026.0,/content/drive/MyDrive/grdh_outputs/detect/images/train/stego/DeskGPT/DeskGPT_train_p4096_0026.png,84.08184814453125,robust
train,DeskGPT,1024,stego,1,"a tropical beach captured during sunset, with layered environmental depth",,35027.0,/content/drive/MyDrive/grdh_outputs/detect/images/train/stego/DeskGPT/DeskGPT_train_p1024_0027.png,8.59356689453125,robust
train,DeskGPT,2048,stego,1,"a busy marketplace in bright daylight, with layered environmental depth",,35028.0,/content/drive/MyDrive/grdh_outputs/detect/images/train/stego/DeskGPT/DeskGPT_train_p2048_0028.png,8.79913330078125,robust
train,DeskGPT,4096,stego,1,"a cozy living room during light rainfall, with a neutral color palette",,35029.0,/content/drive/MyDrive/grdh_outputs/detect/images/train/stego/DeskGPT/DeskGPT_train_p4096_0029.png,7.77508544921875,robust
train,DeskGPT,1024,stego,1,"a rustic kitchen with strong directional light, with natural color tones",,35030.0,/content/drive/MyDrive/grdh_outputs/detect/images/train/stego/DeskGPT/DeskGPT_train_p1024_0030.png,11.25408935546875,robust
train,DeskGPT,2048,stego,1,"a quiet museum hall shot through a window, with sharp architectural lines",,35031.0,/content/drive/MyDrive/grdh_outputs/detect/images/train/stego/DeskGPT/DeskGPT_train_p2048_0031.png,23.60504150390625,robust
train,DeskGPT,4096,stego,1,"a historic monument showing active human movement, with high micro-contrast",,35032.0,/content/drive/MyDrive/grdh_outputs/detect/images/train/stego/DeskGPT/DeskGPT_train_p4096_0032.png,15.49371337890625,robust
train,DeskGPT,1024,stego,1,"a quiet library in overcast weather, with a neutral color palette",,35033.0,/content/drive/MyDrive/grdh_outputs/detect/images/train/stego/DeskGPT/DeskGPT_train_p1024_0033.png,14.03802490234375,robust
train,DeskGPT,2048,stego,1,"a stone bridge over water showing active human movement, with clean geometric shapes",,35034.0,/content/drive/MyDrive/grdh_outputs/detect/images/train/stego/DeskGPT/DeskGPT_train_p2048_0034.png,14.43792724609375,robust
train,DeskGPT,4096,stego,1,"a desert landscape in bright daylight, with detailed foreground elements",,35035.0,/content/drive/MyDrive/grdh_outputs/detect/images/train/stego/DeskGPT/DeskGPT_train_p4096_0035.png,5.43463134765625,robust
train,DeskGPT,1024,stego,1,"a historic monument with a shallow depth of field, with detailed foreground elements",,35036.0,/content/drive/MyDrive/grdh_outputs/detect/images/train/stego/DeskGPT/DeskGPT_train_p1024_0036.png,13.75262451171875,robust
train,DeskGPT,2048,stego,1,"a modern office space highlighting color contrasts, with well-defined textures",,35037.0,/content/drive/MyDrive/grdh_outputs/detect/images/train/stego/DeskGPT/DeskGPT_train_p2048_0037.png,-0.22894287109375,robust
train,DeskGPT,4096,stego,1,"a coastal village under dramatic shadows, with a wide-angle perspective",,35038.0,/content/drive/MyDrive/grdh_outputs/detect/images/train/stego/DeskGPT/DeskGPT_train_p4096_0038.png,28.78350830078125,robust
train,DeskGPT,1024,stego,1,"a historic monument presented with rich textures, with a clear subject focus",,35039.0,/content/drive/MyDrive/grdh_outputs/detect/images/train/stego/DeskGPT/DeskGPT_train_p1024_0039.png,-8.84991455078125,robust
train,DeskGPT,2048,stego,1,"a snowy hillside in windy conditions, with a strong central subject",,35040.0,/content/drive/MyDrive/grdh_outputs/detect/images/train/stego/DeskGPT/DeskGPT_train_p2048_0040.png,0.73431396484375,robust
train,DeskGPT,4096,stego,1,"a rustic kitchen under dramatic shadows, with high structural clarity",,35041.0,/content/drive/MyDrive/grdh_outputs/detect/images/train/stego/DeskGPT/DeskGPT_train_p4096_0041.png,18.19805908203125,robust
train,DeskGPT,1024,stego,1,"a scientific laboratory seen from above, with smooth reflective highlights",,35042.0,/content/drive/MyDrive/grdh_outputs/detect/images/train/stego/DeskGPT/DeskGPT_train_p1024_0042.png,15.10101318359375,robust
train,DeskGPT,2048,stego,1,"a quiet museum hall under dramatic shadows, with an unobstructed view",,35043.0,/content/drive/MyDrive/grdh_outputs/detect/images/train/stego/DeskGPT/DeskGPT_train_p2048_0043.png,12.44573974609375,robust
train,DeskGPT,4096,stego,1,"a mountain trail in a long-exposure style, with sharp architectural lines",,35044.0,/content/drive/MyDrive/grdh_outputs/detect/images/train/stego/DeskGPT/DeskGPT_train_p4096_0044.png,89.97222900390625,robust
train,DeskGPT,1024,stego,1,"a stone bridge over water showing subtle motion blur, with organic natural forms",,35045.0,/content/drive/MyDrive/grdh_outputs/detect/images/train/stego/DeskGPT/DeskGPT_train_p1024_0045.png,12.72406005859375,robust
train,DeskGPT,2048,stego,1,"a tropical beach with soft natural light, with a clear subject focus",,35046.0,/content/drive/MyDrive/grdh_outputs/detect/images/train/stego/DeskGPT/DeskGPT_train_p2048_0046.png,5.98944091796875,robust
train,DeskGPT,4096,stego,1,"an abandoned warehouse with calm reflective surfaces, with a subtle color gradient",,35047.0,/content/drive/MyDrive/grdh_outputs/detect/images/train/stego/DeskGPT/DeskGPT_train_p4096_0047.png,18.83428955078125,robust
train,DeskGPT,1024,stego,1,"a bustling cafe showing subtle motion blur, with detailed foreground elements",,35048.0,/content/drive/MyDrive/grdh_outputs/detect/images/train/stego/DeskGPT/DeskGPT_train_p1024_0048.png,35.02410888671875,robust
train,DeskGPT,2048,stego,1,"a mountain trail in overcast weather, with smooth reflective highlights",,35049.0,/content/drive/MyDrive/grdh_outputs/detect/images/train/stego/DeskGPT/DeskGPT_train_p2048_0049.png,22.60687255859375,robust
train,DeskGPT,4096,stego,1,"a desert landscape under dramatic shadows, with balanced lighting",,35050.0,/content/drive/MyDrive/grdh_outputs/detect/images/train/stego/DeskGPT/DeskGPT_train_p4096_0050.png,-7.94781494140625,robust
train,DeskGPT,1024,stego,1,"a stone bridge over water with soft natural light, with an unobstructed view",,35051.0,/content/drive/MyDrive/grdh_outputs/detect/images/train/stego/DeskGPT/DeskGPT_train_p1024_0051.png,20.18353271484375,robust
train,DeskGPT,2048,stego,1,"a cozy living room with calm reflective surfaces, with a strong central subject",,35052.0,/content/drive/MyDrive/grdh_outputs/detect/images/train/stego/DeskGPT/DeskGPT_train_p2048_0052.png,1.38079833984375,robust
train,DeskGPT,4096,stego,1,"a historic monument under dramatic shadows, with a strong central subject",,35053.0,/content/drive/MyDrive/grdh_outputs/detect/images/train/stego/DeskGPT/DeskGPT_train_p4096_0053.png,-7.34600830078125,robust
train,DeskGPT,1024,stego,1,"a sunlit courtyard framed with leading lines, with layered environmental depth",,35054.0,/content/drive/MyDrive/grdh_outputs/detect/images/train/stego/DeskGPT/DeskGPT_train_p1024_0054.png,21.25592041015625,robust
train,DeskGPT,2048,stego,1,"a stone bridge over water with a wide depth of field, with natural color tones",,35055.0,/content/drive/MyDrive/grdh_outputs/detect/images/train/stego/DeskGPT/DeskGPT_train_p2048_0055.png,12.39837646484375,robust
train,DeskGPT,4096,stego,1,"a quiet library framed with leading lines, with well-defined textures",,35056.0,/content/drive/MyDrive/grdh_outputs/detect/images/train/stego/DeskGPT/DeskGPT_train_p4096_0056.png,42.66937255859375,robust
train,DeskGPT,1024,stego,1,"a mountain trail in a long-exposure style, with high micro-contrast",,35057.0,/content/drive/MyDrive/grdh_outputs/detect/images/train/stego/DeskGPT/DeskGPT_train_p1024_0057.png,49.58245849609375,robust
train,DeskGPT,2048,stego,1,"an abandoned warehouse seen from above, with detailed foreground elements",,35058.0,/content/drive/MyDrive/grdh_outputs/detect/images/train/stego/DeskGPT/DeskGPT_train_p2048_0058.png,8.22113037109375,robust
train,DeskGPT,4096,stego,1,"a peaceful garden with emphasis on symmetry, with clean geometric shapes",,35059.0,/content/drive/MyDrive/grdh_outputs/detect/images/train/stego/DeskGPT/DeskGPT_train_p4096_0059.png,13.28631591796875,robust
train,DeskGPT,1024,stego,1,"a historic monument highlighting color contrasts, with distinct spatial separation",,35060.0,/content/drive/MyDrive/grdh_outputs/detect/images/train/stego/DeskGPT/DeskGPT_train_p1024_0060.png,-0.23553466796875,robust
train,DeskGPT,2048,stego,1,"a rustic kitchen in a minimalistic composition, with soft background blur",,35061.0,/content/drive/MyDrive/grdh_outputs/detect/images/train/stego/DeskGPT/DeskGPT_train_p2048_0061.png,8.93817138671875,robust
train,DeskGPT,4096,stego,1,"a snowy hillside showing subtle motion blur, with a wide-angle perspective",,35062.0,/content/drive/MyDrive/grdh_outputs/detect/images/train/stego/DeskGPT/DeskGPT_train_p4096_0062.png,6.60491943359375,robust
train,DeskGPT,1024,stego,1,"a moody lakeside dock with a wide depth of field, with sharp architectural lines",,35063.0,/content/drive/MyDrive/grdh_outputs/detect/images/train/stego/DeskGPT/DeskGPT_train_p1024_0063.png,-4.18927001953125,robust
train,DeskGPT,2048,stego,1,"a scientific laboratory in windy conditions, with high structural clarity",,35064.0,/content/drive/MyDrive/grdh_outputs/detect/images/train/stego/DeskGPT/DeskGPT_train_p2048_0064.png,15.82196044921875,robust
train,DeskGPT,4096,stego,1,"a cozy living room with soft natural light, with an unobstructed view",,35065.0,/content/drive/MyDrive/grdh_outputs/detect/images/train/stego/DeskGPT/DeskGPT_train_p4096_0065.png,9.91229248046875,robust
train,DeskGPT,1024,stego,1,"a foggy forest in windy conditions, with soft background blur",,35066.0,/content/drive/MyDrive/grdh_outputs/detect/images/train/stego/DeskGPT/DeskGPT_train_p1024_0066.png,33.42120361328125,robust
train,DeskGPT,2048,stego,1,"a crowded train station in windy conditions, with high structural clarity",,35067.0,/content/drive/MyDrive/grdh_outputs/detect/images/train/stego/DeskGPT/DeskGPT_train_p2048_0067.png,17.14910888671875,robust
train,DeskGPT,4096,stego,1,"a sunlit courtyard with a wide depth of field, with balanced lighting",,35068.0,/content/drive/MyDrive/grdh_outputs/detect/images/train/stego/DeskGPT/DeskGPT_train_p4096_0068.png,0.69573974609375,robust
train,DeskGPT,1024,stego,1,"a quiet library with calm reflective surfaces, with distinct spatial separation",,35069.0,/content/drive/MyDrive/grdh_outputs/detect/images/train/stego/DeskGPT/DeskGPT_train_p1024_0069.png,26.58673095703125,robust
train,DeskGPT,2048,stego,1,"a modern office space framed with leading lines, with a clear subject focus",,35070.0,/content/drive/MyDrive/grdh_outputs/detect/images/train/stego/DeskGPT/DeskGPT_train_p2048_0070.png,25.06048583984375,robust
train,DeskGPT,4096,stego,1,"a quiet museum hall with a cinematic perspective, with smooth reflective highlights",,35071.0,/content/drive/MyDrive/grdh_outputs/detect/images/train/stego/DeskGPT/DeskGPT_train_p4096_0071.png,14.79913330078125,robust
train,DeskGPT,1024,stego,1,"an abandoned warehouse in bright daylight, with high micro-contrast",,35072.0,/content/drive/MyDrive/grdh_outputs/detect/images/train/stego/DeskGPT/DeskGPT_train_p1024_0072.png,26.84124755859375,robust
train,DeskGPT,2048,stego,1,"a desert landscape with a cinematic perspective, with organic natural forms",,35073.0,/content/drive/MyDrive/grdh_outputs/detect/images/train/stego/DeskGPT/DeskGPT_train_p2048_0073.png,8.44647216796875,robust
train,DeskGPT,4096,stego,1,"a foggy forest with strong directional light, with high structural clarity",,35074.0,/content/drive/MyDrive/grdh_outputs/detect/images/train/stego/DeskGPT/DeskGPT_train_p4096_0074.png,10.31866455078125,robust
train,DeskGPT,1024,stego,1,"a stone bridge over water seen from ground level, with high micro-contrast",,35075.0,/content/drive/MyDrive/grdh_outputs/detect/images/train/stego/DeskGPT/DeskGPT_train_p1024_0075.png,8.43768310546875,robust
train,DeskGPT,2048,stego,1,"a cozy living room captured at sunrise, with natural color tones",,35076.0,/content/drive/MyDrive/grdh_outputs/detect/images/train/stego/DeskGPT/DeskGPT_train_p2048_0076.png,9.58245849609375,robust
train,DeskGPT,4096,stego,1,"a tropical beach seen from ground level, with a wide-angle perspective",,35077.0,/content/drive/MyDrive/grdh_outputs/detect/images/train/stego/DeskGPT/DeskGPT_train_p4096_0077.png,40.47674560546875,robust
train,DeskGPT,1024,stego,1,"a sunlit courtyard in bright daylight, with a neutral color palette",,35078.0,/content/drive/MyDrive/grdh_outputs/detect/images/train/stego/DeskGPT/DeskGPT_train_p1024_0078.png,7.22650146484375,robust
train,DeskGPT,2048,stego,1,"a foggy forest in a long-exposure style, with smooth reflective highlights",,35079.0,/content/drive/MyDrive/grdh_outputs/detect/images/train/stego/DeskGPT/DeskGPT_train_p2048_0079.png,24.44427490234375,robust
train,DeskGPT,4096,stego,1,"a moody lakeside dock with soft natural light, with distinct spatial separation",,35080.0,/content/drive/MyDrive/grdh_outputs/detect/images/train/stego/DeskGPT/DeskGPT_train_p4096_0080.png,29.72088623046875,robust
train,DeskGPT,1024,stego,1,"a calm riverbank with a wide depth of field, with a subtle color gradient",,35081.0,/content/drive/MyDrive/grdh_outputs/detect/images/train/stego/DeskGPT/DeskGPT_train_p1024_0081.png,37.16229248046875,robust
train,DeskGPT,2048,stego,1,"a rustic kitchen shot through a window, with layered environmental depth",,35082.0,/content/drive/MyDrive/grdh_outputs/detect/images/train/stego/DeskGPT/DeskGPT_train_p2048_0082.png,11.77899169921875,robust
train,DeskGPT,4096,stego,1,"a remote farmhouse in windy conditions, with smooth reflective highlights",,35083.0,/content/drive/MyDrive/grdh_outputs/detect/images/train/stego/DeskGPT/DeskGPT_train_p4096_0083.png,20.39654541015625,robust
train,DeskGPT,1024,stego,1,"an abandoned warehouse with a wide depth of field, with a neutral color palette",,35084.0,/content/drive/MyDrive/grdh_outputs/detect/images/train/stego/DeskGPT/DeskGPT_train_p1024_0084.png,19.21441650390625,robust
train,DeskGPT,2048,stego,1,"a busy marketplace presented with rich textures, with sharp architectural lines",,35085.0,/content/drive/MyDrive/grdh_outputs/detect/images/train/stego/DeskGPT/DeskGPT_train_p2048_0085.png,21.75738525390625,robust
train,DeskGPT,4096,stego,1,"a tropical beach highlighting color contrasts, with clean geometric shapes",,35086.0,/content/drive/MyDrive/grdh_outputs/detect/images/train/stego/DeskGPT/DeskGPT_train_p4096_0086.png,11.93499755859375,robust
train,DeskGPT,1024,stego,1,"a narrow old-town alley with emphasis on symmetry, with a wide-angle perspective",,35087.0,/content/drive/MyDrive/grdh_outputs/detect/images/train/stego/DeskGPT/DeskGPT_train_p1024_0087.png,22.02484130859375,robust
train,DeskGPT,2048,stego,1,"a futuristic skyline presented with rich textures, with high micro-contrast",,35088.0,/content/drive/MyDrive/grdh_outputs/detect/images/train/stego/DeskGPT/DeskGPT_train_p2048_0088.png,52.74285888671875,robust
train,DeskGPT,4096,stego,1,"a moody lakeside dock during light rainfall, with balanced lighting",,35089.0,/content/drive/MyDrive/grdh_outputs/detect/images/train/stego/DeskGPT/DeskGPT_train_p4096_0089.png,11.09295654296875,robust
train,DeskGPT,1024,stego,1,"a dimly lit bar during light rainfall, with detailed foreground elements",,35090.0,/content/drive/MyDrive/grdh_outputs/detect/images/train/stego/DeskGPT/DeskGPT_train_p1024_0090.png,23.42523193359375,robust
train,DeskGPT,2048,stego,1,"a futuristic skyline seen from above, with high micro-contrast",,35091.0,/content/drive/MyDrive/grdh_outputs/detect/images/train/stego/DeskGPT/DeskGPT_train_p2048_0091.png,4.28851318359375,robust
train,DeskGPT,4096,stego,1,"an abandoned warehouse captured during sunset, with high structural clarity",,35092.0,/content/drive/MyDrive/grdh_outputs/detect/images/train/stego/DeskGPT/DeskGPT_train_p4096_0092.png,13.20159912109375,robust
train,DeskGPT,1024,stego,1,"a tropical beach seen from ground level, with natural color tones",,35093.0,/content/drive/MyDrive/grdh_outputs/detect/images/train/stego/DeskGPT/DeskGPT_train_p1024_0093.png,18.25408935546875,robust
train,DeskGPT,2048,stego,1,"a stone bridge over water highlighting color contrasts, with precise visual framing",,35094.0,/content/drive/MyDrive/grdh_outputs/detect/images/train/stego/DeskGPT/DeskGPT_train_p2048_0094.png,11.54779052734375,robust
train,DeskGPT,4096,stego,1,"a quiet street during early morning fog, with a strong central subject",,35095.0,/content/drive/MyDrive/grdh_outputs/detect/images/train/stego/DeskGPT/DeskGPT_train_p4096_0095.png,-4.66632080078125,robust
train,DeskGPT,1024,stego,1,"a peaceful garden with emphasis on symmetry, with a clear subject focus",,35096.0,/content/drive/MyDrive/grdh_outputs/detect/images/train/stego/DeskGPT/DeskGPT_train_p1024_0096.png,28.74383544921875,robust
train,DeskGPT,2048,stego,1,"a historic monument presented with rich textures, with a subtle color gradient",,35097.0,/content/drive/MyDrive/grdh_outputs/detect/images/train/stego/DeskGPT/DeskGPT_train_p2048_0097.png,17.66473388671875,robust
train,DeskGPT,4096,stego,1,"a neon-lit alley in bright daylight, with natural color tones",,35098.0,/content/drive/MyDrive/grdh_outputs/detect/images/train/stego/DeskGPT/DeskGPT_train_p4096_0098.png,13.56268310546875,robust
train,DeskGPT,1024,stego,1,"a large open plaza during early morning fog, with an unobstructed view",,35099.0,/content/drive/MyDrive/grdh_outputs/detect/images/train/stego/DeskGPT/DeskGPT_train_p1024_0099.png,1.64532470703125,robust
train,DeskGPT,2048,stego,1,"a bustling cafe seen from above, with high structural clarity",,35100.0,/content/drive/MyDrive/grdh_outputs/detect/images/train/stego/DeskGPT/DeskGPT_train_p2048_0100.png,15.57037353515625,robust
train,DeskGPT,4096,stego,1,"a cozy living room in a long-exposure style, with precise visual framing",,35101.0,/content/drive/MyDrive/grdh_outputs/detect/images/train/stego/DeskGPT/DeskGPT_train_p4096_0101.png,3.87860107421875,robust
train,DeskGPT,1024,stego,1,"a large open plaza with emphasis on symmetry, with sharp architectural lines",,35102.0,/content/drive/MyDrive/grdh_outputs/detect/images/train/stego/DeskGPT/DeskGPT_train_p1024_0102.png,11.79803466796875,robust
train,DeskGPT,2048,stego,1,"a modern office space during early morning fog, with a clear subject focus",,35103.0,/content/drive/MyDrive/grdh_outputs/detect/images/train/stego/DeskGPT/DeskGPT_train_p2048_0103.png,26.01629638671875,robust
train,DeskGPT,4096,stego,1,"a mountain trail shot through a window, with distinct spatial separation",,35104.0,/content/drive/MyDrive/grdh_outputs/detect/images/train/stego/DeskGPT/DeskGPT_train_p4096_0104.png,14.51263427734375,robust
train,DeskGPT,1024,stego,1,"a calm riverbank with emphasis on symmetry, with a wide-angle perspective",,35105.0,/content/drive/MyDrive/grdh_outputs/detect/images/train/stego/DeskGPT/DeskGPT_train_p1024_0105.png,31.81182861328125,robust
train,DeskGPT,2048,stego,1,"a crowded train station with strong directional light, with clean geometric shapes",,35106.0,/content/drive/MyDrive/grdh_outputs/detect/images/train/stego/DeskGPT/DeskGPT_train_p2048_0106.png,18.18695068359375,robust
train,DeskGPT,4096,stego,1,"a narrow old-town alley with a shallow depth of field, with an unobstructed view",,35107.0,/content/drive/MyDrive/grdh_outputs/detect/images/train/stego/DeskGPT/DeskGPT_train_p4096_0107.png,17.50482177734375,robust
train,DeskGPT,1024,stego,1,"a bustling cafe with a cinematic perspective, with well-defined textures",,35108.0,/content/drive/MyDrive/grdh_outputs/detect/images/train/stego/DeskGPT/DeskGPT_train_p1024_0108.png,11.67596435546875,robust
train,DeskGPT,2048,stego,1,"a narrow old-town alley highlighting color contrasts, with high structural clarity",,35109.0,/content/drive/MyDrive/grdh_outputs/detect/images/train/stego/DeskGPT/DeskGPT_train_p2048_0109.png,24.63470458984375,robust
train,DeskGPT,4096,stego,1,"a large open plaza with a shallow depth of field, with layered environmental depth",,35110.0,/content/drive/MyDrive/grdh_outputs/detect/images/train/stego/DeskGPT/DeskGPT_train_p4096_0110.png,50.32928466796875,robust
train,DeskGPT,1024,stego,1,"a rustic kitchen with calm reflective surfaces, with layered environmental depth",,35111.0,/content/drive/MyDrive/grdh_outputs/detect/images/train/stego/DeskGPT/DeskGPT_train_p1024_0111.png,19.51849365234375,robust
train,DeskGPT,2048,stego,1,"a historic monument showing active human movement, with natural color tones",,35112.0,/content/drive/MyDrive/grdh_outputs/detect/images/train/stego/DeskGPT/DeskGPT_train_p2048_0112.png,18.65277099609375,robust
train,DeskGPT,4096,stego,1,"a dimly lit bar with strong directional light, with an unobstructed view",,35113.0,/content/drive/MyDrive/grdh_outputs/detect/images/train/stego/DeskGPT/DeskGPT_train_p4096_0113.png,28.99578857421875,robust
train,DeskGPT,1024,stego,1,"a snowy hillside with calm reflective surfaces, with organic natural forms",,35114.0,/content/drive/MyDrive/grdh_outputs/detect/images/train/stego/DeskGPT/DeskGPT_train_p1024_0114.png,14.15106201171875,robust
train,DeskGPT,2048,stego,1,"a moody lakeside dock shot through a window, with high micro-contrast",,35115.0,/content/drive/MyDrive/grdh_outputs/detect/images/train/stego/DeskGPT/DeskGPT_train_p2048_0115.png,16.71173095703125,robust
train,DeskGPT,4096,stego,1,"a rustic kitchen during early morning fog, with high structural clarity",,35116.0,/content/drive/MyDrive/grdh_outputs/detect/images/train/stego/DeskGPT/DeskGPT_train_p4096_0116.png,21.62750244140625,robust
train,DeskGPT,1024,stego,1,"a modern office space in a minimalistic composition, with detailed foreground elements",,35117.0,/content/drive/MyDrive/grdh_outputs/detect/images/train/stego/DeskGPT/DeskGPT_train_p1024_0117.png,10.76898193359375,robust
train,DeskGPT,2048,stego,1,"a bustling cafe captured during sunset, with a clear subject focus",,35118.0,/content/drive/MyDrive/grdh_outputs/detect/images/train/stego/DeskGPT/DeskGPT_train_p2048_0118.png,13.99505615234375,robust
train,DeskGPT,4096,stego,1,"a mountain trail showing active human movement, with sharp architectural lines",,35119.0,/content/drive/MyDrive/grdh_outputs/detect/images/train/stego/DeskGPT/DeskGPT_train_p4096_0119.png,29.06390380859375,robust
train,DeskGPT,1024,stego,1,"a historic monument with strong directional light, with high structural clarity",,35120.0,/content/drive/MyDrive/grdh_outputs/detect/images/train/stego/DeskGPT/DeskGPT_train_p1024_0120.png,9.40936279296875,robust
train,DeskGPT,2048,stego,1,"a bustling cafe showing active human movement, with soft background blur",,35121.0,/content/drive/MyDrive/grdh_outputs/detect/images/train/stego/DeskGPT/DeskGPT_train_p2048_0121.png,36.48602294921875,robust
train,DeskGPT,4096,stego,1,"a stone bridge over water captured at sunrise, with smooth reflective highlights",,35122.0,/content/drive/MyDrive/grdh_outputs/detect/images/train/stego/DeskGPT/DeskGPT_train_p4096_0122.png,4.24859619140625,robust
train,DeskGPT,1024,stego,1,"a vibrant festival in windy conditions, with a strong central subject",,35123.0,/content/drive/MyDrive/grdh_outputs/detect/images/train/stego/DeskGPT/DeskGPT_train_p1024_0123.png,7.32183837890625,robust
train,DeskGPT,2048,stego,1,"a remote farmhouse with emphasis on symmetry, with balanced lighting",,35124.0,/content/drive/MyDrive/grdh_outputs/detect/images/train/stego/DeskGPT/DeskGPT_train_p2048_0124.png,23.14715576171875,robust
train,DeskGPT,4096,stego,1,"a quiet museum hall seen from above, with a clear subject focus",,35125.0,/content/drive/MyDrive/grdh_outputs/detect/images/train/stego/DeskGPT/DeskGPT_train_p4096_0125.png,24.26507568359375,robust
train,DeskGPT,1024,stego,1,"an abandoned warehouse during light rainfall, with a clear subject focus",,35126.0,/content/drive/MyDrive/grdh_outputs/detect/images/train/stego/DeskGPT/DeskGPT_train_p1024_0126.png,9.09588623046875,robust
train,DeskGPT,2048,stego,1,"a crowded train station in windy conditions, with a strong central subject",,35127.0,/content/drive/MyDrive/grdh_outputs/detect/images/train/stego/DeskGPT/DeskGPT_train_p2048_0127.png,9.05242919921875,robust
train,DeskGPT,4096,stego,1,"a bustling cafe with a shallow depth of field, with high structural clarity",,35128.0,/content/drive/MyDrive/grdh_outputs/detect/images/train/stego/DeskGPT/DeskGPT_train_p4096_0128.png,20.49078369140625,robust
train,DeskGPT,1024,stego,1,"a quiet museum hall framed with leading lines, with soft background blur",,35129.0,/content/drive/MyDrive/grdh_outputs/detect/images/train/stego/DeskGPT/DeskGPT_train_p1024_0129.png,30.77386474609375,robust
train,DeskGPT,2048,stego,1,"a snowy hillside with a wide depth of field, with a strong central subject",,35130.0,/content/drive/MyDrive/grdh_outputs/detect/images/train/stego/DeskGPT/DeskGPT_train_p2048_0130.png,4.07940673828125,robust
train,DeskGPT,4096,stego,1,"a quiet street with a shallow depth of field, with well-defined textures",,35131.0,/content/drive/MyDrive/grdh_outputs/detect/images/train/stego/DeskGPT/DeskGPT_train_p4096_0131.png,26.64959716796875,robust
train,DeskGPT,1024,stego,1,"a modern office space seen from ground level, with soft background blur",,35132.0,/content/drive/MyDrive/grdh_outputs/detect/images/train/stego/DeskGPT/DeskGPT_train_p1024_0132.png,6.07171630859375,robust
train,DeskGPT,2048,stego,1,"a desert landscape in windy conditions, with clean geometric shapes",,35133.0,/content/drive/MyDrive/grdh_outputs/detect/images/train/stego/DeskGPT/DeskGPT_train_p2048_0133.png,31.09100341796875,robust
train,DeskGPT,4096,stego,1,"a busy marketplace in bright daylight, with an unobstructed view",,35134.0,/content/drive/MyDrive/grdh_outputs/detect/images/train/stego/DeskGPT/DeskGPT_train_p4096_0134.png,13.33294677734375,robust
train,DeskGPT,1024,stego,1,"a narrow old-town alley captured during sunset, with a clear subject focus",,35135.0,/content/drive/MyDrive/grdh_outputs/detect/images/train/stego/DeskGPT/DeskGPT_train_p1024_0135.png,43.71514892578125,robust
train,DeskGPT,2048,stego,1,"a dimly lit bar under dramatic shadows, with organic natural forms",,35136.0,/content/drive/MyDrive/grdh_outputs/detect/images/train/stego/DeskGPT/DeskGPT_train_p2048_0136.png,18.67156982421875,robust
train,DeskGPT,4096,stego,1,"a bustling cafe in a minimalistic composition, with a neutral color palette",,35137.0,/content/drive/MyDrive/grdh_outputs/detect/images/train/stego/DeskGPT/DeskGPT_train_p4096_0137.png,25.60858154296875,robust
train,DeskGPT,1024,stego,1,"a historic monument captured at sunrise, with layered environmental depth",,35138.0,/content/drive/MyDrive/grdh_outputs/detect/images/train/stego/DeskGPT/DeskGPT_train_p1024_0138.png,7.38507080078125,robust
train,DeskGPT,2048,stego,1,"a desert landscape with emphasis on symmetry, with a neutral color palette",,35139.0,/content/drive/MyDrive/grdh_outputs/detect/images/train/stego/DeskGPT/DeskGPT_train_p2048_0139.png,6.52215576171875,robust
train,DeskGPT,4096,stego,1,"a desert landscape showing active human movement, with a neutral color palette",,35140.0,/content/drive/MyDrive/grdh_outputs/detect/images/train/stego/DeskGPT/DeskGPT_train_p4096_0140.png,61.27569580078125,robust
train,DeskGPT,1024,stego,1,"a neon-lit alley under dramatic shadows, with high structural clarity",,35141.0,/content/drive/MyDrive/grdh_outputs/detect/images/train/stego/DeskGPT/DeskGPT_train_p1024_0141.png,41.56488037109375,robust
train,DeskGPT,2048,stego,1,"a desert landscape highlighting color contrasts, with a clear subject focus",,35142.0,/content/drive/MyDrive/grdh_outputs/detect/images/train/stego/DeskGPT/DeskGPT_train_p2048_0142.png,-0.42828369140625,robust
train,DeskGPT,4096,stego,1,"a crowded train station with soft natural light, with organic natural forms",,35143.0,/content/drive/MyDrive/grdh_outputs/detect/images/train/stego/DeskGPT/DeskGPT_train_p4096_0143.png,11.70953369140625,robust
train,DeskGPT,1024,stego,1,"a quiet museum hall in windy conditions, with a clear subject focus",,35144.0,/content/drive/MyDrive/grdh_outputs/detect/images/train/stego/DeskGPT/DeskGPT_train_p1024_0144.png,11.60406494140625,robust
train,DeskGPT,2048,stego,1,"a dimly lit bar seen from above, with balanced lighting",,35145.0,/content/drive/MyDrive/grdh_outputs/detect/images/train/stego/DeskGPT/DeskGPT_train_p2048_0145.png,3.89495849609375,robust
train,DeskGPT,4096,stego,1,"a peaceful garden shot through a window, with clean geometric shapes",,35146.0,/content/drive/MyDrive/grdh_outputs/detect/images/train/stego/DeskGPT/DeskGPT_train_p4096_0146.png,25.31011962890625,robust
train,DeskGPT,1024,stego,1,"a quiet museum hall showing subtle motion blur, with high structural clarity",,35147.0,/content/drive/MyDrive/grdh_outputs/detect/images/train/stego/DeskGPT/DeskGPT_train_p1024_0147.png,56.19134521484375,robust
train,DeskGPT,2048,stego,1,"a foggy forest during light rainfall, with clean geometric shapes",,35148.0,/content/drive/MyDrive/grdh_outputs/detect/images/train/stego/DeskGPT/DeskGPT_train_p2048_0148.png,11.28070068359375,robust
train,DeskGPT,4096,stego,1,"a foggy forest in overcast weather, with high micro-contrast",,35149.0,/content/drive/MyDrive/grdh_outputs/detect/images/train/stego/DeskGPT/DeskGPT_train_p4096_0149.png,1.24383544921875,robust
train,DeskGPT,1024,stego,1,"a coastal village in a minimalistic composition, with natural color tones",,35150.0,/content/drive/MyDrive/grdh_outputs/detect/images/train/stego/DeskGPT/DeskGPT_train_p1024_0150.png,31.81219482421875,robust
train,DeskGPT,2048,stego,1,"a futuristic skyline captured at sunrise, with high structural clarity",,35151.0,/content/drive/MyDrive/grdh_outputs/detect/images/train/stego/DeskGPT/DeskGPT_train_p2048_0151.png,17.84478759765625,robust
train,DeskGPT,4096,stego,1,"a snowy hillside seen from ground level, with distinct spatial separation",,35152.0,/content/drive/MyDrive/grdh_outputs/detect/images/train/stego/DeskGPT/DeskGPT_train_p4096_0152.png,-9.83013916015625,robust
train,DeskGPT,1024,stego,1,"a quiet library in overcast weather, with natural color tones",,35153.0,/content/drive/MyDrive/grdh_outputs/detect/images/train/stego/DeskGPT/DeskGPT_train_p1024_0153.png,31.67620849609375,robust
train,DeskGPT,2048,stego,1,"a desert landscape with a cinematic perspective, with a clear subject focus",,35154.0,/content/drive/MyDrive/grdh_outputs/detect/images/train/stego/DeskGPT/DeskGPT_train_p2048_0154.png,5.79803466796875,robust
train,DeskGPT,4096,stego,1,"a narrow old-town alley with a cinematic perspective, with layered environmental depth",,35155.0,/content/drive/MyDrive/grdh_outputs/detect/images/train/stego/DeskGPT/DeskGPT_train_p4096_0155.png,5.53802490234375,robust
train,DeskGPT,1024,stego,1,"a crowded train station with strong directional light, with sharp architectural lines",,35156.0,/content/drive/MyDrive/grdh_outputs/detect/images/train/stego/DeskGPT/DeskGPT_train_p1024_0156.png,14.09954833984375,robust
train,DeskGPT,2048,stego,1,"a quiet street captured during sunset, with an unobstructed view",,35157.0,/content/drive/MyDrive/grdh_outputs/detect/images/train/stego/DeskGPT/DeskGPT_train_p2048_0157.png,14.29449462890625,robust
train,DeskGPT,4096,stego,1,"a narrow old-town alley showing subtle motion blur, with a wide-angle perspective",,35158.0,/content/drive/MyDrive/grdh_outputs/detect/images/train/stego/DeskGPT/DeskGPT_train_p4096_0158.png,31.39691162109375,robust
train,DeskGPT,1024,stego,1,"a futuristic skyline highlighting color contrasts, with layered environmental depth",,35159.0,/content/drive/MyDrive/grdh_outputs/detect/images/train/stego/DeskGPT/DeskGPT_train_p1024_0159.png,36.14447021484375,robust
train,DeskGPT,2048,stego,1,"a futuristic skyline during early morning fog, with high structural clarity",,35160.0,/content/drive/MyDrive/grdh_outputs/detect/images/train/stego/DeskGPT/DeskGPT_train_p2048_0160.png,20.57513427734375,robust
train,DeskGPT,4096,stego,1,"a scientific laboratory highlighting color contrasts, with precise visual framing",,35161.0,/content/drive/MyDrive/grdh_outputs/detect/images/train/stego/DeskGPT/DeskGPT_train_p4096_0161.png,11.90753173828125,robust
train,DeskGPT,1024,stego,1,"a desert landscape with a shallow depth of field, with sharp architectural lines",,35162.0,/content/drive/MyDrive/grdh_outputs/detect/images/train/stego/DeskGPT/DeskGPT_train_p1024_0162.png,14.63421630859375,robust
train,DeskGPT,2048,stego,1,"a coastal village during light rainfall, with high micro-contrast",,35163.0,/content/drive/MyDrive/grdh_outputs/detect/images/train/stego/DeskGPT/DeskGPT_train_p2048_0163.png,27.55291748046875,robust
train,DeskGPT,4096,stego,1,"a cozy living room captured at sunrise, with a clear subject focus",,35164.0,/content/drive/MyDrive/grdh_outputs/detect/images/train/stego/DeskGPT/DeskGPT_train_p4096_0164.png,6.52484130859375,robust
train,DeskGPT,1024,stego,1,"a modern office space seen from ground level, with precise visual framing",,35165.0,/content/drive/MyDrive/grdh_outputs/detect/images/train/stego/DeskGPT/DeskGPT_train_p1024_0165.png,6.90325927734375,robust
train,DeskGPT,2048,stego,1,"a futuristic skyline presented with rich textures, with a subtle color gradient",,35166.0,/content/drive/MyDrive/grdh_outputs/detect/images/train/stego/DeskGPT/DeskGPT_train_p2048_0166.png,54.81463623046875,robust
train,DeskGPT,4096,stego,1,"a coastal village seen from above, with detailed foreground elements",,35167.0,/content/drive/MyDrive/grdh_outputs/detect/images/train/stego/DeskGPT/DeskGPT_train_p4096_0167.png,9.80560302734375,robust
train,DeskGPT,1024,stego,1,"a desert landscape framed with leading lines, with sharp architectural lines",,35168.0,/content/drive/MyDrive/grdh_outputs/detect/images/train/stego/DeskGPT/DeskGPT_train_p1024_0168.png,0.04534912109375,robust
train,DeskGPT,2048,stego,1,"a snowy hillside presented with rich textures, with soft background blur",,35169.0,/content/drive/MyDrive/grdh_outputs/detect/images/train/stego/DeskGPT/DeskGPT_train_p2048_0169.png,15.51287841796875,robust
train,DeskGPT,4096,stego,1,"a futuristic skyline with a shallow depth of field, with an unobstructed view",,35170.0,/content/drive/MyDrive/grdh_outputs/detect/images/train/stego/DeskGPT/DeskGPT_train_p4096_0170.png,6.86663818359375,robust
train,DeskGPT,1024,stego,1,"a moody lakeside dock framed with leading lines, with clean geometric shapes",,35171.0,/content/drive/MyDrive/grdh_outputs/detect/images/train/stego/DeskGPT/DeskGPT_train_p1024_0171.png,19.66644287109375,robust
train,DeskGPT,2048,stego,1,"a sunlit courtyard with emphasis on symmetry, with a clear subject focus",,35172.0,/content/drive/MyDrive/grdh_outputs/detect/images/train/stego/DeskGPT/DeskGPT_train_p2048_0172.png,37.21771240234375,robust
train,DeskGPT,4096,stego,1,"a rustic kitchen in bright daylight, with sharp architectural lines",,35173.0,/content/drive/MyDrive/grdh_outputs/detect/images/train/stego/DeskGPT/DeskGPT_train_p4096_0173.png,14.30389404296875,robust
train,DeskGPT,1024,stego,1,"a vibrant festival captured at sunrise, with high structural clarity",,35174.0,/content/drive/MyDrive/grdh_outputs/detect/images/train/stego/DeskGPT/DeskGPT_train_p1024_0174.png,-8.92523193359375,robust
train,DeskGPT,2048,stego,1,"a quiet street under dramatic shadows, with distinct spatial separation",,35175.0,/content/drive/MyDrive/grdh_outputs/detect/images/train/stego/DeskGPT/DeskGPT_train_p2048_0175.png,26.48004150390625,robust
train,DeskGPT,4096,stego,1,"a sunlit courtyard during light rainfall, with balanced lighting",,35176.0,/content/drive/MyDrive/grdh_outputs/detect/images/train/stego/DeskGPT/DeskGPT_train_p4096_0176.png,38.27752685546875,robust
train,DeskGPT,1024,stego,1,"a calm riverbank during light rainfall, with soft background blur",,35177.0,/content/drive/MyDrive/grdh_outputs/detect/images/train/stego/DeskGPT/DeskGPT_train_p1024_0177.png,3.20220947265625,robust
train,DeskGPT,2048,stego,1,"a scientific laboratory framed with leading lines, with well-defined textures",,35178.0,/content/drive/MyDrive/grdh_outputs/detect/images/train/stego/DeskGPT/DeskGPT_train_p2048_0178.png,53.69207763671875,robust
train,DeskGPT,4096,stego,1,"a desert landscape presented with rich textures, with a strong central subject",,35179.0,/content/drive/MyDrive/grdh_outputs/detect/images/train/stego/DeskGPT/DeskGPT_train_p4096_0179.png,23.91253662109375,robust
train,DeskGPT,1024,stego,1,"a quiet street seen from above, with an unobstructed view",,35180.0,/content/drive/MyDrive/grdh_outputs/detect/images/train/stego/DeskGPT/DeskGPT_train_p1024_0180.png,0.79339599609375,robust
train,DeskGPT,2048,stego,1,"an abandoned warehouse with calm reflective surfaces, with an unobstructed view",,35181.0,/content/drive/MyDrive/grdh_outputs/detect/images/train/stego/DeskGPT/DeskGPT_train_p2048_0181.png,16.02899169921875,robust
train,DeskGPT,4096,stego,1,"a large open plaza in windy conditions, with soft background blur",,35182.0,/content/drive/MyDrive/grdh_outputs/detect/images/train/stego/DeskGPT/DeskGPT_train_p4096_0182.png,31.67535400390625,robust
train,DeskGPT,1024,stego,1,"a narrow old-town alley showing active human movement, with detailed foreground elements",,35183.0,/content/drive/MyDrive/grdh_outputs/detect/images/train/stego/DeskGPT/DeskGPT_train_p1024_0183.png,24.89898681640625,robust
train,DeskGPT,2048,stego,1,"a busy marketplace in windy conditions, with balanced lighting",,35184.0,/content/drive/MyDrive/grdh_outputs/detect/images/train/stego/DeskGPT/DeskGPT_train_p2048_0184.png,14.67572021484375,robust
train,DeskGPT,4096,stego,1,"a large open plaza with a cinematic perspective, with a wide-angle perspective",,35185.0,/content/drive/MyDrive/grdh_outputs/detect/images/train/stego/DeskGPT/DeskGPT_train_p4096_0185.png,16.04595947265625,robust
train,DeskGPT,1024,stego,1,"a quiet library with a cinematic perspective, with a clear subject focus",,35186.0,/content/drive/MyDrive/grdh_outputs/detect/images/train/stego/DeskGPT/DeskGPT_train_p1024_0186.png,30.61407470703125,robust
train,DeskGPT,2048,stego,1,"an abandoned warehouse in overcast weather, with sharp architectural lines",,35187.0,/content/drive/MyDrive/grdh_outputs/detect/images/train/stego/DeskGPT/DeskGPT_train_p2048_0187.png,1.80718994140625,robust
train,DeskGPT,4096,stego,1,"a foggy forest in a long-exposure style, with precise visual framing",,35188.0,/content/drive/MyDrive/grdh_outputs/detect/images/train/stego/DeskGPT/DeskGPT_train_p4096_0188.png,8.96551513671875,robust
train,DeskGPT,1024,stego,1,"a modern office space showing subtle motion blur, with organic natural forms",,35189.0,/content/drive/MyDrive/grdh_outputs/detect/images/train/stego/DeskGPT/DeskGPT_train_p1024_0189.png,39.32574462890625,robust
train,DeskGPT,2048,stego,1,"a crowded train station shot through a window, with a neutral color palette",,35190.0,/content/drive/MyDrive/grdh_outputs/detect/images/train/stego/DeskGPT/DeskGPT_train_p2048_0190.png,15.11419677734375,robust
train,DeskGPT,4096,stego,1,"a stone bridge over water in bright daylight, with sharp architectural lines",,35191.0,/content/drive/MyDrive/grdh_outputs/detect/images/train/stego/DeskGPT/DeskGPT_train_p4096_0191.png,12.77386474609375,robust
train,DeskGPT,1024,stego,1,"a desert landscape showing active human movement, with balanced lighting",,35192.0,/content/drive/MyDrive/grdh_outputs/detect/images/train/stego/DeskGPT/DeskGPT_train_p1024_0192.png,10.10406494140625,robust
train,DeskGPT,2048,stego,1,"a stone bridge over water with emphasis on symmetry, with smooth reflective highlights",,35193.0,/content/drive/MyDrive/grdh_outputs/detect/images/train/stego/DeskGPT/DeskGPT_train_p2048_0193.png,3.16448974609375,robust
train,DeskGPT,4096,stego,1,"a rustic kitchen seen from ground level, with a wide-angle perspective",,35194.0,/content/drive/MyDrive/grdh_outputs/detect/images/train/stego/DeskGPT/DeskGPT_train_p4096_0194.png,14.30804443359375,robust
train,DeskGPT,1024,stego,1,"a mountain trail seen from above, with an unobstructed view",,35195.0,/content/drive/MyDrive/grdh_outputs/detect/images/train/stego/DeskGPT/DeskGPT_train_p1024_0195.png,33.19903564453125,robust
train,DeskGPT,2048,stego,1,"a dimly lit bar during light rainfall, with balanced lighting",,35196.0,/content/drive/MyDrive/grdh_outputs/detect/images/train/stego/DeskGPT/DeskGPT_train_p2048_0196.png,20.12542724609375,robust
train,DeskGPT,4096,stego,1,"a stone bridge over water seen from ground level, with a strong central subject",,35197.0,/content/drive/MyDrive/grdh_outputs/detect/images/train/stego/DeskGPT/DeskGPT_train_p4096_0197.png,17.13568115234375,robust
train,DeskGPT,1024,stego,1,"a quiet museum hall seen from above, with precise visual framing",,35198.0,/content/drive/MyDrive/grdh_outputs/detect/images/train/stego/DeskGPT/DeskGPT_train_p1024_0198.png,20.77459716796875,robust
train,DeskGPT,2048,stego,1,"a foggy forest presented with rich textures, with detailed foreground elements",,35199.0,/content/drive/MyDrive/grdh_outputs/detect/images/train/stego/DeskGPT/DeskGPT_train_p2048_0199.png,4.85736083984375,robust
