dataset,sample,payload,attack,mode_used,accuracy,encode_time,decode_time,total_time
DeskGPT,0,1024,clean,robust,1.0,2.3432,2.2688,4.612
DeskGPT,0,1024,png,robust,1.0,2.3432,2.2657,4.6089
DeskGPT,0,1024,jpeg90,robust,1.0,2.3432,2.2642,4.6074
DeskGPT,0,1024,jpeg70,robust,1.0,2.3432,2.276,4.6192
DeskGPT,0,1024,jpeg50,robust,0.979492,2.3432,2.2685,4.6117
DeskGPT,0,1024,resize0.5,robust,1.0,2.3432,2.2615,4.6047
DeskGPT,0,1024,resize0.75,robust,1.0,2.3432,2.2605,4.6037
DeskGPT,0,1024,resize1.25,robust,1.0,2.3432,2.2641,4.6073
DeskGPT,0,1024,resize1.5,robust,1.0,2.3432,2.2609,4.6041
DeskGPT,0,1024,gnoise01,robust,1.0,2.3432,2.2663,4.6095
DeskGPT,0,1024,gnoise05,robust,0.982422,2.3432,2.2721,4.6153
DeskGPT,0,1024,gnoise10,robust,0.873047,2.3432,2.2621,4.6053
DeskGPT,0,1024,gblur3,robust,1.0,2.3432,2.2645,4.6077
DeskGPT,0,1024,gblur5,robust,0.982422,2.3432,2.261,4.6042
DeskGPT,0,1024,gblur7,robust,0.929688,2.3432,2.2655,4.6087
DeskGPT,0,1024,mblur3,robust,1.0,2.3432,2.2745,4.6177
DeskGPT,0,1024,mblur5,robust,0.982422,2.3432,2.2685,4.6117
DeskGPT,0,1024,mblur7,robust,0.942383,2.3432,2.2669,4.6101
DeskGPT,1,1024,clean,robust,1.0,2.2929,2.2658,4.5587
DeskGPT,1,1024,png,robust,1.0,2.2929,2.2675,4.5604
DeskGPT,1,1024,jpeg90,robust,1.0,2.2929,2.2748,4.5677
DeskGPT,1,1024,jpeg70,robust,1.0,2.2929,2.2657,4.5586
DeskGPT,1,1024,jpeg50,robust,0.977539,2.2929,2.2647,4.5576
DeskGPT,1,1024,resize0.5,robust,1.0,2.2929,2.2632,4.5562
DeskGPT,1,1024,resize0.75,robust,1.0,2.2929,2.2659,4.5588
DeskGPT,1,1024,resize1.25,robust,1.0,2.2929,2.2677,4.5607
DeskGPT,1,1024,resize1.5,robust,1.0,2.2929,2.2656,4.5585
DeskGPT,1,1024,gnoise01,robust,1.0,2.2929,2.2644,4.5573
DeskGPT,1,1024,gnoise05,robust,0.958008,2.2929,2.2645,4.5575
DeskGPT,1,1024,gnoise10,robust,0.864258,2.2929,2.2707,4.5636
DeskGPT,1,1024,gblur3,robust,1.0,2.2929,2.2667,4.5596
DeskGPT,1,1024,gblur5,robust,1.0,2.2929,2.2721,4.5651
DeskGPT,1,1024,gblur7,robust,0.958008,2.2929,2.2676,4.5606
DeskGPT,1,1024,mblur3,robust,1.0,2.2929,2.2746,4.5675
DeskGPT,1,1024,mblur5,robust,1.0,2.2929,2.2782,4.5711
DeskGPT,1,1024,mblur7,robust,0.964844,2.2929,2.2777,4.5706
DeskGPT,2,1024,clean,robust,1.0,2.2994,2.2791,4.5785
DeskGPT,2,1024,png,robust,1.0,2.2994,2.2704,4.5699
DeskGPT,2,1024,jpeg90,robust,1.0,2.2994,2.2728,4.5722
DeskGPT,2,1024,jpeg70,robust,1.0,2.2994,2.2675,4.5669
DeskGPT,2,1024,jpeg50,robust,0.982422,2.2994,2.2655,4.5649
DeskGPT,2,1024,resize0.5,robust,1.0,2.2994,2.2704,4.5698
DeskGPT,2,1024,resize0.75,robust,1.0,2.2994,2.268,4.5674
DeskGPT,2,1024,resize1.25,robust,1.0,2.2994,2.268,4.5674
DeskGPT,2,1024,resize1.5,robust,1.0,2.2994,2.2667,4.5661
DeskGPT,2,1024,gnoise01,robust,1.0,2.2994,2.2655,4.5649
DeskGPT,2,1024,gnoise05,robust,0.96875,2.2994,2.2693,4.5687
DeskGPT,2,1024,gnoise10,robust,0.911133,2.2994,2.2751,4.5745
DeskGPT,2,1024,gblur3,robust,1.0,2.2994,2.2675,4.5669
DeskGPT,2,1024,gblur5,robust,1.0,2.2994,2.27,4.5694
DeskGPT,2,1024,gblur7,robust,0.969727,2.2994,2.2711,4.5705
DeskGPT,2,1024,mblur3,robust,1.0,2.2994,2.2651,4.5645
DeskGPT,2,1024,mblur5,robust,1.0,2.2994,2.2724,4.5718
DeskGPT,2,1024,mblur7,robust,0.981445,2.2994,2.2679,4.5673
DeskGPT,3,1024,clean,robust,1.0,2.3051,2.2747,4.5799
DeskGPT,3,1024,png,robust,1.0,2.3051,2.2651,4.5702
DeskGPT,3,1024,jpeg90,robust,1.0,2.3051,2.2756,4.5807
DeskGPT,3,1024,jpeg70,robust,1.0,2.3051,2.2698,4.5749
DeskGPT,3,1024,jpeg50,robust,1.0,2.3051,2.2721,4.5772
DeskGPT,3,1024,resize0.5,robust,1.0,2.3051,2.2693,4.5744
DeskGPT,3,1024,resize0.75,robust,1.0,2.3051,2.268,4.5732
DeskGPT,3,1024,resize1.25,robust,1.0,2.3051,2.2735,4.5787
DeskGPT,3,1024,resize1.5,robust,1.0,2.3051,2.2675,4.5726
DeskGPT,3,1024,gnoise01,robust,1.0,2.3051,2.2695,4.5746
DeskGPT,3,1024,gnoise05,robust,1.0,2.3051,2.2723,4.5774
DeskGPT,3,1024,gnoise10,robust,1.0,2.3051,2.2669,4.572
DeskGPT,3,1024,gblur3,robust,1.0,2.3051,2.2642,4.5693
DeskGPT,3,1024,gblur5,robust,1.0,2.3051,2.2728,4.5779
DeskGPT,3,1024,gblur7,robust,0.974609,2.3051,2.2692,4.5743
DeskGPT,3,1024,mblur3,robust,1.0,2.3051,2.2734,4.5786
DeskGPT,3,1024,mblur5,robust,1.0,2.3051,2.2673,4.5724
DeskGPT,3,1024,mblur7,robust,1.0,2.3051,2.276,4.5811
DeskGPT,4,1024,clean,robust,1.0,2.294,2.2706,4.5646
DeskGPT,4,1024,png,robust,1.0,2.294,2.267,4.561
DeskGPT,4,1024,jpeg90,robust,1.0,2.294,2.2766,4.5706
DeskGPT,4,1024,jpeg70,robust,0.955078,2.294,2.2705,4.5645
DeskGPT,4,1024,jpeg50,robust,0.926758,2.294,2.2643,4.5583
DeskGPT,4,1024,resize0.5,robust,1.0,2.294,2.2698,4.5638
DeskGPT,4,1024,resize0.75,robust,1.0,2.294,2.2647,4.5587
DeskGPT,4,1024,resize1.25,robust,1.0,2.294,2.2727,4.5668
DeskGPT,4,1024,resize1.5,robust,1.0,2.294,2.269,4.563
DeskGPT,4,1024,gnoise01,robust,1.0,2.294,2.2673,4.5613
DeskGPT,4,1024,gnoise05,robust,0.899414,2.294,2.2721,4.5661
DeskGPT,4,1024,gnoise10,robust,0.81543,2.294,2.2646,4.5586
DeskGPT,4,1024,gblur3,robust,1.0,2.294,2.2713,4.5653
DeskGPT,4,1024,gblur5,robust,0.942383,2.294,2.2739,4.5679
DeskGPT,4,1024,gblur7,robust,0.867188,2.294,2.268,4.562
DeskGPT,4,1024,mblur3,robust,1.0,2.294,2.2759,4.5699
DeskGPT,4,1024,mblur5,robust,0.958008,2.294,2.2652,4.5592
DeskGPT,4,1024,mblur7,robust,0.910156,2.294,2.2719,4.5659
DeskGPT,5,1024,clean,robust,1.0,2.2962,2.2696,4.5658
DeskGPT,5,1024,png,robust,1.0,2.2962,2.2637,4.56
DeskGPT,5,1024,jpeg90,robust,1.0,2.2962,2.2701,4.5663
DeskGPT,5,1024,jpeg70,robust,1.0,2.2962,2.2667,4.5629
DeskGPT,5,1024,jpeg50,robust,0.986328,2.2962,2.2685,4.5647
DeskGPT,5,1024,resize0.5,robust,1.0,2.2962,2.2708,4.567
DeskGPT,5,1024,resize0.75,robust,1.0,2.2962,2.2689,4.5651
DeskGPT,5,1024,resize1.25,robust,1.0,2.2962,2.2697,4.5659
DeskGPT,5,1024,resize1.5,robust,1.0,2.2962,2.2643,4.5605
DeskGPT,5,1024,gnoise01,robust,1.0,2.2962,2.2675,4.5637
DeskGPT,5,1024,gnoise05,robust,0.983398,2.2962,2.2725,4.5687
DeskGPT,5,1024,gnoise10,robust,0.951172,2.2962,2.2712,4.5674
DeskGPT,5,1024,gblur3,robust,1.0,2.2962,2.277,4.5732
DeskGPT,5,1024,gblur5,robust,1.0,2.2962,2.2666,4.5628
DeskGPT,5,1024,gblur7,robust,0.916992,2.2962,2.2644,4.5606
DeskGPT,5,1024,mblur3,robust,1.0,2.2962,2.2702,4.5664
DeskGPT,5,1024,mblur5,robust,1.0,2.2962,2.2725,4.5687
DeskGPT,5,1024,mblur7,robust,0.954102,2.2962,2.2735,4.5697
DeskGPT,6,1024,clean,robust,1.0,2.2958,2.2637,4.5595
DeskGPT,6,1024,png,robust,1.0,2.2958,2.267,4.5629
DeskGPT,6,1024,jpeg90,robust,1.0,2.2958,2.2655,4.5613
DeskGPT,6,1024,jpeg70,robust,1.0,2.2958,2.2703,4.5661
DeskGPT,6,1024,jpeg50,robust,1.0,2.2958,2.2807,4.5766
DeskGPT,6,1024,resize0.5,robust,1.0,2.2958,2.2695,4.5654
DeskGPT,6,1024,resize0.75,robust,1.0,2.2958,2.2667,4.5625
DeskGPT,6,1024,resize1.25,robust,1.0,2.2958,2.2669,4.5628
DeskGPT,6,1024,resize1.5,robust,1.0,2.2958,2.2661,4.5619
DeskGPT,6,1024,gnoise01,robust,1.0,2.2958,2.2741,4.5699
DeskGPT,6,1024,gnoise05,robust,0.958984,2.2958,2.2691,4.5649
DeskGPT,6,1024,gnoise10,robust,0.868164,2.2958,2.272,4.5678
DeskGPT,6,1024,gblur3,robust,1.0,2.2958,2.2669,4.5628
DeskGPT,6,1024,gblur5,robust,0.982422,2.2958,2.2661,4.562
DeskGPT,6,1024,gblur7,robust,0.929688,2.2958,2.2732,4.569
DeskGPT,6,1024,mblur3,robust,1.0,2.2958,2.2683,4.5641
DeskGPT,6,1024,mblur5,robust,1.0,2.2958,2.2716,4.5675
DeskGPT,6,1024,mblur7,robust,0.975586,2.2958,2.2648,4.5606
DeskGPT,7,1024,clean,robust,1.0,2.2952,2.2656,4.5608
DeskGPT,7,1024,png,robust,1.0,2.2952,2.2716,4.5668
DeskGPT,7,1024,jpeg90,robust,1.0,2.2952,2.2727,4.5679
DeskGPT,7,1024,jpeg70,robust,1.0,2.2952,2.2704,4.5656
DeskGPT,7,1024,jpeg50,robust,1.0,2.2952,2.266,4.5612
DeskGPT,7,1024,resize0.5,robust,1.0,2.2952,2.2718,4.5669
DeskGPT,7,1024,resize0.75,robust,1.0,2.2952,2.2698,4.565
DeskGPT,7,1024,resize1.25,robust,1.0,2.2952,2.2691,4.5643
DeskGPT,7,1024,resize1.5,robust,1.0,2.2952,2.2699,4.5651
DeskGPT,7,1024,gnoise01,robust,1.0,2.2952,2.2642,4.5594
DeskGPT,7,1024,gnoise05,robust,0.946289,2.2952,2.2683,4.5635
DeskGPT,7,1024,gnoise10,robust,0.886719,2.2952,2.2646,4.5598
DeskGPT,7,1024,gblur3,robust,1.0,2.2952,2.2721,4.5672
DeskGPT,7,1024,gblur5,robust,1.0,2.2952,2.2788,4.574
DeskGPT,7,1024,gblur7,robust,0.933594,2.2952,2.2688,4.564
DeskGPT,7,1024,mblur3,robust,1.0,2.2952,2.268,4.5632
DeskGPT,7,1024,mblur5,robust,1.0,2.2952,2.2683,4.5635
DeskGPT,7,1024,mblur7,robust,0.976562,2.2952,2.2713,4.5665
DeskGPT,8,1024,clean,robust,1.0,2.3009,2.27,4.571
DeskGPT,8,1024,png,robust,1.0,2.3009,2.2651,4.566
DeskGPT,8,1024,jpeg90,robust,1.0,2.3009,2.2687,4.5696
DeskGPT,8,1024,jpeg70,robust,0.957031,2.3009,2.2658,4.5667
DeskGPT,8,1024,jpeg50,robust,0.932617,2.3009,2.2692,4.5701
DeskGPT,8,1024,resize0.5,robust,0.979492,2.3009,2.2698,4.5707
DeskGPT,8,1024,resize0.75,robust,1.0,2.3009,2.2761,4.577
DeskGPT,8,1024,resize1.25,robust,1.0,2.3009,2.2699,4.5708
DeskGPT,8,1024,resize1.5,robust,1.0,2.3009,2.2651,4.5661
DeskGPT,8,1024,gnoise01,robust,1.0,2.3009,2.2688,4.5697
DeskGPT,8,1024,gnoise05,robust,0.885742,2.3009,2.2684,4.5693
DeskGPT,8,1024,gnoise10,robust,0.77832,2.3009,2.2722,4.5731
DeskGPT,8,1024,gblur3,robust,0.980469,2.3009,2.2771,4.5781
DeskGPT,8,1024,gblur5,robust,0.935547,2.3009,2.2772,4.5782
DeskGPT,8,1024,gblur7,robust,0.870117,2.3009,2.2661,4.5671
DeskGPT,8,1024,mblur3,robust,0.983398,2.3009,2.2658,4.5667
DeskGPT,8,1024,mblur5,robust,0.918945,2.3009,2.2712,4.5721
DeskGPT,8,1024,mblur7,robust,0.870117,2.3009,2.2669,4.5679
DeskGPT,9,1024,clean,robust,1.0,2.2978,2.2717,4.5695
DeskGPT,9,1024,png,robust,1.0,2.2978,2.2706,4.5684
DeskGPT,9,1024,jpeg90,robust,1.0,2.2978,2.2787,4.5765
DeskGPT,9,1024,jpeg70,robust,0.979492,2.2978,2.2693,4.567
DeskGPT,9,1024,jpeg50,robust,0.944336,2.2978,2.2691,4.5669
DeskGPT,9,1024,resize0.5,robust,0.974609,2.2978,2.2653,4.563
DeskGPT,9,1024,resize0.75,robust,1.0,2.2978,2.2646,4.5624
DeskGPT,9,1024,resize1.25,robust,1.0,2.2978,2.2657,4.5635
DeskGPT,9,1024,resize1.5,robust,1.0,2.2978,2.2669,4.5646
DeskGPT,9,1024,gnoise01,robust,1.0,2.2978,2.2723,4.5701
DeskGPT,9,1024,gnoise05,robust,0.926758,2.2978,2.2647,4.5624
DeskGPT,9,1024,gnoise10,robust,0.827148,2.2978,2.2643,4.5621
DeskGPT,9,1024,gblur3,robust,0.982422,2.2978,2.2662,4.564
DeskGPT,9,1024,gblur5,robust,0.882812,2.2978,2.2637,4.5615
DeskGPT,9,1024,gblur7,robust,0.829102,2.2978,2.2704,4.5682
DeskGPT,9,1024,mblur3,robust,0.974609,2.2978,2.2732,4.571
DeskGPT,9,1024,mblur5,robust,0.87793,2.2978,2.2701,4.5679
DeskGPT,9,1024,mblur7,robust,0.831055,2.2978,2.2667,4.5645
DeskGPT,10,1024,clean,robust,1.0,2.294,2.272,4.566
DeskGPT,10,1024,png,robust,1.0,2.294,2.2711,4.5651
DeskGPT,10,1024,jpeg90,robust,1.0,2.294,2.2712,4.5652
DeskGPT,10,1024,jpeg70,robust,1.0,2.294,2.2681,4.5621
DeskGPT,10,1024,jpeg50,robust,1.0,2.294,2.2721,4.5661
DeskGPT,10,1024,resize0.5,robust,1.0,2.294,2.274,4.5681
DeskGPT,10,1024,resize0.75,robust,1.0,2.294,2.2664,4.5604
DeskGPT,10,1024,resize1.25,robust,1.0,2.294,2.2759,4.5699
DeskGPT,10,1024,resize1.5,robust,1.0,2.294,2.2672,4.5613
DeskGPT,10,1024,gnoise01,robust,1.0,2.294,2.2726,4.5666
DeskGPT,10,1024,gnoise05,robust,0.947266,2.294,2.2736,4.5676
DeskGPT,10,1024,gnoise10,robust,0.891602,2.294,2.2645,4.5585
DeskGPT,10,1024,gblur3,robust,1.0,2.294,2.2725,4.5665
DeskGPT,10,1024,gblur5,robust,0.973633,2.294,2.2688,4.5629
DeskGPT,10,1024,gblur7,robust,0.907227,2.294,2.2654,4.5595
DeskGPT,10,1024,mblur3,robust,1.0,2.294,2.2685,4.5625
DeskGPT,10,1024,mblur5,robust,0.983398,2.294,2.2671,4.5611
DeskGPT,10,1024,mblur7,robust,0.924805,2.294,2.2709,4.5649
DeskGPT,11,1024,clean,robust,1.0,2.2944,2.2694,4.5638
DeskGPT,11,1024,png,robust,1.0,2.2944,2.2711,4.5655
DeskGPT,11,1024,jpeg90,robust,1.0,2.2944,2.2631,4.5575
DeskGPT,11,1024,jpeg70,robust,1.0,2.2944,2.2664,4.5608
DeskGPT,11,1024,jpeg50,robust,1.0,2.2944,2.2681,4.5625
DeskGPT,11,1024,resize0.5,robust,1.0,2.2944,2.2717,4.5661
DeskGPT,11,1024,resize0.75,robust,1.0,2.2944,2.2683,4.5627
DeskGPT,11,1024,resize1.25,robust,1.0,2.2944,2.2641,4.5585
DeskGPT,11,1024,resize1.5,robust,1.0,2.2944,2.2643,4.5587
DeskGPT,11,1024,gnoise01,robust,1.0,2.2944,2.2671,4.5615
DeskGPT,11,1024,gnoise05,robust,0.972656,2.2944,2.2672,4.5616
DeskGPT,11,1024,gnoise10,robust,0.899414,2.2944,2.2735,4.5678
DeskGPT,11,1024,gblur3,robust,1.0,2.2944,2.2641,4.5585
DeskGPT,11,1024,gblur5,robust,0.960938,2.2944,2.2667,4.5611
DeskGPT,11,1024,gblur7,robust,0.881836,2.2944,2.2647,4.559
DeskGPT,11,1024,mblur3,robust,1.0,2.2944,2.2672,4.5616
DeskGPT,11,1024,mblur5,robust,0.954102,2.2944,2.2755,4.5699
DeskGPT,11,1024,mblur7,robust,0.908203,2.2944,2.2729,4.5672
DeskGPT,12,1024,clean,robust,1.0,2.298,2.2668,4.5649
DeskGPT,12,1024,png,robust,1.0,2.298,2.2654,4.5634
DeskGPT,12,1024,jpeg90,robust,1.0,2.298,2.267,4.565
DeskGPT,12,1024,jpeg70,robust,1.0,2.298,2.2696,4.5676
DeskGPT,12,1024,jpeg50,robust,1.0,2.298,2.2697,4.5678
DeskGPT,12,1024,resize0.5,robust,1.0,2.298,2.2647,4.5627
DeskGPT,12,1024,resize0.75,robust,1.0,2.298,2.2642,4.5623
DeskGPT,12,1024,resize1.25,robust,1.0,2.298,2.2662,4.5642
DeskGPT,12,1024,resize1.5,robust,1.0,2.298,2.2658,4.5638
DeskGPT,12,1024,gnoise01,robust,1.0,2.298,2.2708,4.5688
DeskGPT,12,1024,gnoise05,robust,0.972656,2.298,2.2665,4.5646
DeskGPT,12,1024,gnoise10,robust,0.925781,2.298,2.2676,4.5657
DeskGPT,12,1024,gblur3,robust,1.0,2.298,2.2669,4.565
DeskGPT,12,1024,gblur5,robust,1.0,2.298,2.2677,4.5657
DeskGPT,12,1024,gblur7,robust,0.950195,2.298,2.2715,4.5695
DeskGPT,12,1024,mblur3,robust,1.0,2.298,2.2676,4.5656
DeskGPT,12,1024,mblur5,robust,1.0,2.298,2.2678,4.5658
DeskGPT,12,1024,mblur7,robust,0.975586,2.298,2.2721,4.5701
DeskGPT,13,1024,clean,robust,1.0,2.2985,2.2656,4.564
DeskGPT,13,1024,png,robust,1.0,2.2985,2.2715,4.57
DeskGPT,13,1024,jpeg90,robust,1.0,2.2985,2.2671,4.5656
DeskGPT,13,1024,jpeg70,robust,1.0,2.2985,2.267,4.5655
DeskGPT,13,1024,jpeg50,robust,0.980469,2.2985,2.265,4.5634
DeskGPT,13,1024,resize0.5,robust,1.0,2.2985,2.2719,4.5703
DeskGPT,13,1024,resize0.75,robust,1.0,2.2985,2.2692,4.5677
DeskGPT,13,1024,resize1.25,robust,1.0,2.2985,2.2774,4.5759
DeskGPT,13,1024,resize1.5,robust,1.0,2.2985,2.2684,4.5669
DeskGPT,13,1024,gnoise01,robust,1.0,2.2985,2.2654,4.5639
DeskGPT,13,1024,gnoise05,robust,0.911133,2.2985,2.2673,4.5657
DeskGPT,13,1024,gnoise10,robust,0.805664,2.2985,2.2642,4.5627
DeskGPT,13,1024,gblur3,robust,1.0,2.2985,2.2711,4.5696
DeskGPT,13,1024,gblur5,robust,0.975586,2.2985,2.268,4.5665
DeskGPT,13,1024,gblur7,robust,0.885742,2.2985,2.2652,4.5637
DeskGPT,13,1024,mblur3,robust,1.0,2.2985,2.2655,4.564
DeskGPT,13,1024,mblur5,robust,0.978516,2.2985,2.2656,4.5641
DeskGPT,13,1024,mblur7,robust,0.925781,2.2985,2.2721,4.5706
DeskGPT,14,1024,clean,robust,1.0,2.3026,2.2684,4.571
DeskGPT,14,1024,png,robust,1.0,2.3026,2.2676,4.5702
DeskGPT,14,1024,jpeg90,robust,1.0,2.3026,2.2666,4.5692
DeskGPT,14,1024,jpeg70,robust,0.981445,2.3026,2.2702,4.5729
DeskGPT,14,1024,jpeg50,robust,0.977539,2.3026,2.269,4.5716
DeskGPT,14,1024,resize0.5,robust,1.0,2.3026,2.2704,4.573
DeskGPT,14,1024,resize0.75,robust,1.0,2.3026,2.2676,4.5702
DeskGPT,14,1024,resize1.25,robust,1.0,2.3026,2.2662,4.5688
DeskGPT,14,1024,resize1.5,robust,1.0,2.3026,2.2682,4.5708
DeskGPT,14,1024,gnoise01,robust,1.0,2.3026,2.2647,4.5674
DeskGPT,14,1024,gnoise05,robust,0.973633,2.3026,2.2724,4.575
DeskGPT,14,1024,gnoise10,robust,0.938477,2.3026,2.2675,4.5702
DeskGPT,14,1024,gblur3,robust,1.0,2.3026,2.2673,4.57
DeskGPT,14,1024,gblur5,robust,0.961914,2.3026,2.268,4.5706
DeskGPT,14,1024,gblur7,robust,0.870117,2.3026,2.2672,4.5699
DeskGPT,14,1024,mblur3,robust,1.0,2.3026,2.277,4.5796
DeskGPT,14,1024,mblur5,robust,0.957031,2.3026,2.2708,4.5735
DeskGPT,14,1024,mblur7,robust,0.900391,2.3026,2.2739,4.5765
DeskGPT,15,1024,clean,robust,1.0,2.2982,2.2683,4.5665
DeskGPT,15,1024,png,robust,1.0,2.2982,2.2658,4.5639
DeskGPT,15,1024,jpeg90,robust,1.0,2.2982,2.2686,4.5668
DeskGPT,15,1024,jpeg70,robust,0.957031,2.2982,2.2729,4.5711
DeskGPT,15,1024,jpeg50,robust,0.916016,2.2982,2.2677,4.5659
DeskGPT,15,1024,resize0.5,robust,1.0,2.2982,2.2652,4.5634
DeskGPT,15,1024,resize0.75,robust,1.0,2.2982,2.2669,4.565
DeskGPT,15,1024,resize1.25,robust,1.0,2.2982,2.2645,4.5627
DeskGPT,15,1024,resize1.5,robust,1.0,2.2982,2.2692,4.5674
DeskGPT,15,1024,gnoise01,robust,1.0,2.2982,2.2723,4.5705
DeskGPT,15,1024,gnoise05,robust,0.912109,2.2982,2.264,4.5622
DeskGPT,15,1024,gnoise10,robust,0.842773,2.2982,2.2664,4.5646
DeskGPT,15,1024,gblur3,robust,1.0,2.2982,2.2648,4.563
DeskGPT,15,1024,gblur5,robust,0.947266,2.2982,2.2679,4.5661
DeskGPT,15,1024,gblur7,robust,0.884766,2.2982,2.2733,4.5715
DeskGPT,15,1024,mblur3,robust,1.0,2.2982,2.2693,4.5674
DeskGPT,15,1024,mblur5,robust,0.950195,2.2982,2.2686,4.5668
DeskGPT,15,1024,mblur7,robust,0.894531,2.2982,2.2674,4.5656
DeskGPT,16,1024,clean,robust,1.0,2.2921,2.2648,4.5569
DeskGPT,16,1024,png,robust,1.0,2.2921,2.274,4.5662
DeskGPT,16,1024,jpeg90,robust,1.0,2.2921,2.2757,4.5679
DeskGPT,16,1024,jpeg70,robust,1.0,2.2921,2.2734,4.5656
DeskGPT,16,1024,jpeg50,robust,1.0,2.2921,2.2764,4.5685
DeskGPT,16,1024,resize0.5,robust,1.0,2.2921,2.2699,4.5621
DeskGPT,16,1024,resize0.75,robust,1.0,2.2921,2.2669,4.559
DeskGPT,16,1024,resize1.25,robust,1.0,2.2921,2.2714,4.5635
DeskGPT,16,1024,resize1.5,robust,1.0,2.2921,2.2642,4.5563
DeskGPT,16,1024,gnoise01,robust,1.0,2.2921,2.2679,4.56
DeskGPT,16,1024,gnoise05,robust,1.0,2.2921,2.2637,4.5558
DeskGPT,16,1024,gnoise10,robust,1.0,2.2921,2.2686,4.5607
DeskGPT,16,1024,gblur3,robust,1.0,2.2921,2.2717,4.5638
DeskGPT,16,1024,gblur5,robust,1.0,2.2921,2.2693,4.5614
DeskGPT,16,1024,gblur7,robust,1.0,2.2921,2.2681,4.5602
DeskGPT,16,1024,mblur3,robust,1.0,2.2921,2.2666,4.5587
DeskGPT,16,1024,mblur5,robust,1.0,2.2921,2.2669,4.5591
DeskGPT,16,1024,mblur7,robust,1.0,2.2921,2.275,4.5671
DeskGPT,17,1024,clean,robust,1.0,2.295,2.269,4.564
DeskGPT,17,1024,png,robust,1.0,2.295,2.2647,4.5597
DeskGPT,17,1024,jpeg90,robust,1.0,2.295,2.266,4.5611
DeskGPT,17,1024,jpeg70,robust,1.0,2.295,2.2678,4.5628
DeskGPT,17,1024,jpeg50,robust,1.0,2.295,2.2658,4.5608
DeskGPT,17,1024,resize0.5,robust,1.0,2.295,2.2802,4.5752
DeskGPT,17,1024,resize0.75,robust,1.0,2.295,2.2711,4.5662
DeskGPT,17,1024,resize1.25,robust,1.0,2.295,2.2685,4.5635
DeskGPT,17,1024,resize1.5,robust,1.0,2.295,2.2647,4.5597
DeskGPT,17,1024,gnoise01,robust,1.0,2.295,2.2661,4.5611
DeskGPT,17,1024,gnoise05,robust,1.0,2.295,2.2697,4.5647
DeskGPT,17,1024,gnoise10,robust,0.953125,2.295,2.2678,4.5628
DeskGPT,17,1024,gblur3,robust,1.0,2.295,2.2706,4.5657
DeskGPT,17,1024,gblur5,robust,1.0,2.295,2.2684,4.5634
DeskGPT,17,1024,gblur7,robust,0.961914,2.295,2.2634,4.5585
DeskGPT,17,1024,mblur3,robust,1.0,2.295,2.2658,4.5608
DeskGPT,17,1024,mblur5,robust,1.0,2.295,2.2725,4.5676
DeskGPT,17,1024,mblur7,robust,0.978516,2.295,2.2669,4.5619
DeskGPT,18,1024,clean,robust,1.0,2.2972,2.2658,4.563
DeskGPT,18,1024,png,robust,1.0,2.2972,2.2696,4.5668
DeskGPT,18,1024,jpeg90,robust,1.0,2.2972,2.2697,4.5669
DeskGPT,18,1024,jpeg70,robust,0.973633,2.2972,2.2725,4.5697
DeskGPT,18,1024,jpeg50,robust,0.941406,2.2972,2.2718,4.5689
DeskGPT,18,1024,resize0.5,robust,0.982422,2.2972,2.267,4.5642
DeskGPT,18,1024,resize0.75,robust,1.0,2.2972,2.2649,4.5621
DeskGPT,18,1024,resize1.25,robust,1.0,2.2972,2.2653,4.5625
DeskGPT,18,1024,resize1.5,robust,1.0,2.2972,2.2695,4.5667
DeskGPT,18,1024,gnoise01,robust,1.0,2.2972,2.2696,4.5668
DeskGPT,18,1024,gnoise05,robust,0.90918,2.2972,2.2637,4.5609
DeskGPT,18,1024,gnoise10,robust,0.867188,2.2972,2.263,4.5602
DeskGPT,18,1024,gblur3,robust,1.0,2.2972,2.2663,4.5635
DeskGPT,18,1024,gblur5,robust,0.931641,2.2972,2.2648,4.562
DeskGPT,18,1024,gblur7,robust,0.866211,2.2972,2.2722,4.5694
DeskGPT,18,1024,mblur3,robust,0.986328,2.2972,2.2706,4.5678
DeskGPT,18,1024,mblur5,robust,0.939453,2.2972,2.2652,4.5624
DeskGPT,18,1024,mblur7,robust,0.874023,2.2972,2.2665,4.5637
DeskGPT,19,1024,clean,robust,1.0,2.2989,2.2642,4.5631
DeskGPT,19,1024,png,robust,1.0,2.2989,2.2764,4.5753
DeskGPT,19,1024,jpeg90,robust,1.0,2.2989,2.2731,4.572
DeskGPT,19,1024,jpeg70,robust,1.0,2.2989,2.2683,4.5673
DeskGPT,19,1024,jpeg50,robust,1.0,2.2989,2.2675,4.5664
DeskGPT,19,1024,resize0.5,robust,0.983398,2.2989,2.2655,4.5644
DeskGPT,19,1024,resize0.75,robust,1.0,2.2989,2.2668,4.5657
DeskGPT,19,1024,resize1.25,robust,1.0,2.2989,2.2799,4.5788
DeskGPT,19,1024,resize1.5,robust,1.0,2.2989,2.2641,4.5631
DeskGPT,19,1024,gnoise01,robust,1.0,2.2989,2.2641,4.5631
DeskGPT,19,1024,gnoise05,robust,0.980469,2.2989,2.2643,4.5632
DeskGPT,19,1024,gnoise10,robust,0.90918,2.2989,2.2641,4.563
DeskGPT,19,1024,gblur3,robust,1.0,2.2989,2.272,4.571
DeskGPT,19,1024,gblur5,robust,0.944336,2.2989,2.2684,4.5673
DeskGPT,19,1024,gblur7,robust,0.873047,2.2989,2.2681,4.567
DeskGPT,19,1024,mblur3,robust,1.0,2.2989,2.2657,4.5646
DeskGPT,19,1024,mblur5,robust,0.960938,2.2989,2.2695,4.5684
DeskGPT,19,1024,mblur7,robust,0.90918,2.2989,2.2732,4.5721
DeskGPT,20,1024,clean,robust,1.0,2.2946,2.2665,4.5611
DeskGPT,20,1024,png,robust,1.0,2.2946,2.2642,4.5588
DeskGPT,20,1024,jpeg90,robust,1.0,2.2946,2.2672,4.5618
DeskGPT,20,1024,jpeg70,robust,1.0,2.2946,2.2671,4.5617
DeskGPT,20,1024,jpeg50,robust,1.0,2.2946,2.2675,4.5621
DeskGPT,20,1024,resize0.5,robust,1.0,2.2946,2.2757,4.5703
DeskGPT,20,1024,resize0.75,robust,1.0,2.2946,2.2671,4.5617
DeskGPT,20,1024,resize1.25,robust,1.0,2.2946,2.2643,4.559
DeskGPT,20,1024,resize1.5,robust,1.0,2.2946,2.2653,4.5599
DeskGPT,20,1024,gnoise01,robust,1.0,2.2946,2.2744,4.569
DeskGPT,20,1024,gnoise05,robust,1.0,2.2946,2.271,4.5656
DeskGPT,20,1024,gnoise10,robust,0.979492,2.2946,2.2667,4.5614
DeskGPT,20,1024,gblur3,robust,1.0,2.2946,2.268,4.5627
DeskGPT,20,1024,gblur5,robust,0.985352,2.2946,2.2633,4.5579
DeskGPT,20,1024,gblur7,robust,0.929688,2.2946,2.264,4.5586
DeskGPT,20,1024,mblur3,robust,1.0,2.2946,2.2664,4.561
DeskGPT,20,1024,mblur5,robust,1.0,2.2946,2.2712,4.5658
DeskGPT,20,1024,mblur7,robust,0.953125,2.2946,2.2654,4.5601
DeskGPT,21,1024,clean,robust,1.0,2.2944,2.2632,4.5576
DeskGPT,21,1024,png,robust,1.0,2.2944,2.2646,4.559
DeskGPT,21,1024,jpeg90,robust,1.0,2.2944,2.2689,4.5633
DeskGPT,21,1024,jpeg70,robust,1.0,2.2944,2.2688,4.5631
DeskGPT,21,1024,jpeg50,robust,1.0,2.2944,2.2664,4.5608
DeskGPT,21,1024,resize0.5,robust,1.0,2.2944,2.2668,4.5612
DeskGPT,21,1024,resize0.75,robust,1.0,2.2944,2.2635,4.5579
DeskGPT,21,1024,resize1.25,robust,1.0,2.2944,2.2632,4.5576
DeskGPT,21,1024,resize1.5,robust,1.0,2.2944,2.267,4.5614
DeskGPT,21,1024,gnoise01,robust,1.0,2.2944,2.2665,4.5608
DeskGPT,21,1024,gnoise05,robust,1.0,2.2944,2.2636,4.558
DeskGPT,21,1024,gnoise10,robust,1.0,2.2944,2.2652,4.5596
DeskGPT,21,1024,gblur3,robust,1.0,2.2944,2.2637,4.5581
DeskGPT,21,1024,gblur5,robust,1.0,2.2944,2.2682,4.5625
DeskGPT,21,1024,gblur7,robust,0.957031,2.2944,2.2765,4.5709
DeskGPT,21,1024,mblur3,robust,1.0,2.2944,2.2656,4.56
DeskGPT,21,1024,mblur5,robust,1.0,2.2944,2.2659,4.5603
DeskGPT,21,1024,mblur7,robust,0.96875,2.2944,2.2738,4.5681
DeskGPT,22,1024,clean,robust,1.0,2.2973,2.2658,4.5632
DeskGPT,22,1024,png,robust,1.0,2.2973,2.2752,4.5725
DeskGPT,22,1024,jpeg90,robust,1.0,2.2973,2.2659,4.5632
DeskGPT,22,1024,jpeg70,robust,0.988281,2.2973,2.2628,4.5601
DeskGPT,22,1024,jpeg50,robust,0.948242,2.2973,2.2631,4.5604
DeskGPT,22,1024,resize0.5,robust,1.0,2.2973,2.2647,4.562
DeskGPT,22,1024,resize0.75,robust,1.0,2.2973,2.2711,4.5684
DeskGPT,22,1024,resize1.25,robust,1.0,2.2973,2.2674,4.5647
DeskGPT,22,1024,resize1.5,robust,1.0,2.2973,2.2636,4.5609
DeskGPT,22,1024,gnoise01,robust,1.0,2.2973,2.2635,4.5609
DeskGPT,22,1024,gnoise05,robust,0.907227,2.2973,2.2633,4.5606
DeskGPT,22,1024,gnoise10,robust,0.825195,2.2973,2.2631,4.5604
DeskGPT,22,1024,gblur3,robust,1.0,2.2973,2.2679,4.5652
DeskGPT,22,1024,gblur5,robust,1.0,2.2973,2.2665,4.5638
DeskGPT,22,1024,gblur7,robust,0.953125,2.2973,2.2652,4.5625
DeskGPT,22,1024,mblur3,robust,1.0,2.2973,2.2653,4.5626
DeskGPT,22,1024,mblur5,robust,1.0,2.2973,2.2659,4.5632
DeskGPT,22,1024,mblur7,robust,0.982422,2.2973,2.2675,4.5648
DeskGPT,23,1024,clean,robust,1.0,2.3009,2.2654,4.5663
DeskGPT,23,1024,png,robust,1.0,2.3009,2.2637,4.5647
DeskGPT,23,1024,jpeg90,robust,1.0,2.3009,2.2643,4.5653
DeskGPT,23,1024,jpeg70,robust,1.0,2.3009,2.2679,4.5688
DeskGPT,23,1024,jpeg50,robust,1.0,2.3009,2.268,4.569
DeskGPT,23,1024,resize0.5,robust,1.0,2.3009,2.269,4.5699
DeskGPT,23,1024,resize0.75,robust,1.0,2.3009,2.2672,4.5681
DeskGPT,23,1024,resize1.25,robust,1.0,2.3009,2.269,4.5699
DeskGPT,23,1024,resize1.5,robust,1.0,2.3009,2.263,4.5639
DeskGPT,23,1024,gnoise01,robust,1.0,2.3009,2.2651,4.566
DeskGPT,23,1024,gnoise05,robust,0.981445,2.3009,2.2722,4.5732
DeskGPT,23,1024,gnoise10,robust,0.914062,2.3009,2.2673,4.5682
DeskGPT,23,1024,gblur3,robust,1.0,2.3009,2.2657,4.5666
DeskGPT,23,1024,gblur5,robust,1.0,2.3009,2.2652,4.5661
DeskGPT,23,1024,gblur7,robust,0.945312,2.3009,2.2661,4.5671
DeskGPT,23,1024,mblur3,robust,1.0,2.3009,2.2659,4.5669
DeskGPT,23,1024,mblur5,robust,1.0,2.3009,2.2708,4.5718
DeskGPT,23,1024,mblur7,robust,0.969727,2.3009,2.2705,4.5714
DeskGPT,24,1024,clean,robust,1.0,2.2974,2.2637,4.5611
DeskGPT,24,1024,png,robust,1.0,2.2974,2.2647,4.562
DeskGPT,24,1024,jpeg90,robust,1.0,2.2974,2.265,4.5624
DeskGPT,24,1024,jpeg70,robust,1.0,2.2974,2.2711,4.5684
DeskGPT,24,1024,jpeg50,robust,0.984375,2.2974,2.264,4.5613
DeskGPT,24,1024,resize0.5,robust,1.0,2.2974,2.2649,4.5622
DeskGPT,24,1024,resize0.75,robust,1.0,2.2974,2.2636,4.5609
DeskGPT,24,1024,resize1.25,robust,1.0,2.2974,2.2664,4.5637
DeskGPT,24,1024,resize1.5,robust,1.0,2.2974,2.2691,4.5665
DeskGPT,24,1024,gnoise01,robust,1.0,2.2974,2.267,4.5643
DeskGPT,24,1024,gnoise05,robust,0.970703,2.2974,2.2649,4.5622
DeskGPT,24,1024,gnoise10,robust,0.920898,2.2974,2.2645,4.5619
DeskGPT,24,1024,gblur3,robust,1.0,2.2974,2.2693,4.5667
DeskGPT,24,1024,gblur5,robust,0.966797,2.2974,2.2672,4.5645
DeskGPT,24,1024,gblur7,robust,0.888672,2.2974,2.2723,4.5697
DeskGPT,24,1024,mblur3,robust,1.0,2.2974,2.2714,4.5687
DeskGPT,24,1024,mblur5,robust,0.981445,2.2974,2.2647,4.562
DeskGPT,24,1024,mblur7,robust,0.942383,2.2974,2.2654,4.5628
DeskGPT,25,1024,clean,robust,1.0,2.2957,2.2632,4.5588
DeskGPT,25,1024,png,robust,1.0,2.2957,2.269,4.5646
DeskGPT,25,1024,jpeg90,robust,1.0,2.2957,2.2698,4.5655
DeskGPT,25,1024,jpeg70,robust,1.0,2.2957,2.269,4.5647
DeskGPT,25,1024,jpeg50,robust,0.966797,2.2957,2.2697,4.5653
DeskGPT,25,1024,resize0.5,robust,1.0,2.2957,2.2661,4.5618
DeskGPT,25,1024,resize0.75,robust,1.0,2.2957,2.2687,4.5643
DeskGPT,25,1024,resize1.25,robust,1.0,2.2957,2.2689,4.5645
DeskGPT,25,1024,resize1.5,robust,1.0,2.2957,2.2663,4.5619
DeskGPT,25,1024,gnoise01,robust,1.0,2.2957,2.2625,4.5582
DeskGPT,25,1024,gnoise05,robust,0.919922,2.2957,2.2622,4.5578
DeskGPT,25,1024,gnoise10,robust,0.801758,2.2957,2.2628,4.5585
DeskGPT,25,1024,gblur3,robust,1.0,2.2957,2.269,4.5647
DeskGPT,25,1024,gblur5,robust,1.0,2.2957,2.2653,4.561
DeskGPT,25,1024,gblur7,robust,0.930664,2.2957,2.2638,4.5594
DeskGPT,25,1024,mblur3,robust,1.0,2.2957,2.2648,4.5605
DeskGPT,25,1024,mblur5,robust,0.981445,2.2957,2.2678,4.5635
DeskGPT,25,1024,mblur7,robust,0.932617,2.2957,2.2768,4.5724
DeskGPT,26,1024,clean,robust,1.0,2.291,2.2697,4.5607
DeskGPT,26,1024,png,robust,1.0,2.291,2.2644,4.5554
DeskGPT,26,1024,jpeg90,robust,1.0,2.291,2.2675,4.5585
DeskGPT,26,1024,jpeg70,robust,1.0,2.291,2.2694,4.5604
DeskGPT,26,1024,jpeg50,robust,0.982422,2.291,2.2765,4.5675
DeskGPT,26,1024,resize0.5,robust,1.0,2.291,2.2697,4.5607
DeskGPT,26,1024,resize0.75,robust,1.0,2.291,2.2639,4.5549
DeskGPT,26,1024,resize1.25,robust,1.0,2.291,2.2634,4.5544
DeskGPT,26,1024,resize1.5,robust,1.0,2.291,2.2632,4.5542
DeskGPT,26,1024,gnoise01,robust,1.0,2.291,2.2629,4.5539
DeskGPT,26,1024,gnoise05,robust,0.90332,2.291,2.2698,4.5608
DeskGPT,26,1024,gnoise10,robust,0.787109,2.291,2.2672,4.5582
DeskGPT,26,1024,gblur3,robust,1.0,2.291,2.2627,4.5537
DeskGPT,26,1024,gblur5,robust,1.0,2.291,2.2688,4.5598
DeskGPT,26,1024,gblur7,robust,0.929688,2.291,2.2657,4.5567
DeskGPT,26,1024,mblur3,robust,1.0,2.291,2.2654,4.5564
DeskGPT,26,1024,mblur5,robust,1.0,2.291,2.2701,4.5611
DeskGPT,26,1024,mblur7,robust,0.978516,2.291,2.2657,4.5567
DeskGPT,27,1024,clean,robust,1.0,2.293,2.266,4.5591
DeskGPT,27,1024,png,robust,1.0,2.293,2.2653,4.5583
DeskGPT,27,1024,jpeg90,robust,1.0,2.293,2.2654,4.5584
DeskGPT,27,1024,jpeg70,robust,0.964844,2.293,2.2692,4.5622
DeskGPT,27,1024,jpeg50,robust,0.948242,2.293,2.2651,4.5582
DeskGPT,27,1024,resize0.5,robust,1.0,2.293,2.2638,4.5568
DeskGPT,27,1024,resize0.75,robust,1.0,2.293,2.2658,4.5588
DeskGPT,27,1024,resize1.25,robust,1.0,2.293,2.264,4.557
DeskGPT,27,1024,resize1.5,robust,1.0,2.293,2.2694,4.5624
DeskGPT,27,1024,gnoise01,robust,1.0,2.293,2.2699,4.5629
DeskGPT,27,1024,gnoise05,robust,0.931641,2.293,2.2665,4.5596
DeskGPT,27,1024,gnoise10,robust,0.856445,2.293,2.2683,4.5614
DeskGPT,27,1024,gblur3,robust,1.0,2.293,2.2711,4.5642
DeskGPT,27,1024,gblur5,robust,0.964844,2.293,2.2682,4.5613
DeskGPT,27,1024,gblur7,robust,0.889648,2.293,2.272,4.565
DeskGPT,27,1024,mblur3,robust,1.0,2.293,2.2646,4.5576
DeskGPT,27,1024,mblur5,robust,0.980469,2.293,2.2645,4.5575
DeskGPT,27,1024,mblur7,robust,0.925781,2.293,2.2647,4.5577
DeskGPT,28,1024,clean,robust,1.0,2.2949,2.2627,4.5576
DeskGPT,28,1024,png,robust,1.0,2.2949,2.2682,4.563
DeskGPT,28,1024,jpeg90,robust,1.0,2.2949,2.2665,4.5613
DeskGPT,28,1024,jpeg70,robust,1.0,2.2949,2.2643,4.5592
DeskGPT,28,1024,jpeg50,robust,1.0,2.2949,2.2632,4.5581
DeskGPT,28,1024,resize0.5,robust,1.0,2.2949,2.2646,4.5594
DeskGPT,28,1024,resize0.75,robust,1.0,2.2949,2.2679,4.5627
DeskGPT,28,1024,resize1.25,robust,1.0,2.2949,2.2708,4.5656
DeskGPT,28,1024,resize1.5,robust,1.0,2.2949,2.2646,4.5594
DeskGPT,28,1024,gnoise01,robust,1.0,2.2949,2.2637,4.5586
DeskGPT,28,1024,gnoise05,robust,1.0,2.2949,2.2627,4.5576
DeskGPT,28,1024,gnoise10,robust,1.0,2.2949,2.2638,4.5587
DeskGPT,28,1024,gblur3,robust,1.0,2.2949,2.2676,4.5625
DeskGPT,28,1024,gblur5,robust,1.0,2.2949,2.2664,4.5613
DeskGPT,28,1024,gblur7,robust,0.973633,2.2949,2.2641,4.559
DeskGPT,28,1024,mblur3,robust,1.0,2.2949,2.2644,4.5593
DeskGPT,28,1024,mblur5,robust,1.0,2.2949,2.2647,4.5595
DeskGPT,28,1024,mblur7,robust,1.0,2.2949,2.2675,4.5623
DeskGPT,29,1024,clean,robust,1.0,2.2991,2.2649,4.564
DeskGPT,29,1024,png,robust,1.0,2.2991,2.2733,4.5724
DeskGPT,29,1024,jpeg90,robust,1.0,2.2991,2.2715,4.5706
DeskGPT,29,1024,jpeg70,robust,1.0,2.2991,2.2664,4.5654
DeskGPT,29,1024,jpeg50,robust,0.984375,2.2991,2.2665,4.5656
DeskGPT,29,1024,resize0.5,robust,1.0,2.2991,2.2784,4.5775
DeskGPT,29,1024,resize0.75,robust,1.0,2.2991,2.2637,4.5628
DeskGPT,29,1024,resize1.25,robust,1.0,2.2991,2.2651,4.5641
DeskGPT,29,1024,resize1.5,robust,1.0,2.2991,2.2639,4.563
DeskGPT,29,1024,gnoise01,robust,1.0,2.2991,2.2633,4.5624
DeskGPT,29,1024,gnoise05,robust,0.957031,2.2991,2.2726,4.5717
DeskGPT,29,1024,gnoise10,robust,0.892578,2.2991,2.2698,4.5689
DeskGPT,29,1024,gblur3,robust,1.0,2.2991,2.2666,4.5657
DeskGPT,29,1024,gblur5,robust,0.980469,2.2991,2.266,4.5651
DeskGPT,29,1024,gblur7,robust,0.915039,2.2991,2.2635,4.5626
DeskGPT,29,1024,mblur3,robust,1.0,2.2991,2.2658,4.5649
DeskGPT,29,1024,mblur5,robust,0.987305,2.2991,2.2728,4.5719
DeskGPT,29,1024,mblur7,robust,0.943359,2.2991,2.2696,4.5687
DeskGPT,30,1024,clean,robust,1.0,2.3,2.2625,4.5626
DeskGPT,30,1024,png,robust,1.0,2.3,2.2639,4.5639
DeskGPT,30,1024,jpeg90,robust,1.0,2.3,2.2626,4.5627
DeskGPT,30,1024,jpeg70,robust,1.0,2.3,2.2704,4.5705
DeskGPT,30,1024,jpeg50,robust,1.0,2.3,2.2669,4.5669
DeskGPT,30,1024,resize0.5,robust,1.0,2.3,2.2643,4.5644
DeskGPT,30,1024,resize0.75,robust,1.0,2.3,2.2644,4.5645
DeskGPT,30,1024,resize1.25,robust,1.0,2.3,2.2734,4.5734
DeskGPT,30,1024,resize1.5,robust,1.0,2.3,2.2764,4.5764
DeskGPT,30,1024,gnoise01,robust,1.0,2.3,2.2803,4.5804
DeskGPT,30,1024,gnoise05,robust,1.0,2.3,2.277,4.577
DeskGPT,30,1024,gnoise10,robust,0.975586,2.3,2.2661,4.5661
DeskGPT,30,1024,gblur3,robust,1.0,2.3,2.269,4.569
DeskGPT,30,1024,gblur5,robust,1.0,2.3,2.2709,4.5709
DeskGPT,30,1024,gblur7,robust,0.938477,2.3,2.2692,4.5693
DeskGPT,30,1024,mblur3,robust,1.0,2.3,2.2645,4.5645
DeskGPT,30,1024,mblur5,robust,1.0,2.3,2.266,4.5661
DeskGPT,30,1024,mblur7,robust,0.964844,2.3,2.2661,4.5662
DeskGPT,31,1024,clean,robust,1.0,2.2948,2.2669,4.5618
DeskGPT,31,1024,png,robust,1.0,2.2948,2.2706,4.5655
DeskGPT,31,1024,jpeg90,robust,1.0,2.2948,2.268,4.5628
DeskGPT,31,1024,jpeg70,robust,0.928711,2.2948,2.2645,4.5593
DeskGPT,31,1024,jpeg50,robust,0.838867,2.2948,2.2652,4.56
DeskGPT,31,1024,resize0.5,robust,1.0,2.2948,2.2666,4.5614
DeskGPT,31,1024,resize0.75,robust,1.0,2.2948,2.2674,4.5622
DeskGPT,31,1024,resize1.25,robust,1.0,2.2948,2.2727,4.5675
DeskGPT,31,1024,resize1.5,robust,1.0,2.2948,2.2687,4.5635
DeskGPT,31,1024,gnoise01,robust,0.963867,2.2948,2.2667,4.5615
DeskGPT,31,1024,gnoise05,robust,0.756836,2.2948,2.2656,4.5605
DeskGPT,31,1024,gnoise10,robust,0.717773,2.2948,2.268,4.5628
DeskGPT,31,1024,gblur3,robust,1.0,2.2948,2.2732,4.5681
DeskGPT,31,1024,gblur5,robust,0.928711,2.2948,2.2681,4.563
DeskGPT,31,1024,gblur7,robust,0.84668,2.2948,2.2644,4.5592
DeskGPT,31,1024,mblur3,robust,1.0,2.2948,2.2664,4.5613
DeskGPT,31,1024,mblur5,robust,0.938477,2.2948,2.2655,4.5604
DeskGPT,31,1024,mblur7,robust,0.862305,2.2948,2.2791,4.574
DeskGPT,32,1024,clean,robust,1.0,2.2933,2.2687,4.5619
DeskGPT,32,1024,png,robust,1.0,2.2933,2.2646,4.5579
DeskGPT,32,1024,jpeg90,robust,1.0,2.2933,2.2641,4.5574
DeskGPT,32,1024,jpeg70,robust,1.0,2.2933,2.2642,4.5575
DeskGPT,32,1024,jpeg50,robust,1.0,2.2933,2.2675,4.5608
DeskGPT,32,1024,resize0.5,robust,1.0,2.2933,2.2718,4.5651
DeskGPT,32,1024,resize0.75,robust,1.0,2.2933,2.2639,4.5572
DeskGPT,32,1024,resize1.25,robust,1.0,2.2933,2.263,4.5563
DeskGPT,32,1024,resize1.5,robust,1.0,2.2933,2.2644,4.5577
DeskGPT,32,1024,gnoise01,robust,1.0,2.2933,2.2637,4.557
DeskGPT,32,1024,gnoise05,robust,1.0,2.2933,2.2726,4.5659
DeskGPT,32,1024,gnoise10,robust,0.96875,2.2933,2.2693,4.5626
DeskGPT,32,1024,gblur3,robust,1.0,2.2933,2.2628,4.5561
DeskGPT,32,1024,gblur5,robust,0.986328,2.2933,2.2648,4.5581
DeskGPT,32,1024,gblur7,robust,0.932617,2.2933,2.265,4.5583
DeskGPT,32,1024,mblur3,robust,1.0,2.2933,2.2663,4.5596
DeskGPT,32,1024,mblur5,robust,1.0,2.2933,2.272,4.5652
DeskGPT,32,1024,mblur7,robust,0.969727,2.2933,2.2654,4.5587
DeskGPT,33,1024,clean,robust,1.0,2.2944,2.2684,4.5628
DeskGPT,33,1024,png,robust,1.0,2.2944,2.2658,4.5602
DeskGPT,33,1024,jpeg90,robust,1.0,2.2944,2.2661,4.5605
DeskGPT,33,1024,jpeg70,robust,1.0,2.2944,2.2722,4.5666
DeskGPT,33,1024,jpeg50,robust,0.987305,2.2944,2.2645,4.5589
DeskGPT,33,1024,resize0.5,robust,1.0,2.2944,2.2683,4.5627
DeskGPT,33,1024,resize0.75,robust,1.0,2.2944,2.2652,4.5596
DeskGPT,33,1024,resize1.25,robust,1.0,2.2944,2.2734,4.5678
DeskGPT,33,1024,resize1.5,robust,1.0,2.2944,2.2742,4.5686
DeskGPT,33,1024,gnoise01,robust,1.0,2.2944,2.2735,4.5679
DeskGPT,33,1024,gnoise05,robust,0.97168,2.2944,2.2649,4.5593
DeskGPT,33,1024,gnoise10,robust,0.910156,2.2944,2.2642,4.5586
DeskGPT,33,1024,gblur3,robust,1.0,2.2944,2.2661,4.5605
DeskGPT,33,1024,gblur5,robust,0.957031,2.2944,2.2675,4.5619
DeskGPT,33,1024,gblur7,robust,0.896484,2.2944,2.273,4.5674
DeskGPT,33,1024,mblur3,robust,1.0,2.2944,2.2681,4.5625
DeskGPT,33,1024,mblur5,robust,0.974609,2.2944,2.2664,4.5608
DeskGPT,33,1024,mblur7,robust,0.935547,2.2944,2.2655,4.5599
DeskGPT,34,1024,clean,robust,1.0,2.2916,2.2637,4.5553
DeskGPT,34,1024,png,robust,1.0,2.2916,2.2738,4.5654
DeskGPT,34,1024,jpeg90,robust,1.0,2.2916,2.2658,4.5574
DeskGPT,34,1024,jpeg70,robust,1.0,2.2916,2.2682,4.5598
DeskGPT,34,1024,jpeg50,robust,1.0,2.2916,2.2601,4.5517
DeskGPT,34,1024,resize0.5,robust,1.0,2.2916,2.2619,4.5535
DeskGPT,34,1024,resize0.75,robust,1.0,2.2916,2.2641,4.5557
DeskGPT,34,1024,resize1.25,robust,1.0,2.2916,2.2664,4.558
DeskGPT,34,1024,resize1.5,robust,1.0,2.2916,2.2642,4.5558
DeskGPT,34,1024,gnoise01,robust,1.0,2.2916,2.2662,4.5578
DeskGPT,34,1024,gnoise05,robust,1.0,2.2916,2.2638,4.5553
DeskGPT,34,1024,gnoise10,robust,0.979492,2.2916,2.2685,4.5601
DeskGPT,34,1024,gblur3,robust,1.0,2.2916,2.2691,4.5607
DeskGPT,34,1024,gblur5,robust,1.0,2.2916,2.2693,4.5609
DeskGPT,34,1024,gblur7,robust,0.941406,2.2916,2.2689,4.5604
DeskGPT,34,1024,mblur3,robust,1.0,2.2916,2.2711,4.5627
DeskGPT,34,1024,mblur5,robust,1.0,2.2916,2.2683,4.5599
DeskGPT,34,1024,mblur7,robust,0.957031,2.2916,2.2723,4.5639
DeskGPT,35,1024,clean,robust,1.0,2.3049,2.2699,4.5749
DeskGPT,35,1024,png,robust,1.0,2.3049,2.2645,4.5694
DeskGPT,35,1024,jpeg90,robust,1.0,2.3049,2.2665,4.5714
DeskGPT,35,1024,jpeg70,robust,1.0,2.3049,2.267,4.572
DeskGPT,35,1024,jpeg50,robust,1.0,2.3049,2.266,4.571
DeskGPT,35,1024,resize0.5,robust,1.0,2.3049,2.2692,4.5742
DeskGPT,35,1024,resize0.75,robust,1.0,2.3049,2.2676,4.5725
DeskGPT,35,1024,resize1.25,robust,1.0,2.3049,2.2665,4.5715
DeskGPT,35,1024,resize1.5,robust,1.0,2.3049,2.2634,4.5684
DeskGPT,35,1024,gnoise01,robust,1.0,2.3049,2.2628,4.5678
DeskGPT,35,1024,gnoise05,robust,1.0,2.3049,2.2698,4.5747
DeskGPT,35,1024,gnoise10,robust,0.90332,2.3049,2.2712,4.5762
DeskGPT,35,1024,gblur3,robust,1.0,2.3049,2.2665,4.5715
DeskGPT,35,1024,gblur5,robust,0.982422,2.3049,2.2666,4.5716
DeskGPT,35,1024,gblur7,robust,0.944336,2.3049,2.2641,4.569
DeskGPT,35,1024,mblur3,robust,1.0,2.3049,2.2667,4.5716
DeskGPT,35,1024,mblur5,robust,1.0,2.3049,2.2732,4.5781
DeskGPT,35,1024,mblur7,robust,0.967773,2.3049,2.2634,4.5683
DeskGPT,36,1024,clean,robust,1.0,2.2973,2.2651,4.5623
DeskGPT,36,1024,png,robust,1.0,2.2973,2.2638,4.5611
DeskGPT,36,1024,jpeg90,robust,1.0,2.2973,2.2677,4.565
DeskGPT,36,1024,jpeg70,robust,1.0,2.2973,2.2757,4.573
DeskGPT,36,1024,jpeg50,robust,1.0,2.2973,2.2697,4.5669
DeskGPT,36,1024,resize0.5,robust,1.0,2.2973,2.269,4.5663
DeskGPT,36,1024,resize0.75,robust,1.0,2.2973,2.2666,4.5639
DeskGPT,36,1024,resize1.25,robust,1.0,2.2973,2.2634,4.5607
DeskGPT,36,1024,resize1.5,robust,1.0,2.2973,2.2683,4.5656
DeskGPT,36,1024,gnoise01,robust,1.0,2.2973,2.2684,4.5656
DeskGPT,36,1024,gnoise05,robust,1.0,2.2973,2.2653,4.5625
DeskGPT,36,1024,gnoise10,robust,0.948242,2.2973,2.2636,4.5609
DeskGPT,36,1024,gblur3,robust,1.0,2.2973,2.2622,4.5595
DeskGPT,36,1024,gblur5,robust,1.0,2.2973,2.2677,4.565
DeskGPT,36,1024,gblur7,robust,0.947266,2.2973,2.2707,4.5679
DeskGPT,36,1024,mblur3,robust,1.0,2.2973,2.2643,4.5615
DeskGPT,36,1024,mblur5,robust,1.0,2.2973,2.267,4.5643
DeskGPT,36,1024,mblur7,robust,0.978516,2.2973,2.2666,4.5639
DeskGPT,37,1024,clean,robust,1.0,2.2913,2.2674,4.5587
DeskGPT,37,1024,png,robust,1.0,2.2913,2.2721,4.5634
DeskGPT,37,1024,jpeg90,robust,1.0,2.2913,2.2641,4.5554
DeskGPT,37,1024,jpeg70,robust,0.972656,2.2913,2.2643,4.5556
DeskGPT,37,1024,jpeg50,robust,0.945312,2.2913,2.2643,4.5556
DeskGPT,37,1024,resize0.5,robust,0.979492,2.2913,2.2655,4.5568
DeskGPT,37,1024,resize0.75,robust,1.0,2.2913,2.2683,4.5596
DeskGPT,37,1024,resize1.25,robust,1.0,2.2913,2.267,4.5583
DeskGPT,37,1024,resize1.5,robust,1.0,2.2913,2.2641,4.5554
DeskGPT,37,1024,gnoise01,robust,1.0,2.2913,2.2656,4.5569
DeskGPT,37,1024,gnoise05,robust,0.876953,2.2913,2.2646,4.5559
DeskGPT,37,1024,gnoise10,robust,0.795898,2.2913,2.2663,4.5576
DeskGPT,37,1024,gblur3,robust,1.0,2.2913,2.2767,4.568
DeskGPT,37,1024,gblur5,robust,0.941406,2.2913,2.267,4.5583
DeskGPT,37,1024,gblur7,robust,0.892578,2.2913,2.2669,4.5582
DeskGPT,37,1024,mblur3,robust,0.983398,2.2913,2.2686,4.5599
DeskGPT,37,1024,mblur5,robust,0.950195,2.2913,2.2668,4.5581
DeskGPT,37,1024,mblur7,robust,0.895508,2.2913,2.268,4.5593
DeskGPT,38,1024,clean,robust,1.0,2.2916,2.2613,4.5529
DeskGPT,38,1024,png,robust,1.0,2.2916,2.2613,4.553
DeskGPT,38,1024,jpeg90,robust,1.0,2.2916,2.2628,4.5544
DeskGPT,38,1024,jpeg70,robust,1.0,2.2916,2.2652,4.5568
DeskGPT,38,1024,jpeg50,robust,1.0,2.2916,2.2658,4.5574
DeskGPT,38,1024,resize0.5,robust,1.0,2.2916,2.2713,4.5629
DeskGPT,38,1024,resize0.75,robust,1.0,2.2916,2.2638,4.5554
DeskGPT,38,1024,resize1.25,robust,1.0,2.2916,2.2636,4.5553
DeskGPT,38,1024,resize1.5,robust,1.0,2.2916,2.2631,4.5547
DeskGPT,38,1024,gnoise01,robust,1.0,2.2916,2.2655,4.5572
DeskGPT,38,1024,gnoise05,robust,1.0,2.2916,2.2699,4.5616
DeskGPT,38,1024,gnoise10,robust,0.984375,2.2916,2.2676,4.5592
DeskGPT,38,1024,gblur3,robust,1.0,2.2916,2.2629,4.5545
DeskGPT,38,1024,gblur5,robust,1.0,2.2916,2.264,4.5557
DeskGPT,38,1024,gblur7,robust,0.978516,2.2916,2.2652,4.5568
DeskGPT,38,1024,mblur3,robust,1.0,2.2916,2.2667,4.5583
DeskGPT,38,1024,mblur5,robust,1.0,2.2916,2.2695,4.5611
DeskGPT,38,1024,mblur7,robust,1.0,2.2916,2.2664,4.558
DeskGPT,39,1024,clean,robust,1.0,2.2953,2.265,4.5603
DeskGPT,39,1024,png,robust,1.0,2.2953,2.2685,4.5639
DeskGPT,39,1024,jpeg90,robust,1.0,2.2953,2.2717,4.567
DeskGPT,39,1024,jpeg70,robust,1.0,2.2953,2.27,4.5653
DeskGPT,39,1024,jpeg50,robust,1.0,2.2953,2.2644,4.5598
DeskGPT,39,1024,resize0.5,robust,1.0,2.2953,2.267,4.5624
DeskGPT,39,1024,resize0.75,robust,1.0,2.2953,2.2665,4.5618
DeskGPT,39,1024,resize1.25,robust,1.0,2.2953,2.2618,4.5571
DeskGPT,39,1024,resize1.5,robust,1.0,2.2953,2.2686,4.5639
DeskGPT,39,1024,gnoise01,robust,1.0,2.2953,2.2659,4.5613
DeskGPT,39,1024,gnoise05,robust,1.0,2.2953,2.2647,4.56
DeskGPT,39,1024,gnoise10,robust,0.953125,2.2953,2.2643,4.5596
DeskGPT,39,1024,gblur3,robust,1.0,2.2953,2.263,4.5583
DeskGPT,39,1024,gblur5,robust,1.0,2.2953,2.2673,4.5627
DeskGPT,39,1024,gblur7,robust,0.953125,2.2953,2.2693,4.5647
DeskGPT,39,1024,mblur3,robust,1.0,2.2953,2.2627,4.558
DeskGPT,39,1024,mblur5,robust,1.0,2.2953,2.2665,4.5618
DeskGPT,39,1024,mblur7,robust,0.963867,2.2953,2.2642,4.5595
DeskGPT,40,1024,clean,robust,1.0,2.2939,2.2663,4.5602
DeskGPT,40,1024,png,robust,1.0,2.2939,2.2724,4.5663
DeskGPT,40,1024,jpeg90,robust,1.0,2.2939,2.2651,4.559
DeskGPT,40,1024,jpeg70,robust,1.0,2.2939,2.2667,4.5606
DeskGPT,40,1024,jpeg50,robust,1.0,2.2939,2.2646,4.5585
DeskGPT,40,1024,resize0.5,robust,1.0,2.2939,2.263,4.5569
DeskGPT,40,1024,resize0.75,robust,1.0,2.2939,2.2718,4.5656
DeskGPT,40,1024,resize1.25,robust,1.0,2.2939,2.2672,4.5611
DeskGPT,40,1024,resize1.5,robust,1.0,2.2939,2.2633,4.5572
DeskGPT,40,1024,gnoise01,robust,1.0,2.2939,2.2678,4.5617
DeskGPT,40,1024,gnoise05,robust,0.94043,2.2939,2.2698,4.5637
DeskGPT,40,1024,gnoise10,robust,0.896484,2.2939,2.2651,4.559
DeskGPT,40,1024,gblur3,robust,1.0,2.2939,2.2693,4.5632
DeskGPT,40,1024,gblur5,robust,1.0,2.2939,2.2656,4.5595
DeskGPT,40,1024,gblur7,robust,0.936523,2.2939,2.2657,4.5595
DeskGPT,40,1024,mblur3,robust,1.0,2.2939,2.2643,4.5582
DeskGPT,40,1024,mblur5,robust,1.0,2.2939,2.2662,4.56
DeskGPT,40,1024,mblur7,robust,0.959961,2.2939,2.2703,4.5641
DeskGPT,41,1024,clean,robust,1.0,2.2963,2.2653,4.5615
DeskGPT,41,1024,png,robust,1.0,2.2963,2.2651,4.5613
DeskGPT,41,1024,jpeg90,robust,1.0,2.2963,2.2672,4.5635
DeskGPT,41,1024,jpeg70,robust,1.0,2.2963,2.2645,4.5608
DeskGPT,41,1024,jpeg50,robust,1.0,2.2963,2.265,4.5612
DeskGPT,41,1024,resize0.5,robust,1.0,2.2963,2.2658,4.5621
DeskGPT,41,1024,resize0.75,robust,1.0,2.2963,2.2632,4.5595
DeskGPT,41,1024,resize1.25,robust,1.0,2.2963,2.2667,4.563
DeskGPT,41,1024,resize1.5,robust,1.0,2.2963,2.2628,4.5591
DeskGPT,41,1024,gnoise01,robust,1.0,2.2963,2.2618,4.558
DeskGPT,41,1024,gnoise05,robust,0.985352,2.2963,2.2683,4.5646
DeskGPT,41,1024,gnoise10,robust,0.917969,2.2963,2.2659,4.5622
DeskGPT,41,1024,gblur3,robust,1.0,2.2963,2.2634,4.5597
DeskGPT,41,1024,gblur5,robust,0.972656,2.2963,2.2662,4.5625
DeskGPT,41,1024,gblur7,robust,0.90918,2.2963,2.2641,4.5604
DeskGPT,41,1024,mblur3,robust,1.0,2.2963,2.2658,4.5621
DeskGPT,41,1024,mblur5,robust,0.989258,2.2963,2.2683,4.5646
DeskGPT,41,1024,mblur7,robust,0.960938,2.2963,2.2716,4.5678
DeskGPT,42,1024,clean,robust,1.0,2.2992,2.2626,4.5618
DeskGPT,42,1024,png,robust,1.0,2.2992,2.2662,4.5654
DeskGPT,42,1024,jpeg90,robust,1.0,2.2992,2.2676,4.5668
DeskGPT,42,1024,jpeg70,robust,1.0,2.2992,2.2803,4.5796
DeskGPT,42,1024,jpeg50,robust,1.0,2.2992,2.2685,4.5677
DeskGPT,42,1024,resize0.5,robust,1.0,2.2992,2.265,4.5642
DeskGPT,42,1024,resize0.75,robust,1.0,2.2992,2.2633,4.5625
DeskGPT,42,1024,resize1.25,robust,1.0,2.2992,2.2656,4.5648
DeskGPT,42,1024,resize1.5,robust,1.0,2.2992,2.2722,4.5714
DeskGPT,42,1024,gnoise01,robust,1.0,2.2992,2.269,4.5682
DeskGPT,42,1024,gnoise05,robust,1.0,2.2992,2.2646,4.5638
DeskGPT,42,1024,gnoise10,robust,0.973633,2.2992,2.2635,4.5627
DeskGPT,42,1024,gblur3,robust,1.0,2.2992,2.263,4.5622
DeskGPT,42,1024,gblur5,robust,1.0,2.2992,2.2678,4.567
DeskGPT,42,1024,gblur7,robust,0.966797,2.2992,2.2684,4.5676
DeskGPT,42,1024,mblur3,robust,1.0,2.2992,2.2632,4.5624
DeskGPT,42,1024,mblur5,robust,1.0,2.2992,2.2651,4.5643
DeskGPT,42,1024,mblur7,robust,0.979492,2.2992,2.2653,4.5645
DeskGPT,43,1024,clean,robust,1.0,2.2926,2.2681,4.5607
DeskGPT,43,1024,png,robust,1.0,2.2926,2.2712,4.5638
DeskGPT,43,1024,jpeg90,robust,1.0,2.2926,2.2636,4.5562
DeskGPT,43,1024,jpeg70,robust,1.0,2.2926,2.2651,4.5576
DeskGPT,43,1024,jpeg50,robust,0.979492,2.2926,2.2664,4.559
DeskGPT,43,1024,resize0.5,robust,1.0,2.2926,2.2679,4.5604
DeskGPT,43,1024,resize0.75,robust,1.0,2.2926,2.2697,4.5622
DeskGPT,43,1024,resize1.25,robust,1.0,2.2926,2.2746,4.5672
DeskGPT,43,1024,resize1.5,robust,1.0,2.2926,2.262,4.5546
DeskGPT,43,1024,gnoise01,robust,1.0,2.2926,2.2599,4.5525
DeskGPT,43,1024,gnoise05,robust,0.961914,2.2926,2.2616,4.5542
DeskGPT,43,1024,gnoise10,robust,0.890625,2.2926,2.2641,4.5567
DeskGPT,43,1024,gblur3,robust,1.0,2.2926,2.2684,4.561
DeskGPT,43,1024,gblur5,robust,0.967773,2.2926,2.2649,4.5574
DeskGPT,43,1024,gblur7,robust,0.900391,2.2926,2.2645,4.5571
DeskGPT,43,1024,mblur3,robust,1.0,2.2926,2.2644,4.557
DeskGPT,43,1024,mblur5,robust,0.983398,2.2926,2.2652,4.5577
DeskGPT,43,1024,mblur7,robust,0.944336,2.2926,2.2709,4.5635
DeskGPT,44,1024,clean,robust,1.0,2.2945,2.2681,4.5625
DeskGPT,44,1024,png,robust,1.0,2.2945,2.2673,4.5618
DeskGPT,44,1024,jpeg90,robust,1.0,2.2945,2.2628,4.5573
DeskGPT,44,1024,jpeg70,robust,1.0,2.2945,2.2641,4.5586
DeskGPT,44,1024,jpeg50,robust,1.0,2.2945,2.2649,4.5593
DeskGPT,44,1024,resize0.5,robust,1.0,2.2945,2.2687,4.5632
DeskGPT,44,1024,resize0.75,robust,1.0,2.2945,2.2623,4.5567
DeskGPT,44,1024,resize1.25,robust,1.0,2.2945,2.2639,4.5584
DeskGPT,44,1024,resize1.5,robust,1.0,2.2945,2.2634,4.5579
DeskGPT,44,1024,gnoise01,robust,1.0,2.2945,2.2637,4.5581
DeskGPT,44,1024,gnoise05,robust,1.0,2.2945,2.2705,4.565
DeskGPT,44,1024,gnoise10,robust,1.0,2.2945,2.2682,4.5627
DeskGPT,44,1024,gblur3,robust,1.0,2.2945,2.2726,4.5671
DeskGPT,44,1024,gblur5,robust,1.0,2.2945,2.2748,4.5693
DeskGPT,44,1024,gblur7,robust,0.973633,2.2945,2.2736,4.5681
DeskGPT,44,1024,mblur3,robust,1.0,2.2945,2.276,4.5705
DeskGPT,44,1024,mblur5,robust,1.0,2.2945,2.2698,4.5643
DeskGPT,44,1024,mblur7,robust,0.977539,2.2945,2.267,4.5614
DeskGPT,45,1024,clean,robust,1.0,2.2948,2.2625,4.5574
DeskGPT,45,1024,png,robust,1.0,2.2948,2.2629,4.5577
DeskGPT,45,1024,jpeg90,robust,1.0,2.2948,2.2675,4.5623
DeskGPT,45,1024,jpeg70,robust,1.0,2.2948,2.2737,4.5686
DeskGPT,45,1024,jpeg50,robust,1.0,2.2948,2.2626,4.5574
DeskGPT,45,1024,resize0.5,robust,1.0,2.2948,2.264,4.5589
DeskGPT,45,1024,resize0.75,robust,1.0,2.2948,2.2638,4.5586
DeskGPT,45,1024,resize1.25,robust,1.0,2.2948,2.2653,4.5601
DeskGPT,45,1024,resize1.5,robust,1.0,2.2948,2.2678,4.5626
DeskGPT,45,1024,gnoise01,robust,1.0,2.2948,2.2668,4.5616
DeskGPT,45,1024,gnoise05,robust,0.972656,2.2948,2.2657,4.5605
DeskGPT,45,1024,gnoise10,robust,0.918945,2.2948,2.264,4.5588
DeskGPT,45,1024,gblur3,robust,1.0,2.2948,2.2646,4.5595
DeskGPT,45,1024,gblur5,robust,0.978516,2.2948,2.2658,4.5607
DeskGPT,45,1024,gblur7,robust,0.943359,2.2948,2.2688,4.5636
DeskGPT,45,1024,mblur3,robust,1.0,2.2948,2.2633,4.5581
DeskGPT,45,1024,mblur5,robust,1.0,2.2948,2.2652,4.5601
DeskGPT,45,1024,mblur7,robust,0.964844,2.2948,2.2649,4.5598
DeskGPT,46,1024,clean,robust,1.0,2.296,2.2658,4.5618
DeskGPT,46,1024,png,robust,1.0,2.296,2.2698,4.5658
DeskGPT,46,1024,jpeg90,robust,1.0,2.296,2.2642,4.5602
DeskGPT,46,1024,jpeg70,robust,1.0,2.296,2.2656,4.5616
DeskGPT,46,1024,jpeg50,robust,1.0,2.296,2.2706,4.5666
DeskGPT,46,1024,resize0.5,robust,1.0,2.296,2.2674,4.5634
DeskGPT,46,1024,resize0.75,robust,1.0,2.296,2.2691,4.5651
DeskGPT,46,1024,resize1.25,robust,1.0,2.296,2.2685,4.5645
DeskGPT,46,1024,resize1.5,robust,1.0,2.296,2.2635,4.5595
DeskGPT,46,1024,gnoise01,robust,1.0,2.296,2.2626,4.5586
DeskGPT,46,1024,gnoise05,robust,1.0,2.296,2.2639,4.5599
DeskGPT,46,1024,gnoise10,robust,0.958984,2.296,2.2697,4.5657
DeskGPT,46,1024,gblur3,robust,1.0,2.296,2.2687,4.5647
DeskGPT,46,1024,gblur5,robust,1.0,2.296,2.2658,4.5618
DeskGPT,46,1024,gblur7,robust,0.9375,2.296,2.2647,4.5607
DeskGPT,46,1024,mblur3,robust,1.0,2.296,2.2672,4.5632
DeskGPT,46,1024,mblur5,robust,1.0,2.296,2.2651,4.5611
DeskGPT,46,1024,mblur7,robust,0.973633,2.296,2.2683,4.5643
DeskGPT,47,1024,clean,robust,1.0,2.2953,2.2689,4.5642
DeskGPT,47,1024,png,robust,1.0,2.2953,2.2663,4.5617
DeskGPT,47,1024,jpeg90,robust,1.0,2.2953,2.2663,4.5616
DeskGPT,47,1024,jpeg70,robust,1.0,2.2953,2.2673,4.5626
DeskGPT,47,1024,jpeg50,robust,1.0,2.2953,2.2672,4.5625
DeskGPT,47,1024,resize0.5,robust,1.0,2.2953,2.2681,4.5634
DeskGPT,47,1024,resize0.75,robust,1.0,2.2953,2.2637,4.559
DeskGPT,47,1024,resize1.25,robust,1.0,2.2953,2.2633,4.5587
DeskGPT,47,1024,resize1.5,robust,1.0,2.2953,2.2638,4.5591
DeskGPT,47,1024,gnoise01,robust,1.0,2.2953,2.2648,4.5601
DeskGPT,47,1024,gnoise05,robust,1.0,2.2953,2.2725,4.5678
DeskGPT,47,1024,gnoise10,robust,0.941406,2.2953,2.2677,4.563
DeskGPT,47,1024,gblur3,robust,1.0,2.2953,2.2707,4.566
DeskGPT,47,1024,gblur5,robust,1.0,2.2953,2.267,4.5623
DeskGPT,47,1024,gblur7,robust,0.94043,2.2953,2.2667,4.562
DeskGPT,47,1024,mblur3,robust,1.0,2.2953,2.2659,4.5612
DeskGPT,47,1024,mblur5,robust,1.0,2.2953,2.2703,4.5656
DeskGPT,47,1024,mblur7,robust,0.938477,2.2953,2.2707,4.566
DeskGPT,48,1024,clean,robust,1.0,2.3032,2.2661,4.5693
DeskGPT,48,1024,png,robust,1.0,2.3032,2.2663,4.5695
DeskGPT,48,1024,jpeg90,robust,1.0,2.3032,2.2694,4.5726
DeskGPT,48,1024,jpeg70,robust,1.0,2.3032,2.2742,4.5774
DeskGPT,48,1024,jpeg50,robust,1.0,2.3032,2.2671,4.5703
DeskGPT,48,1024,resize0.5,robust,1.0,2.3032,2.2696,4.5728
DeskGPT,48,1024,resize0.75,robust,1.0,2.3032,2.2642,4.5674
DeskGPT,48,1024,resize1.25,robust,1.0,2.3032,2.2676,4.5708
DeskGPT,48,1024,resize1.5,robust,1.0,2.3032,2.2695,4.5727
DeskGPT,48,1024,gnoise01,robust,1.0,2.3032,2.2668,4.57
DeskGPT,48,1024,gnoise05,robust,0.981445,2.3032,2.2703,4.5735
DeskGPT,48,1024,gnoise10,robust,0.952148,2.3032,2.2647,4.5679
DeskGPT,48,1024,gblur3,robust,1.0,2.3032,2.2661,4.5693
DeskGPT,48,1024,gblur5,robust,1.0,2.3032,2.2713,4.5745
DeskGPT,48,1024,gblur7,robust,0.949219,2.3032,2.2744,4.5776
DeskGPT,48,1024,mblur3,robust,1.0,2.3032,2.2684,4.5716
DeskGPT,48,1024,mblur5,robust,1.0,2.3032,2.2701,4.5733
DeskGPT,48,1024,mblur7,robust,0.972656,2.3032,2.2661,4.5693
DeskGPT,49,1024,clean,robust,1.0,2.2969,2.2678,4.5648
DeskGPT,49,1024,png,robust,1.0,2.2969,2.2731,4.57
DeskGPT,49,1024,jpeg90,robust,1.0,2.2969,2.2702,4.5672
DeskGPT,49,1024,jpeg70,robust,1.0,2.2969,2.2701,4.567
DeskGPT,49,1024,jpeg50,robust,1.0,2.2969,2.2656,4.5625
DeskGPT,49,1024,resize0.5,robust,1.0,2.2969,2.267,4.5639
DeskGPT,49,1024,resize0.75,robust,1.0,2.2969,2.2676,4.5645
DeskGPT,49,1024,resize1.25,robust,1.0,2.2969,2.2733,4.5703
DeskGPT,49,1024,resize1.5,robust,1.0,2.2969,2.2652,4.5621
DeskGPT,49,1024,gnoise01,robust,1.0,2.2969,2.2668,4.5637
DeskGPT,49,1024,gnoise05,robust,0.945312,2.2969,2.2691,4.566
DeskGPT,49,1024,gnoise10,robust,0.860352,2.2969,2.2654,4.5623
DeskGPT,49,1024,gblur3,robust,1.0,2.2969,2.2701,4.567
DeskGPT,49,1024,gblur5,robust,1.0,2.2969,2.2667,4.5636
DeskGPT,49,1024,gblur7,robust,0.970703,2.2969,2.2681,4.565
DeskGPT,49,1024,mblur3,robust,1.0,2.2969,2.2646,4.5615
DeskGPT,49,1024,mblur5,robust,1.0,2.2969,2.2689,4.5658
DeskGPT,49,1024,mblur7,robust,0.983398,2.2969,2.2703,4.5672
DeskGPT,50,1024,clean,robust,1.0,2.2929,2.2701,4.5629
DeskGPT,50,1024,png,robust,1.0,2.2929,2.2656,4.5585
DeskGPT,50,1024,jpeg90,robust,1.0,2.2929,2.2637,4.5566
DeskGPT,50,1024,jpeg70,robust,0.985352,2.2929,2.2664,4.5592
DeskGPT,50,1024,jpeg50,robust,0.96582,2.2929,2.2694,4.5622
DeskGPT,50,1024,resize0.5,robust,1.0,2.2929,2.2759,4.5688
DeskGPT,50,1024,resize0.75,robust,1.0,2.2929,2.265,4.5579
DeskGPT,50,1024,resize1.25,robust,1.0,2.2929,2.2645,4.5574
DeskGPT,50,1024,resize1.5,robust,1.0,2.2929,2.2646,4.5574
DeskGPT,50,1024,gnoise01,robust,1.0,2.2929,2.2689,4.5618
DeskGPT,50,1024,gnoise05,robust,0.848633,2.2929,2.2733,4.5662
DeskGPT,50,1024,gnoise10,robust,0.734375,2.2929,2.2653,4.5582
DeskGPT,50,1024,gblur3,robust,1.0,2.2929,2.2656,4.5585
DeskGPT,50,1024,gblur5,robust,0.947266,2.2929,2.2657,4.5586
DeskGPT,50,1024,gblur7,robust,0.874023,2.2929,2.2645,4.5574
DeskGPT,50,1024,mblur3,robust,1.0,2.2929,2.2682,4.5611
DeskGPT,50,1024,mblur5,robust,0.936523,2.2929,2.27,4.5629
DeskGPT,50,1024,mblur7,robust,0.891602,2.2929,2.2662,4.5591
DeskGPT,51,1024,clean,robust,1.0,2.2992,2.2691,4.5683
DeskGPT,51,1024,png,robust,1.0,2.2992,2.2747,4.5739
DeskGPT,51,1024,jpeg90,robust,1.0,2.2992,2.2647,4.5639
DeskGPT,51,1024,jpeg70,robust,1.0,2.2992,2.27,4.5691
DeskGPT,51,1024,jpeg50,robust,1.0,2.2992,2.264,4.5632
DeskGPT,51,1024,resize0.5,robust,1.0,2.2992,2.2672,4.5664
DeskGPT,51,1024,resize0.75,robust,1.0,2.2992,2.2639,4.5631
DeskGPT,51,1024,resize1.25,robust,1.0,2.2992,2.2656,4.5648
DeskGPT,51,1024,resize1.5,robust,1.0,2.2992,2.2697,4.5688
DeskGPT,51,1024,gnoise01,robust,1.0,2.2992,2.2654,4.5646
DeskGPT,51,1024,gnoise05,robust,1.0,2.2992,2.2752,4.5743
DeskGPT,51,1024,gnoise10,robust,0.985352,2.2992,2.2721,4.5713
DeskGPT,51,1024,gblur3,robust,1.0,2.2992,2.263,4.5622
DeskGPT,51,1024,gblur5,robust,1.0,2.2992,2.2682,4.5673
DeskGPT,51,1024,gblur7,robust,0.963867,2.2992,2.2719,4.5711
DeskGPT,51,1024,mblur3,robust,1.0,2.2992,2.2687,4.5679
DeskGPT,51,1024,mblur5,robust,1.0,2.2992,2.2707,4.5698
DeskGPT,51,1024,mblur7,robust,0.982422,2.2992,2.2749,4.574
DeskGPT,52,1024,clean,robust,1.0,2.2972,2.2706,4.5678
DeskGPT,52,1024,png,robust,1.0,2.2972,2.2706,4.5678
DeskGPT,52,1024,jpeg90,robust,1.0,2.2972,2.2658,4.563
DeskGPT,52,1024,jpeg70,robust,1.0,2.2972,2.2672,4.5644
DeskGPT,52,1024,jpeg50,robust,0.981445,2.2972,2.2648,4.562
DeskGPT,52,1024,resize0.5,robust,1.0,2.2972,2.2665,4.5637
DeskGPT,52,1024,resize0.75,robust,1.0,2.2972,2.2697,4.5669
DeskGPT,52,1024,resize1.25,robust,1.0,2.2972,2.2715,4.5687
DeskGPT,52,1024,resize1.5,robust,1.0,2.2972,2.2685,4.5656
DeskGPT,52,1024,gnoise01,robust,1.0,2.2972,2.2679,4.5651
DeskGPT,52,1024,gnoise05,robust,0.945312,2.2972,2.2706,4.5677
DeskGPT,52,1024,gnoise10,robust,0.859375,2.2972,2.2724,4.5696
DeskGPT,52,1024,gblur3,robust,1.0,2.2972,2.2765,4.5737
DeskGPT,52,1024,gblur5,robust,0.983398,2.2972,2.2652,4.5624
DeskGPT,52,1024,gblur7,robust,0.917969,2.2972,2.2644,4.5616
DeskGPT,52,1024,mblur3,robust,1.0,2.2972,2.2673,4.5644
DeskGPT,52,1024,mblur5,robust,1.0,2.2972,2.2696,4.5668
DeskGPT,52,1024,mblur7,robust,0.960938,2.2972,2.2722,4.5694
DeskGPT,53,1024,clean,robust,1.0,2.2937,2.2661,4.5598
DeskGPT,53,1024,png,robust,1.0,2.2937,2.2645,4.5581
DeskGPT,53,1024,jpeg90,robust,1.0,2.2937,2.2643,4.558
DeskGPT,53,1024,jpeg70,robust,1.0,2.2937,2.2641,4.5578
DeskGPT,53,1024,jpeg50,robust,1.0,2.2937,2.271,4.5647
DeskGPT,53,1024,resize0.5,robust,1.0,2.2937,2.2695,4.5631
DeskGPT,53,1024,resize0.75,robust,1.0,2.2937,2.2671,4.5607
DeskGPT,53,1024,resize1.25,robust,1.0,2.2937,2.2739,4.5675
DeskGPT,53,1024,resize1.5,robust,1.0,2.2937,2.2654,4.559
DeskGPT,53,1024,gnoise01,robust,1.0,2.2937,2.2695,4.5632
DeskGPT,53,1024,gnoise05,robust,1.0,2.2937,2.2748,4.5685
DeskGPT,53,1024,gnoise10,robust,0.928711,2.2937,2.2669,4.5606
DeskGPT,53,1024,gblur3,robust,1.0,2.2937,2.2662,4.5599
DeskGPT,53,1024,gblur5,robust,1.0,2.2937,2.2685,4.5622
DeskGPT,53,1024,gblur7,robust,0.941406,2.2937,2.2665,4.5602
DeskGPT,53,1024,mblur3,robust,1.0,2.2937,2.2721,4.5657
DeskGPT,53,1024,mblur5,robust,1.0,2.2937,2.2724,4.5661
DeskGPT,53,1024,mblur7,robust,0.969727,2.2937,2.2677,4.5614
DeskGPT,54,1024,clean,robust,1.0,2.2941,2.2643,4.5584
DeskGPT,54,1024,png,robust,1.0,2.2941,2.2675,4.5616
DeskGPT,54,1024,jpeg90,robust,1.0,2.2941,2.2672,4.5612
DeskGPT,54,1024,jpeg70,robust,1.0,2.2941,2.2728,4.5669
DeskGPT,54,1024,jpeg50,robust,1.0,2.2941,2.2684,4.5625
DeskGPT,54,1024,resize0.5,robust,1.0,2.2941,2.2662,4.5603
DeskGPT,54,1024,resize0.75,robust,1.0,2.2941,2.2652,4.5593
DeskGPT,54,1024,resize1.25,robust,1.0,2.2941,2.2695,4.5636
DeskGPT,54,1024,resize1.5,robust,1.0,2.2941,2.2695,4.5636
DeskGPT,54,1024,gnoise01,robust,1.0,2.2941,2.2694,4.5635
DeskGPT,54,1024,gnoise05,robust,0.978516,2.2941,2.2664,4.5605
DeskGPT,54,1024,gnoise10,robust,0.914062,2.2941,2.2639,4.558
DeskGPT,54,1024,gblur3,robust,1.0,2.2941,2.2677,4.5618
DeskGPT,54,1024,gblur5,robust,0.951172,2.2941,2.2683,4.5624
DeskGPT,54,1024,gblur7,robust,0.876953,2.2941,2.2757,4.5698
DeskGPT,54,1024,mblur3,robust,0.975586,2.2941,2.2712,4.5652
DeskGPT,54,1024,mblur5,robust,0.942383,2.2941,2.2647,4.5588
DeskGPT,54,1024,mblur7,robust,0.888672,2.2941,2.268,4.562
DeskGPT,55,1024,clean,robust,1.0,2.2941,2.2695,4.5636
DeskGPT,55,1024,png,robust,1.0,2.2941,2.2726,4.5667
DeskGPT,55,1024,jpeg90,robust,1.0,2.2941,2.2645,4.5585
DeskGPT,55,1024,jpeg70,robust,1.0,2.2941,2.2646,4.5587
DeskGPT,55,1024,jpeg50,robust,1.0,2.2941,2.264,4.5581
DeskGPT,55,1024,resize0.5,robust,1.0,2.2941,2.264,4.5581
DeskGPT,55,1024,resize0.75,robust,1.0,2.2941,2.2702,4.5643
DeskGPT,55,1024,resize1.25,robust,1.0,2.2941,2.2694,4.5635
DeskGPT,55,1024,resize1.5,robust,1.0,2.2941,2.2764,4.5705
DeskGPT,55,1024,gnoise01,robust,1.0,2.2941,2.2658,4.5599
DeskGPT,55,1024,gnoise05,robust,1.0,2.2941,2.2651,4.5592
DeskGPT,55,1024,gnoise10,robust,0.984375,2.2941,2.2693,4.5633
DeskGPT,55,1024,gblur3,robust,1.0,2.2941,2.2692,4.5632
DeskGPT,55,1024,gblur5,robust,1.0,2.2941,2.2678,4.5619
DeskGPT,55,1024,gblur7,robust,0.972656,2.2941,2.2671,4.5612
DeskGPT,55,1024,mblur3,robust,1.0,2.2941,2.2658,4.5599
DeskGPT,55,1024,mblur5,robust,1.0,2.2941,2.2658,4.5599
DeskGPT,55,1024,mblur7,robust,1.0,2.2941,2.2722,4.5662
DeskGPT,56,1024,clean,robust,1.0,2.2938,2.2665,4.5603
DeskGPT,56,1024,png,robust,1.0,2.2938,2.2658,4.5596
DeskGPT,56,1024,jpeg90,robust,1.0,2.2938,2.2653,4.5591
DeskGPT,56,1024,jpeg70,robust,1.0,2.2938,2.2661,4.5599
DeskGPT,56,1024,jpeg50,robust,1.0,2.2938,2.2773,4.5711
DeskGPT,56,1024,resize0.5,robust,1.0,2.2938,2.2718,4.5656
DeskGPT,56,1024,resize0.75,robust,1.0,2.2938,2.2669,4.5607
DeskGPT,56,1024,resize1.25,robust,1.0,2.2938,2.2644,4.5582
DeskGPT,56,1024,resize1.5,robust,1.0,2.2938,2.2643,4.5581
DeskGPT,56,1024,gnoise01,robust,1.0,2.2938,2.2669,4.5607
DeskGPT,56,1024,gnoise05,robust,0.985352,2.2938,2.2726,4.5664
DeskGPT,56,1024,gnoise10,robust,0.952148,2.2938,2.268,4.5618
DeskGPT,56,1024,gblur3,robust,1.0,2.2938,2.264,4.5578
DeskGPT,56,1024,gblur5,robust,0.955078,2.2938,2.2707,4.5645
DeskGPT,56,1024,gblur7,robust,0.894531,2.2938,2.2649,4.5587
DeskGPT,56,1024,mblur3,robust,1.0,2.2938,2.2729,4.5667
DeskGPT,56,1024,mblur5,robust,0.982422,2.2938,2.2694,4.5632
DeskGPT,56,1024,mblur7,robust,0.921875,2.2938,2.2661,4.5599
DeskGPT,57,1024,clean,robust,1.0,2.3029,2.266,4.5689
DeskGPT,57,1024,png,robust,1.0,2.3029,2.2651,4.568
DeskGPT,57,1024,jpeg90,robust,1.0,2.3029,2.2676,4.5705
DeskGPT,57,1024,jpeg70,robust,1.0,2.3029,2.2709,4.5738
DeskGPT,57,1024,jpeg50,robust,1.0,2.3029,2.2642,4.5671
DeskGPT,57,1024,resize0.5,robust,1.0,2.3029,2.2649,4.5678
DeskGPT,57,1024,resize0.75,robust,1.0,2.3029,2.2666,4.5695
DeskGPT,57,1024,resize1.25,robust,1.0,2.3029,2.2655,4.5683
DeskGPT,57,1024,resize1.5,robust,1.0,2.3029,2.2686,4.5715
DeskGPT,57,1024,gnoise01,robust,1.0,2.3029,2.2664,4.5693
DeskGPT,57,1024,gnoise05,robust,1.0,2.3029,2.2637,4.5666
DeskGPT,57,1024,gnoise10,robust,1.0,2.3029,2.2674,4.5703
DeskGPT,57,1024,gblur3,robust,1.0,2.3029,2.2713,4.5742
DeskGPT,57,1024,gblur5,robust,1.0,2.3029,2.2689,4.5718
DeskGPT,57,1024,gblur7,robust,1.0,2.3029,2.2719,4.5748
DeskGPT,57,1024,mblur3,robust,1.0,2.3029,2.265,4.5679
DeskGPT,57,1024,mblur5,robust,1.0,2.3029,2.2662,4.5691
DeskGPT,57,1024,mblur7,robust,1.0,2.3029,2.2687,4.5715
DeskGPT,58,1024,clean,robust,1.0,2.297,2.2664,4.5634
DeskGPT,58,1024,png,robust,1.0,2.297,2.2704,4.5674
DeskGPT,58,1024,jpeg90,robust,1.0,2.297,2.2671,4.5641
DeskGPT,58,1024,jpeg70,robust,1.0,2.297,2.2671,4.5641
DeskGPT,58,1024,jpeg50,robust,1.0,2.297,2.265,4.562
DeskGPT,58,1024,resize0.5,robust,1.0,2.297,2.2727,4.5697
DeskGPT,58,1024,resize0.75,robust,1.0,2.297,2.2725,4.5695
DeskGPT,58,1024,resize1.25,robust,1.0,2.297,2.269,4.566
DeskGPT,58,1024,resize1.5,robust,1.0,2.297,2.2646,4.5616
DeskGPT,58,1024,gnoise01,robust,1.0,2.297,2.2645,4.5615
DeskGPT,58,1024,gnoise05,robust,1.0,2.297,2.2637,4.5607
DeskGPT,58,1024,gnoise10,robust,0.990234,2.297,2.2661,4.5631
DeskGPT,58,1024,gblur3,robust,1.0,2.297,2.269,4.566
DeskGPT,58,1024,gblur5,robust,1.0,2.297,2.2679,4.5649
DeskGPT,58,1024,gblur7,robust,0.974609,2.297,2.2647,4.5617
DeskGPT,58,1024,mblur3,robust,1.0,2.297,2.2646,4.5616
DeskGPT,58,1024,mblur5,robust,1.0,2.297,2.2671,4.5641
DeskGPT,58,1024,mblur7,robust,0.977539,2.297,2.2856,4.5826
DeskGPT,59,1024,clean,robust,1.0,2.2957,2.274,4.5697
DeskGPT,59,1024,png,robust,1.0,2.2957,2.2711,4.5667
DeskGPT,59,1024,jpeg90,robust,1.0,2.2957,2.2741,4.5698
DeskGPT,59,1024,jpeg70,robust,1.0,2.2957,2.2654,4.5611
DeskGPT,59,1024,jpeg50,robust,1.0,2.2957,2.2688,4.5645
DeskGPT,59,1024,resize0.5,robust,1.0,2.2957,2.2669,4.5626
DeskGPT,59,1024,resize0.75,robust,1.0,2.2957,2.2628,4.5584
DeskGPT,59,1024,resize1.25,robust,1.0,2.2957,2.2657,4.5614
DeskGPT,59,1024,resize1.5,robust,1.0,2.2957,2.2641,4.5597
DeskGPT,59,1024,gnoise01,robust,1.0,2.2957,2.2673,4.563
DeskGPT,59,1024,gnoise05,robust,1.0,2.2957,2.2698,4.5655
DeskGPT,59,1024,gnoise10,robust,1.0,2.2957,2.2649,4.5606
DeskGPT,59,1024,gblur3,robust,1.0,2.2957,2.2674,4.5631
DeskGPT,59,1024,gblur5,robust,1.0,2.2957,2.2668,4.5624
DeskGPT,59,1024,gblur7,robust,0.978516,2.2957,2.2743,4.57
DeskGPT,59,1024,mblur3,robust,1.0,2.2957,2.2694,4.565
DeskGPT,59,1024,mblur5,robust,1.0,2.2957,2.2699,4.5656
DeskGPT,59,1024,mblur7,robust,1.0,2.2957,2.2691,4.5648
DeskGPT,60,1024,clean,robust,1.0,2.2956,2.2648,4.5604
DeskGPT,60,1024,png,robust,1.0,2.2956,2.2657,4.5613
DeskGPT,60,1024,jpeg90,robust,1.0,2.2956,2.273,4.5686
DeskGPT,60,1024,jpeg70,robust,1.0,2.2956,2.2733,4.5689
DeskGPT,60,1024,jpeg50,robust,0.983398,2.2956,2.2664,4.562
DeskGPT,60,1024,resize0.5,robust,1.0,2.2956,2.2685,4.5641
DeskGPT,60,1024,resize0.75,robust,1.0,2.2956,2.2692,4.5648
DeskGPT,60,1024,resize1.25,robust,1.0,2.2956,2.2663,4.5619
DeskGPT,60,1024,resize1.5,robust,1.0,2.2956,2.2749,4.5704
DeskGPT,60,1024,gnoise01,robust,1.0,2.2956,2.2757,4.5713
DeskGPT,60,1024,gnoise05,robust,0.966797,2.2956,2.2666,4.5622
DeskGPT,60,1024,gnoise10,robust,0.907227,2.2956,2.2629,4.5585
DeskGPT,60,1024,gblur3,robust,1.0,2.2956,2.2656,4.5612
DeskGPT,60,1024,gblur5,robust,0.946289,2.2956,2.2682,4.5638
DeskGPT,60,1024,gblur7,robust,0.886719,2.2956,2.2748,4.5704
DeskGPT,60,1024,mblur3,robust,1.0,2.2956,2.2677,4.5633
DeskGPT,60,1024,mblur5,robust,0.955078,2.2956,2.2658,4.5614
DeskGPT,60,1024,mblur7,robust,0.907227,2.2956,2.2668,4.5624
DeskGPT,61,1024,clean,robust,1.0,2.2936,2.267,4.5606
DeskGPT,61,1024,png,robust,1.0,2.2936,2.2712,4.5648
DeskGPT,61,1024,jpeg90,robust,1.0,2.2936,2.266,4.5596
DeskGPT,61,1024,jpeg70,robust,1.0,2.2936,2.2676,4.5612
DeskGPT,61,1024,jpeg50,robust,1.0,2.2936,2.2731,4.5666
DeskGPT,61,1024,resize0.5,robust,1.0,2.2936,2.27,4.5635
DeskGPT,61,1024,resize0.75,robust,1.0,2.2936,2.2675,4.5611
DeskGPT,61,1024,resize1.25,robust,1.0,2.2936,2.269,4.5625
DeskGPT,61,1024,resize1.5,robust,1.0,2.2936,2.264,4.5575
DeskGPT,61,1024,gnoise01,robust,1.0,2.2936,2.2631,4.5566
DeskGPT,61,1024,gnoise05,robust,0.982422,2.2936,2.2652,4.5587
DeskGPT,61,1024,gnoise10,robust,0.930664,2.2936,2.2657,4.5593
DeskGPT,61,1024,gblur3,robust,1.0,2.2936,2.2694,4.5629
DeskGPT,61,1024,gblur5,robust,0.981445,2.2936,2.2647,4.5583
DeskGPT,61,1024,gblur7,robust,0.932617,2.2936,2.2656,4.5591
DeskGPT,61,1024,mblur3,robust,1.0,2.2936,2.2694,4.5629
DeskGPT,61,1024,mblur5,robust,1.0,2.2936,2.2682,4.5618
DeskGPT,61,1024,mblur7,robust,0.948242,2.2936,2.2791,4.5726
DeskGPT,62,1024,clean,robust,1.0,2.2951,2.2675,4.5626
DeskGPT,62,1024,png,robust,1.0,2.2951,2.2669,4.562
DeskGPT,62,1024,jpeg90,robust,1.0,2.2951,2.2641,4.5592
DeskGPT,62,1024,jpeg70,robust,0.969727,2.2951,2.2657,4.5608
DeskGPT,62,1024,jpeg50,robust,0.905273,2.2951,2.2713,4.5664
DeskGPT,62,1024,resize0.5,robust,1.0,2.2951,2.2684,4.5635
DeskGPT,62,1024,resize0.75,robust,1.0,2.2951,2.2679,4.563
DeskGPT,62,1024,resize1.25,robust,1.0,2.2951,2.2632,4.5583
DeskGPT,62,1024,resize1.5,robust,1.0,2.2951,2.2659,4.561
DeskGPT,62,1024,gnoise01,robust,1.0,2.2951,2.2685,4.5636
DeskGPT,62,1024,gnoise05,robust,0.8125,2.2951,2.2711,4.5662
DeskGPT,62,1024,gnoise10,robust,0.740234,2.2951,2.2653,4.5604
DeskGPT,62,1024,gblur3,robust,1.0,2.2951,2.2673,4.5623
DeskGPT,62,1024,gblur5,robust,0.981445,2.2951,2.2682,4.5633
DeskGPT,62,1024,gblur7,robust,0.90918,2.2951,2.2661,4.5612
DeskGPT,62,1024,mblur3,robust,1.0,2.2951,2.274,4.5691
DeskGPT,62,1024,mblur5,robust,0.983398,2.2951,2.2707,4.5658
DeskGPT,62,1024,mblur7,robust,0.918945,2.2951,2.2676,4.5627
DeskGPT,63,1024,clean,robust,1.0,2.3027,2.2727,4.5753
DeskGPT,63,1024,png,robust,1.0,2.3027,2.2657,4.5684
DeskGPT,63,1024,jpeg90,robust,1.0,2.3027,2.2716,4.5742
DeskGPT,63,1024,jpeg70,robust,1.0,2.3027,2.2718,4.5744
DeskGPT,63,1024,jpeg50,robust,0.963867,2.3027,2.2669,4.5696
DeskGPT,63,1024,resize0.5,robust,1.0,2.3027,2.269,4.5717
DeskGPT,63,1024,resize0.75,robust,1.0,2.3027,2.2721,4.5748
DeskGPT,63,1024,resize1.25,robust,1.0,2.3027,2.2734,4.5761
DeskGPT,63,1024,resize1.5,robust,1.0,2.3027,2.2699,4.5725
DeskGPT,63,1024,gnoise01,robust,1.0,2.3027,2.2679,4.5706
DeskGPT,63,1024,gnoise05,robust,0.882812,2.3027,2.2681,4.5707
DeskGPT,63,1024,gnoise10,robust,0.825195,2.3027,2.2639,4.5666
DeskGPT,63,1024,gblur3,robust,1.0,2.3027,2.2673,4.57
DeskGPT,63,1024,gblur5,robust,0.978516,2.3027,2.2693,4.572
DeskGPT,63,1024,gblur7,robust,0.90332,2.3027,2.2684,4.5711
DeskGPT,63,1024,mblur3,robust,1.0,2.3027,2.2663,4.569
DeskGPT,63,1024,mblur5,robust,1.0,2.3027,2.2673,4.57
DeskGPT,63,1024,mblur7,robust,0.941406,2.3027,2.2662,4.5688
DeskGPT,64,1024,clean,robust,1.0,2.2925,2.2701,4.5626
DeskGPT,64,1024,png,robust,1.0,2.2925,2.2726,4.565
DeskGPT,64,1024,jpeg90,robust,1.0,2.2925,2.2701,4.5625
DeskGPT,64,1024,jpeg70,robust,1.0,2.2925,2.2689,4.5614
DeskGPT,64,1024,jpeg50,robust,1.0,2.2925,2.266,4.5585
DeskGPT,64,1024,resize0.5,robust,1.0,2.2925,2.2658,4.5582
DeskGPT,64,1024,resize0.75,robust,1.0,2.2925,2.272,4.5644
DeskGPT,64,1024,resize1.25,robust,1.0,2.2925,2.2741,4.5666
DeskGPT,64,1024,resize1.5,robust,1.0,2.2925,2.2681,4.5606
DeskGPT,64,1024,gnoise01,robust,1.0,2.2925,2.27,4.5625
DeskGPT,64,1024,gnoise05,robust,0.980469,2.2925,2.2658,4.5583
DeskGPT,64,1024,gnoise10,robust,0.943359,2.2925,2.2667,4.5592
DeskGPT,64,1024,gblur3,robust,1.0,2.2925,2.2738,4.5662
DeskGPT,64,1024,gblur5,robust,0.979492,2.2925,2.2675,4.56
DeskGPT,64,1024,gblur7,robust,0.910156,2.2925,2.2694,4.5619
DeskGPT,64,1024,mblur3,robust,1.0,2.2925,2.2749,4.5674
DeskGPT,64,1024,mblur5,robust,0.982422,2.2925,2.2658,4.5583
DeskGPT,64,1024,mblur7,robust,0.923828,2.2925,2.2737,4.5661
DeskGPT,65,1024,clean,robust,1.0,2.2929,2.2615,4.5544
DeskGPT,65,1024,png,robust,1.0,2.2929,2.2617,4.5545
DeskGPT,65,1024,jpeg90,robust,1.0,2.2929,2.2614,4.5543
DeskGPT,65,1024,jpeg70,robust,1.0,2.2929,2.264,4.5569
DeskGPT,65,1024,jpeg50,robust,1.0,2.2929,2.2689,4.5618
DeskGPT,65,1024,resize0.5,robust,1.0,2.2929,2.2707,4.5635
DeskGPT,65,1024,resize0.75,robust,1.0,2.2929,2.2657,4.5585
DeskGPT,65,1024,resize1.25,robust,1.0,2.2929,2.2648,4.5577
DeskGPT,65,1024,resize1.5,robust,1.0,2.2929,2.2678,4.5606
DeskGPT,65,1024,gnoise01,robust,1.0,2.2929,2.2673,4.5602
DeskGPT,65,1024,gnoise05,robust,0.979492,2.2929,2.2704,4.5632
DeskGPT,65,1024,gnoise10,robust,0.921875,2.2929,2.2682,4.5611
DeskGPT,65,1024,gblur3,robust,1.0,2.2929,2.2706,4.5635
DeskGPT,65,1024,gblur5,robust,0.972656,2.2929,2.265,4.5579
DeskGPT,65,1024,gblur7,robust,0.905273,2.2929,2.2644,4.5573
DeskGPT,65,1024,mblur3,robust,1.0,2.2929,2.2711,4.564
DeskGPT,65,1024,mblur5,robust,0.978516,2.2929,2.2699,4.5627
DeskGPT,65,1024,mblur7,robust,0.916016,2.2929,2.2698,4.5626
DeskGPT,66,1024,clean,robust,1.0,2.299,2.2672,4.5662
DeskGPT,66,1024,png,robust,1.0,2.299,2.2674,4.5665
DeskGPT,66,1024,jpeg90,robust,1.0,2.299,2.2713,4.5704
DeskGPT,66,1024,jpeg70,robust,1.0,2.299,2.272,4.5711
DeskGPT,66,1024,jpeg50,robust,1.0,2.299,2.274,4.573
DeskGPT,66,1024,resize0.5,robust,1.0,2.299,2.268,4.567
DeskGPT,66,1024,resize0.75,robust,1.0,2.299,2.2662,4.5653
DeskGPT,66,1024,resize1.25,robust,1.0,2.299,2.2649,4.564
DeskGPT,66,1024,resize1.5,robust,1.0,2.299,2.2714,4.5704
DeskGPT,66,1024,gnoise01,robust,1.0,2.299,2.2693,4.5683
DeskGPT,66,1024,gnoise05,robust,0.982422,2.299,2.2671,4.5662
DeskGPT,66,1024,gnoise10,robust,0.90918,2.299,2.2648,4.5639
DeskGPT,66,1024,gblur3,robust,1.0,2.299,2.2664,4.5654
DeskGPT,66,1024,gblur5,robust,0.964844,2.299,2.2729,4.5719
DeskGPT,66,1024,gblur7,robust,0.881836,2.299,2.2801,4.5791
DeskGPT,66,1024,mblur3,robust,1.0,2.299,2.2665,4.5655
DeskGPT,66,1024,mblur5,robust,0.954102,2.299,2.2696,4.5686
DeskGPT,66,1024,mblur7,robust,0.898438,2.299,2.2653,4.5644
DeskGPT,67,1024,clean,robust,1.0,2.2937,2.2669,4.5607
DeskGPT,67,1024,png,robust,1.0,2.2937,2.2752,4.5689
DeskGPT,67,1024,jpeg90,robust,1.0,2.2937,2.2724,4.5661
DeskGPT,67,1024,jpeg70,robust,1.0,2.2937,2.2679,4.5616
DeskGPT,67,1024,jpeg50,robust,1.0,2.2937,2.2651,4.5588
DeskGPT,67,1024,resize0.5,robust,1.0,2.2937,2.2648,4.5585
DeskGPT,67,1024,resize0.75,robust,1.0,2.2937,2.2703,4.5641
DeskGPT,67,1024,resize1.25,robust,1.0,2.2937,2.2686,4.5623
DeskGPT,67,1024,resize1.5,robust,1.0,2.2937,2.2654,4.5592
DeskGPT,67,1024,gnoise01,robust,1.0,2.2937,2.2681,4.5618
DeskGPT,67,1024,gnoise05,robust,1.0,2.2937,2.2689,4.5627
DeskGPT,67,1024,gnoise10,robust,1.0,2.2937,2.2745,4.5683
DeskGPT,67,1024,gblur3,robust,1.0,2.2937,2.2756,4.5694
DeskGPT,67,1024,gblur5,robust,1.0,2.2937,2.2669,4.5607
DeskGPT,67,1024,gblur7,robust,0.960938,2.2937,2.2659,4.5596
DeskGPT,67,1024,mblur3,robust,1.0,2.2937,2.2656,4.5593
DeskGPT,67,1024,mblur5,robust,1.0,2.2937,2.269,4.5627
DeskGPT,67,1024,mblur7,robust,0.975586,2.2937,2.2739,4.5677
DeskGPT,68,1024,clean,robust,1.0,2.2987,2.265,4.5637
DeskGPT,68,1024,png,robust,1.0,2.2987,2.2666,4.5653
DeskGPT,68,1024,jpeg90,robust,1.0,2.2987,2.2641,4.5628
DeskGPT,68,1024,jpeg70,robust,1.0,2.2987,2.2651,4.5638
DeskGPT,68,1024,jpeg50,robust,1.0,2.2987,2.2688,4.5674
DeskGPT,68,1024,resize0.5,robust,1.0,2.2987,2.2708,4.5695
DeskGPT,68,1024,resize0.75,robust,1.0,2.2987,2.2663,4.565
DeskGPT,68,1024,resize1.25,robust,1.0,2.2987,2.2657,4.5644
DeskGPT,68,1024,resize1.5,robust,1.0,2.2987,2.2642,4.5629
DeskGPT,68,1024,gnoise01,robust,1.0,2.2987,2.266,4.5647
DeskGPT,68,1024,gnoise05,robust,1.0,2.2987,2.2776,4.5763
DeskGPT,68,1024,gnoise10,robust,0.980469,2.2987,2.2673,4.566
DeskGPT,68,1024,gblur3,robust,1.0,2.2987,2.2651,4.5637
DeskGPT,68,1024,gblur5,robust,1.0,2.2987,2.2651,4.5637
DeskGPT,68,1024,gblur7,robust,0.974609,2.2987,2.2636,4.5622
DeskGPT,68,1024,mblur3,robust,1.0,2.2987,2.2681,4.5668
DeskGPT,68,1024,mblur5,robust,1.0,2.2987,2.2682,4.5668
DeskGPT,68,1024,mblur7,robust,1.0,2.2987,2.2663,4.5649
DeskGPT,69,1024,clean,robust,1.0,2.301,2.2681,4.5691
DeskGPT,69,1024,png,robust,1.0,2.301,2.274,4.5751
DeskGPT,69,1024,jpeg90,robust,1.0,2.301,2.2757,4.5768
DeskGPT,69,1024,jpeg70,robust,1.0,2.301,2.2715,4.5726
DeskGPT,69,1024,jpeg50,robust,0.976562,2.301,2.2661,4.5671
DeskGPT,69,1024,resize0.5,robust,1.0,2.301,2.2686,4.5696
DeskGPT,69,1024,resize0.75,robust,1.0,2.301,2.2677,4.5688
DeskGPT,69,1024,resize1.25,robust,1.0,2.301,2.2669,4.568
DeskGPT,69,1024,resize1.5,robust,1.0,2.301,2.2716,4.5727
DeskGPT,69,1024,gnoise01,robust,1.0,2.301,2.2677,4.5687
DeskGPT,69,1024,gnoise05,robust,0.920898,2.301,2.2664,4.5675
DeskGPT,69,1024,gnoise10,robust,0.873047,2.301,2.2668,4.5679
DeskGPT,69,1024,gblur3,robust,1.0,2.301,2.2658,4.5669
DeskGPT,69,1024,gblur5,robust,0.954102,2.301,2.2717,4.5727
DeskGPT,69,1024,gblur7,robust,0.870117,2.301,2.27,4.571
DeskGPT,69,1024,mblur3,robust,1.0,2.301,2.2665,4.5676
DeskGPT,69,1024,mblur5,robust,0.958984,2.301,2.2747,4.5758
DeskGPT,69,1024,mblur7,robust,0.939453,2.301,2.2691,4.5702
DeskGPT,70,1024,clean,robust,1.0,2.2939,2.2695,4.5634
DeskGPT,70,1024,png,robust,1.0,2.2939,2.2694,4.5633
DeskGPT,70,1024,jpeg90,robust,0.981445,2.2939,2.2647,4.5586
DeskGPT,70,1024,jpeg70,robust,0.938477,2.2939,2.264,4.5578
DeskGPT,70,1024,jpeg50,robust,0.901367,2.2939,2.2646,4.5584
DeskGPT,70,1024,resize0.5,robust,0.954102,2.2939,2.2676,4.5615
DeskGPT,70,1024,resize0.75,robust,1.0,2.2939,2.2709,4.5648
DeskGPT,70,1024,resize1.25,robust,1.0,2.2939,2.2673,4.5612
DeskGPT,70,1024,resize1.5,robust,1.0,2.2939,2.266,4.5599
DeskGPT,70,1024,gnoise01,robust,0.983398,2.2939,2.2717,4.5656
DeskGPT,70,1024,gnoise05,robust,0.832031,2.2939,2.2668,4.5606
DeskGPT,70,1024,gnoise10,robust,0.734375,2.2939,2.2671,4.561
DeskGPT,70,1024,gblur3,robust,0.981445,2.2939,2.2728,4.5666
DeskGPT,70,1024,gblur5,robust,0.913086,2.2939,2.2677,4.5616
DeskGPT,70,1024,gblur7,robust,0.842773,2.2939,2.2659,4.5598
DeskGPT,70,1024,mblur3,robust,0.962891,2.2939,2.2661,4.56
DeskGPT,70,1024,mblur5,robust,0.916016,2.2939,2.2674,4.5613
DeskGPT,70,1024,mblur7,robust,0.851562,2.2939,2.2716,4.5655
DeskGPT,71,1024,clean,robust,1.0,2.2958,2.2651,4.5609
DeskGPT,71,1024,png,robust,1.0,2.2958,2.2676,4.5634
DeskGPT,71,1024,jpeg90,robust,1.0,2.2958,2.2661,4.5619
DeskGPT,71,1024,jpeg70,robust,0.985352,2.2958,2.2663,4.5621
DeskGPT,71,1024,jpeg50,robust,0.960938,2.2958,2.2684,4.5642
DeskGPT,71,1024,resize0.5,robust,1.0,2.2958,2.2707,4.5665
DeskGPT,71,1024,resize0.75,robust,1.0,2.2958,2.2648,4.5606
DeskGPT,71,1024,resize1.25,robust,1.0,2.2958,2.265,4.5608
DeskGPT,71,1024,resize1.5,robust,1.0,2.2958,2.2704,4.5662
DeskGPT,71,1024,gnoise01,robust,1.0,2.2958,2.2719,4.5678
DeskGPT,71,1024,gnoise05,robust,0.910156,2.2958,2.2718,4.5676
DeskGPT,71,1024,gnoise10,robust,0.814453,2.2958,2.2645,4.5604
DeskGPT,71,1024,gblur3,robust,1.0,2.2958,2.2665,4.5623
DeskGPT,71,1024,gblur5,robust,0.938477,2.2958,2.2671,4.5629
DeskGPT,71,1024,gblur7,robust,0.871094,2.2958,2.2669,4.5627
DeskGPT,71,1024,mblur3,robust,0.983398,2.2958,2.2702,4.566
DeskGPT,71,1024,mblur5,robust,0.962891,2.2958,2.275,4.5708
DeskGPT,71,1024,mblur7,robust,0.907227,2.2958,2.2742,4.57
DeskGPT,72,1024,clean,robust,1.0,2.3083,2.264,4.5723
DeskGPT,72,1024,png,robust,1.0,2.3083,2.2657,4.574
DeskGPT,72,1024,jpeg90,robust,1.0,2.3083,2.2683,4.5766
DeskGPT,72,1024,jpeg70,robust,1.0,2.3083,2.2695,4.5777
DeskGPT,72,1024,jpeg50,robust,1.0,2.3083,2.267,4.5753
DeskGPT,72,1024,resize0.5,robust,1.0,2.3083,2.2677,4.576
DeskGPT,72,1024,resize0.75,robust,1.0,2.3083,2.2636,4.5719
DeskGPT,72,1024,resize1.25,robust,1.0,2.3083,2.2639,4.5722
DeskGPT,72,1024,resize1.5,robust,1.0,2.3083,2.27,4.5783
DeskGPT,72,1024,gnoise01,robust,1.0,2.3083,2.2653,4.5735
DeskGPT,72,1024,gnoise05,robust,0.961914,2.3083,2.2652,4.5735
DeskGPT,72,1024,gnoise10,robust,0.895508,2.3083,2.2651,4.5734
DeskGPT,72,1024,gblur3,robust,1.0,2.3083,2.2644,4.5727
DeskGPT,72,1024,gblur5,robust,1.0,2.3083,2.2733,4.5816
DeskGPT,72,1024,gblur7,robust,0.930664,2.3083,2.2696,4.5779
DeskGPT,72,1024,mblur3,robust,1.0,2.3083,2.2645,4.5727
DeskGPT,72,1024,mblur5,robust,0.985352,2.3083,2.2656,4.5739
DeskGPT,72,1024,mblur7,robust,0.949219,2.3083,2.2681,4.5763
DeskGPT,73,1024,clean,robust,1.0,2.3052,2.2695,4.5747
DeskGPT,73,1024,png,robust,1.0,2.3052,2.2772,4.5824
DeskGPT,73,1024,jpeg90,robust,1.0,2.3052,2.2687,4.5739
DeskGPT,73,1024,jpeg70,robust,0.982422,2.3052,2.2659,4.5712
DeskGPT,73,1024,jpeg50,robust,0.943359,2.3052,2.2727,4.5779
DeskGPT,73,1024,resize0.5,robust,0.954102,2.3052,2.2673,4.5725
DeskGPT,73,1024,resize0.75,robust,0.984375,2.3052,2.2778,4.583
DeskGPT,73,1024,resize1.25,robust,1.0,2.3052,2.2776,4.5828
DeskGPT,73,1024,resize1.5,robust,1.0,2.3052,2.2718,4.577
DeskGPT,73,1024,gnoise01,robust,1.0,2.3052,2.2688,4.574
DeskGPT,73,1024,gnoise05,robust,0.918945,2.3052,2.2664,4.5717
DeskGPT,73,1024,gnoise10,robust,0.785156,2.3052,2.2675,4.5727
DeskGPT,73,1024,gblur3,robust,0.963867,2.3052,2.2705,4.5757
DeskGPT,73,1024,gblur5,robust,0.890625,2.3052,2.2644,4.5696
DeskGPT,73,1024,gblur7,robust,0.799805,2.3052,2.2676,4.5728
DeskGPT,73,1024,mblur3,robust,0.958984,2.3052,2.2683,4.5736
DeskGPT,73,1024,mblur5,robust,0.866211,2.3052,2.2664,4.5717
DeskGPT,73,1024,mblur7,robust,0.806641,2.3052,2.2746,4.5798
DeskGPT,74,1024,clean,robust,1.0,2.3062,2.2663,4.5725
DeskGPT,74,1024,png,robust,1.0,2.3062,2.2686,4.5748
DeskGPT,74,1024,jpeg90,robust,1.0,2.3062,2.2651,4.5713
DeskGPT,74,1024,jpeg70,robust,1.0,2.3062,2.2659,4.5721
DeskGPT,74,1024,jpeg50,robust,1.0,2.3062,2.272,4.5782
DeskGPT,74,1024,resize0.5,robust,1.0,2.3062,2.2696,4.5758
DeskGPT,74,1024,resize0.75,robust,1.0,2.3062,2.2637,4.5699
DeskGPT,74,1024,resize1.25,robust,1.0,2.3062,2.2666,4.5728
DeskGPT,74,1024,resize1.5,robust,1.0,2.3062,2.264,4.5702
DeskGPT,74,1024,gnoise01,robust,1.0,2.3062,2.2661,4.5723
DeskGPT,74,1024,gnoise05,robust,0.982422,2.3062,2.2717,4.5779
DeskGPT,74,1024,gnoise10,robust,0.891602,2.3062,2.2658,4.572
DeskGPT,74,1024,gblur3,robust,1.0,2.3062,2.2728,4.579
DeskGPT,74,1024,gblur5,robust,0.981445,2.3062,2.2657,4.5719
DeskGPT,74,1024,gblur7,robust,0.935547,2.3062,2.269,4.5752
DeskGPT,74,1024,mblur3,robust,1.0,2.3062,2.2738,4.58
DeskGPT,74,1024,mblur5,robust,1.0,2.3062,2.2686,4.5748
DeskGPT,74,1024,mblur7,robust,0.958984,2.3062,2.2647,4.5709
DeskGPT,75,1024,clean,robust,1.0,2.3031,2.263,4.5661
DeskGPT,75,1024,png,robust,1.0,2.3031,2.2626,4.5657
DeskGPT,75,1024,jpeg90,robust,1.0,2.3031,2.2658,4.5689
DeskGPT,75,1024,jpeg70,robust,1.0,2.3031,2.2659,4.5691
DeskGPT,75,1024,jpeg50,robust,1.0,2.3031,2.2653,4.5685
DeskGPT,75,1024,resize0.5,robust,1.0,2.3031,2.2626,4.5657
DeskGPT,75,1024,resize0.75,robust,1.0,2.3031,2.2642,4.5673
DeskGPT,75,1024,resize1.25,robust,1.0,2.3031,2.2685,4.5716
DeskGPT,75,1024,resize1.5,robust,1.0,2.3031,2.2737,4.5768
DeskGPT,75,1024,gnoise01,robust,1.0,2.3031,2.2658,4.5689
DeskGPT,75,1024,gnoise05,robust,1.0,2.3031,2.2643,4.5674
DeskGPT,75,1024,gnoise10,robust,1.0,2.3031,2.2651,4.5682
DeskGPT,75,1024,gblur3,robust,1.0,2.3031,2.263,4.5661
DeskGPT,75,1024,gblur5,robust,1.0,2.3031,2.2706,4.5737
DeskGPT,75,1024,gblur7,robust,0.975586,2.3031,2.2686,4.5718
DeskGPT,75,1024,mblur3,robust,1.0,2.3031,2.2677,4.5708
DeskGPT,75,1024,mblur5,robust,1.0,2.3031,2.2648,4.5679
DeskGPT,75,1024,mblur7,robust,0.981445,2.3031,2.2647,4.5678
DeskGPT,76,1024,clean,robust,1.0,2.2987,2.2673,4.566
DeskGPT,76,1024,png,robust,1.0,2.2987,2.2712,4.5698
DeskGPT,76,1024,jpeg90,robust,1.0,2.2987,2.2654,4.5641
DeskGPT,76,1024,jpeg70,robust,1.0,2.2987,2.2689,4.5676
DeskGPT,76,1024,jpeg50,robust,0.976562,2.2987,2.2764,4.5751
DeskGPT,76,1024,resize0.5,robust,1.0,2.2987,2.266,4.5647
DeskGPT,76,1024,resize0.75,robust,1.0,2.2987,2.2779,4.5766
DeskGPT,76,1024,resize1.25,robust,1.0,2.2987,2.2661,4.5648
DeskGPT,76,1024,resize1.5,robust,1.0,2.2987,2.2637,4.5624
DeskGPT,76,1024,gnoise01,robust,1.0,2.2987,2.2633,4.562
DeskGPT,76,1024,gnoise05,robust,0.960938,2.2987,2.2638,4.5625
DeskGPT,76,1024,gnoise10,robust,0.897461,2.2987,2.2673,4.566
DeskGPT,76,1024,gblur3,robust,1.0,2.2987,2.271,4.5697
DeskGPT,76,1024,gblur5,robust,0.981445,2.2987,2.2659,4.5646
DeskGPT,76,1024,gblur7,robust,0.922852,2.2987,2.2664,4.5651
DeskGPT,76,1024,mblur3,robust,1.0,2.2987,2.2637,4.5624
DeskGPT,76,1024,mblur5,robust,1.0,2.2987,2.2699,4.5685
DeskGPT,76,1024,mblur7,robust,0.946289,2.2987,2.2728,4.5715
DeskGPT,77,1024,clean,robust,1.0,2.2948,2.2668,4.5616
DeskGPT,77,1024,png,robust,1.0,2.2948,2.2645,4.5593
DeskGPT,77,1024,jpeg90,robust,1.0,2.2948,2.2637,4.5585
DeskGPT,77,1024,jpeg70,robust,1.0,2.2948,2.2634,4.5582
DeskGPT,77,1024,jpeg50,robust,1.0,2.2948,2.2727,4.5675
DeskGPT,77,1024,resize0.5,robust,1.0,2.2948,2.2706,4.5654
DeskGPT,77,1024,resize0.75,robust,1.0,2.2948,2.2664,4.5612
DeskGPT,77,1024,resize1.25,robust,1.0,2.2948,2.2627,4.5576
DeskGPT,77,1024,resize1.5,robust,1.0,2.2948,2.2633,4.5581
DeskGPT,77,1024,gnoise01,robust,1.0,2.2948,2.267,4.5618
DeskGPT,77,1024,gnoise05,robust,1.0,2.2948,2.2716,4.5664
DeskGPT,77,1024,gnoise10,robust,0.980469,2.2948,2.2681,4.5629
DeskGPT,77,1024,gblur3,robust,1.0,2.2948,2.2743,4.5691
DeskGPT,77,1024,gblur5,robust,1.0,2.2948,2.2683,4.5631
DeskGPT,77,1024,gblur7,robust,0.958984,2.2948,2.2665,4.5613
DeskGPT,77,1024,mblur3,robust,1.0,2.2948,2.2738,4.5686
DeskGPT,77,1024,mblur5,robust,1.0,2.2948,2.2693,4.5641
DeskGPT,77,1024,mblur7,robust,0.963867,2.2948,2.266,4.5609
DeskGPT,78,1024,clean,robust,1.0,2.2931,2.2679,4.561
DeskGPT,78,1024,png,robust,1.0,2.2931,2.2662,4.5593
DeskGPT,78,1024,jpeg90,robust,1.0,2.2931,2.2677,4.5609
DeskGPT,78,1024,jpeg70,robust,1.0,2.2931,2.2674,4.5605
DeskGPT,78,1024,jpeg50,robust,1.0,2.2931,2.2645,4.5576
DeskGPT,78,1024,resize0.5,robust,1.0,2.2931,2.2641,4.5572
DeskGPT,78,1024,resize0.75,robust,1.0,2.2931,2.2656,4.5587
DeskGPT,78,1024,resize1.25,robust,1.0,2.2931,2.2663,4.5595
DeskGPT,78,1024,resize1.5,robust,1.0,2.2931,2.2699,4.563
DeskGPT,78,1024,gnoise01,robust,1.0,2.2931,2.2663,4.5594
DeskGPT,78,1024,gnoise05,robust,1.0,2.2931,2.2659,4.5591
DeskGPT,78,1024,gnoise10,robust,1.0,2.2931,2.2648,4.5579
DeskGPT,78,1024,gblur3,robust,1.0,2.2931,2.2647,4.5579
DeskGPT,78,1024,gblur5,robust,1.0,2.2931,2.2701,4.5633
DeskGPT,78,1024,gblur7,robust,0.96582,2.2931,2.2713,4.5645
DeskGPT,78,1024,mblur3,robust,1.0,2.2931,2.2647,4.5578
DeskGPT,78,1024,mblur5,robust,1.0,2.2931,2.2649,4.5581
DeskGPT,78,1024,mblur7,robust,0.977539,2.2931,2.2647,4.5578
DeskGPT,79,1024,clean,robust,1.0,2.3054,2.2667,4.5721
DeskGPT,79,1024,png,robust,1.0,2.3054,2.2745,4.5799
DeskGPT,79,1024,jpeg90,robust,1.0,2.3054,2.2691,4.5745
DeskGPT,79,1024,jpeg70,robust,0.985352,2.3054,2.2647,4.5701
DeskGPT,79,1024,jpeg50,robust,0.955078,2.3054,2.266,4.5715
DeskGPT,79,1024,resize0.5,robust,1.0,2.3054,2.2672,4.5726
DeskGPT,79,1024,resize0.75,robust,1.0,2.3054,2.2777,4.5831
DeskGPT,79,1024,resize1.25,robust,1.0,2.3054,2.2671,4.5725
DeskGPT,79,1024,resize1.5,robust,1.0,2.3054,2.2661,4.5715
DeskGPT,79,1024,gnoise01,robust,1.0,2.3054,2.2649,4.5704
DeskGPT,79,1024,gnoise05,robust,0.891602,2.3054,2.2658,4.5712
DeskGPT,79,1024,gnoise10,robust,0.816406,2.3054,2.2669,4.5723
DeskGPT,79,1024,gblur3,robust,1.0,2.3054,2.2688,4.5742
DeskGPT,79,1024,gblur5,robust,0.957031,2.3054,2.2661,4.5715
DeskGPT,79,1024,gblur7,robust,0.882812,2.3054,2.2685,4.5739
DeskGPT,79,1024,mblur3,robust,1.0,2.3054,2.2666,4.572
DeskGPT,79,1024,mblur5,robust,0.966797,2.3054,2.2669,4.5723
DeskGPT,79,1024,mblur7,robust,0.890625,2.3054,2.276,4.5814
DeskGPT,80,1024,clean,robust,1.0,2.2974,2.2652,4.5626
DeskGPT,80,1024,png,robust,1.0,2.2974,2.2721,4.5695
DeskGPT,80,1024,jpeg90,robust,1.0,2.2974,2.2725,4.5699
DeskGPT,80,1024,jpeg70,robust,1.0,2.2974,2.2663,4.5637
DeskGPT,80,1024,jpeg50,robust,0.978516,2.2974,2.2734,4.5708
DeskGPT,80,1024,resize0.5,robust,0.977539,2.2974,2.2661,4.5635
DeskGPT,80,1024,resize0.75,robust,1.0,2.2974,2.2656,4.563
DeskGPT,80,1024,resize1.25,robust,1.0,2.2974,2.2651,4.5624
DeskGPT,80,1024,resize1.5,robust,1.0,2.2974,2.2667,4.5641
DeskGPT,80,1024,gnoise01,robust,1.0,2.2974,2.2776,4.5749
DeskGPT,80,1024,gnoise05,robust,0.90625,2.2974,2.2704,4.5678
DeskGPT,80,1024,gnoise10,robust,0.800781,2.2974,2.2647,4.5621
DeskGPT,80,1024,gblur3,robust,1.0,2.2974,2.2677,4.565
DeskGPT,80,1024,gblur5,robust,0.918945,2.2974,2.2657,4.5631
DeskGPT,80,1024,gblur7,robust,0.833008,2.2974,2.2647,4.5621
DeskGPT,80,1024,mblur3,robust,0.985352,2.2974,2.2732,4.5706
DeskGPT,80,1024,mblur5,robust,0.941406,2.2974,2.2676,4.5649
DeskGPT,80,1024,mblur7,robust,0.869141,2.2974,2.2661,4.5635
DeskGPT,81,1024,clean,robust,1.0,2.2938,2.2645,4.5583
DeskGPT,81,1024,png,robust,1.0,2.2938,2.2648,4.5586
DeskGPT,81,1024,jpeg90,robust,1.0,2.2938,2.2697,4.5635
DeskGPT,81,1024,jpeg70,robust,1.0,2.2938,2.2685,4.5622
DeskGPT,81,1024,jpeg50,robust,1.0,2.2938,2.2667,4.5605
DeskGPT,81,1024,resize0.5,robust,1.0,2.2938,2.2649,4.5587
DeskGPT,81,1024,resize0.75,robust,1.0,2.2938,2.2633,4.5571
DeskGPT,81,1024,resize1.25,robust,1.0,2.2938,2.2662,4.56
DeskGPT,81,1024,resize1.5,robust,1.0,2.2938,2.2695,4.5633
DeskGPT,81,1024,gnoise01,robust,1.0,2.2938,2.266,4.5598
DeskGPT,81,1024,gnoise05,robust,1.0,2.2938,2.2657,4.5595
DeskGPT,81,1024,gnoise10,robust,0.942383,2.2938,2.2713,4.5651
DeskGPT,81,1024,gblur3,robust,1.0,2.2938,2.2707,4.5645
DeskGPT,81,1024,gblur5,robust,1.0,2.2938,2.2792,4.5729
DeskGPT,81,1024,gblur7,robust,0.976562,2.2938,2.268,4.5618
DeskGPT,81,1024,mblur3,robust,1.0,2.2938,2.2634,4.5571
DeskGPT,81,1024,mblur5,robust,1.0,2.2938,2.2695,4.5633
DeskGPT,81,1024,mblur7,robust,0.972656,2.2938,2.272,4.5658
DeskGPT,82,1024,clean,robust,1.0,2.2952,2.2681,4.5633
DeskGPT,82,1024,png,robust,1.0,2.2952,2.2725,4.5677
DeskGPT,82,1024,jpeg90,robust,1.0,2.2952,2.2706,4.5658
DeskGPT,82,1024,jpeg70,robust,1.0,2.2952,2.2629,4.5581
DeskGPT,82,1024,jpeg50,robust,1.0,2.2952,2.2645,4.5597
DeskGPT,82,1024,resize0.5,robust,1.0,2.2952,2.265,4.5602
DeskGPT,82,1024,resize0.75,robust,1.0,2.2952,2.2717,4.5669
DeskGPT,82,1024,resize1.25,robust,1.0,2.2952,2.2679,4.5631
DeskGPT,82,1024,resize1.5,robust,1.0,2.2952,2.2683,4.5635
DeskGPT,82,1024,gnoise01,robust,1.0,2.2952,2.2663,4.5615
DeskGPT,82,1024,gnoise05,robust,1.0,2.2952,2.2657,4.5609
DeskGPT,82,1024,gnoise10,robust,0.96582,2.2952,2.2691,4.5643
DeskGPT,82,1024,gblur3,robust,1.0,2.2952,2.2704,4.5656
DeskGPT,82,1024,gblur5,robust,1.0,2.2952,2.2665,4.5617
DeskGPT,82,1024,gblur7,robust,0.927734,2.2952,2.2663,4.5615
DeskGPT,82,1024,mblur3,robust,1.0,2.2952,2.2651,4.5603
DeskGPT,82,1024,mblur5,robust,1.0,2.2952,2.2695,4.5647
DeskGPT,82,1024,mblur7,robust,0.964844,2.2952,2.2705,4.5657
DeskGPT,83,1024,clean,robust,1.0,2.2966,2.2677,4.5643
DeskGPT,83,1024,png,robust,1.0,2.2966,2.2647,4.5613
DeskGPT,83,1024,jpeg90,robust,1.0,2.2966,2.2636,4.5603
DeskGPT,83,1024,jpeg70,robust,1.0,2.2966,2.2665,4.5632
DeskGPT,83,1024,jpeg50,robust,1.0,2.2966,2.274,4.5706
DeskGPT,83,1024,resize0.5,robust,1.0,2.2966,2.2695,4.5661
DeskGPT,83,1024,resize0.75,robust,1.0,2.2966,2.2718,4.5684
DeskGPT,83,1024,resize1.25,robust,1.0,2.2966,2.2719,4.5685
DeskGPT,83,1024,resize1.5,robust,1.0,2.2966,2.2666,4.5632
DeskGPT,83,1024,gnoise01,robust,1.0,2.2966,2.2671,4.5638
DeskGPT,83,1024,gnoise05,robust,1.0,2.2966,2.2692,4.5658
DeskGPT,83,1024,gnoise10,robust,0.922852,2.2966,2.2662,4.5628
DeskGPT,83,1024,gblur3,robust,1.0,2.2966,2.2629,4.5595
DeskGPT,83,1024,gblur5,robust,1.0,2.2966,2.2663,4.5629
DeskGPT,83,1024,gblur7,robust,0.954102,2.2966,2.2638,4.5604
DeskGPT,83,1024,mblur3,robust,1.0,2.2966,2.2754,4.5721
DeskGPT,83,1024,mblur5,robust,1.0,2.2966,2.2712,4.5679
DeskGPT,83,1024,mblur7,robust,0.980469,2.2966,2.2661,4.5628
DeskGPT,84,1024,clean,robust,1.0,2.2952,2.2674,4.5626
DeskGPT,84,1024,png,robust,1.0,2.2952,2.272,4.5672
DeskGPT,84,1024,jpeg90,robust,1.0,2.2952,2.2683,4.5635
DeskGPT,84,1024,jpeg70,robust,1.0,2.2952,2.2681,4.5633
DeskGPT,84,1024,jpeg50,robust,1.0,2.2952,2.2669,4.5621
DeskGPT,84,1024,resize0.5,robust,1.0,2.2952,2.2656,4.5608
DeskGPT,84,1024,resize0.75,robust,1.0,2.2952,2.2639,4.5591
DeskGPT,84,1024,resize1.25,robust,1.0,2.2952,2.269,4.5642
DeskGPT,84,1024,resize1.5,robust,1.0,2.2952,2.2735,4.5687
DeskGPT,84,1024,gnoise01,robust,1.0,2.2952,2.2653,4.5605
DeskGPT,84,1024,gnoise05,robust,1.0,2.2952,2.2661,4.5613
DeskGPT,84,1024,gnoise10,robust,0.896484,2.2952,2.2702,4.5654
DeskGPT,84,1024,gblur3,robust,1.0,2.2952,2.268,4.5632
DeskGPT,84,1024,gblur5,robust,0.97168,2.2952,2.2756,4.5708
DeskGPT,84,1024,gblur7,robust,0.916016,2.2952,2.2746,4.5697
DeskGPT,84,1024,mblur3,robust,1.0,2.2952,2.2691,4.5642
DeskGPT,84,1024,mblur5,robust,0.969727,2.2952,2.2683,4.5635
DeskGPT,84,1024,mblur7,robust,0.917969,2.2952,2.2652,4.5604
DeskGPT,85,1024,clean,robust,1.0,2.2994,2.2694,4.5688
DeskGPT,85,1024,png,robust,1.0,2.2994,2.2683,4.5677
DeskGPT,85,1024,jpeg90,robust,1.0,2.2994,2.2641,4.5636
DeskGPT,85,1024,jpeg70,robust,1.0,2.2994,2.2643,4.5638
DeskGPT,85,1024,jpeg50,robust,1.0,2.2994,2.2702,4.5696
DeskGPT,85,1024,resize0.5,robust,1.0,2.2994,2.2643,4.5637
DeskGPT,85,1024,resize0.75,robust,1.0,2.2994,2.2721,4.5716
DeskGPT,85,1024,resize1.25,robust,1.0,2.2994,2.2677,4.5671
DeskGPT,85,1024,resize1.5,robust,1.0,2.2994,2.2647,4.5641
DeskGPT,85,1024,gnoise01,robust,1.0,2.2994,2.2642,4.5636
DeskGPT,85,1024,gnoise05,robust,1.0,2.2994,2.2657,4.5651
DeskGPT,85,1024,gnoise10,robust,1.0,2.2994,2.2704,4.5698
DeskGPT,85,1024,gblur3,robust,1.0,2.2994,2.2689,4.5684
DeskGPT,85,1024,gblur5,robust,1.0,2.2994,2.2663,4.5658
DeskGPT,85,1024,gblur7,robust,0.939453,2.2994,2.2646,4.564
DeskGPT,85,1024,mblur3,robust,1.0,2.2994,2.2642,4.5636
DeskGPT,85,1024,mblur5,robust,1.0,2.2994,2.268,4.5675
DeskGPT,85,1024,mblur7,robust,0.976562,2.2994,2.2699,4.5694
DeskGPT,86,1024,clean,robust,1.0,2.2956,2.2632,4.5588
DeskGPT,86,1024,png,robust,1.0,2.2956,2.2687,4.5642
DeskGPT,86,1024,jpeg90,robust,1.0,2.2956,2.2695,4.5651
DeskGPT,86,1024,jpeg70,robust,0.958984,2.2956,2.268,4.5635
DeskGPT,86,1024,jpeg50,robust,0.908203,2.2956,2.2781,4.5736
DeskGPT,86,1024,resize0.5,robust,0.976562,2.2956,2.2678,4.5634
DeskGPT,86,1024,resize0.75,robust,1.0,2.2956,2.268,4.5635
DeskGPT,86,1024,resize1.25,robust,1.0,2.2956,2.2686,4.5641
DeskGPT,86,1024,resize1.5,robust,1.0,2.2956,2.2662,4.5617
DeskGPT,86,1024,gnoise01,robust,1.0,2.2956,2.2705,4.566
DeskGPT,86,1024,gnoise05,robust,0.90918,2.2956,2.2726,4.5682
DeskGPT,86,1024,gnoise10,robust,0.826172,2.2956,2.265,4.5605
DeskGPT,86,1024,gblur3,robust,0.980469,2.2956,2.2655,4.561
DeskGPT,86,1024,gblur5,robust,0.933594,2.2956,2.2658,4.5613
DeskGPT,86,1024,gblur7,robust,0.850586,2.2956,2.2649,4.5605
DeskGPT,86,1024,mblur3,robust,0.975586,2.2956,2.2699,4.5655
DeskGPT,86,1024,mblur5,robust,0.925781,2.2956,2.2659,4.5615
DeskGPT,86,1024,mblur7,robust,0.897461,2.2956,2.267,4.5626
DeskGPT,87,1024,clean,robust,1.0,2.2962,2.2643,4.5604
DeskGPT,87,1024,png,robust,1.0,2.2962,2.2652,4.5614
DeskGPT,87,1024,jpeg90,robust,1.0,2.2962,2.2713,4.5675
DeskGPT,87,1024,jpeg70,robust,1.0,2.2962,2.2704,4.5665
DeskGPT,87,1024,jpeg50,robust,1.0,2.2962,2.2661,4.5623
DeskGPT,87,1024,resize0.5,robust,1.0,2.2962,2.2677,4.5638
DeskGPT,87,1024,resize0.75,robust,1.0,2.2962,2.2652,4.5614
DeskGPT,87,1024,resize1.25,robust,1.0,2.2962,2.2731,4.5692
DeskGPT,87,1024,resize1.5,robust,1.0,2.2962,2.2715,4.5677
DeskGPT,87,1024,gnoise01,robust,1.0,2.2962,2.2739,4.57
DeskGPT,87,1024,gnoise05,robust,1.0,2.2962,2.2695,4.5656
DeskGPT,87,1024,gnoise10,robust,0.961914,2.2962,2.2746,4.5708
DeskGPT,87,1024,gblur3,robust,1.0,2.2962,2.2766,4.5728
DeskGPT,87,1024,gblur5,robust,0.976562,2.2962,2.2762,4.5723
DeskGPT,87,1024,gblur7,robust,0.900391,2.2962,2.2732,4.5693
DeskGPT,87,1024,mblur3,robust,1.0,2.2962,2.2656,4.5618
DeskGPT,87,1024,mblur5,robust,0.980469,2.2962,2.2671,4.5633
DeskGPT,87,1024,mblur7,robust,0.905273,2.2962,2.2674,4.5635
DeskGPT,88,1024,clean,robust,1.0,2.2938,2.2683,4.5621
DeskGPT,88,1024,png,robust,1.0,2.2938,2.269,4.5628
DeskGPT,88,1024,jpeg90,robust,1.0,2.2938,2.265,4.5587
DeskGPT,88,1024,jpeg70,robust,1.0,2.2938,2.2655,4.5593
DeskGPT,88,1024,jpeg50,robust,1.0,2.2938,2.2642,4.558
DeskGPT,88,1024,resize0.5,robust,1.0,2.2938,2.2692,4.563
DeskGPT,88,1024,resize0.75,robust,1.0,2.2938,2.2701,4.5639
DeskGPT,88,1024,resize1.25,robust,1.0,2.2938,2.267,4.5608
DeskGPT,88,1024,resize1.5,robust,1.0,2.2938,2.2639,4.5577
DeskGPT,88,1024,gnoise01,robust,1.0,2.2938,2.2659,4.5597
DeskGPT,88,1024,gnoise05,robust,1.0,2.2938,2.266,4.5597
DeskGPT,88,1024,gnoise10,robust,0.987305,2.2938,2.2684,4.5622
DeskGPT,88,1024,gblur3,robust,1.0,2.2938,2.2698,4.5636
DeskGPT,88,1024,gblur5,robust,0.976562,2.2938,2.2675,4.5612
DeskGPT,88,1024,gblur7,robust,0.926758,2.2938,2.2643,4.5581
DeskGPT,88,1024,mblur3,robust,1.0,2.2938,2.2645,4.5582
DeskGPT,88,1024,mblur5,robust,0.96875,2.2938,2.2696,4.5633
DeskGPT,88,1024,mblur7,robust,0.924805,2.2938,2.2696,4.5634
DeskGPT,89,1024,clean,robust,1.0,2.2938,2.2699,4.5637
DeskGPT,89,1024,png,robust,1.0,2.2938,2.2794,4.5732
DeskGPT,89,1024,jpeg90,robust,1.0,2.2938,2.2698,4.5636
DeskGPT,89,1024,jpeg70,robust,0.953125,2.2938,2.2669,4.5607
DeskGPT,89,1024,jpeg50,robust,0.924805,2.2938,2.272,4.5659
DeskGPT,89,1024,resize0.5,robust,0.977539,2.2938,2.2662,4.56
DeskGPT,89,1024,resize0.75,robust,1.0,2.2938,2.2649,4.5587
DeskGPT,89,1024,resize1.25,robust,1.0,2.2938,2.2668,4.5606
DeskGPT,89,1024,resize1.5,robust,1.0,2.2938,2.2652,4.559
DeskGPT,89,1024,gnoise01,robust,0.977539,2.2938,2.2698,4.5636
DeskGPT,89,1024,gnoise05,robust,0.873047,2.2938,2.2704,4.5642
DeskGPT,89,1024,gnoise10,robust,0.768555,2.2938,2.2639,4.5577
DeskGPT,89,1024,gblur3,robust,1.0,2.2938,2.2679,4.5617
DeskGPT,89,1024,gblur5,robust,0.94043,2.2938,2.2661,4.5599
DeskGPT,89,1024,gblur7,robust,0.876953,2.2938,2.2638,4.5576
DeskGPT,89,1024,mblur3,robust,1.0,2.2938,2.2729,4.5667
DeskGPT,89,1024,mblur5,robust,0.928711,2.2938,2.2669,4.5607
DeskGPT,89,1024,mblur7,robust,0.868164,2.2938,2.2654,4.5593
DeskGPT,90,1024,clean,robust,1.0,2.2977,2.2643,4.562
DeskGPT,90,1024,png,robust,1.0,2.2977,2.2652,4.5629
DeskGPT,90,1024,jpeg90,robust,1.0,2.2977,2.2684,4.5661
DeskGPT,90,1024,jpeg70,robust,1.0,2.2977,2.2673,4.565
DeskGPT,90,1024,jpeg50,robust,1.0,2.2977,2.2662,4.5639
DeskGPT,90,1024,resize0.5,robust,1.0,2.2977,2.2649,4.5626
DeskGPT,90,1024,resize0.75,robust,1.0,2.2977,2.2671,4.5647
DeskGPT,90,1024,resize1.25,robust,1.0,2.2977,2.2671,4.5648
DeskGPT,90,1024,resize1.5,robust,1.0,2.2977,2.2815,4.5792
DeskGPT,90,1024,gnoise01,robust,1.0,2.2977,2.2761,4.5738
DeskGPT,90,1024,gnoise05,robust,1.0,2.2977,2.2697,4.5674
DeskGPT,90,1024,gnoise10,robust,0.973633,2.2977,2.2669,4.5646
DeskGPT,90,1024,gblur3,robust,1.0,2.2977,2.2643,4.562
DeskGPT,90,1024,gblur5,robust,1.0,2.2977,2.2714,4.5691
DeskGPT,90,1024,gblur7,robust,0.979492,2.2977,2.2681,4.5658
DeskGPT,90,1024,mblur3,robust,1.0,2.2977,2.2662,4.5639
DeskGPT,90,1024,mblur5,robust,1.0,2.2977,2.266,4.5637
DeskGPT,90,1024,mblur7,robust,0.984375,2.2977,2.2666,4.5643
DeskGPT,91,1024,clean,robust,1.0,2.2956,2.2699,4.5654
DeskGPT,91,1024,png,robust,1.0,2.2956,2.2717,4.5673
DeskGPT,91,1024,jpeg90,robust,1.0,2.2956,2.2683,4.5639
DeskGPT,91,1024,jpeg70,robust,1.0,2.2956,2.2658,4.5614
DeskGPT,91,1024,jpeg50,robust,1.0,2.2956,2.2655,4.5611
DeskGPT,91,1024,resize0.5,robust,1.0,2.2956,2.2677,4.5633
DeskGPT,91,1024,resize0.75,robust,1.0,2.2956,2.2747,4.5703
DeskGPT,91,1024,resize1.25,robust,1.0,2.2956,2.2673,4.5629
DeskGPT,91,1024,resize1.5,robust,1.0,2.2956,2.2638,4.5593
DeskGPT,91,1024,gnoise01,robust,1.0,2.2956,2.2642,4.5598
DeskGPT,91,1024,gnoise05,robust,1.0,2.2956,2.2631,4.5587
DeskGPT,91,1024,gnoise10,robust,1.0,2.2956,2.2708,4.5663
DeskGPT,91,1024,gblur3,robust,1.0,2.2956,2.267,4.5625
DeskGPT,91,1024,gblur5,robust,1.0,2.2956,2.2641,4.5596
DeskGPT,91,1024,gblur7,robust,0.964844,2.2956,2.2654,4.561
DeskGPT,91,1024,mblur3,robust,1.0,2.2956,2.2666,4.5622
DeskGPT,91,1024,mblur5,robust,1.0,2.2956,2.2715,4.567
DeskGPT,91,1024,mblur7,robust,1.0,2.2956,2.2824,4.578
DeskGPT,92,1024,clean,robust,1.0,2.2917,2.2642,4.5559
DeskGPT,92,1024,png,robust,1.0,2.2917,2.2658,4.5575
DeskGPT,92,1024,jpeg90,robust,1.0,2.2917,2.2664,4.558
DeskGPT,92,1024,jpeg70,robust,1.0,2.2917,2.2646,4.5563
DeskGPT,92,1024,jpeg50,robust,1.0,2.2917,2.2722,4.5638
DeskGPT,92,1024,resize0.5,robust,1.0,2.2917,2.2664,4.5581
DeskGPT,92,1024,resize0.75,robust,1.0,2.2917,2.2649,4.5566
DeskGPT,92,1024,resize1.25,robust,1.0,2.2917,2.2637,4.5554
DeskGPT,92,1024,resize1.5,robust,1.0,2.2917,2.2644,4.5561
DeskGPT,92,1024,gnoise01,robust,1.0,2.2917,2.2663,4.558
DeskGPT,92,1024,gnoise05,robust,1.0,2.2917,2.2697,4.5614
DeskGPT,92,1024,gnoise10,robust,0.958008,2.2917,2.2677,4.5594
DeskGPT,92,1024,gblur3,robust,1.0,2.2917,2.268,4.5597
DeskGPT,92,1024,gblur5,robust,0.962891,2.2917,2.2662,4.5578
DeskGPT,92,1024,gblur7,robust,0.898438,2.2917,2.264,4.5556
DeskGPT,92,1024,mblur3,robust,1.0,2.2917,2.2708,4.5624
DeskGPT,92,1024,mblur5,robust,0.981445,2.2917,2.2654,4.5571
DeskGPT,92,1024,mblur7,robust,0.904297,2.2917,2.2653,4.5569
DeskGPT,93,1024,clean,robust,1.0,2.2956,2.2663,4.5618
DeskGPT,93,1024,png,robust,1.0,2.2956,2.265,4.5606
DeskGPT,93,1024,jpeg90,robust,1.0,2.2956,2.2667,4.5623
DeskGPT,93,1024,jpeg70,robust,1.0,2.2956,2.2659,4.5615
DeskGPT,93,1024,jpeg50,robust,1.0,2.2956,2.2639,4.5594
DeskGPT,93,1024,resize0.5,robust,1.0,2.2956,2.2659,4.5614
DeskGPT,93,1024,resize0.75,robust,1.0,2.2956,2.2715,4.567
DeskGPT,93,1024,resize1.25,robust,1.0,2.2956,2.2747,4.5703
DeskGPT,93,1024,resize1.5,robust,1.0,2.2956,2.2772,4.5728
DeskGPT,93,1024,gnoise01,robust,1.0,2.2956,2.264,4.5595
DeskGPT,93,1024,gnoise05,robust,1.0,2.2956,2.2642,4.5597
DeskGPT,93,1024,gnoise10,robust,0.980469,2.2956,2.2644,4.5599
DeskGPT,93,1024,gblur3,robust,1.0,2.2956,2.2629,4.5584
DeskGPT,93,1024,gblur5,robust,0.981445,2.2956,2.2683,4.5639
DeskGPT,93,1024,gblur7,robust,0.944336,2.2956,2.2682,4.5638
DeskGPT,93,1024,mblur3,robust,1.0,2.2956,2.2667,4.5622
DeskGPT,93,1024,mblur5,robust,1.0,2.2956,2.2695,4.565
DeskGPT,93,1024,mblur7,robust,0.941406,2.2956,2.2675,4.5631
DeskGPT,94,1024,clean,robust,1.0,2.2937,2.2756,4.5693
DeskGPT,94,1024,png,robust,1.0,2.2937,2.2723,4.566
DeskGPT,94,1024,jpeg90,robust,1.0,2.2937,2.2683,4.5621
DeskGPT,94,1024,jpeg70,robust,1.0,2.2937,2.2688,4.5625
DeskGPT,94,1024,jpeg50,robust,1.0,2.2937,2.2692,4.5629
DeskGPT,94,1024,resize0.5,robust,1.0,2.2937,2.2676,4.5613
DeskGPT,94,1024,resize0.75,robust,1.0,2.2937,2.272,4.5657
DeskGPT,94,1024,resize1.25,robust,1.0,2.2937,2.2664,4.5601
DeskGPT,94,1024,resize1.5,robust,1.0,2.2937,2.2642,4.5579
DeskGPT,94,1024,gnoise01,robust,1.0,2.2937,2.2655,4.5592
DeskGPT,94,1024,gnoise05,robust,1.0,2.2937,2.2643,4.558
DeskGPT,94,1024,gnoise10,robust,1.0,2.2937,2.2721,4.5658
DeskGPT,94,1024,gblur3,robust,1.0,2.2937,2.2677,4.5614
DeskGPT,94,1024,gblur5,robust,1.0,2.2937,2.269,4.5627
DeskGPT,94,1024,gblur7,robust,0.973633,2.2937,2.2719,4.5656
DeskGPT,94,1024,mblur3,robust,1.0,2.2937,2.2719,4.5656
DeskGPT,94,1024,mblur5,robust,1.0,2.2937,2.2753,4.569
DeskGPT,94,1024,mblur7,robust,1.0,2.2937,2.2759,4.5696
DeskGPT,95,1024,clean,robust,1.0,2.2955,2.2652,4.5607
DeskGPT,95,1024,png,robust,1.0,2.2955,2.2648,4.5602
DeskGPT,95,1024,jpeg90,robust,1.0,2.2955,2.2645,4.56
DeskGPT,95,1024,jpeg70,robust,1.0,2.2955,2.2653,4.5608
DeskGPT,95,1024,jpeg50,robust,1.0,2.2955,2.2738,4.5692
DeskGPT,95,1024,resize0.5,robust,1.0,2.2955,2.2676,4.563
DeskGPT,95,1024,resize0.75,robust,1.0,2.2955,2.2664,4.5619
DeskGPT,95,1024,resize1.25,robust,1.0,2.2955,2.264,4.5594
DeskGPT,95,1024,resize1.5,robust,1.0,2.2955,2.2644,4.5598
DeskGPT,95,1024,gnoise01,robust,1.0,2.2955,2.2669,4.5624
DeskGPT,95,1024,gnoise05,robust,0.958008,2.2955,2.2721,4.5675
DeskGPT,95,1024,gnoise10,robust,0.878906,2.2955,2.2645,4.56
DeskGPT,95,1024,gblur3,robust,1.0,2.2955,2.2665,4.5619
DeskGPT,95,1024,gblur5,robust,0.977539,2.2955,2.2655,4.561
DeskGPT,95,1024,gblur7,robust,0.908203,2.2955,2.2682,4.5636
DeskGPT,95,1024,mblur3,robust,1.0,2.2955,2.2742,4.5697
DeskGPT,95,1024,mblur5,robust,0.976562,2.2955,2.2673,4.5628
DeskGPT,95,1024,mblur7,robust,0.926758,2.2955,2.2653,4.5608
DeskGPT,96,1024,clean,robust,1.0,2.3002,2.2652,4.5654
DeskGPT,96,1024,png,robust,1.0,2.3002,2.2663,4.5665
DeskGPT,96,1024,jpeg90,robust,1.0,2.3002,2.2695,4.5697
DeskGPT,96,1024,jpeg70,robust,1.0,2.3002,2.2753,4.5755
DeskGPT,96,1024,jpeg50,robust,1.0,2.3002,2.2717,4.5719
DeskGPT,96,1024,resize0.5,robust,1.0,2.3002,2.2686,4.5688
DeskGPT,96,1024,resize0.75,robust,1.0,2.3002,2.2702,4.5704
DeskGPT,96,1024,resize1.25,robust,1.0,2.3002,2.2693,4.5695
DeskGPT,96,1024,resize1.5,robust,1.0,2.3002,2.2694,4.5696
DeskGPT,96,1024,gnoise01,robust,1.0,2.3002,2.267,4.5672
DeskGPT,96,1024,gnoise05,robust,1.0,2.3002,2.2673,4.5675
DeskGPT,96,1024,gnoise10,robust,1.0,2.3002,2.268,4.5682
DeskGPT,96,1024,gblur3,robust,1.0,2.3002,2.2658,4.566
DeskGPT,96,1024,gblur5,robust,1.0,2.3002,2.2733,4.5735
DeskGPT,96,1024,gblur7,robust,1.0,2.3002,2.2736,4.5738
DeskGPT,96,1024,mblur3,robust,1.0,2.3002,2.2708,4.571
DeskGPT,96,1024,mblur5,robust,1.0,2.3002,2.2676,4.5679
DeskGPT,96,1024,mblur7,robust,1.0,2.3002,2.2725,4.5727
DeskGPT,97,1024,clean,robust,1.0,2.2932,2.2711,4.5643
DeskGPT,97,1024,png,robust,1.0,2.2932,2.2681,4.5613
DeskGPT,97,1024,jpeg90,robust,1.0,2.2932,2.2653,4.5585
DeskGPT,97,1024,jpeg70,robust,1.0,2.2932,2.2645,4.5577
DeskGPT,97,1024,jpeg50,robust,1.0,2.2932,2.2683,4.5615
DeskGPT,97,1024,resize0.5,robust,1.0,2.2932,2.2701,4.5633
DeskGPT,97,1024,resize0.75,robust,1.0,2.2932,2.2719,4.5651
DeskGPT,97,1024,resize1.25,robust,1.0,2.2932,2.2672,4.5604
DeskGPT,97,1024,resize1.5,robust,1.0,2.2932,2.2641,4.5573
DeskGPT,97,1024,gnoise01,robust,1.0,2.2932,2.2647,4.5579
DeskGPT,97,1024,gnoise05,robust,1.0,2.2932,2.2673,4.5605
DeskGPT,97,1024,gnoise10,robust,0.961914,2.2932,2.2709,4.5641
DeskGPT,97,1024,gblur3,robust,1.0,2.2932,2.2729,4.5661
DeskGPT,97,1024,gblur5,robust,1.0,2.2932,2.2678,4.561
DeskGPT,97,1024,gblur7,robust,0.949219,2.2932,2.2697,4.5629
DeskGPT,97,1024,mblur3,robust,1.0,2.2932,2.2676,4.5608
DeskGPT,97,1024,mblur5,robust,1.0,2.2932,2.269,4.5622
DeskGPT,97,1024,mblur7,robust,0.984375,2.2932,2.2705,4.5637
DeskGPT,98,1024,clean,robust,1.0,2.2934,2.2671,4.5605
DeskGPT,98,1024,png,robust,1.0,2.2934,2.2669,4.5603
DeskGPT,98,1024,jpeg90,robust,1.0,2.2934,2.2685,4.5619
DeskGPT,98,1024,jpeg70,robust,1.0,2.2934,2.2698,4.5632
DeskGPT,98,1024,jpeg50,robust,0.979492,2.2934,2.2728,4.5662
DeskGPT,98,1024,resize0.5,robust,1.0,2.2934,2.2694,4.5628
DeskGPT,98,1024,resize0.75,robust,1.0,2.2934,2.267,4.5603
DeskGPT,98,1024,resize1.25,robust,1.0,2.2934,2.2686,4.562
DeskGPT,98,1024,resize1.5,robust,1.0,2.2934,2.2679,4.5613
DeskGPT,98,1024,gnoise01,robust,1.0,2.2934,2.2698,4.5631
DeskGPT,98,1024,gnoise05,robust,0.980469,2.2934,2.2706,4.564
DeskGPT,98,1024,gnoise10,robust,0.915039,2.2934,2.2653,4.5587
DeskGPT,98,1024,gblur3,robust,1.0,2.2934,2.2658,4.5592
DeskGPT,98,1024,gblur5,robust,0.949219,2.2934,2.2661,4.5595
DeskGPT,98,1024,gblur7,robust,0.874023,2.2934,2.2655,4.5589
DeskGPT,98,1024,mblur3,robust,1.0,2.2934,2.2722,4.5655
DeskGPT,98,1024,mblur5,robust,0.967773,2.2934,2.2677,4.5611
DeskGPT,98,1024,mblur7,robust,0.920898,2.2934,2.2703,4.5637
DeskGPT,99,1024,clean,robust,1.0,2.2929,2.267,4.5599
DeskGPT,99,1024,png,robust,1.0,2.2929,2.2743,4.5672
DeskGPT,99,1024,jpeg90,robust,1.0,2.2929,2.2724,4.5653
DeskGPT,99,1024,jpeg70,robust,0.986328,2.2929,2.2686,4.5615
DeskGPT,99,1024,jpeg50,robust,0.963867,2.2929,2.2673,4.5601
DeskGPT,99,1024,resize0.5,robust,1.0,2.2929,2.2661,4.559
DeskGPT,99,1024,resize0.75,robust,1.0,2.2929,2.2651,4.5579
DeskGPT,99,1024,resize1.25,robust,1.0,2.2929,2.2679,4.5608
DeskGPT,99,1024,resize1.5,robust,1.0,2.2929,2.2733,4.5662
DeskGPT,99,1024,gnoise01,robust,1.0,2.2929,2.2664,4.5593
DeskGPT,99,1024,gnoise05,robust,0.888672,2.2929,2.266,4.5589
DeskGPT,99,1024,gnoise10,robust,0.800781,2.2929,2.2641,4.557
DeskGPT,99,1024,gblur3,robust,1.0,2.2929,2.2652,4.5581
DeskGPT,99,1024,gblur5,robust,0.980469,2.2929,2.2728,4.5657
DeskGPT,99,1024,gblur7,robust,0.920898,2.2929,2.2694,4.5623
DeskGPT,99,1024,mblur3,robust,1.0,2.2929,2.2671,4.56
DeskGPT,99,1024,mblur5,robust,0.960938,2.2929,2.2668,4.5597
DeskGPT,99,1024,mblur7,robust,0.908203,2.2929,2.2672,4.5601
DeskGPT,0,2048,clean,robust,1.0,2.2982,2.2696,4.5678
DeskGPT,0,2048,png,robust,1.0,2.2982,2.268,4.5663
DeskGPT,0,2048,jpeg90,robust,0.916504,2.2982,2.2655,4.5637
DeskGPT,0,2048,jpeg70,robust,0.797852,2.2982,2.2674,4.5656
DeskGPT,0,2048,jpeg50,robust,0.720703,2.2982,2.268,4.5663
DeskGPT,0,2048,resize0.5,robust,0.915039,2.2982,2.2665,4.5647
DeskGPT,0,2048,resize0.75,robust,1.0,2.2982,2.272,4.5702
DeskGPT,0,2048,resize1.25,robust,1.0,2.2982,2.2703,4.5685
DeskGPT,0,2048,resize1.5,robust,1.0,2.2982,2.2659,4.5641
DeskGPT,0,2048,gnoise01,robust,0.916504,2.2982,2.2752,4.5734
DeskGPT,0,2048,gnoise05,robust,0.650391,2.2982,2.2683,4.5665
DeskGPT,0,2048,gnoise10,robust,0.596191,2.2982,2.2715,4.5698
DeskGPT,0,2048,gblur3,robust,0.921387,2.2982,2.27,4.5682
DeskGPT,0,2048,gblur5,robust,0.86377,2.2982,2.2685,4.5668
DeskGPT,0,2048,gblur7,robust,0.811035,2.2982,2.2663,4.5646
DeskGPT,0,2048,mblur3,robust,0.916016,2.2982,2.2655,4.5637
DeskGPT,0,2048,mblur5,robust,0.869141,2.2982,2.269,4.5672
DeskGPT,0,2048,mblur7,robust,0.818359,2.2982,2.2774,4.5757
DeskGPT,1,2048,clean,robust,1.0,2.3059,2.266,4.572
DeskGPT,1,2048,png,robust,1.0,2.3059,2.2667,4.5726
DeskGPT,1,2048,jpeg90,robust,1.0,2.3059,2.2672,4.5732
DeskGPT,1,2048,jpeg70,robust,0.926758,2.3059,2.2687,4.5746
DeskGPT,1,2048,jpeg50,robust,0.910645,2.3059,2.2726,4.5785
DeskGPT,1,2048,resize0.5,robust,1.0,2.3059,2.2743,4.5802
DeskGPT,1,2048,resize0.75,robust,1.0,2.3059,2.2716,4.5775
DeskGPT,1,2048,resize1.25,robust,1.0,2.3059,2.2676,4.5736
DeskGPT,1,2048,resize1.5,robust,1.0,2.3059,2.2658,4.5717
DeskGPT,1,2048,gnoise01,robust,1.0,2.3059,2.2726,4.5786
DeskGPT,1,2048,gnoise05,robust,0.910645,2.3059,2.2738,4.5798
DeskGPT,1,2048,gnoise10,robust,0.876953,2.3059,2.2687,4.5747
DeskGPT,1,2048,gblur3,robust,1.0,2.3059,2.2679,4.5739
DeskGPT,1,2048,gblur5,robust,0.922363,2.3059,2.2664,4.5723
DeskGPT,1,2048,gblur7,robust,0.895996,2.3059,2.2786,4.5846
DeskGPT,1,2048,mblur3,robust,1.0,2.3059,2.2828,4.5888
DeskGPT,1,2048,mblur5,robust,0.924316,2.3059,2.2784,4.5844
DeskGPT,1,2048,mblur7,robust,0.897461,2.3059,2.2722,4.5782
DeskGPT,2,2048,clean,robust,1.0,2.2981,2.2676,4.5657
DeskGPT,2,2048,png,robust,1.0,2.2981,2.2699,4.5679
DeskGPT,2,2048,jpeg90,robust,1.0,2.2981,2.2696,4.5677
DeskGPT,2,2048,jpeg70,robust,1.0,2.2981,2.2704,4.5685
DeskGPT,2,2048,jpeg50,robust,0.92627,2.2981,2.2709,4.569
DeskGPT,2,2048,resize0.5,robust,1.0,2.2981,2.2661,4.5642
DeskGPT,2,2048,resize0.75,robust,1.0,2.2981,2.2644,4.5625
DeskGPT,2,2048,resize1.25,robust,1.0,2.2981,2.2666,4.5647
DeskGPT,2,2048,resize1.5,robust,1.0,2.2981,2.274,4.5721
DeskGPT,2,2048,gnoise01,robust,1.0,2.2981,2.2654,4.5635
DeskGPT,2,2048,gnoise05,robust,0.910156,2.2981,2.2648,4.5629
DeskGPT,2,2048,gnoise10,robust,0.876465,2.2981,2.2664,4.5645
DeskGPT,2,2048,gblur3,robust,1.0,2.2981,2.2674,4.5655
DeskGPT,2,2048,gblur5,robust,0.923828,2.2981,2.2708,4.5689
DeskGPT,2,2048,gblur7,robust,0.891602,2.2981,2.2694,4.5675
DeskGPT,2,2048,mblur3,robust,1.0,2.2981,2.268,4.5661
DeskGPT,2,2048,mblur5,robust,1.0,2.2981,2.2686,4.5667
DeskGPT,2,2048,mblur7,robust,0.910156,2.2981,2.2696,4.5677
DeskGPT,3,2048,clean,robust,1.0,2.2949,2.2699,4.5649
DeskGPT,3,2048,png,robust,1.0,2.2949,2.2696,4.5646
DeskGPT,3,2048,jpeg90,robust,1.0,2.2949,2.2648,4.5597
DeskGPT,3,2048,jpeg70,robust,1.0,2.2949,2.2678,4.5628
DeskGPT,3,2048,jpeg50,robust,1.0,2.2949,2.2652,4.5601
DeskGPT,3,2048,resize0.5,robust,1.0,2.2949,2.2698,4.5647
DeskGPT,3,2048,resize0.75,robust,1.0,2.2949,2.2768,4.5717
DeskGPT,3,2048,resize1.25,robust,1.0,2.2949,2.2677,4.5627
DeskGPT,3,2048,resize1.5,robust,1.0,2.2949,2.2656,4.5606
DeskGPT,3,2048,gnoise01,robust,1.0,2.2949,2.2658,4.5608
DeskGPT,3,2048,gnoise05,robust,1.0,2.2949,2.2675,4.5625
DeskGPT,3,2048,gnoise10,robust,1.0,2.2949,2.274,4.5689
DeskGPT,3,2048,gblur3,robust,1.0,2.2949,2.2712,4.5661
DeskGPT,3,2048,gblur5,robust,1.0,2.2949,2.2663,4.5612
DeskGPT,3,2048,gblur7,robust,0.884766,2.2949,2.2693,4.5642
DeskGPT,3,2048,mblur3,robust,1.0,2.2949,2.2669,4.5618
DeskGPT,3,2048,mblur5,robust,1.0,2.2949,2.271,4.5659
DeskGPT,3,2048,mblur7,robust,0.905273,2.2949,2.271,4.566
DeskGPT,4,2048,clean,robust,1.0,2.2953,2.2676,4.5629
DeskGPT,4,2048,png,robust,1.0,2.2953,2.2692,4.5645
DeskGPT,4,2048,jpeg90,robust,1.0,2.2953,2.2675,4.5628
DeskGPT,4,2048,jpeg70,robust,1.0,2.2953,2.272,4.5672
DeskGPT,4,2048,jpeg50,robust,1.0,2.2953,2.2755,4.5707
DeskGPT,4,2048,resize0.5,robust,1.0,2.2953,2.2702,4.5655
DeskGPT,4,2048,resize0.75,robust,1.0,2.2953,2.2725,4.5678
DeskGPT,4,2048,resize1.25,robust,1.0,2.2953,2.2699,4.5652
DeskGPT,4,2048,resize1.5,robust,1.0,2.2953,2.2679,4.5632
DeskGPT,4,2048,gnoise01,robust,1.0,2.2953,2.2694,4.5647
DeskGPT,4,2048,gnoise05,robust,0.916504,2.2953,2.2695,4.5647
DeskGPT,4,2048,gnoise10,robust,0.883301,2.2953,2.2652,4.5605
DeskGPT,4,2048,gblur3,robust,1.0,2.2953,2.2671,4.5624
DeskGPT,4,2048,gblur5,robust,0.902344,2.2953,2.2657,4.5609
DeskGPT,4,2048,gblur7,robust,0.833008,2.2953,2.274,4.5693
DeskGPT,4,2048,mblur3,robust,1.0,2.2953,2.274,4.5693
DeskGPT,4,2048,mblur5,robust,0.911621,2.2953,2.2678,4.5631
DeskGPT,4,2048,mblur7,robust,0.870605,2.2953,2.2662,4.5615
DeskGPT,5,2048,clean,robust,1.0,2.2936,2.2653,4.5589
DeskGPT,5,2048,png,robust,1.0,2.2936,2.2689,4.5625
DeskGPT,5,2048,jpeg90,robust,1.0,2.2936,2.2739,4.5675
DeskGPT,5,2048,jpeg70,robust,1.0,2.2936,2.2698,4.5634
DeskGPT,5,2048,jpeg50,robust,0.924316,2.2936,2.2664,4.56
DeskGPT,5,2048,resize0.5,robust,1.0,2.2936,2.2655,4.5591
DeskGPT,5,2048,resize0.75,robust,1.0,2.2936,2.2642,4.5578
DeskGPT,5,2048,resize1.25,robust,1.0,2.2936,2.2677,4.5613
DeskGPT,5,2048,resize1.5,robust,1.0,2.2936,2.2692,4.5628
DeskGPT,5,2048,gnoise01,robust,1.0,2.2936,2.2636,4.5572
DeskGPT,5,2048,gnoise05,robust,0.904297,2.2936,2.2661,4.5597
DeskGPT,5,2048,gnoise10,robust,0.865234,2.2936,2.2656,4.5592
DeskGPT,5,2048,gblur3,robust,1.0,2.2936,2.2645,4.5581
DeskGPT,5,2048,gblur5,robust,1.0,2.2936,2.2731,4.5667
DeskGPT,5,2048,gblur7,robust,0.899414,2.2936,2.2667,4.5603
DeskGPT,5,2048,mblur3,robust,1.0,2.2936,2.2667,4.5603
DeskGPT,5,2048,mblur5,robust,1.0,2.2936,2.2699,4.5635
DeskGPT,5,2048,mblur7,robust,0.914062,2.2936,2.2685,4.5621
DeskGPT,6,2048,clean,robust,1.0,2.2958,2.2709,4.5667
DeskGPT,6,2048,png,robust,1.0,2.2958,2.2678,4.5636
DeskGPT,6,2048,jpeg90,robust,1.0,2.2958,2.2689,4.5646
DeskGPT,6,2048,jpeg70,robust,0.929199,2.2958,2.2718,4.5675
DeskGPT,6,2048,jpeg50,robust,0.916992,2.2958,2.269,4.5648
DeskGPT,6,2048,resize0.5,robust,1.0,2.2958,2.2697,4.5655
DeskGPT,6,2048,resize0.75,robust,1.0,2.2958,2.275,4.5708
DeskGPT,6,2048,resize1.25,robust,1.0,2.2958,2.2648,4.5606
DeskGPT,6,2048,resize1.5,robust,1.0,2.2958,2.2648,4.5606
DeskGPT,6,2048,gnoise01,robust,1.0,2.2958,2.2689,4.5647
DeskGPT,6,2048,gnoise05,robust,0.893066,2.2958,2.2747,4.5704
DeskGPT,6,2048,gnoise10,robust,0.828613,2.2958,2.2713,4.567
DeskGPT,6,2048,gblur3,robust,1.0,2.2958,2.2679,4.5637
DeskGPT,6,2048,gblur5,robust,0.924805,2.2958,2.2681,4.5638
DeskGPT,6,2048,gblur7,robust,0.876953,2.2958,2.2694,4.5652
DeskGPT,6,2048,mblur3,robust,1.0,2.2958,2.267,4.5627
DeskGPT,6,2048,mblur5,robust,1.0,2.2958,2.2713,4.5671
DeskGPT,6,2048,mblur7,robust,0.915039,2.2958,2.2705,4.5663
DeskGPT,7,2048,clean,robust,1.0,2.2972,2.265,4.5622
DeskGPT,7,2048,png,robust,1.0,2.2972,2.2666,4.5638
DeskGPT,7,2048,jpeg90,robust,1.0,2.2972,2.2654,4.5626
DeskGPT,7,2048,jpeg70,robust,1.0,2.2972,2.2668,4.564
DeskGPT,7,2048,jpeg50,robust,1.0,2.2972,2.2755,4.5727
DeskGPT,7,2048,resize0.5,robust,1.0,2.2972,2.2664,4.5636
DeskGPT,7,2048,resize0.75,robust,1.0,2.2972,2.2656,4.5628
DeskGPT,7,2048,resize1.25,robust,1.0,2.2972,2.2654,4.5626
DeskGPT,7,2048,resize1.5,robust,1.0,2.2972,2.2657,4.5629
DeskGPT,7,2048,gnoise01,robust,1.0,2.2972,2.2744,4.5716
DeskGPT,7,2048,gnoise05,robust,0.927734,2.2972,2.2716,4.5688
DeskGPT,7,2048,gnoise10,robust,0.878418,2.2972,2.2724,4.5696
DeskGPT,7,2048,gblur3,robust,1.0,2.2972,2.2709,4.5681
DeskGPT,7,2048,gblur5,robust,1.0,2.2972,2.2728,4.57
DeskGPT,7,2048,gblur7,robust,0.916992,2.2972,2.2685,4.5657
DeskGPT,7,2048,mblur3,robust,1.0,2.2972,2.2715,4.5687
DeskGPT,7,2048,mblur5,robust,1.0,2.2972,2.2681,4.5653
DeskGPT,7,2048,mblur7,robust,0.918457,2.2972,2.2689,4.5661
DeskGPT,8,2048,clean,robust,1.0,2.294,2.2698,4.5639
DeskGPT,8,2048,png,robust,1.0,2.294,2.2723,4.5664
DeskGPT,8,2048,jpeg90,robust,1.0,2.294,2.2723,4.5664
DeskGPT,8,2048,jpeg70,robust,1.0,2.294,2.2692,4.5632
DeskGPT,8,2048,jpeg50,robust,1.0,2.294,2.2726,4.5666
DeskGPT,8,2048,resize0.5,robust,1.0,2.294,2.2715,4.5656
DeskGPT,8,2048,resize0.75,robust,1.0,2.294,2.2698,4.5639
DeskGPT,8,2048,resize1.25,robust,1.0,2.294,2.2715,4.5656
DeskGPT,8,2048,resize1.5,robust,1.0,2.294,2.2692,4.5633
DeskGPT,8,2048,gnoise01,robust,1.0,2.294,2.2645,4.5585
DeskGPT,8,2048,gnoise05,robust,1.0,2.294,2.2686,4.5626
DeskGPT,8,2048,gnoise10,robust,0.896484,2.294,2.2645,4.5586
DeskGPT,8,2048,gblur3,robust,1.0,2.294,2.2692,4.5632
DeskGPT,8,2048,gblur5,robust,0.912109,2.294,2.2733,4.5673
DeskGPT,8,2048,gblur7,robust,0.863281,2.294,2.2697,4.5638
DeskGPT,8,2048,mblur3,robust,1.0,2.294,2.2669,4.5609
DeskGPT,8,2048,mblur5,robust,0.91748,2.294,2.2691,4.5631
DeskGPT,8,2048,mblur7,robust,0.884766,2.294,2.2673,4.5614
DeskGPT,9,2048,clean,robust,1.0,2.2945,2.2728,4.5673
DeskGPT,9,2048,png,robust,1.0,2.2945,2.276,4.5706
DeskGPT,9,2048,jpeg90,robust,1.0,2.2945,2.2693,4.5639
DeskGPT,9,2048,jpeg70,robust,1.0,2.2945,2.2694,4.5639
DeskGPT,9,2048,jpeg50,robust,0.918457,2.2945,2.2663,4.5608
DeskGPT,9,2048,resize0.5,robust,0.922363,2.2945,2.2677,4.5623
DeskGPT,9,2048,resize0.75,robust,1.0,2.2945,2.2718,4.5663
DeskGPT,9,2048,resize1.25,robust,1.0,2.2945,2.2645,4.5591
DeskGPT,9,2048,resize1.5,robust,1.0,2.2945,2.2693,4.5638
DeskGPT,9,2048,gnoise01,robust,1.0,2.2945,2.2662,4.5607
DeskGPT,9,2048,gnoise05,robust,0.910156,2.2945,2.2653,4.5598
DeskGPT,9,2048,gnoise10,robust,0.845215,2.2945,2.2711,4.5657
DeskGPT,9,2048,gblur3,robust,0.929688,2.2945,2.2686,4.5631
DeskGPT,9,2048,gblur5,robust,0.837402,2.2945,2.2654,4.5599
DeskGPT,9,2048,gblur7,robust,0.785156,2.2945,2.268,4.5626
DeskGPT,9,2048,mblur3,robust,0.921387,2.2945,2.2682,4.5628
DeskGPT,9,2048,mblur5,robust,0.854004,2.2945,2.2722,4.5667
DeskGPT,9,2048,mblur7,robust,0.788574,2.2945,2.2707,4.5653
DeskGPT,10,2048,clean,robust,1.0,2.2953,2.2678,4.5631
DeskGPT,10,2048,png,robust,1.0,2.2953,2.2671,4.5624
DeskGPT,10,2048,jpeg90,robust,1.0,2.2953,2.2668,4.5621
DeskGPT,10,2048,jpeg70,robust,0.90332,2.2953,2.2676,4.5629
DeskGPT,10,2048,jpeg50,robust,0.877441,2.2953,2.2722,4.5675
DeskGPT,10,2048,resize0.5,robust,1.0,2.2953,2.2691,4.5644
DeskGPT,10,2048,resize0.75,robust,1.0,2.2953,2.2701,4.5654
DeskGPT,10,2048,resize1.25,robust,1.0,2.2953,2.2658,4.5611
DeskGPT,10,2048,resize1.5,robust,1.0,2.2953,2.2676,4.5629
DeskGPT,10,2048,gnoise01,robust,0.921875,2.2953,2.2785,4.5738
DeskGPT,10,2048,gnoise05,robust,0.841797,2.2953,2.2712,4.5665
DeskGPT,10,2048,gnoise10,robust,0.791992,2.2953,2.2685,4.5638
DeskGPT,10,2048,gblur3,robust,1.0,2.2953,2.2698,4.5651
DeskGPT,10,2048,gblur5,robust,0.909668,2.2953,2.2685,4.5638
DeskGPT,10,2048,gblur7,robust,0.849121,2.2953,2.268,4.5633
DeskGPT,10,2048,mblur3,robust,1.0,2.2953,2.2754,4.5707
DeskGPT,10,2048,mblur5,robust,0.913086,2.2953,2.2657,4.5611
DeskGPT,10,2048,mblur7,robust,0.880371,2.2953,2.2702,4.5655
DeskGPT,11,2048,clean,robust,1.0,2.296,2.2664,4.5623
DeskGPT,11,2048,png,robust,1.0,2.296,2.2664,4.5623
DeskGPT,11,2048,jpeg90,robust,1.0,2.296,2.2691,4.565
DeskGPT,11,2048,jpeg70,robust,1.0,2.296,2.2657,4.5617
DeskGPT,11,2048,jpeg50,robust,1.0,2.296,2.2644,4.5603
DeskGPT,11,2048,resize0.5,robust,1.0,2.296,2.2742,4.5702
DeskGPT,11,2048,resize0.75,robust,1.0,2.296,2.2673,4.5633
DeskGPT,11,2048,resize1.25,robust,1.0,2.296,2.2672,4.5632
DeskGPT,11,2048,resize1.5,robust,1.0,2.296,2.2728,4.5688
DeskGPT,11,2048,gnoise01,robust,1.0,2.296,2.2681,4.5641
DeskGPT,11,2048,gnoise05,robust,1.0,2.296,2.2669,4.5628
DeskGPT,11,2048,gnoise10,robust,0.922852,2.296,2.2655,4.5614
DeskGPT,11,2048,gblur3,robust,1.0,2.296,2.2665,4.5624
DeskGPT,11,2048,gblur5,robust,0.917969,2.296,2.2718,4.5677
DeskGPT,11,2048,gblur7,robust,0.874023,2.296,2.2706,4.5665
DeskGPT,11,2048,mblur3,robust,1.0,2.296,2.2686,4.5646
DeskGPT,11,2048,mblur5,robust,0.932617,2.296,2.2731,4.5691
DeskGPT,11,2048,mblur7,robust,0.883301,2.296,2.2696,4.5656
DeskGPT,12,2048,clean,robust,1.0,2.301,2.2719,4.5729
DeskGPT,12,2048,png,robust,1.0,2.301,2.2698,4.5708
DeskGPT,12,2048,jpeg90,robust,1.0,2.301,2.2659,4.5669
DeskGPT,12,2048,jpeg70,robust,1.0,2.301,2.2648,4.5658
DeskGPT,12,2048,jpeg50,robust,1.0,2.301,2.2697,4.5707
DeskGPT,12,2048,resize0.5,robust,1.0,2.301,2.2708,4.5718
DeskGPT,12,2048,resize0.75,robust,1.0,2.301,2.2711,4.5722
DeskGPT,12,2048,resize1.25,robust,1.0,2.301,2.2719,4.5729
DeskGPT,12,2048,resize1.5,robust,1.0,2.301,2.2672,4.5682
DeskGPT,12,2048,gnoise01,robust,1.0,2.301,2.2645,4.5655
DeskGPT,12,2048,gnoise05,robust,1.0,2.301,2.2648,4.5658
DeskGPT,12,2048,gnoise10,robust,1.0,2.301,2.2709,4.5719
DeskGPT,12,2048,gblur3,robust,1.0,2.301,2.269,4.57
DeskGPT,12,2048,gblur5,robust,1.0,2.301,2.2675,4.5685
DeskGPT,12,2048,gblur7,robust,0.910645,2.301,2.2663,4.5673
DeskGPT,12,2048,mblur3,robust,1.0,2.301,2.2655,4.5665
DeskGPT,12,2048,mblur5,robust,1.0,2.301,2.2699,4.5709
DeskGPT,12,2048,mblur7,robust,0.916992,2.301,2.2707,4.5717
DeskGPT,13,2048,clean,robust,1.0,2.2959,2.2702,4.5661
DeskGPT,13,2048,png,robust,1.0,2.2959,2.2682,4.5642
DeskGPT,13,2048,jpeg90,robust,1.0,2.2959,2.2645,4.5604
DeskGPT,13,2048,jpeg70,robust,1.0,2.2959,2.2743,4.5702
DeskGPT,13,2048,jpeg50,robust,0.936035,2.2959,2.2757,4.5717
DeskGPT,13,2048,resize0.5,robust,1.0,2.2959,2.2701,4.5661
DeskGPT,13,2048,resize0.75,robust,1.0,2.2959,2.2735,4.5695
DeskGPT,13,2048,resize1.25,robust,1.0,2.2959,2.2692,4.5651
DeskGPT,13,2048,resize1.5,robust,1.0,2.2959,2.2668,4.5628
DeskGPT,13,2048,gnoise01,robust,1.0,2.2959,2.2736,4.5696
DeskGPT,13,2048,gnoise05,robust,0.912109,2.2959,2.2717,4.5676
DeskGPT,13,2048,gnoise10,robust,0.825195,2.2959,2.2655,4.5614
DeskGPT,13,2048,gblur3,robust,1.0,2.2959,2.2667,4.5627
DeskGPT,13,2048,gblur5,robust,0.933105,2.2959,2.2668,4.5627
DeskGPT,13,2048,gblur7,robust,0.869141,2.2959,2.272,4.5679
DeskGPT,13,2048,mblur3,robust,1.0,2.2959,2.2819,4.5779
DeskGPT,13,2048,mblur5,robust,0.93457,2.2959,2.2678,4.5637
DeskGPT,13,2048,mblur7,robust,0.90625,2.2959,2.2676,4.5635
DeskGPT,14,2048,clean,robust,1.0,2.2961,2.2685,4.5646
DeskGPT,14,2048,png,robust,1.0,2.2961,2.2698,4.5659
DeskGPT,14,2048,jpeg90,robust,1.0,2.2961,2.2842,4.5803
DeskGPT,14,2048,jpeg70,robust,1.0,2.2961,2.2698,4.5658
DeskGPT,14,2048,jpeg50,robust,0.924805,2.2961,2.2677,4.5638
DeskGPT,14,2048,resize0.5,robust,1.0,2.2961,2.2673,4.5634
DeskGPT,14,2048,resize0.75,robust,1.0,2.2961,2.2675,4.5635
DeskGPT,14,2048,resize1.25,robust,1.0,2.2961,2.2747,4.5708
DeskGPT,14,2048,resize1.5,robust,1.0,2.2961,2.2741,4.5702
DeskGPT,14,2048,gnoise01,robust,1.0,2.2961,2.2673,4.5634
DeskGPT,14,2048,gnoise05,robust,0.925781,2.2961,2.2703,4.5664
DeskGPT,14,2048,gnoise10,robust,0.883301,2.2961,2.2705,4.5666
DeskGPT,14,2048,gblur3,robust,1.0,2.2961,2.2697,4.5657
DeskGPT,14,2048,gblur5,robust,0.910156,2.2961,2.2792,4.5753
DeskGPT,14,2048,gblur7,robust,0.862305,2.2961,2.275,4.5711
DeskGPT,14,2048,mblur3,robust,1.0,2.2961,2.2685,4.5646
DeskGPT,14,2048,mblur5,robust,0.922363,2.2961,2.2706,4.5667
DeskGPT,14,2048,mblur7,robust,0.884766,2.2961,2.2714,4.5675
DeskGPT,15,2048,clean,robust,1.0,2.2975,2.2746,4.5721
DeskGPT,15,2048,png,robust,1.0,2.2975,2.2675,4.5651
DeskGPT,15,2048,jpeg90,robust,1.0,2.2975,2.2663,4.5638
DeskGPT,15,2048,jpeg70,robust,1.0,2.2975,2.2662,4.5638
DeskGPT,15,2048,jpeg50,robust,1.0,2.2975,2.2677,4.5652
DeskGPT,15,2048,resize0.5,robust,1.0,2.2975,2.2721,4.5697
DeskGPT,15,2048,resize0.75,robust,1.0,2.2975,2.2794,4.5769
DeskGPT,15,2048,resize1.25,robust,1.0,2.2975,2.2685,4.566
DeskGPT,15,2048,resize1.5,robust,1.0,2.2975,2.2666,4.5641
DeskGPT,15,2048,gnoise01,robust,1.0,2.2975,2.267,4.5646
DeskGPT,15,2048,gnoise05,robust,0.919922,2.2975,2.2667,4.5642
DeskGPT,15,2048,gnoise10,robust,0.892578,2.2975,2.2808,4.5783
DeskGPT,15,2048,gblur3,robust,1.0,2.2975,2.2724,4.5699
DeskGPT,15,2048,gblur5,robust,0.90625,2.2975,2.2674,4.565
DeskGPT,15,2048,gblur7,robust,0.84082,2.2975,2.2667,4.5642
DeskGPT,15,2048,mblur3,robust,1.0,2.2975,2.2685,4.566
DeskGPT,15,2048,mblur5,robust,0.907715,2.2975,2.2727,4.5703
DeskGPT,15,2048,mblur7,robust,0.860352,2.2975,2.272,4.5695
DeskGPT,16,2048,clean,robust,1.0,2.294,2.2734,4.5674
DeskGPT,16,2048,png,robust,1.0,2.294,2.278,4.572
DeskGPT,16,2048,jpeg90,robust,1.0,2.294,2.2784,4.5724
DeskGPT,16,2048,jpeg70,robust,1.0,2.294,2.2874,4.5814
DeskGPT,16,2048,jpeg50,robust,1.0,2.294,2.2773,4.5714
DeskGPT,16,2048,resize0.5,robust,1.0,2.294,2.2723,4.5664
DeskGPT,16,2048,resize0.75,robust,1.0,2.294,2.2688,4.5629
DeskGPT,16,2048,resize1.25,robust,1.0,2.294,2.2691,4.5632
DeskGPT,16,2048,resize1.5,robust,1.0,2.294,2.2649,4.559
DeskGPT,16,2048,gnoise01,robust,1.0,2.294,2.2785,4.5725
DeskGPT,16,2048,gnoise05,robust,1.0,2.294,2.2757,4.5698
DeskGPT,16,2048,gnoise10,robust,0.915527,2.294,2.266,4.56
DeskGPT,16,2048,gblur3,robust,1.0,2.294,2.2663,4.5603
DeskGPT,16,2048,gblur5,robust,0.927246,2.294,2.2674,4.5614
DeskGPT,16,2048,gblur7,robust,0.882812,2.294,2.2722,4.5662
DeskGPT,16,2048,mblur3,robust,1.0,2.294,2.2792,4.5732
DeskGPT,16,2048,mblur5,robust,1.0,2.294,2.2718,4.5659
DeskGPT,16,2048,mblur7,robust,0.896484,2.294,2.2696,4.5637
DeskGPT,17,2048,clean,robust,1.0,2.2976,2.2671,4.5647
DeskGPT,17,2048,png,robust,1.0,2.2976,2.2706,4.5682
DeskGPT,17,2048,jpeg90,robust,1.0,2.2976,2.281,4.5787
DeskGPT,17,2048,jpeg70,robust,1.0,2.2976,2.2699,4.5676
DeskGPT,17,2048,jpeg50,robust,1.0,2.2976,2.2703,4.5679
DeskGPT,17,2048,resize0.5,robust,1.0,2.2976,2.2694,4.5671
DeskGPT,17,2048,resize0.75,robust,1.0,2.2976,2.2697,4.5673
DeskGPT,17,2048,resize1.25,robust,1.0,2.2976,2.2748,4.5724
DeskGPT,17,2048,resize1.5,robust,1.0,2.2976,2.2727,4.5704
DeskGPT,17,2048,gnoise01,robust,1.0,2.2976,2.2663,4.564
DeskGPT,17,2048,gnoise05,robust,0.924316,2.2976,2.2695,4.5672
DeskGPT,17,2048,gnoise10,robust,0.84082,2.2976,2.275,4.5726
DeskGPT,17,2048,gblur3,robust,1.0,2.2976,2.2718,4.5694
DeskGPT,17,2048,gblur5,robust,1.0,2.2976,2.2823,4.58
DeskGPT,17,2048,gblur7,robust,0.912598,2.2976,2.2702,4.5679
DeskGPT,17,2048,mblur3,robust,1.0,2.2976,2.2695,4.5671
DeskGPT,17,2048,mblur5,robust,1.0,2.2976,2.2704,4.568
DeskGPT,17,2048,mblur7,robust,0.914062,2.2976,2.2688,4.5664
DeskGPT,18,2048,clean,robust,1.0,2.3015,2.2806,4.582
DeskGPT,18,2048,png,robust,1.0,2.3015,2.269,4.5705
DeskGPT,18,2048,jpeg90,robust,0.933105,2.3015,2.2682,4.5697
DeskGPT,18,2048,jpeg70,robust,0.924805,2.3015,2.2714,4.5728
DeskGPT,18,2048,jpeg50,robust,0.908691,2.3015,2.2686,4.5701
DeskGPT,18,2048,resize0.5,robust,0.925293,2.3015,2.2709,4.5723
DeskGPT,18,2048,resize0.75,robust,1.0,2.3015,2.2713,4.5728
DeskGPT,18,2048,resize1.25,robust,1.0,2.3015,2.2669,4.5683
DeskGPT,18,2048,resize1.5,robust,1.0,2.3015,2.2689,4.5703
DeskGPT,18,2048,gnoise01,robust,1.0,2.3015,2.2714,4.5729
DeskGPT,18,2048,gnoise05,robust,0.88623,2.3015,2.2669,4.5684
DeskGPT,18,2048,gnoise10,robust,0.804199,2.3015,2.2752,4.5766
DeskGPT,18,2048,gblur3,robust,1.0,2.3015,2.2678,4.5693
DeskGPT,18,2048,gblur5,robust,0.887207,2.3015,2.2665,4.568
DeskGPT,18,2048,gblur7,robust,0.813965,2.3015,2.266,4.5674
DeskGPT,18,2048,mblur3,robust,0.931641,2.3015,2.2663,4.5678
DeskGPT,18,2048,mblur5,robust,0.888184,2.3015,2.2749,4.5764
DeskGPT,18,2048,mblur7,robust,0.836914,2.3015,2.2711,4.5726
DeskGPT,19,2048,clean,robust,1.0,2.2954,2.2735,4.5689
DeskGPT,19,2048,png,robust,1.0,2.2954,2.2708,4.5662
DeskGPT,19,2048,jpeg90,robust,1.0,2.2954,2.2683,4.5637
DeskGPT,19,2048,jpeg70,robust,1.0,2.2954,2.2721,4.5675
DeskGPT,19,2048,jpeg50,robust,1.0,2.2954,2.2729,4.5683
DeskGPT,19,2048,resize0.5,robust,1.0,2.2954,2.2663,4.5617
DeskGPT,19,2048,resize0.75,robust,1.0,2.2954,2.2653,4.5607
DeskGPT,19,2048,resize1.25,robust,1.0,2.2954,2.2633,4.5587
DeskGPT,19,2048,resize1.5,robust,1.0,2.2954,2.2642,4.5596
DeskGPT,19,2048,gnoise01,robust,1.0,2.2954,2.2757,4.5711
DeskGPT,19,2048,gnoise05,robust,1.0,2.2954,2.2684,4.5638
DeskGPT,19,2048,gnoise10,robust,1.0,2.2954,2.2678,4.5632
DeskGPT,19,2048,gblur3,robust,1.0,2.2954,2.2688,4.5642
DeskGPT,19,2048,gblur5,robust,1.0,2.2954,2.2711,4.5665
DeskGPT,19,2048,gblur7,robust,0.89209,2.2954,2.2763,4.5717
DeskGPT,19,2048,mblur3,robust,1.0,2.2954,2.2735,4.5689
DeskGPT,19,2048,mblur5,robust,1.0,2.2954,2.2692,4.5646
DeskGPT,19,2048,mblur7,robust,0.920898,2.2954,2.2687,4.5641
DeskGPT,20,2048,clean,robust,1.0,2.2945,2.2696,4.564
DeskGPT,20,2048,png,robust,1.0,2.2945,2.2763,4.5708
DeskGPT,20,2048,jpeg90,robust,1.0,2.2945,2.2835,4.578
DeskGPT,20,2048,jpeg70,robust,0.925293,2.2945,2.2665,4.5609
DeskGPT,20,2048,jpeg50,robust,0.914551,2.2945,2.2665,4.561
DeskGPT,20,2048,resize0.5,robust,0.926758,2.2945,2.2649,4.5594
DeskGPT,20,2048,resize0.75,robust,1.0,2.2945,2.2656,4.5601
DeskGPT,20,2048,resize1.25,robust,1.0,2.2945,2.2733,4.5678
DeskGPT,20,2048,resize1.5,robust,1.0,2.2945,2.2733,4.5678
DeskGPT,20,2048,gnoise01,robust,1.0,2.2945,2.2716,4.5661
DeskGPT,20,2048,gnoise05,robust,0.88916,2.2945,2.2644,4.5589
DeskGPT,20,2048,gnoise10,robust,0.837891,2.2945,2.2678,4.5622
DeskGPT,20,2048,gblur3,robust,1.0,2.2945,2.2725,4.567
DeskGPT,20,2048,gblur5,robust,0.89502,2.2945,2.272,4.5665
DeskGPT,20,2048,gblur7,robust,0.837402,2.2945,2.2672,4.5616
DeskGPT,20,2048,mblur3,robust,1.0,2.2945,2.2694,4.5638
DeskGPT,20,2048,mblur5,robust,0.902832,2.2945,2.2688,4.5633
DeskGPT,20,2048,mblur7,robust,0.86084,2.2945,2.27,4.5645
DeskGPT,21,2048,clean,robust,1.0,2.2947,2.2702,4.5649
DeskGPT,21,2048,png,robust,1.0,2.2947,2.2658,4.5605
DeskGPT,21,2048,jpeg90,robust,1.0,2.2947,2.2698,4.5645
DeskGPT,21,2048,jpeg70,robust,1.0,2.2947,2.2709,4.5656
DeskGPT,21,2048,jpeg50,robust,1.0,2.2947,2.2674,4.5622
DeskGPT,21,2048,resize0.5,robust,1.0,2.2947,2.2724,4.5671
DeskGPT,21,2048,resize0.75,robust,1.0,2.2947,2.2719,4.5666
DeskGPT,21,2048,resize1.25,robust,1.0,2.2947,2.2674,4.5621
DeskGPT,21,2048,resize1.5,robust,1.0,2.2947,2.2674,4.5621
DeskGPT,21,2048,gnoise01,robust,1.0,2.2947,2.2686,4.5633
DeskGPT,21,2048,gnoise05,robust,1.0,2.2947,2.2715,4.5662
DeskGPT,21,2048,gnoise10,robust,0.905273,2.2947,2.2789,4.5736
DeskGPT,21,2048,gblur3,robust,1.0,2.2947,2.2711,4.5658
DeskGPT,21,2048,gblur5,robust,0.915039,2.2947,2.2672,4.5619
DeskGPT,21,2048,gblur7,robust,0.861816,2.2947,2.2672,4.562
DeskGPT,21,2048,mblur3,robust,1.0,2.2947,2.2724,4.5671
DeskGPT,21,2048,mblur5,robust,0.915527,2.2947,2.2828,4.5775
DeskGPT,21,2048,mblur7,robust,0.884766,2.2947,2.2744,4.5691
DeskGPT,22,2048,clean,robust,1.0,2.2936,2.2682,4.5618
DeskGPT,22,2048,png,robust,1.0,2.2936,2.2672,4.5607
DeskGPT,22,2048,jpeg90,robust,1.0,2.2936,2.2707,4.5642
DeskGPT,22,2048,jpeg70,robust,0.922852,2.2936,2.273,4.5666
DeskGPT,22,2048,jpeg50,robust,0.89502,2.2936,2.2717,4.5653
DeskGPT,22,2048,resize0.5,robust,1.0,2.2936,2.2672,4.5608
DeskGPT,22,2048,resize0.75,robust,1.0,2.2936,2.2645,4.5581
DeskGPT,22,2048,resize1.25,robust,1.0,2.2936,2.2663,4.5599
DeskGPT,22,2048,resize1.5,robust,1.0,2.2936,2.2682,4.5618
DeskGPT,22,2048,gnoise01,robust,1.0,2.2936,2.2778,4.5714
DeskGPT,22,2048,gnoise05,robust,0.858398,2.2936,2.27,4.5636
DeskGPT,22,2048,gnoise10,robust,0.757324,2.2936,2.2697,4.5632
DeskGPT,22,2048,gblur3,robust,1.0,2.2936,2.2684,4.562
DeskGPT,22,2048,gblur5,robust,0.902344,2.2936,2.2666,4.5601
DeskGPT,22,2048,gblur7,robust,0.839355,2.2936,2.2702,4.5638
DeskGPT,22,2048,mblur3,robust,1.0,2.2936,2.2798,4.5734
DeskGPT,22,2048,mblur5,robust,0.915039,2.2936,2.2678,4.5614
DeskGPT,22,2048,mblur7,robust,0.873535,2.2936,2.2685,4.562
DeskGPT,23,2048,clean,robust,1.0,2.3039,2.2651,4.569
DeskGPT,23,2048,png,robust,1.0,2.3039,2.2696,4.5735
DeskGPT,23,2048,jpeg90,robust,1.0,2.3039,2.2737,4.5777
DeskGPT,23,2048,jpeg70,robust,1.0,2.3039,2.2714,4.5753
DeskGPT,23,2048,jpeg50,robust,1.0,2.3039,2.2709,4.5748
DeskGPT,23,2048,resize0.5,robust,1.0,2.3039,2.2681,4.5721
DeskGPT,23,2048,resize0.75,robust,1.0,2.3039,2.2735,4.5774
DeskGPT,23,2048,resize1.25,robust,1.0,2.3039,2.2764,4.5803
DeskGPT,23,2048,resize1.5,robust,1.0,2.3039,2.2731,4.577
DeskGPT,23,2048,gnoise01,robust,1.0,2.3039,2.2697,4.5736
DeskGPT,23,2048,gnoise05,robust,1.0,2.3039,2.269,4.5729
DeskGPT,23,2048,gnoise10,robust,0.917969,2.3039,2.2679,4.5718
DeskGPT,23,2048,gblur3,robust,1.0,2.3039,2.2733,4.5772
DeskGPT,23,2048,gblur5,robust,1.0,2.3039,2.2781,4.582
DeskGPT,23,2048,gblur7,robust,0.89209,2.3039,2.2683,4.5722
DeskGPT,23,2048,mblur3,robust,1.0,2.3039,2.268,4.5719
DeskGPT,23,2048,mblur5,robust,1.0,2.3039,2.2703,4.5742
DeskGPT,23,2048,mblur7,robust,0.915527,2.3039,2.2766,4.5805
DeskGPT,24,2048,clean,robust,1.0,2.2981,2.2801,4.5782
DeskGPT,24,2048,png,robust,1.0,2.2981,2.2701,4.5683
DeskGPT,24,2048,jpeg90,robust,0.930176,2.2981,2.2673,4.5654
DeskGPT,24,2048,jpeg70,robust,0.90625,2.2981,2.2666,4.5648
DeskGPT,24,2048,jpeg50,robust,0.882324,2.2981,2.2679,4.566
DeskGPT,24,2048,resize0.5,robust,0.918945,2.2981,2.2746,4.5727
DeskGPT,24,2048,resize0.75,robust,1.0,2.2981,2.2751,4.5733
DeskGPT,24,2048,resize1.25,robust,1.0,2.2981,2.2698,4.568
DeskGPT,24,2048,resize1.5,robust,1.0,2.2981,2.2684,4.5665
DeskGPT,24,2048,gnoise01,robust,0.927734,2.2981,2.2672,4.5654
DeskGPT,24,2048,gnoise05,robust,0.842773,2.2981,2.27,4.5682
DeskGPT,24,2048,gnoise10,robust,0.771484,2.2981,2.2783,4.5764
DeskGPT,24,2048,gblur3,robust,0.92627,2.2981,2.2682,4.5664
DeskGPT,24,2048,gblur5,robust,0.871094,2.2981,2.274,4.5722
DeskGPT,24,2048,gblur7,robust,0.821289,2.2981,2.2706,4.5688
DeskGPT,24,2048,mblur3,robust,0.927246,2.2981,2.2702,4.5683
DeskGPT,24,2048,mblur5,robust,0.894531,2.2981,2.2782,4.5763
DeskGPT,24,2048,mblur7,robust,0.841797,2.2981,2.2683,4.5665
DeskGPT,25,2048,clean,robust,1.0,2.2955,2.2674,4.5629
DeskGPT,25,2048,png,robust,1.0,2.2955,2.2679,4.5634
DeskGPT,25,2048,jpeg90,robust,0.861328,2.2955,2.2672,4.5627
DeskGPT,25,2048,jpeg70,robust,0.695312,2.2955,2.2744,4.5699
DeskGPT,25,2048,jpeg50,robust,0.626953,2.2955,2.2739,4.5695
DeskGPT,25,2048,resize0.5,robust,0.902344,2.2955,2.2666,4.5622
DeskGPT,25,2048,resize0.75,robust,1.0,2.2955,2.2697,4.5653
DeskGPT,25,2048,resize1.25,robust,1.0,2.2955,2.269,4.5645
DeskGPT,25,2048,resize1.5,robust,1.0,2.2955,2.2712,4.5667
DeskGPT,25,2048,gnoise01,robust,0.837402,2.2955,2.2876,4.5831
DeskGPT,25,2048,gnoise05,robust,0.599609,2.2955,2.2696,4.5652
DeskGPT,25,2048,gnoise10,robust,0.556641,2.2955,2.2687,4.5642
DeskGPT,25,2048,gblur3,robust,0.913574,2.2955,2.2728,4.5683
DeskGPT,25,2048,gblur5,robust,0.833496,2.2955,2.2683,4.5638
DeskGPT,25,2048,gblur7,robust,0.76123,2.2955,2.2737,4.5692
DeskGPT,25,2048,mblur3,robust,0.896484,2.2955,2.2779,4.5734
DeskGPT,25,2048,mblur5,robust,0.827637,2.2955,2.2664,4.5619
DeskGPT,25,2048,mblur7,robust,0.772461,2.2955,2.2682,4.5638
DeskGPT,26,2048,clean,robust,1.0,2.2985,2.2664,4.5649
DeskGPT,26,2048,png,robust,1.0,2.2985,2.2753,4.5738
DeskGPT,26,2048,jpeg90,robust,1.0,2.2985,2.2825,4.581
DeskGPT,26,2048,jpeg70,robust,1.0,2.2985,2.2807,4.5792
DeskGPT,26,2048,jpeg50,robust,0.928223,2.2985,2.2701,4.5686
DeskGPT,26,2048,resize0.5,robust,1.0,2.2985,2.2695,4.568
DeskGPT,26,2048,resize0.75,robust,1.0,2.2985,2.2691,4.5676
DeskGPT,26,2048,resize1.25,robust,1.0,2.2985,2.2821,4.5806
DeskGPT,26,2048,resize1.5,robust,1.0,2.2985,2.27,4.5685
DeskGPT,26,2048,gnoise01,robust,1.0,2.2985,2.2679,4.5664
DeskGPT,26,2048,gnoise05,robust,0.884766,2.2985,2.2659,4.5643
DeskGPT,26,2048,gnoise10,robust,0.826172,2.2985,2.2676,4.566
DeskGPT,26,2048,gblur3,robust,1.0,2.2985,2.2725,4.571
DeskGPT,26,2048,gblur5,robust,0.929199,2.2985,2.2733,4.5718
DeskGPT,26,2048,gblur7,robust,0.876953,2.2985,2.2655,4.564
DeskGPT,26,2048,mblur3,robust,1.0,2.2985,2.2681,4.5666
DeskGPT,26,2048,mblur5,robust,0.932129,2.2985,2.2672,4.5656
DeskGPT,26,2048,mblur7,robust,0.911621,2.2985,2.2724,4.5709
DeskGPT,27,2048,clean,robust,1.0,2.3013,2.2735,4.5747
DeskGPT,27,2048,png,robust,1.0,2.3013,2.2672,4.5685
DeskGPT,27,2048,jpeg90,robust,1.0,2.3013,2.2722,4.5734
DeskGPT,27,2048,jpeg70,robust,1.0,2.3013,2.2736,4.5748
DeskGPT,27,2048,jpeg50,robust,0.906738,2.3013,2.2653,4.5665
DeskGPT,27,2048,resize0.5,robust,1.0,2.3013,2.2725,4.5738
DeskGPT,27,2048,resize0.75,robust,1.0,2.3013,2.2695,4.5707
DeskGPT,27,2048,resize1.25,robust,1.0,2.3013,2.265,4.5663
DeskGPT,27,2048,resize1.5,robust,1.0,2.3013,2.2666,4.5678
DeskGPT,27,2048,gnoise01,robust,1.0,2.3013,2.2676,4.5689
DeskGPT,27,2048,gnoise05,robust,0.894043,2.3013,2.2696,4.5708
DeskGPT,27,2048,gnoise10,robust,0.824219,2.3013,2.2769,4.5782
DeskGPT,27,2048,gblur3,robust,1.0,2.3013,2.2687,4.57
DeskGPT,27,2048,gblur5,robust,0.887207,2.3013,2.267,4.5683
DeskGPT,27,2048,gblur7,robust,0.84082,2.3013,2.2668,4.5681
DeskGPT,27,2048,mblur3,robust,1.0,2.3013,2.2695,4.5707
DeskGPT,27,2048,mblur5,robust,0.898438,2.3013,2.2755,4.5767
DeskGPT,27,2048,mblur7,robust,0.866699,2.3013,2.2681,4.5693
DeskGPT,28,2048,clean,robust,1.0,2.2992,2.2651,4.5643
DeskGPT,28,2048,png,robust,1.0,2.2992,2.2691,4.5683
DeskGPT,28,2048,jpeg90,robust,1.0,2.2992,2.2649,4.5641
DeskGPT,28,2048,jpeg70,robust,1.0,2.2992,2.2698,4.5689
DeskGPT,28,2048,jpeg50,robust,1.0,2.2992,2.2718,4.571
DeskGPT,28,2048,resize0.5,robust,1.0,2.2992,2.2662,4.5654
DeskGPT,28,2048,resize0.75,robust,1.0,2.2992,2.2646,4.5638
DeskGPT,28,2048,resize1.25,robust,1.0,2.2992,2.2649,4.5641
DeskGPT,28,2048,resize1.5,robust,1.0,2.2992,2.2701,4.5693
DeskGPT,28,2048,gnoise01,robust,1.0,2.2992,2.2723,4.5714
DeskGPT,28,2048,gnoise05,robust,1.0,2.2992,2.2731,4.5722
DeskGPT,28,2048,gnoise10,robust,1.0,2.2992,2.2665,4.5657
DeskGPT,28,2048,gblur3,robust,1.0,2.2992,2.2697,4.5689
DeskGPT,28,2048,gblur5,robust,1.0,2.2992,2.2689,4.5681
DeskGPT,28,2048,gblur7,robust,0.899902,2.2992,2.2698,4.569
DeskGPT,28,2048,mblur3,robust,1.0,2.2992,2.269,4.5682
DeskGPT,28,2048,mblur5,robust,1.0,2.2992,2.2685,4.5677
DeskGPT,28,2048,mblur7,robust,0.919922,2.2992,2.2679,4.567
DeskGPT,29,2048,clean,robust,1.0,2.3035,2.2726,4.576
DeskGPT,29,2048,png,robust,1.0,2.3035,2.2755,4.579
DeskGPT,29,2048,jpeg90,robust,1.0,2.3035,2.2707,4.5742
DeskGPT,29,2048,jpeg70,robust,0.92334,2.3035,2.2671,4.5706
DeskGPT,29,2048,jpeg50,robust,0.899902,2.3035,2.2656,4.5691
DeskGPT,29,2048,resize0.5,robust,1.0,2.3035,2.2681,4.5716
DeskGPT,29,2048,resize0.75,robust,1.0,2.3035,2.2655,4.569
DeskGPT,29,2048,resize1.25,robust,1.0,2.3035,2.2702,4.5737
DeskGPT,29,2048,resize1.5,robust,1.0,2.3035,2.2698,4.5733
DeskGPT,29,2048,gnoise01,robust,1.0,2.3035,2.2682,4.5717
DeskGPT,29,2048,gnoise05,robust,0.888672,2.3035,2.2676,4.5711
DeskGPT,29,2048,gnoise10,robust,0.826172,2.3035,2.2654,4.5689
DeskGPT,29,2048,gblur3,robust,1.0,2.3035,2.2696,4.5731
DeskGPT,29,2048,gblur5,robust,0.924316,2.3035,2.271,4.5745
DeskGPT,29,2048,gblur7,robust,0.86377,2.3035,2.2658,4.5693
DeskGPT,29,2048,mblur3,robust,1.0,2.3035,2.265,4.5685
DeskGPT,29,2048,mblur5,robust,0.923828,2.3035,2.2704,4.5739
DeskGPT,29,2048,mblur7,robust,0.893555,2.3035,2.2699,4.5734
DeskGPT,30,2048,clean,robust,1.0,2.294,2.2719,4.5658
DeskGPT,30,2048,png,robust,1.0,2.294,2.265,4.559
DeskGPT,30,2048,jpeg90,robust,1.0,2.294,2.2655,4.5595
DeskGPT,30,2048,jpeg70,robust,1.0,2.294,2.2663,4.5603
DeskGPT,30,2048,jpeg50,robust,1.0,2.294,2.2697,4.5637
DeskGPT,30,2048,resize0.5,robust,1.0,2.294,2.2765,4.5705
DeskGPT,30,2048,resize0.75,robust,1.0,2.294,2.2809,4.5749
DeskGPT,30,2048,resize1.25,robust,1.0,2.294,2.2756,4.5696
DeskGPT,30,2048,resize1.5,robust,1.0,2.294,2.2768,4.5708
DeskGPT,30,2048,gnoise01,robust,1.0,2.294,2.27,4.5639
DeskGPT,30,2048,gnoise05,robust,0.914551,2.294,2.2713,4.5653
DeskGPT,30,2048,gnoise10,robust,0.855469,2.294,2.271,4.565
DeskGPT,30,2048,gblur3,robust,1.0,2.294,2.2657,4.5596
DeskGPT,30,2048,gblur5,robust,0.917969,2.294,2.2654,4.5593
DeskGPT,30,2048,gblur7,robust,0.871582,2.294,2.2651,4.5591
DeskGPT,30,2048,mblur3,robust,1.0,2.294,2.2664,4.5604
DeskGPT,30,2048,mblur5,robust,1.0,2.294,2.2737,4.5676
DeskGPT,30,2048,mblur7,robust,0.895996,2.294,2.2665,4.5605
DeskGPT,31,2048,clean,robust,1.0,2.2929,2.2703,4.5631
DeskGPT,31,2048,png,robust,1.0,2.2929,2.2715,4.5644
DeskGPT,31,2048,jpeg90,robust,1.0,2.2929,2.2745,4.5674
DeskGPT,31,2048,jpeg70,robust,0.916504,2.2929,2.2703,4.5632
DeskGPT,31,2048,jpeg50,robust,0.890137,2.2929,2.2701,4.563
DeskGPT,31,2048,resize0.5,robust,0.920898,2.2929,2.2722,4.565
DeskGPT,31,2048,resize0.75,robust,1.0,2.2929,2.2677,4.5606
DeskGPT,31,2048,resize1.25,robust,1.0,2.2929,2.2687,4.5616
DeskGPT,31,2048,resize1.5,robust,1.0,2.2929,2.2751,4.568
DeskGPT,31,2048,gnoise01,robust,0.932129,2.2929,2.2718,4.5646
DeskGPT,31,2048,gnoise05,robust,0.816895,2.2929,2.2642,4.5571
DeskGPT,31,2048,gnoise10,robust,0.747559,2.2929,2.2653,4.5581
DeskGPT,31,2048,gblur3,robust,0.929199,2.2929,2.2657,4.5585
DeskGPT,31,2048,gblur5,robust,0.885254,2.2929,2.2661,4.5589
DeskGPT,31,2048,gblur7,robust,0.79541,2.2929,2.2719,4.5648
DeskGPT,31,2048,mblur3,robust,0.931152,2.2929,2.2709,4.5638
DeskGPT,31,2048,mblur5,robust,0.888184,2.2929,2.2748,4.5677
DeskGPT,31,2048,mblur7,robust,0.835449,2.2929,2.2662,4.5591
DeskGPT,32,2048,clean,robust,1.0,2.2952,2.2663,4.5616
DeskGPT,32,2048,png,robust,1.0,2.2952,2.2691,4.5644
DeskGPT,32,2048,jpeg90,robust,1.0,2.2952,2.2691,4.5644
DeskGPT,32,2048,jpeg70,robust,1.0,2.2952,2.2654,4.5606
DeskGPT,32,2048,jpeg50,robust,1.0,2.2952,2.2648,4.56
DeskGPT,32,2048,resize0.5,robust,1.0,2.2952,2.2648,4.56
DeskGPT,32,2048,resize0.75,robust,1.0,2.2952,2.2663,4.5616
DeskGPT,32,2048,resize1.25,robust,1.0,2.2952,2.2707,4.5659
DeskGPT,32,2048,resize1.5,robust,1.0,2.2952,2.2669,4.5621
DeskGPT,32,2048,gnoise01,robust,1.0,2.2952,2.2691,4.5643
DeskGPT,32,2048,gnoise05,robust,1.0,2.2952,2.2663,4.5616
DeskGPT,32,2048,gnoise10,robust,0.929199,2.2952,2.2682,4.5635
DeskGPT,32,2048,gblur3,robust,1.0,2.2952,2.2694,4.5647
DeskGPT,32,2048,gblur5,robust,1.0,2.2952,2.274,4.5693
DeskGPT,32,2048,gblur7,robust,0.882324,2.2952,2.2653,4.5605
DeskGPT,32,2048,mblur3,robust,1.0,2.2952,2.2732,4.5685
DeskGPT,32,2048,mblur5,robust,1.0,2.2952,2.2728,4.568
DeskGPT,32,2048,mblur7,robust,0.915039,2.2952,2.2695,4.5648
DeskGPT,33,2048,clean,robust,1.0,2.2938,2.2718,4.5656
DeskGPT,33,2048,png,robust,1.0,2.2938,2.2667,4.5605
DeskGPT,33,2048,jpeg90,robust,1.0,2.2938,2.2662,4.56
DeskGPT,33,2048,jpeg70,robust,1.0,2.2938,2.2679,4.5617
DeskGPT,33,2048,jpeg50,robust,1.0,2.2938,2.27,4.5638
DeskGPT,33,2048,resize0.5,robust,1.0,2.2938,2.2756,4.5694
DeskGPT,33,2048,resize0.75,robust,1.0,2.2938,2.2792,4.573
DeskGPT,33,2048,resize1.25,robust,1.0,2.2938,2.2694,4.5631
DeskGPT,33,2048,resize1.5,robust,1.0,2.2938,2.2689,4.5626
DeskGPT,33,2048,gnoise01,robust,1.0,2.2938,2.2675,4.5613
DeskGPT,33,2048,gnoise05,robust,0.934082,2.2938,2.2688,4.5626
DeskGPT,33,2048,gnoise10,robust,0.905762,2.2938,2.274,4.5678
DeskGPT,33,2048,gblur3,robust,1.0,2.2938,2.2671,4.5609
DeskGPT,33,2048,gblur5,robust,0.90625,2.2938,2.2666,4.5603
DeskGPT,33,2048,gblur7,robust,0.847168,2.2938,2.265,4.5587
DeskGPT,33,2048,mblur3,robust,1.0,2.2938,2.2673,4.5611
DeskGPT,33,2048,mblur5,robust,0.913574,2.2938,2.2723,4.566
DeskGPT,33,2048,mblur7,robust,0.878418,2.2938,2.267,4.5608
DeskGPT,34,2048,clean,robust,1.0,2.2988,2.2653,4.5641
DeskGPT,34,2048,png,robust,1.0,2.2988,2.2669,4.5656
DeskGPT,34,2048,jpeg90,robust,1.0,2.2988,2.2672,4.566
DeskGPT,34,2048,jpeg70,robust,1.0,2.2988,2.2716,4.5703
DeskGPT,34,2048,jpeg50,robust,1.0,2.2988,2.2694,4.5682
DeskGPT,34,2048,resize0.5,robust,1.0,2.2988,2.2689,4.5677
DeskGPT,34,2048,resize0.75,robust,1.0,2.2988,2.2685,4.5673
DeskGPT,34,2048,resize1.25,robust,1.0,2.2988,2.2648,4.5636
DeskGPT,34,2048,resize1.5,robust,1.0,2.2988,2.2629,4.5617
DeskGPT,34,2048,gnoise01,robust,1.0,2.2988,2.274,4.5728
DeskGPT,34,2048,gnoise05,robust,1.0,2.2988,2.2689,4.5677
DeskGPT,34,2048,gnoise10,robust,0.89209,2.2988,2.2692,4.568
DeskGPT,34,2048,gblur3,robust,1.0,2.2988,2.2681,4.5669
DeskGPT,34,2048,gblur5,robust,0.917969,2.2988,2.2749,4.5736
DeskGPT,34,2048,gblur7,robust,0.884766,2.2988,2.2742,4.5729
DeskGPT,34,2048,mblur3,robust,1.0,2.2988,2.2712,4.5699
DeskGPT,34,2048,mblur5,robust,0.925293,2.2988,2.2693,4.5681
DeskGPT,34,2048,mblur7,robust,0.874512,2.2988,2.2703,4.5691
DeskGPT,35,2048,clean,robust,1.0,2.2939,2.2737,4.5676
DeskGPT,35,2048,png,robust,1.0,2.2939,2.2719,4.5658
DeskGPT,35,2048,jpeg90,robust,1.0,2.2939,2.2714,4.5653
DeskGPT,35,2048,jpeg70,robust,1.0,2.2939,2.2656,4.5595
DeskGPT,35,2048,jpeg50,robust,1.0,2.2939,2.2676,4.5615
DeskGPT,35,2048,resize0.5,robust,1.0,2.2939,2.2676,4.5614
DeskGPT,35,2048,resize0.75,robust,1.0,2.2939,2.2666,4.5605
DeskGPT,35,2048,resize1.25,robust,1.0,2.2939,2.2727,4.5665
DeskGPT,35,2048,resize1.5,robust,1.0,2.2939,2.2685,4.5623
DeskGPT,35,2048,gnoise01,robust,1.0,2.2939,2.2664,4.5603
DeskGPT,35,2048,gnoise05,robust,1.0,2.2939,2.2679,4.5617
DeskGPT,35,2048,gnoise10,robust,0.913574,2.2939,2.2667,4.5606
DeskGPT,35,2048,gblur3,robust,1.0,2.2939,2.2687,4.5626
DeskGPT,35,2048,gblur5,robust,1.0,2.2939,2.2747,4.5686
DeskGPT,35,2048,gblur7,robust,0.902344,2.2939,2.2722,4.5661
DeskGPT,35,2048,mblur3,robust,1.0,2.2939,2.2688,4.5627
DeskGPT,35,2048,mblur5,robust,1.0,2.2939,2.2701,4.5639
DeskGPT,35,2048,mblur7,robust,0.918457,2.2939,2.2721,4.566
DeskGPT,36,2048,clean,robust,1.0,2.2983,2.2719,4.5702
DeskGPT,36,2048,png,robust,1.0,2.2983,2.2671,4.5654
DeskGPT,36,2048,jpeg90,robust,1.0,2.2983,2.2668,4.5651
DeskGPT,36,2048,jpeg70,robust,1.0,2.2983,2.275,4.5733
DeskGPT,36,2048,jpeg50,robust,1.0,2.2983,2.2674,4.5657
DeskGPT,36,2048,resize0.5,robust,1.0,2.2983,2.276,4.5743
DeskGPT,36,2048,resize0.75,robust,1.0,2.2983,2.2689,4.5672
DeskGPT,36,2048,resize1.25,robust,1.0,2.2983,2.2656,4.5639
DeskGPT,36,2048,resize1.5,robust,1.0,2.2983,2.267,4.5653
DeskGPT,36,2048,gnoise01,robust,1.0,2.2983,2.267,4.5653
DeskGPT,36,2048,gnoise05,robust,1.0,2.2983,2.2707,4.569
DeskGPT,36,2048,gnoise10,robust,0.905762,2.2983,2.2715,4.5698
DeskGPT,36,2048,gblur3,robust,1.0,2.2983,2.2662,4.5645
DeskGPT,36,2048,gblur5,robust,0.910645,2.2983,2.265,4.5633
DeskGPT,36,2048,gblur7,robust,0.848633,2.2983,2.2676,4.566
DeskGPT,36,2048,mblur3,robust,1.0,2.2983,2.2657,4.564
DeskGPT,36,2048,mblur5,robust,0.92334,2.2983,2.2717,4.5701
DeskGPT,36,2048,mblur7,robust,0.888184,2.2983,2.2674,4.5657
DeskGPT,37,2048,clean,robust,1.0,2.2928,2.2679,4.5607
DeskGPT,37,2048,png,robust,1.0,2.2928,2.2682,4.561
DeskGPT,37,2048,jpeg90,robust,0.913086,2.2928,2.2654,4.5582
DeskGPT,37,2048,jpeg70,robust,0.854492,2.2928,2.2713,4.5641
DeskGPT,37,2048,jpeg50,robust,0.819336,2.2928,2.272,4.5648
DeskGPT,37,2048,resize0.5,robust,0.903809,2.2928,2.269,4.5618
DeskGPT,37,2048,resize0.75,robust,0.919434,2.2928,2.2672,4.56
DeskGPT,37,2048,resize1.25,robust,1.0,2.2928,2.2685,4.5613
DeskGPT,37,2048,resize1.5,robust,1.0,2.2928,2.2719,4.5647
DeskGPT,37,2048,gnoise01,robust,0.905762,2.2928,2.2719,4.5647
DeskGPT,37,2048,gnoise05,robust,0.785156,2.2928,2.2686,4.5614
DeskGPT,37,2048,gnoise10,robust,0.740234,2.2928,2.2707,4.5635
DeskGPT,37,2048,gblur3,robust,0.917969,2.2928,2.2667,4.5595
DeskGPT,37,2048,gblur5,robust,0.878418,2.2928,2.2657,4.5585
DeskGPT,37,2048,gblur7,robust,0.811035,2.2928,2.272,4.5648
DeskGPT,37,2048,mblur3,robust,0.917969,2.2928,2.2701,4.5629
DeskGPT,37,2048,mblur5,robust,0.887207,2.2928,2.2683,4.5611
DeskGPT,37,2048,mblur7,robust,0.850098,2.2928,2.2658,4.5586
DeskGPT,38,2048,clean,robust,1.0,2.2921,2.2643,4.5564
DeskGPT,38,2048,png,robust,1.0,2.2921,2.2718,4.564
DeskGPT,38,2048,jpeg90,robust,1.0,2.2921,2.2712,4.5634
DeskGPT,38,2048,jpeg70,robust,1.0,2.2921,2.267,4.5592
DeskGPT,38,2048,jpeg50,robust,1.0,2.2921,2.2672,4.5593
DeskGPT,38,2048,resize0.5,robust,1.0,2.2921,2.2689,4.561
DeskGPT,38,2048,resize0.75,robust,1.0,2.2921,2.2663,4.5584
DeskGPT,38,2048,resize1.25,robust,1.0,2.2921,2.271,4.5632
DeskGPT,38,2048,resize1.5,robust,1.0,2.2921,2.2697,4.5619
DeskGPT,38,2048,gnoise01,robust,1.0,2.2921,2.266,4.5581
DeskGPT,38,2048,gnoise05,robust,1.0,2.2921,2.2651,4.5572
DeskGPT,38,2048,gnoise10,robust,1.0,2.2921,2.2679,4.5601
DeskGPT,38,2048,gblur3,robust,1.0,2.2921,2.2707,4.5628
DeskGPT,38,2048,gblur5,robust,1.0,2.2921,2.2714,4.5635
DeskGPT,38,2048,gblur7,robust,0.919922,2.2921,2.2666,4.5587
DeskGPT,38,2048,mblur3,robust,1.0,2.2921,2.2656,4.5577
DeskGPT,38,2048,mblur5,robust,1.0,2.2921,2.2724,4.5646
DeskGPT,38,2048,mblur7,robust,0.932617,2.2921,2.27,4.5622
DeskGPT,39,2048,clean,robust,1.0,2.297,2.2751,4.5722
DeskGPT,39,2048,png,robust,1.0,2.297,2.2709,4.568
DeskGPT,39,2048,jpeg90,robust,1.0,2.297,2.2692,4.5662
DeskGPT,39,2048,jpeg70,robust,1.0,2.297,2.2679,4.565
DeskGPT,39,2048,jpeg50,robust,1.0,2.297,2.2675,4.5646
DeskGPT,39,2048,resize0.5,robust,1.0,2.297,2.2718,4.5689
DeskGPT,39,2048,resize0.75,robust,1.0,2.297,2.2703,4.5674
DeskGPT,39,2048,resize1.25,robust,1.0,2.297,2.2637,4.5607
DeskGPT,39,2048,resize1.5,robust,1.0,2.297,2.2657,4.5627
DeskGPT,39,2048,gnoise01,robust,1.0,2.297,2.2638,4.5609
DeskGPT,39,2048,gnoise05,robust,0.919922,2.297,2.2653,4.5624
DeskGPT,39,2048,gnoise10,robust,0.878906,2.297,2.2682,4.5653
DeskGPT,39,2048,gblur3,robust,1.0,2.297,2.2678,4.5648
DeskGPT,39,2048,gblur5,robust,0.922363,2.297,2.2659,4.5629
DeskGPT,39,2048,gblur7,robust,0.871094,2.297,2.2647,4.5618
DeskGPT,39,2048,mblur3,robust,1.0,2.297,2.2685,4.5656
DeskGPT,39,2048,mblur5,robust,1.0,2.297,2.274,4.571
DeskGPT,39,2048,mblur7,robust,0.915039,2.297,2.266,4.563
DeskGPT,40,2048,clean,robust,1.0,2.2973,2.2673,4.5646
DeskGPT,40,2048,png,robust,1.0,2.2973,2.2658,4.5631
DeskGPT,40,2048,jpeg90,robust,1.0,2.2973,2.2665,4.5638
DeskGPT,40,2048,jpeg70,robust,1.0,2.2973,2.2815,4.5788
DeskGPT,40,2048,jpeg50,robust,0.924316,2.2973,2.2688,4.5662
DeskGPT,40,2048,resize0.5,robust,1.0,2.2973,2.2668,4.5641
DeskGPT,40,2048,resize0.75,robust,1.0,2.2973,2.2649,4.5622
DeskGPT,40,2048,resize1.25,robust,1.0,2.2973,2.2653,4.5627
DeskGPT,40,2048,resize1.5,robust,1.0,2.2973,2.2761,4.5735
DeskGPT,40,2048,gnoise01,robust,1.0,2.2973,2.2741,4.5714
DeskGPT,40,2048,gnoise05,robust,0.895508,2.2973,2.2642,4.5615
DeskGPT,40,2048,gnoise10,robust,0.806641,2.2973,2.2655,4.5628
DeskGPT,40,2048,gblur3,robust,1.0,2.2973,2.2636,4.5609
DeskGPT,40,2048,gblur5,robust,1.0,2.2973,2.2695,4.5669
DeskGPT,40,2048,gblur7,robust,0.891602,2.2973,2.2699,4.5673
DeskGPT,40,2048,mblur3,robust,1.0,2.2973,2.2681,4.5654
DeskGPT,40,2048,mblur5,robust,1.0,2.2973,2.2677,4.565
DeskGPT,40,2048,mblur7,robust,0.909668,2.2973,2.2663,4.5637
DeskGPT,41,2048,clean,robust,1.0,2.2933,2.2648,4.558
DeskGPT,41,2048,png,robust,1.0,2.2933,2.2704,4.5637
DeskGPT,41,2048,jpeg90,robust,1.0,2.2933,2.2689,4.5621
DeskGPT,41,2048,jpeg70,robust,1.0,2.2933,2.2655,4.5587
DeskGPT,41,2048,jpeg50,robust,1.0,2.2933,2.2718,4.5651
DeskGPT,41,2048,resize0.5,robust,1.0,2.2933,2.2681,4.5613
DeskGPT,41,2048,resize0.75,robust,1.0,2.2933,2.2678,4.561
DeskGPT,41,2048,resize1.25,robust,1.0,2.2933,2.2692,4.5625
DeskGPT,41,2048,resize1.5,robust,1.0,2.2933,2.2654,4.5587
DeskGPT,41,2048,gnoise01,robust,1.0,2.2933,2.2639,4.5572
DeskGPT,41,2048,gnoise05,robust,0.925293,2.2933,2.2652,4.5585
DeskGPT,41,2048,gnoise10,robust,0.859863,2.2933,2.2666,4.5598
DeskGPT,41,2048,gblur3,robust,1.0,2.2933,2.2722,4.5654
DeskGPT,41,2048,gblur5,robust,1.0,2.2933,2.2717,4.5649
DeskGPT,41,2048,gblur7,robust,0.887695,2.2933,2.2651,4.5583
DeskGPT,41,2048,mblur3,robust,1.0,2.2933,2.2685,4.5618
DeskGPT,41,2048,mblur5,robust,1.0,2.2933,2.274,4.5672
DeskGPT,41,2048,mblur7,robust,0.908203,2.2933,2.2688,4.5621
DeskGPT,42,2048,clean,robust,1.0,2.2943,2.2727,4.5671
DeskGPT,42,2048,png,robust,1.0,2.2943,2.266,4.5603
DeskGPT,42,2048,jpeg90,robust,1.0,2.2943,2.2635,4.5579
DeskGPT,42,2048,jpeg70,robust,1.0,2.2943,2.2651,4.5594
DeskGPT,42,2048,jpeg50,robust,1.0,2.2943,2.2641,4.5584
DeskGPT,42,2048,resize0.5,robust,1.0,2.2943,2.2743,4.5686
DeskGPT,42,2048,resize0.75,robust,1.0,2.2943,2.2672,4.5616
DeskGPT,42,2048,resize1.25,robust,1.0,2.2943,2.2641,4.5584
DeskGPT,42,2048,resize1.5,robust,1.0,2.2943,2.2646,4.5589
DeskGPT,42,2048,gnoise01,robust,1.0,2.2943,2.265,4.5593
DeskGPT,42,2048,gnoise05,robust,1.0,2.2943,2.2688,4.5632
DeskGPT,42,2048,gnoise10,robust,1.0,2.2943,2.2723,4.5666
DeskGPT,42,2048,gblur3,robust,1.0,2.2943,2.2642,4.5585
DeskGPT,42,2048,gblur5,robust,0.93457,2.2943,2.2676,4.562
DeskGPT,42,2048,gblur7,robust,0.898926,2.2943,2.2656,4.5599
DeskGPT,42,2048,mblur3,robust,1.0,2.2943,2.2683,4.5626
DeskGPT,42,2048,mblur5,robust,1.0,2.2943,2.2742,4.5685
DeskGPT,42,2048,mblur7,robust,0.925293,2.2943,2.2656,4.56
DeskGPT,43,2048,clean,robust,1.0,2.2941,2.2678,4.5619
DeskGPT,43,2048,png,robust,1.0,2.2941,2.2712,4.5652
DeskGPT,43,2048,jpeg90,robust,1.0,2.2941,2.2679,4.562
DeskGPT,43,2048,jpeg70,robust,1.0,2.2941,2.272,4.5661
DeskGPT,43,2048,jpeg50,robust,0.921875,2.2941,2.2685,4.5626
DeskGPT,43,2048,resize0.5,robust,0.924805,2.2941,2.2724,4.5665
DeskGPT,43,2048,resize0.75,robust,1.0,2.2941,2.2702,4.5643
DeskGPT,43,2048,resize1.25,robust,1.0,2.2941,2.2664,4.5605
DeskGPT,43,2048,resize1.5,robust,1.0,2.2941,2.2692,4.5633
DeskGPT,43,2048,gnoise01,robust,1.0,2.2941,2.2713,4.5654
DeskGPT,43,2048,gnoise05,robust,0.916016,2.2941,2.2658,4.5599
DeskGPT,43,2048,gnoise10,robust,0.861816,2.2941,2.2724,4.5665
DeskGPT,43,2048,gblur3,robust,1.0,2.2941,2.2679,4.562
DeskGPT,43,2048,gblur5,robust,0.868652,2.2941,2.2656,4.5597
DeskGPT,43,2048,gblur7,robust,0.823242,2.2941,2.2704,4.5645
DeskGPT,43,2048,mblur3,robust,0.928223,2.2941,2.2688,4.5629
DeskGPT,43,2048,mblur5,robust,0.893066,2.2941,2.2698,4.5639
DeskGPT,43,2048,mblur7,robust,0.822754,2.2941,2.266,4.5601
DeskGPT,44,2048,clean,robust,1.0,2.2941,2.2658,4.5599
DeskGPT,44,2048,png,robust,1.0,2.2941,2.2723,4.5664
DeskGPT,44,2048,jpeg90,robust,1.0,2.2941,2.2697,4.5638
DeskGPT,44,2048,jpeg70,robust,1.0,2.2941,2.2648,4.5589
DeskGPT,44,2048,jpeg50,robust,1.0,2.2941,2.2641,4.5582
DeskGPT,44,2048,resize0.5,robust,1.0,2.2941,2.264,4.5581
DeskGPT,44,2048,resize0.75,robust,1.0,2.2941,2.2676,4.5616
DeskGPT,44,2048,resize1.25,robust,1.0,2.2941,2.2751,4.5691
DeskGPT,44,2048,resize1.5,robust,1.0,2.2941,2.2642,4.5583
DeskGPT,44,2048,gnoise01,robust,1.0,2.2941,2.2648,4.5589
DeskGPT,44,2048,gnoise05,robust,1.0,2.2941,2.2716,4.5657
DeskGPT,44,2048,gnoise10,robust,1.0,2.2941,2.2766,4.5707
DeskGPT,44,2048,gblur3,robust,1.0,2.2941,2.2772,4.5713
DeskGPT,44,2048,gblur5,robust,1.0,2.2941,2.2792,4.5733
DeskGPT,44,2048,gblur7,robust,0.913086,2.2941,2.2721,4.5662
DeskGPT,44,2048,mblur3,robust,1.0,2.2941,2.2658,4.5599
DeskGPT,44,2048,mblur5,robust,1.0,2.2941,2.2677,4.5617
DeskGPT,44,2048,mblur7,robust,0.92041,2.2941,2.2731,4.5671
DeskGPT,45,2048,clean,robust,1.0,2.3006,2.2705,4.5711
DeskGPT,45,2048,png,robust,1.0,2.3006,2.2695,4.5701
DeskGPT,45,2048,jpeg90,robust,1.0,2.3006,2.2666,4.5672
DeskGPT,45,2048,jpeg70,robust,1.0,2.3006,2.267,4.5677
DeskGPT,45,2048,jpeg50,robust,1.0,2.3006,2.269,4.5697
DeskGPT,45,2048,resize0.5,robust,1.0,2.3006,2.2718,4.5724
DeskGPT,45,2048,resize0.75,robust,1.0,2.3006,2.2644,4.565
DeskGPT,45,2048,resize1.25,robust,1.0,2.3006,2.2656,4.5662
DeskGPT,45,2048,resize1.5,robust,1.0,2.3006,2.2652,4.5659
DeskGPT,45,2048,gnoise01,robust,1.0,2.3006,2.2655,4.5661
DeskGPT,45,2048,gnoise05,robust,1.0,2.3006,2.2715,4.5722
DeskGPT,45,2048,gnoise10,robust,0.885742,2.3006,2.2691,4.5697
DeskGPT,45,2048,gblur3,robust,1.0,2.3006,2.2662,4.5668
DeskGPT,45,2048,gblur5,robust,1.0,2.3006,2.2687,4.5693
DeskGPT,45,2048,gblur7,robust,0.902344,2.3006,2.2698,4.5704
DeskGPT,45,2048,mblur3,robust,1.0,2.3006,2.2673,4.5679
DeskGPT,45,2048,mblur5,robust,1.0,2.3006,2.2741,4.5747
DeskGPT,45,2048,mblur7,robust,0.913574,2.3006,2.2676,4.5682
DeskGPT,46,2048,clean,robust,1.0,2.2931,2.27,4.5631
DeskGPT,46,2048,png,robust,1.0,2.2931,2.2668,4.5599
DeskGPT,46,2048,jpeg90,robust,1.0,2.2931,2.2683,4.5614
DeskGPT,46,2048,jpeg70,robust,1.0,2.2931,2.2767,4.5698
DeskGPT,46,2048,jpeg50,robust,1.0,2.2931,2.2671,4.5602
DeskGPT,46,2048,resize0.5,robust,1.0,2.2931,2.2657,4.5588
DeskGPT,46,2048,resize0.75,robust,1.0,2.2931,2.2654,4.5585
DeskGPT,46,2048,resize1.25,robust,1.0,2.2931,2.2643,4.5574
DeskGPT,46,2048,resize1.5,robust,1.0,2.2931,2.2685,4.5616
DeskGPT,46,2048,gnoise01,robust,1.0,2.2931,2.2693,4.5625
DeskGPT,46,2048,gnoise05,robust,1.0,2.2931,2.2711,4.5642
DeskGPT,46,2048,gnoise10,robust,0.915527,2.2931,2.2637,4.5568
DeskGPT,46,2048,gblur3,robust,1.0,2.2931,2.2651,4.5582
DeskGPT,46,2048,gblur5,robust,0.923828,2.2931,2.2694,4.5625
DeskGPT,46,2048,gblur7,robust,0.882812,2.2931,2.2729,4.566
DeskGPT,46,2048,mblur3,robust,1.0,2.2931,2.2699,4.563
DeskGPT,46,2048,mblur5,robust,0.923828,2.2931,2.2673,4.5604
DeskGPT,46,2048,mblur7,robust,0.895508,2.2931,2.2661,4.5592
DeskGPT,47,2048,clean,robust,1.0,2.2939,2.2679,4.5617
DeskGPT,47,2048,png,robust,1.0,2.2939,2.2749,4.5688
DeskGPT,47,2048,jpeg90,robust,1.0,2.2939,2.2736,4.5674
DeskGPT,47,2048,jpeg70,robust,0.933594,2.2939,2.2702,4.5641
DeskGPT,47,2048,jpeg50,robust,0.909668,2.2939,2.2667,4.5606
DeskGPT,47,2048,resize0.5,robust,1.0,2.2939,2.2701,4.564
DeskGPT,47,2048,resize0.75,robust,1.0,2.2939,2.2745,4.5683
DeskGPT,47,2048,resize1.25,robust,1.0,2.2939,2.2794,4.5732
DeskGPT,47,2048,resize1.5,robust,1.0,2.2939,2.2707,4.5646
DeskGPT,47,2048,gnoise01,robust,1.0,2.2939,2.2776,4.5714
DeskGPT,47,2048,gnoise05,robust,0.852051,2.2939,2.2697,4.5636
DeskGPT,47,2048,gnoise10,robust,0.756836,2.2939,2.2772,4.571
DeskGPT,47,2048,gblur3,robust,1.0,2.2939,2.2783,4.5722
DeskGPT,47,2048,gblur5,robust,0.912598,2.2939,2.2716,4.5655
DeskGPT,47,2048,gblur7,robust,0.85498,2.2939,2.2671,4.5609
DeskGPT,47,2048,mblur3,robust,1.0,2.2939,2.2695,4.5634
DeskGPT,47,2048,mblur5,robust,0.913574,2.2939,2.2678,4.5617
DeskGPT,47,2048,mblur7,robust,0.856934,2.2939,2.278,4.5719
DeskGPT,48,2048,clean,robust,1.0,2.2925,2.2718,4.5642
DeskGPT,48,2048,png,robust,1.0,2.2925,2.2665,4.559
DeskGPT,48,2048,jpeg90,robust,1.0,2.2925,2.272,4.5645
DeskGPT,48,2048,jpeg70,robust,1.0,2.2925,2.27,4.5625
DeskGPT,48,2048,jpeg50,robust,1.0,2.2925,2.2692,4.5616
DeskGPT,48,2048,resize0.5,robust,1.0,2.2925,2.2872,4.5797
DeskGPT,48,2048,resize0.75,robust,1.0,2.2925,2.2702,4.5627
DeskGPT,48,2048,resize1.25,robust,1.0,2.2925,2.2666,4.5591
DeskGPT,48,2048,resize1.5,robust,1.0,2.2925,2.2714,4.5638
DeskGPT,48,2048,gnoise01,robust,1.0,2.2925,2.2679,4.5604
DeskGPT,48,2048,gnoise05,robust,1.0,2.2925,2.2768,4.5693
DeskGPT,48,2048,gnoise10,robust,0.918457,2.2925,2.2699,4.5623
DeskGPT,48,2048,gblur3,robust,1.0,2.2925,2.2659,4.5584
DeskGPT,48,2048,gblur5,robust,1.0,2.2925,2.2673,4.5597
DeskGPT,48,2048,gblur7,robust,0.885254,2.2925,2.2669,4.5593
DeskGPT,48,2048,mblur3,robust,1.0,2.2925,2.2688,4.5612
DeskGPT,48,2048,mblur5,robust,1.0,2.2925,2.2809,4.5733
DeskGPT,48,2048,mblur7,robust,0.918457,2.2925,2.2708,4.5633
DeskGPT,49,2048,clean,robust,1.0,2.2934,2.2753,4.5687
DeskGPT,49,2048,png,robust,1.0,2.2934,2.2717,4.5652
DeskGPT,49,2048,jpeg90,robust,1.0,2.2934,2.2661,4.5596
DeskGPT,49,2048,jpeg70,robust,1.0,2.2934,2.2774,4.5709
DeskGPT,49,2048,jpeg50,robust,1.0,2.2934,2.2655,4.5589
DeskGPT,49,2048,resize0.5,robust,1.0,2.2934,2.2654,4.5588
DeskGPT,49,2048,resize0.75,robust,1.0,2.2934,2.2671,4.5605
DeskGPT,49,2048,resize1.25,robust,1.0,2.2934,2.2662,4.5596
DeskGPT,49,2048,resize1.5,robust,1.0,2.2934,2.2711,4.5645
DeskGPT,49,2048,gnoise01,robust,1.0,2.2934,2.2737,4.5672
DeskGPT,49,2048,gnoise05,robust,1.0,2.2934,2.2667,4.5602
DeskGPT,49,2048,gnoise10,robust,1.0,2.2934,2.2711,4.5645
DeskGPT,49,2048,gblur3,robust,1.0,2.2934,2.267,4.5605
DeskGPT,49,2048,gblur5,robust,1.0,2.2934,2.2713,4.5647
DeskGPT,49,2048,gblur7,robust,0.912598,2.2934,2.2773,4.5707
DeskGPT,49,2048,mblur3,robust,1.0,2.2934,2.2739,4.5673
DeskGPT,49,2048,mblur5,robust,1.0,2.2934,2.2694,4.5628
DeskGPT,49,2048,mblur7,robust,0.922363,2.2934,2.266,4.5594
DeskGPT,50,2048,clean,robust,1.0,2.2977,2.2682,4.5659
DeskGPT,50,2048,png,robust,1.0,2.2977,2.2713,4.569
DeskGPT,50,2048,jpeg90,robust,0.923828,2.2977,2.2691,4.5667
DeskGPT,50,2048,jpeg70,robust,0.861328,2.2977,2.2649,4.5626
DeskGPT,50,2048,jpeg50,robust,0.815918,2.2977,2.2668,4.5644
DeskGPT,50,2048,resize0.5,robust,0.920898,2.2977,2.2668,4.5644
DeskGPT,50,2048,resize0.75,robust,1.0,2.2977,2.2711,4.5687
DeskGPT,50,2048,resize1.25,robust,1.0,2.2977,2.278,4.5757
DeskGPT,50,2048,resize1.5,robust,1.0,2.2977,2.276,4.5737
DeskGPT,50,2048,gnoise01,robust,0.919434,2.2977,2.2691,4.5667
DeskGPT,50,2048,gnoise05,robust,0.757324,2.2977,2.2651,4.5628
DeskGPT,50,2048,gnoise10,robust,0.657227,2.2977,2.2695,4.5672
DeskGPT,50,2048,gblur3,robust,1.0,2.2977,2.2823,4.58
DeskGPT,50,2048,gblur5,robust,0.878418,2.2977,2.2715,4.5691
DeskGPT,50,2048,gblur7,robust,0.819824,2.2977,2.2703,4.5679
DeskGPT,50,2048,mblur3,robust,0.922852,2.2977,2.2665,4.5642
DeskGPT,50,2048,mblur5,robust,0.882324,2.2977,2.2663,4.5639
DeskGPT,50,2048,mblur7,robust,0.831055,2.2977,2.2763,4.5739
DeskGPT,51,2048,clean,robust,1.0,2.2961,2.2742,4.5702
DeskGPT,51,2048,png,robust,1.0,2.2961,2.2668,4.5629
DeskGPT,51,2048,jpeg90,robust,1.0,2.2961,2.2661,4.5622
DeskGPT,51,2048,jpeg70,robust,1.0,2.2961,2.2678,4.5639
DeskGPT,51,2048,jpeg50,robust,1.0,2.2961,2.2707,4.5668
DeskGPT,51,2048,resize0.5,robust,1.0,2.2961,2.2754,4.5715
DeskGPT,51,2048,resize0.75,robust,1.0,2.2961,2.2664,4.5625
DeskGPT,51,2048,resize1.25,robust,1.0,2.2961,2.2665,4.5626
DeskGPT,51,2048,resize1.5,robust,1.0,2.2961,2.2695,4.5656
DeskGPT,51,2048,gnoise01,robust,1.0,2.2961,2.2689,4.5649
DeskGPT,51,2048,gnoise05,robust,0.925293,2.2961,2.2747,4.5708
DeskGPT,51,2048,gnoise10,robust,0.901855,2.2961,2.2693,4.5654
DeskGPT,51,2048,gblur3,robust,1.0,2.2961,2.2654,4.5615
DeskGPT,51,2048,gblur5,robust,0.927246,2.2961,2.2681,4.5642
DeskGPT,51,2048,gblur7,robust,0.89502,2.2961,2.2675,4.5636
DeskGPT,51,2048,mblur3,robust,1.0,2.2961,2.2721,4.5682
DeskGPT,51,2048,mblur5,robust,1.0,2.2961,2.2844,4.5805
DeskGPT,51,2048,mblur7,robust,0.902344,2.2961,2.2672,4.5633
DeskGPT,52,2048,clean,robust,1.0,2.2942,2.2668,4.561
DeskGPT,52,2048,png,robust,1.0,2.2942,2.2658,4.56
DeskGPT,52,2048,jpeg90,robust,1.0,2.2942,2.2687,4.5629
DeskGPT,52,2048,jpeg70,robust,0.92334,2.2942,2.2719,4.5661
DeskGPT,52,2048,jpeg50,robust,0.909668,2.2942,2.2684,4.5626
DeskGPT,52,2048,resize0.5,robust,1.0,2.2942,2.2669,4.5611
DeskGPT,52,2048,resize0.75,robust,1.0,2.2942,2.2682,4.5624
DeskGPT,52,2048,resize1.25,robust,1.0,2.2942,2.2701,4.5643
DeskGPT,52,2048,resize1.5,robust,1.0,2.2942,2.2698,4.564
DeskGPT,52,2048,gnoise01,robust,1.0,2.2942,2.2737,4.5679
DeskGPT,52,2048,gnoise05,robust,0.886719,2.2942,2.266,4.5602
DeskGPT,52,2048,gnoise10,robust,0.839844,2.2942,2.2676,4.5618
DeskGPT,52,2048,gblur3,robust,1.0,2.2942,2.2731,4.5673
DeskGPT,52,2048,gblur5,robust,0.911621,2.2942,2.2737,4.5679
DeskGPT,52,2048,gblur7,robust,0.86377,2.2942,2.2794,4.5735
DeskGPT,52,2048,mblur3,robust,1.0,2.2942,2.2732,4.5674
DeskGPT,52,2048,mblur5,robust,0.92041,2.2942,2.2779,4.5721
DeskGPT,52,2048,mblur7,robust,0.880859,2.2942,2.272,4.5662
DeskGPT,53,2048,clean,robust,1.0,2.3023,2.2784,4.5807
DeskGPT,53,2048,png,robust,1.0,2.3023,2.2844,4.5867
DeskGPT,53,2048,jpeg90,robust,1.0,2.3023,2.2769,4.5791
DeskGPT,53,2048,jpeg70,robust,1.0,2.3023,2.2702,4.5725
DeskGPT,53,2048,jpeg50,robust,1.0,2.3023,2.2702,4.5725
DeskGPT,53,2048,resize0.5,robust,0.916504,2.3023,2.2739,4.5762
DeskGPT,53,2048,resize0.75,robust,1.0,2.3023,2.2873,4.5895
DeskGPT,53,2048,resize1.25,robust,1.0,2.3023,2.28,4.5823
DeskGPT,53,2048,resize1.5,robust,1.0,2.3023,2.2764,4.5786
DeskGPT,53,2048,gnoise01,robust,1.0,2.3023,2.2753,4.5776
DeskGPT,53,2048,gnoise05,robust,0.911133,2.3023,2.2838,4.5861
DeskGPT,53,2048,gnoise10,robust,0.850586,2.3023,2.2848,4.5871
DeskGPT,53,2048,gblur3,robust,1.0,2.3023,2.2947,4.597
DeskGPT,53,2048,gblur5,robust,0.879883,2.3023,2.2836,4.5859
DeskGPT,53,2048,gblur7,robust,0.796875,2.3023,2.2836,4.5859
DeskGPT,53,2048,mblur3,robust,0.913086,2.3023,2.2762,4.5784
DeskGPT,53,2048,mblur5,robust,0.879883,2.3023,2.2721,4.5744
DeskGPT,53,2048,mblur7,robust,0.834961,2.3023,2.283,4.5853
DeskGPT,54,2048,clean,robust,1.0,2.2936,2.2725,4.5661
DeskGPT,54,2048,png,robust,1.0,2.2936,2.2699,4.5635
DeskGPT,54,2048,jpeg90,robust,1.0,2.2936,2.2688,4.5624
DeskGPT,54,2048,jpeg70,robust,1.0,2.2936,2.2726,4.5662
DeskGPT,54,2048,jpeg50,robust,1.0,2.2936,2.2775,4.5711
DeskGPT,54,2048,resize0.5,robust,1.0,2.2936,2.2734,4.567
DeskGPT,54,2048,resize0.75,robust,1.0,2.2936,2.2696,4.5632
DeskGPT,54,2048,resize1.25,robust,1.0,2.2936,2.2698,4.5634
DeskGPT,54,2048,resize1.5,robust,1.0,2.2936,2.271,4.5646
DeskGPT,54,2048,gnoise01,robust,1.0,2.2936,2.2698,4.5634
DeskGPT,54,2048,gnoise05,robust,1.0,2.2936,2.2862,4.5798
DeskGPT,54,2048,gnoise10,robust,0.888672,2.2936,2.2738,4.5674
DeskGPT,54,2048,gblur3,robust,1.0,2.2936,2.2722,4.5658
DeskGPT,54,2048,gblur5,robust,0.904785,2.2936,2.2775,4.5711
DeskGPT,54,2048,gblur7,robust,0.861328,2.2936,2.2748,4.5684
DeskGPT,54,2048,mblur3,robust,1.0,2.2936,2.2803,4.5739
DeskGPT,54,2048,mblur5,robust,0.916016,2.2936,2.2767,4.5703
DeskGPT,54,2048,mblur7,robust,0.88623,2.2936,2.2805,4.5741
DeskGPT,55,2048,clean,robust,1.0,2.2955,2.2803,4.5758
DeskGPT,55,2048,png,robust,1.0,2.2955,2.2711,4.5666
DeskGPT,55,2048,jpeg90,robust,1.0,2.2955,2.2702,4.5658
DeskGPT,55,2048,jpeg70,robust,1.0,2.2955,2.2728,4.5684
DeskGPT,55,2048,jpeg50,robust,1.0,2.2955,2.27,4.5656
DeskGPT,55,2048,resize0.5,robust,1.0,2.2955,2.2691,4.5646
DeskGPT,55,2048,resize0.75,robust,1.0,2.2955,2.2772,4.5728
DeskGPT,55,2048,resize1.25,robust,1.0,2.2955,2.2782,4.5738
DeskGPT,55,2048,resize1.5,robust,1.0,2.2955,2.2748,4.5703
DeskGPT,55,2048,gnoise01,robust,1.0,2.2955,2.2715,4.567
DeskGPT,55,2048,gnoise05,robust,1.0,2.2955,2.2685,4.564
DeskGPT,55,2048,gnoise10,robust,1.0,2.2955,2.2716,4.5671
DeskGPT,55,2048,gblur3,robust,1.0,2.2955,2.2697,4.5652
DeskGPT,55,2048,gblur5,robust,1.0,2.2955,2.2793,4.5748
DeskGPT,55,2048,gblur7,robust,0.915039,2.2955,2.2846,4.5801
DeskGPT,55,2048,mblur3,robust,1.0,2.2955,2.2754,4.5709
DeskGPT,55,2048,mblur5,robust,1.0,2.2955,2.2753,4.5708
DeskGPT,55,2048,mblur7,robust,0.925293,2.2955,2.274,4.5695
DeskGPT,56,2048,clean,robust,1.0,2.2987,2.2745,4.5732
DeskGPT,56,2048,png,robust,1.0,2.2987,2.276,4.5747
DeskGPT,56,2048,jpeg90,robust,1.0,2.2987,2.2792,4.578
DeskGPT,56,2048,jpeg70,robust,1.0,2.2987,2.2758,4.5745
DeskGPT,56,2048,jpeg50,robust,0.924805,2.2987,2.273,4.5717
DeskGPT,56,2048,resize0.5,robust,0.929199,2.2987,2.2783,4.577
DeskGPT,56,2048,resize0.75,robust,1.0,2.2987,2.2804,4.5791
DeskGPT,56,2048,resize1.25,robust,1.0,2.2987,2.2761,4.5748
DeskGPT,56,2048,resize1.5,robust,1.0,2.2987,2.2799,4.5787
DeskGPT,56,2048,gnoise01,robust,1.0,2.2987,2.2728,4.5715
DeskGPT,56,2048,gnoise05,robust,0.918457,2.2987,2.2694,4.5682
DeskGPT,56,2048,gnoise10,robust,0.883301,2.2987,2.2757,4.5744
DeskGPT,56,2048,gblur3,robust,1.0,2.2987,2.2827,4.5814
DeskGPT,56,2048,gblur5,robust,0.90332,2.2987,2.2711,4.5698
DeskGPT,56,2048,gblur7,robust,0.835938,2.2987,2.2705,4.5692
DeskGPT,56,2048,mblur3,robust,1.0,2.2987,2.2741,4.5728
DeskGPT,56,2048,mblur5,robust,0.915527,2.2987,2.2716,4.5703
DeskGPT,56,2048,mblur7,robust,0.867188,2.2987,2.2836,4.5824
DeskGPT,57,2048,clean,robust,1.0,2.2973,2.2714,4.5687
DeskGPT,57,2048,png,robust,1.0,2.2973,2.2703,4.5676
DeskGPT,57,2048,jpeg90,robust,1.0,2.2973,2.2724,4.5697
DeskGPT,57,2048,jpeg70,robust,1.0,2.2973,2.278,4.5753
DeskGPT,57,2048,jpeg50,robust,1.0,2.2973,2.2825,4.5798
DeskGPT,57,2048,resize0.5,robust,1.0,2.2973,2.28,4.5773
DeskGPT,57,2048,resize0.75,robust,1.0,2.2973,2.2813,4.5786
DeskGPT,57,2048,resize1.25,robust,1.0,2.2973,2.2806,4.5779
DeskGPT,57,2048,resize1.5,robust,1.0,2.2973,2.2807,4.578
DeskGPT,57,2048,gnoise01,robust,1.0,2.2973,2.2782,4.5755
DeskGPT,57,2048,gnoise05,robust,0.885742,2.2973,2.2858,4.5831
DeskGPT,57,2048,gnoise10,robust,0.787109,2.2973,2.2742,4.5715
DeskGPT,57,2048,gblur3,robust,1.0,2.2973,2.276,4.5733
DeskGPT,57,2048,gblur5,robust,0.915039,2.2973,2.2742,4.5715
DeskGPT,57,2048,gblur7,robust,0.849609,2.2973,2.2711,4.5684
DeskGPT,57,2048,mblur3,robust,1.0,2.2973,2.2821,4.5794
DeskGPT,57,2048,mblur5,robust,0.900391,2.2973,2.2751,4.5724
DeskGPT,57,2048,mblur7,robust,0.846191,2.2973,2.2742,4.5715
DeskGPT,58,2048,clean,robust,1.0,2.2951,2.2728,4.5679
DeskGPT,58,2048,png,robust,1.0,2.2951,2.2703,4.5655
DeskGPT,58,2048,jpeg90,robust,1.0,2.2951,2.2829,4.578
DeskGPT,58,2048,jpeg70,robust,1.0,2.2951,2.279,4.5741
DeskGPT,58,2048,jpeg50,robust,1.0,2.2951,2.2702,4.5653
DeskGPT,58,2048,resize0.5,robust,1.0,2.2951,2.2768,4.572
DeskGPT,58,2048,resize0.75,robust,1.0,2.2951,2.2698,4.5649
DeskGPT,58,2048,resize1.25,robust,1.0,2.2951,2.276,4.5712
DeskGPT,58,2048,resize1.5,robust,1.0,2.2951,2.2891,4.5842
DeskGPT,58,2048,gnoise01,robust,1.0,2.2951,2.2739,4.5691
DeskGPT,58,2048,gnoise05,robust,1.0,2.2951,2.2735,4.5687
DeskGPT,58,2048,gnoise10,robust,0.925293,2.2951,2.2812,4.5763
DeskGPT,58,2048,gblur3,robust,1.0,2.2951,2.2725,4.5676
DeskGPT,58,2048,gblur5,robust,1.0,2.2951,2.2799,4.5751
DeskGPT,58,2048,gblur7,robust,0.910645,2.2951,2.2867,4.5818
DeskGPT,58,2048,mblur3,robust,1.0,2.2951,2.2781,4.5733
DeskGPT,58,2048,mblur5,robust,1.0,2.2951,2.2816,4.5767
DeskGPT,58,2048,mblur7,robust,0.909668,2.2951,2.2842,4.5793
DeskGPT,59,2048,clean,robust,1.0,2.2936,2.2836,4.5772
DeskGPT,59,2048,png,robust,1.0,2.2936,2.2787,4.5723
DeskGPT,59,2048,jpeg90,robust,1.0,2.2936,2.2745,4.5681
DeskGPT,59,2048,jpeg70,robust,1.0,2.2936,2.2721,4.5657
DeskGPT,59,2048,jpeg50,robust,1.0,2.2936,2.2806,4.5741
DeskGPT,59,2048,resize0.5,robust,1.0,2.2936,2.2774,4.571
DeskGPT,59,2048,resize0.75,robust,1.0,2.2936,2.2783,4.5719
DeskGPT,59,2048,resize1.25,robust,1.0,2.2936,2.2762,4.5698
DeskGPT,59,2048,resize1.5,robust,1.0,2.2936,2.2699,4.5635
DeskGPT,59,2048,gnoise01,robust,1.0,2.2936,2.27,4.5636
DeskGPT,59,2048,gnoise05,robust,1.0,2.2936,2.2803,4.5739
DeskGPT,59,2048,gnoise10,robust,0.911621,2.2936,2.2743,4.5679
DeskGPT,59,2048,gblur3,robust,1.0,2.2936,2.2754,4.5689
DeskGPT,59,2048,gblur5,robust,1.0,2.2936,2.2771,4.5707
DeskGPT,59,2048,gblur7,robust,0.90918,2.2936,2.2729,4.5665
DeskGPT,59,2048,mblur3,robust,1.0,2.2936,2.2707,4.5643
DeskGPT,59,2048,mblur5,robust,1.0,2.2936,2.2812,4.5748
DeskGPT,59,2048,mblur7,robust,0.932129,2.2936,2.2769,4.5704
DeskGPT,60,2048,clean,robust,1.0,2.2929,2.2738,4.5667
DeskGPT,60,2048,png,robust,1.0,2.2929,2.2786,4.5715
DeskGPT,60,2048,jpeg90,robust,1.0,2.2929,2.2715,4.5644
DeskGPT,60,2048,jpeg70,robust,1.0,2.2929,2.2743,4.5672
DeskGPT,60,2048,jpeg50,robust,1.0,2.2929,2.2875,4.5804
DeskGPT,60,2048,resize0.5,robust,1.0,2.2929,2.2741,4.5671
DeskGPT,60,2048,resize0.75,robust,1.0,2.2929,2.2758,4.5688
DeskGPT,60,2048,resize1.25,robust,1.0,2.2929,2.2808,4.5737
DeskGPT,60,2048,resize1.5,robust,1.0,2.2929,2.2754,4.5683
DeskGPT,60,2048,gnoise01,robust,1.0,2.2929,2.2857,4.5787
DeskGPT,60,2048,gnoise05,robust,1.0,2.2929,2.2891,4.5821
DeskGPT,60,2048,gnoise10,robust,0.921387,2.2929,2.2818,4.5747
DeskGPT,60,2048,gblur3,robust,1.0,2.2929,2.2822,4.5752
DeskGPT,60,2048,gblur5,robust,1.0,2.2929,2.2857,4.5786
DeskGPT,60,2048,gblur7,robust,0.888672,2.2929,2.279,4.572
DeskGPT,60,2048,mblur3,robust,1.0,2.2929,2.2876,4.5806
DeskGPT,60,2048,mblur5,robust,1.0,2.2929,2.2775,4.5704
DeskGPT,60,2048,mblur7,robust,0.912109,2.2929,2.2815,4.5745
DeskGPT,61,2048,clean,robust,1.0,2.297,2.2781,4.5752
DeskGPT,61,2048,png,robust,1.0,2.297,2.2785,4.5755
DeskGPT,61,2048,jpeg90,robust,1.0,2.297,2.2833,4.5803
DeskGPT,61,2048,jpeg70,robust,0.922363,2.297,2.2743,4.5713
DeskGPT,61,2048,jpeg50,robust,0.902344,2.297,2.272,4.5691
DeskGPT,61,2048,resize0.5,robust,0.924316,2.297,2.2719,4.5689
DeskGPT,61,2048,resize0.75,robust,1.0,2.297,2.2721,4.5691
DeskGPT,61,2048,resize1.25,robust,1.0,2.297,2.2772,4.5742
DeskGPT,61,2048,resize1.5,robust,1.0,2.297,2.2804,4.5775
DeskGPT,61,2048,gnoise01,robust,1.0,2.297,2.2718,4.5688
DeskGPT,61,2048,gnoise05,robust,0.883789,2.297,2.2712,4.5682
DeskGPT,61,2048,gnoise10,robust,0.824707,2.297,2.2732,4.5702
DeskGPT,61,2048,gblur3,robust,1.0,2.297,2.276,4.573
DeskGPT,61,2048,gblur5,robust,0.901367,2.297,2.2831,4.5801
DeskGPT,61,2048,gblur7,robust,0.857422,2.297,2.2752,4.5722
DeskGPT,61,2048,mblur3,robust,1.0,2.297,2.2834,4.5805
DeskGPT,61,2048,mblur5,robust,0.910156,2.297,2.2731,4.5701
DeskGPT,61,2048,mblur7,robust,0.854492,2.297,2.2769,4.5739
DeskGPT,62,2048,clean,robust,1.0,2.299,2.2794,4.5784
DeskGPT,62,2048,png,robust,1.0,2.299,2.2767,4.5757
DeskGPT,62,2048,jpeg90,robust,1.0,2.299,2.2767,4.5757
DeskGPT,62,2048,jpeg70,robust,0.90332,2.299,2.2704,4.5694
DeskGPT,62,2048,jpeg50,robust,0.833008,2.299,2.2715,4.5705
DeskGPT,62,2048,resize0.5,robust,1.0,2.299,2.2827,4.5817
DeskGPT,62,2048,resize0.75,robust,1.0,2.299,2.2765,4.5755
DeskGPT,62,2048,resize1.25,robust,1.0,2.299,2.2731,4.5721
DeskGPT,62,2048,resize1.5,robust,1.0,2.299,2.2773,4.5763
DeskGPT,62,2048,gnoise01,robust,1.0,2.299,2.2737,4.5728
DeskGPT,62,2048,gnoise05,robust,0.749512,2.299,2.2699,4.5689
DeskGPT,62,2048,gnoise10,robust,0.674805,2.299,2.2882,4.5872
DeskGPT,62,2048,gblur3,robust,1.0,2.299,2.2766,4.5756
DeskGPT,62,2048,gblur5,robust,0.922852,2.299,2.2726,4.5716
DeskGPT,62,2048,gblur7,robust,0.866699,2.299,2.2771,4.5761
DeskGPT,62,2048,mblur3,robust,1.0,2.299,2.2736,4.5726
DeskGPT,62,2048,mblur5,robust,1.0,2.299,2.2831,4.5821
DeskGPT,62,2048,mblur7,robust,0.888184,2.299,2.2833,4.5823
DeskGPT,63,2048,clean,robust,1.0,2.294,2.2731,4.5671
DeskGPT,63,2048,png,robust,1.0,2.294,2.2726,4.5666
DeskGPT,63,2048,jpeg90,robust,1.0,2.294,2.2816,4.5756
DeskGPT,63,2048,jpeg70,robust,0.924316,2.294,2.2805,4.5746
DeskGPT,63,2048,jpeg50,robust,0.894043,2.294,2.2836,4.5776
DeskGPT,63,2048,resize0.5,robust,1.0,2.294,2.2836,4.5777
DeskGPT,63,2048,resize0.75,robust,1.0,2.294,2.2725,4.5665
DeskGPT,63,2048,resize1.25,robust,1.0,2.294,2.2711,4.5651
DeskGPT,63,2048,resize1.5,robust,1.0,2.294,2.2745,4.5685
DeskGPT,63,2048,gnoise01,robust,1.0,2.294,2.2902,4.5842
DeskGPT,63,2048,gnoise05,robust,0.854492,2.294,2.2763,4.5703
DeskGPT,63,2048,gnoise10,robust,0.797852,2.294,2.2751,4.5692
DeskGPT,63,2048,gblur3,robust,1.0,2.294,2.2797,4.5737
DeskGPT,63,2048,gblur5,robust,0.910156,2.294,2.2706,4.5646
DeskGPT,63,2048,gblur7,robust,0.859863,2.294,2.2741,4.5681
DeskGPT,63,2048,mblur3,robust,1.0,2.294,2.2786,4.5726
DeskGPT,63,2048,mblur5,robust,0.92041,2.294,2.2749,4.569
DeskGPT,63,2048,mblur7,robust,0.883789,2.294,2.2777,4.5718
DeskGPT,64,2048,clean,robust,1.0,2.294,2.2711,4.5651
DeskGPT,64,2048,png,robust,1.0,2.294,2.2725,4.5664
DeskGPT,64,2048,jpeg90,robust,1.0,2.294,2.2817,4.5757
DeskGPT,64,2048,jpeg70,robust,0.927246,2.294,2.2704,4.5643
DeskGPT,64,2048,jpeg50,robust,0.90625,2.294,2.2701,4.5641
DeskGPT,64,2048,resize0.5,robust,1.0,2.294,2.2783,4.5722
DeskGPT,64,2048,resize0.75,robust,1.0,2.294,2.2705,4.5644
DeskGPT,64,2048,resize1.25,robust,1.0,2.294,2.2754,4.5693
DeskGPT,64,2048,resize1.5,robust,1.0,2.294,2.2786,4.5725
DeskGPT,64,2048,gnoise01,robust,1.0,2.294,2.2741,4.568
DeskGPT,64,2048,gnoise05,robust,0.878906,2.294,2.2728,4.5668
DeskGPT,64,2048,gnoise10,robust,0.784668,2.294,2.277,4.571
DeskGPT,64,2048,gblur3,robust,1.0,2.294,2.2817,4.5757
DeskGPT,64,2048,gblur5,robust,0.909668,2.294,2.287,4.581
DeskGPT,64,2048,gblur7,robust,0.833496,2.294,2.277,4.571
DeskGPT,64,2048,mblur3,robust,1.0,2.294,2.2734,4.5674
DeskGPT,64,2048,mblur5,robust,0.921387,2.294,2.2752,4.5692
DeskGPT,64,2048,mblur7,robust,0.876465,2.294,2.2749,4.5689
DeskGPT,65,2048,clean,robust,1.0,2.2972,2.28,4.5772
DeskGPT,65,2048,png,robust,1.0,2.2972,2.276,4.5731
DeskGPT,65,2048,jpeg90,robust,1.0,2.2972,2.2658,4.563
DeskGPT,65,2048,jpeg70,robust,1.0,2.2972,2.2665,4.5637
DeskGPT,65,2048,jpeg50,robust,1.0,2.2972,2.278,4.5752
DeskGPT,65,2048,resize0.5,robust,1.0,2.2972,2.2716,4.5687
DeskGPT,65,2048,resize0.75,robust,1.0,2.2972,2.2696,4.5667
DeskGPT,65,2048,resize1.25,robust,1.0,2.2972,2.2719,4.569
DeskGPT,65,2048,resize1.5,robust,1.0,2.2972,2.2663,4.5634
DeskGPT,65,2048,gnoise01,robust,1.0,2.2972,2.2718,4.569
DeskGPT,65,2048,gnoise05,robust,0.92041,2.2972,2.2748,4.572
DeskGPT,65,2048,gnoise10,robust,0.886719,2.2972,2.2776,4.5747
DeskGPT,65,2048,gblur3,robust,1.0,2.2972,2.2697,4.5668
DeskGPT,65,2048,gblur5,robust,0.919434,2.2972,2.2794,4.5765
DeskGPT,65,2048,gblur7,robust,0.880371,2.2972,2.2675,4.5646
DeskGPT,65,2048,mblur3,robust,1.0,2.2972,2.2694,4.5666
DeskGPT,65,2048,mblur5,robust,1.0,2.2972,2.2791,4.5762
DeskGPT,65,2048,mblur7,robust,0.906738,2.2972,2.2712,4.5684
DeskGPT,66,2048,clean,robust,1.0,2.2944,2.2695,4.5639
DeskGPT,66,2048,png,robust,1.0,2.2944,2.2721,4.5665
DeskGPT,66,2048,jpeg90,robust,1.0,2.2944,2.2733,4.5677
DeskGPT,66,2048,jpeg70,robust,1.0,2.2944,2.2766,4.571
DeskGPT,66,2048,jpeg50,robust,0.92041,2.2944,2.2756,4.57
DeskGPT,66,2048,resize0.5,robust,1.0,2.2944,2.2723,4.5667
DeskGPT,66,2048,resize0.75,robust,1.0,2.2944,2.2702,4.5646
DeskGPT,66,2048,resize1.25,robust,1.0,2.2944,2.2701,4.5645
DeskGPT,66,2048,resize1.5,robust,1.0,2.2944,2.269,4.5634
DeskGPT,66,2048,gnoise01,robust,1.0,2.2944,2.2767,4.5711
DeskGPT,66,2048,gnoise05,robust,0.849609,2.2944,2.2656,4.56
DeskGPT,66,2048,gnoise10,robust,0.738281,2.2944,2.2678,4.5622
DeskGPT,66,2048,gblur3,robust,1.0,2.2944,2.266,4.5604
DeskGPT,66,2048,gblur5,robust,0.916016,2.2944,2.2691,4.5635
DeskGPT,66,2048,gblur7,robust,0.856934,2.2944,2.2737,4.5681
DeskGPT,66,2048,mblur3,robust,1.0,2.2944,2.2731,4.5675
DeskGPT,66,2048,mblur5,robust,0.923828,2.2944,2.2677,4.5621
DeskGPT,66,2048,mblur7,robust,0.894531,2.2944,2.2693,4.5637
DeskGPT,67,2048,clean,robust,1.0,2.2996,2.2677,4.5674
DeskGPT,67,2048,png,robust,1.0,2.2996,2.2754,4.575
DeskGPT,67,2048,jpeg90,robust,1.0,2.2996,2.2776,4.5772
DeskGPT,67,2048,jpeg70,robust,1.0,2.2996,2.2683,4.5679
DeskGPT,67,2048,jpeg50,robust,1.0,2.2996,2.268,4.5676
DeskGPT,67,2048,resize0.5,robust,1.0,2.2996,2.2689,4.5685
DeskGPT,67,2048,resize0.75,robust,1.0,2.2996,2.2663,4.566
DeskGPT,67,2048,resize1.25,robust,1.0,2.2996,2.2769,4.5765
DeskGPT,67,2048,resize1.5,robust,1.0,2.2996,2.2694,4.569
DeskGPT,67,2048,gnoise01,robust,1.0,2.2996,2.2702,4.5698
DeskGPT,67,2048,gnoise05,robust,1.0,2.2996,2.2746,4.5742
DeskGPT,67,2048,gnoise10,robust,1.0,2.2996,2.2714,4.571
DeskGPT,67,2048,gblur3,robust,1.0,2.2996,2.2761,4.5757
DeskGPT,67,2048,gblur5,robust,1.0,2.2996,2.2809,4.5806
DeskGPT,67,2048,gblur7,robust,0.89502,2.2996,2.269,4.5686
DeskGPT,67,2048,mblur3,robust,1.0,2.2996,2.2683,4.5679
DeskGPT,67,2048,mblur5,robust,1.0,2.2996,2.2781,4.5777
DeskGPT,67,2048,mblur7,robust,0.914062,2.2996,2.282,4.5816
DeskGPT,68,2048,clean,robust,1.0,2.2927,2.2782,4.5709
DeskGPT,68,2048,png,robust,1.0,2.2927,2.269,4.5618
DeskGPT,68,2048,jpeg90,robust,1.0,2.2927,2.2671,4.5599
DeskGPT,68,2048,jpeg70,robust,1.0,2.2927,2.2691,4.5618
DeskGPT,68,2048,jpeg50,robust,1.0,2.2927,2.2681,4.5609
DeskGPT,68,2048,resize0.5,robust,1.0,2.2927,2.2772,4.5699
DeskGPT,68,2048,resize0.75,robust,1.0,2.2927,2.2709,4.5636
DeskGPT,68,2048,resize1.25,robust,1.0,2.2927,2.2683,4.5611
DeskGPT,68,2048,resize1.5,robust,1.0,2.2927,2.2689,4.5616
DeskGPT,68,2048,gnoise01,robust,1.0,2.2927,2.2679,4.5607
DeskGPT,68,2048,gnoise05,robust,0.930664,2.2927,2.2726,4.5654
DeskGPT,68,2048,gnoise10,robust,0.907715,2.2927,2.2742,4.5669
DeskGPT,68,2048,gblur3,robust,1.0,2.2927,2.2754,4.5681
DeskGPT,68,2048,gblur5,robust,0.913574,2.2927,2.2681,4.5608
DeskGPT,68,2048,gblur7,robust,0.864258,2.2927,2.2676,4.5603
DeskGPT,68,2048,mblur3,robust,1.0,2.2927,2.2689,4.5617
DeskGPT,68,2048,mblur5,robust,0.926758,2.2927,2.2792,4.5719
DeskGPT,68,2048,mblur7,robust,0.885254,2.2927,2.2753,4.5681
DeskGPT,69,2048,clean,robust,1.0,2.2922,2.2657,4.5579
DeskGPT,69,2048,png,robust,1.0,2.2922,2.2668,4.559
DeskGPT,69,2048,jpeg90,robust,1.0,2.2922,2.2682,4.5603
DeskGPT,69,2048,jpeg70,robust,0.919922,2.2922,2.2767,4.5688
DeskGPT,69,2048,jpeg50,robust,0.893066,2.2922,2.2703,4.5625
DeskGPT,69,2048,resize0.5,robust,1.0,2.2922,2.2685,4.5606
DeskGPT,69,2048,resize0.75,robust,1.0,2.2922,2.2758,4.568
DeskGPT,69,2048,resize1.25,robust,1.0,2.2922,2.2667,4.5589
DeskGPT,69,2048,resize1.5,robust,1.0,2.2922,2.2801,4.5723
DeskGPT,69,2048,gnoise01,robust,1.0,2.2922,2.2787,4.5708
DeskGPT,69,2048,gnoise05,robust,0.836426,2.2922,2.2666,4.5588
DeskGPT,69,2048,gnoise10,robust,0.79541,2.2922,2.2661,4.5583
DeskGPT,69,2048,gblur3,robust,1.0,2.2922,2.268,4.5602
DeskGPT,69,2048,gblur5,robust,0.907227,2.2922,2.2669,4.5591
DeskGPT,69,2048,gblur7,robust,0.852051,2.2922,2.2758,4.568
DeskGPT,69,2048,mblur3,robust,1.0,2.2922,2.273,4.5652
DeskGPT,69,2048,mblur5,robust,0.914062,2.2922,2.2692,4.5614
DeskGPT,69,2048,mblur7,robust,0.876465,2.2922,2.2678,4.56
DeskGPT,70,2048,clean,robust,1.0,2.2924,2.2682,4.5606
DeskGPT,70,2048,png,robust,1.0,2.2924,2.2783,4.5707
DeskGPT,70,2048,jpeg90,robust,0.924805,2.2924,2.2725,4.5649
DeskGPT,70,2048,jpeg70,robust,0.896484,2.2924,2.2657,4.5581
DeskGPT,70,2048,jpeg50,robust,0.879395,2.2924,2.271,4.5634
DeskGPT,70,2048,resize0.5,robust,0.90332,2.2924,2.2676,4.56
DeskGPT,70,2048,resize0.75,robust,0.92627,2.2924,2.2731,4.5655
DeskGPT,70,2048,resize1.25,robust,1.0,2.2924,2.287,4.5795
DeskGPT,70,2048,resize1.5,robust,1.0,2.2924,2.2695,4.5619
DeskGPT,70,2048,gnoise01,robust,0.928711,2.2924,2.2663,4.5587
DeskGPT,70,2048,gnoise05,robust,0.853027,2.2924,2.2668,4.5592
DeskGPT,70,2048,gnoise10,robust,0.768555,2.2924,2.2661,4.5585
DeskGPT,70,2048,gblur3,robust,0.921387,2.2924,2.2747,4.5671
DeskGPT,70,2048,gblur5,robust,0.864258,2.2924,2.2725,4.565
DeskGPT,70,2048,gblur7,robust,0.788574,2.2924,2.2678,4.5602
DeskGPT,70,2048,mblur3,robust,0.911621,2.2924,2.2679,4.5603
DeskGPT,70,2048,mblur5,robust,0.853027,2.2924,2.267,4.5594
DeskGPT,70,2048,mblur7,robust,0.783691,2.2924,2.2731,4.5655
DeskGPT,71,2048,clean,robust,1.0,2.2973,2.2748,4.5721
DeskGPT,71,2048,png,robust,1.0,2.2973,2.2707,4.568
DeskGPT,71,2048,jpeg90,robust,1.0,2.2973,2.2681,4.5655
DeskGPT,71,2048,jpeg70,robust,1.0,2.2973,2.2699,4.5672
DeskGPT,71,2048,jpeg50,robust,0.914062,2.2973,2.2681,4.5655
DeskGPT,71,2048,resize0.5,robust,1.0,2.2973,2.2795,4.5769
DeskGPT,71,2048,resize0.75,robust,1.0,2.2973,2.2685,4.5659
DeskGPT,71,2048,resize1.25,robust,1.0,2.2973,2.2677,4.565
DeskGPT,71,2048,resize1.5,robust,1.0,2.2973,2.2682,4.5655
DeskGPT,71,2048,gnoise01,robust,1.0,2.2973,2.267,4.5643
DeskGPT,71,2048,gnoise05,robust,0.901855,2.2973,2.2729,4.5702
DeskGPT,71,2048,gnoise10,robust,0.817871,2.2973,2.2716,4.5689
DeskGPT,71,2048,gblur3,robust,1.0,2.2973,2.2688,4.5661
DeskGPT,71,2048,gblur5,robust,0.900391,2.2973,2.2669,4.5643
DeskGPT,71,2048,gblur7,robust,0.848145,2.2973,2.2733,4.5706
DeskGPT,71,2048,mblur3,robust,1.0,2.2973,2.2811,4.5784
DeskGPT,71,2048,mblur5,robust,0.904297,2.2973,2.2775,4.5748
DeskGPT,71,2048,mblur7,robust,0.861328,2.2973,2.2717,4.569
DeskGPT,72,2048,clean,robust,1.0,2.3017,2.2652,4.567
DeskGPT,72,2048,png,robust,1.0,2.3017,2.2659,4.5676
DeskGPT,72,2048,jpeg90,robust,1.0,2.3017,2.2684,4.5701
DeskGPT,72,2048,jpeg70,robust,1.0,2.3017,2.2736,4.5753
DeskGPT,72,2048,jpeg50,robust,1.0,2.3017,2.271,4.5728
DeskGPT,72,2048,resize0.5,robust,1.0,2.3017,2.2736,4.5753
DeskGPT,72,2048,resize0.75,robust,1.0,2.3017,2.2658,4.5675
DeskGPT,72,2048,resize1.25,robust,1.0,2.3017,2.2654,4.5671
DeskGPT,72,2048,resize1.5,robust,1.0,2.3017,2.2718,4.5735
DeskGPT,72,2048,gnoise01,robust,1.0,2.3017,2.2737,4.5754
DeskGPT,72,2048,gnoise05,robust,0.926758,2.3017,2.2682,4.5699
DeskGPT,72,2048,gnoise10,robust,0.874512,2.3017,2.2706,4.5723
DeskGPT,72,2048,gblur3,robust,1.0,2.3017,2.2687,4.5704
DeskGPT,72,2048,gblur5,robust,0.912109,2.3017,2.268,4.5697
DeskGPT,72,2048,gblur7,robust,0.828613,2.3017,2.279,4.5807
DeskGPT,72,2048,mblur3,robust,1.0,2.3017,2.2707,4.5724
DeskGPT,72,2048,mblur5,robust,0.91748,2.3017,2.2661,4.5678
DeskGPT,72,2048,mblur7,robust,0.857422,2.3017,2.2684,4.5701
DeskGPT,73,2048,clean,robust,1.0,2.2963,2.2663,4.5626
DeskGPT,73,2048,png,robust,1.0,2.2963,2.2838,4.5801
DeskGPT,73,2048,jpeg90,robust,1.0,2.2963,2.2773,4.5736
DeskGPT,73,2048,jpeg70,robust,0.908691,2.2963,2.2753,4.5716
DeskGPT,73,2048,jpeg50,robust,0.864746,2.2963,2.2765,4.5728
DeskGPT,73,2048,resize0.5,robust,1.0,2.2963,2.2721,4.5684
DeskGPT,73,2048,resize0.75,robust,1.0,2.2963,2.2738,4.5701
DeskGPT,73,2048,resize1.25,robust,1.0,2.2963,2.2786,4.5749
DeskGPT,73,2048,resize1.5,robust,1.0,2.2963,2.2733,4.5696
DeskGPT,73,2048,gnoise01,robust,1.0,2.2963,2.2746,4.5709
DeskGPT,73,2048,gnoise05,robust,0.799805,2.2963,2.2748,4.5711
DeskGPT,73,2048,gnoise10,robust,0.761719,2.2963,2.2726,4.5689
DeskGPT,73,2048,gblur3,robust,1.0,2.2963,2.2844,4.5807
DeskGPT,73,2048,gblur5,robust,0.90625,2.2963,2.2741,4.5704
DeskGPT,73,2048,gblur7,robust,0.865723,2.2963,2.267,4.5633
DeskGPT,73,2048,mblur3,robust,1.0,2.2963,2.2675,4.5638
DeskGPT,73,2048,mblur5,robust,0.915527,2.2963,2.2666,4.5629
DeskGPT,73,2048,mblur7,robust,0.874512,2.2963,2.2723,4.5686
DeskGPT,74,2048,clean,robust,1.0,2.2929,2.2676,4.5605
DeskGPT,74,2048,png,robust,1.0,2.2929,2.2648,4.5577
DeskGPT,74,2048,jpeg90,robust,1.0,2.2929,2.2651,4.558
DeskGPT,74,2048,jpeg70,robust,1.0,2.2929,2.2697,4.5626
DeskGPT,74,2048,jpeg50,robust,1.0,2.2929,2.2712,4.5641
DeskGPT,74,2048,resize0.5,robust,1.0,2.2929,2.2692,4.5622
DeskGPT,74,2048,resize0.75,robust,1.0,2.2929,2.2647,4.5577
DeskGPT,74,2048,resize1.25,robust,1.0,2.2929,2.2673,4.5603
DeskGPT,74,2048,resize1.5,robust,1.0,2.2929,2.2641,4.557
DeskGPT,74,2048,gnoise01,robust,1.0,2.2929,2.2671,4.56
DeskGPT,74,2048,gnoise05,robust,0.908203,2.2929,2.2734,4.5664
DeskGPT,74,2048,gnoise10,robust,0.812012,2.2929,2.2706,4.5635
DeskGPT,74,2048,gblur3,robust,1.0,2.2929,2.275,4.5679
DeskGPT,74,2048,gblur5,robust,0.916504,2.2929,2.268,4.5609
DeskGPT,74,2048,gblur7,robust,0.868164,2.2929,2.2666,4.5595
DeskGPT,74,2048,mblur3,robust,1.0,2.2929,2.27,4.563
DeskGPT,74,2048,mblur5,robust,0.930176,2.2929,2.2696,4.5625
DeskGPT,74,2048,mblur7,robust,0.897949,2.2929,2.2702,4.5631
DeskGPT,75,2048,clean,robust,1.0,2.294,2.2657,4.5597
DeskGPT,75,2048,png,robust,1.0,2.294,2.2655,4.5596
DeskGPT,75,2048,jpeg90,robust,1.0,2.294,2.2697,4.5637
DeskGPT,75,2048,jpeg70,robust,1.0,2.294,2.2781,4.5721
DeskGPT,75,2048,jpeg50,robust,1.0,2.294,2.2676,4.5616
DeskGPT,75,2048,resize0.5,robust,1.0,2.294,2.2652,4.5592
DeskGPT,75,2048,resize0.75,robust,1.0,2.294,2.2671,4.5611
DeskGPT,75,2048,resize1.25,robust,1.0,2.294,2.2669,4.5609
DeskGPT,75,2048,resize1.5,robust,1.0,2.294,2.2695,4.5636
DeskGPT,75,2048,gnoise01,robust,1.0,2.294,2.2677,4.5618
DeskGPT,75,2048,gnoise05,robust,1.0,2.294,2.2645,4.5585
DeskGPT,75,2048,gnoise10,robust,1.0,2.294,2.2691,4.5631
DeskGPT,75,2048,gblur3,robust,1.0,2.294,2.2638,4.5579
DeskGPT,75,2048,gblur5,robust,1.0,2.294,2.272,4.566
DeskGPT,75,2048,gblur7,robust,0.903809,2.294,2.2729,4.5669
DeskGPT,75,2048,mblur3,robust,1.0,2.294,2.2663,4.5604
DeskGPT,75,2048,mblur5,robust,1.0,2.294,2.2675,4.5615
DeskGPT,75,2048,mblur7,robust,0.918457,2.294,2.2725,4.5666
DeskGPT,76,2048,clean,robust,1.0,2.2948,2.2664,4.5613
DeskGPT,76,2048,png,robust,1.0,2.2948,2.2802,4.575
DeskGPT,76,2048,jpeg90,robust,1.0,2.2948,2.2708,4.5656
DeskGPT,76,2048,jpeg70,robust,1.0,2.2948,2.2688,4.5636
DeskGPT,76,2048,jpeg50,robust,0.91748,2.2948,2.2659,4.5607
DeskGPT,76,2048,resize0.5,robust,1.0,2.2948,2.2677,4.5625
DeskGPT,76,2048,resize0.75,robust,1.0,2.2948,2.2734,4.5682
DeskGPT,76,2048,resize1.25,robust,1.0,2.2948,2.2701,4.5649
DeskGPT,76,2048,resize1.5,robust,1.0,2.2948,2.264,4.5588
DeskGPT,76,2048,gnoise01,robust,1.0,2.2948,2.2697,4.5645
DeskGPT,76,2048,gnoise05,robust,0.902344,2.2948,2.2659,4.5607
DeskGPT,76,2048,gnoise10,robust,0.846191,2.2948,2.2692,4.564
DeskGPT,76,2048,gblur3,robust,1.0,2.2948,2.277,4.5718
DeskGPT,76,2048,gblur5,robust,0.90918,2.2948,2.2646,4.5594
DeskGPT,76,2048,gblur7,robust,0.857422,2.2948,2.2651,4.5599
DeskGPT,76,2048,mblur3,robust,1.0,2.2948,2.2687,4.5636
DeskGPT,76,2048,mblur5,robust,0.920898,2.2948,2.2664,4.5612
DeskGPT,76,2048,mblur7,robust,0.874512,2.2948,2.2777,4.5725
DeskGPT,77,2048,clean,robust,1.0,2.2983,2.2681,4.5664
DeskGPT,77,2048,png,robust,1.0,2.2983,2.2664,4.5648
DeskGPT,77,2048,jpeg90,robust,1.0,2.2983,2.2661,4.5644
DeskGPT,77,2048,jpeg70,robust,1.0,2.2983,2.2678,4.5662
DeskGPT,77,2048,jpeg50,robust,1.0,2.2983,2.2754,4.5737
DeskGPT,77,2048,resize0.5,robust,1.0,2.2983,2.2788,4.5771
DeskGPT,77,2048,resize0.75,robust,1.0,2.2983,2.2659,4.5642
DeskGPT,77,2048,resize1.25,robust,1.0,2.2983,2.2654,4.5637
DeskGPT,77,2048,resize1.5,robust,1.0,2.2983,2.2664,4.5647
DeskGPT,77,2048,gnoise01,robust,1.0,2.2983,2.2728,4.5711
DeskGPT,77,2048,gnoise05,robust,0.905762,2.2983,2.2811,4.5794
DeskGPT,77,2048,gnoise10,robust,0.796387,2.2983,2.2722,4.5705
DeskGPT,77,2048,gblur3,robust,1.0,2.2983,2.2672,4.5656
DeskGPT,77,2048,gblur5,robust,0.92334,2.2983,2.2673,4.5656
DeskGPT,77,2048,gblur7,robust,0.894043,2.2983,2.2658,4.5641
DeskGPT,77,2048,mblur3,robust,1.0,2.2983,2.2745,4.5728
DeskGPT,77,2048,mblur5,robust,0.916504,2.2983,2.2729,4.5712
DeskGPT,77,2048,mblur7,robust,0.881836,2.2983,2.2677,4.566
DeskGPT,78,2048,clean,robust,1.0,2.3009,2.268,4.5689
DeskGPT,78,2048,png,robust,1.0,2.3009,2.2713,4.5722
DeskGPT,78,2048,jpeg90,robust,1.0,2.3009,2.2765,4.5775
DeskGPT,78,2048,jpeg70,robust,1.0,2.3009,2.2761,4.5771
DeskGPT,78,2048,jpeg50,robust,1.0,2.3009,2.2677,4.5686
DeskGPT,78,2048,resize0.5,robust,1.0,2.3009,2.269,4.5699
DeskGPT,78,2048,resize0.75,robust,1.0,2.3009,2.2657,4.5666
DeskGPT,78,2048,resize1.25,robust,1.0,2.3009,2.2695,4.5704
DeskGPT,78,2048,resize1.5,robust,1.0,2.3009,2.2743,4.5753
DeskGPT,78,2048,gnoise01,robust,1.0,2.3009,2.2672,4.5681
DeskGPT,78,2048,gnoise05,robust,0.92334,2.3009,2.2701,4.571
DeskGPT,78,2048,gnoise10,robust,0.879395,2.3009,2.2739,4.5749
DeskGPT,78,2048,gblur3,robust,1.0,2.3009,2.2757,4.5767
DeskGPT,78,2048,gblur5,robust,0.905273,2.3009,2.2801,4.581
DeskGPT,78,2048,gblur7,robust,0.856934,2.3009,2.2841,4.585
DeskGPT,78,2048,mblur3,robust,1.0,2.3009,2.2729,4.5738
DeskGPT,78,2048,mblur5,robust,0.913574,2.3009,2.2699,4.5708
DeskGPT,78,2048,mblur7,robust,0.87793,2.3009,2.2716,4.5726
DeskGPT,79,2048,clean,robust,1.0,2.3008,2.2721,4.5729
DeskGPT,79,2048,png,robust,1.0,2.3008,2.2786,4.5794
DeskGPT,79,2048,jpeg90,robust,0.924805,2.3008,2.2654,4.5662
DeskGPT,79,2048,jpeg70,robust,0.890625,2.3008,2.2673,4.5681
DeskGPT,79,2048,jpeg50,robust,0.863281,2.3008,2.2666,4.5675
DeskGPT,79,2048,resize0.5,robust,1.0,2.3008,2.2667,4.5675
DeskGPT,79,2048,resize0.75,robust,1.0,2.3008,2.2742,4.575
DeskGPT,79,2048,resize1.25,robust,1.0,2.3008,2.2721,4.5729
DeskGPT,79,2048,resize1.5,robust,1.0,2.3008,2.2677,4.5685
DeskGPT,79,2048,gnoise01,robust,0.92627,2.3008,2.2666,4.5674
DeskGPT,79,2048,gnoise05,robust,0.809082,2.3008,2.2698,4.5706
DeskGPT,79,2048,gnoise10,robust,0.718262,2.3008,2.2755,4.5763
DeskGPT,79,2048,gblur3,robust,1.0,2.3008,2.2809,4.5817
DeskGPT,79,2048,gblur5,robust,0.916504,2.3008,2.2672,4.5681
DeskGPT,79,2048,gblur7,robust,0.85791,2.3008,2.2693,4.5701
DeskGPT,79,2048,mblur3,robust,1.0,2.3008,2.2701,4.5709
DeskGPT,79,2048,mblur5,robust,0.919922,2.3008,2.2689,4.5697
DeskGPT,79,2048,mblur7,robust,0.886719,2.3008,2.2786,4.5794
DeskGPT,80,2048,clean,robust,1.0,2.2945,2.267,4.5616
DeskGPT,80,2048,png,robust,1.0,2.2945,2.2672,4.5618
DeskGPT,80,2048,jpeg90,robust,1.0,2.2945,2.2682,4.5628
DeskGPT,80,2048,jpeg70,robust,1.0,2.2945,2.2677,4.5623
DeskGPT,80,2048,jpeg50,robust,1.0,2.2945,2.2781,4.5726
DeskGPT,80,2048,resize0.5,robust,1.0,2.2945,2.2752,4.5697
DeskGPT,80,2048,resize0.75,robust,1.0,2.2945,2.2701,4.5647
DeskGPT,80,2048,resize1.25,robust,1.0,2.2945,2.2766,4.5712
DeskGPT,80,2048,resize1.5,robust,1.0,2.2945,2.2666,4.5611
DeskGPT,80,2048,gnoise01,robust,1.0,2.2945,2.2711,4.5656
DeskGPT,80,2048,gnoise05,robust,1.0,2.2945,2.2794,4.574
DeskGPT,80,2048,gnoise10,robust,0.928711,2.2945,2.2694,4.5639
DeskGPT,80,2048,gblur3,robust,1.0,2.2945,2.2679,4.5625
DeskGPT,80,2048,gblur5,robust,0.931641,2.2945,2.268,4.5625
DeskGPT,80,2048,gblur7,robust,0.88623,2.2945,2.2666,4.5611
DeskGPT,80,2048,mblur3,robust,1.0,2.2945,2.2785,4.5731
DeskGPT,80,2048,mblur5,robust,0.929199,2.2945,2.2768,4.5714
DeskGPT,80,2048,mblur7,robust,0.899902,2.2945,2.2686,4.5632
DeskGPT,81,2048,clean,robust,1.0,2.2948,2.2709,4.5657
DeskGPT,81,2048,png,robust,1.0,2.2948,2.2692,4.564
DeskGPT,81,2048,jpeg90,robust,1.0,2.2948,2.279,4.5738
DeskGPT,81,2048,jpeg70,robust,0.925781,2.2948,2.278,4.5727
DeskGPT,81,2048,jpeg50,robust,0.904785,2.2948,2.2714,4.5662
DeskGPT,81,2048,resize0.5,robust,1.0,2.2948,2.2712,4.5659
DeskGPT,81,2048,resize0.75,robust,1.0,2.2948,2.277,4.5717
DeskGPT,81,2048,resize1.25,robust,1.0,2.2948,2.2767,4.5715
DeskGPT,81,2048,resize1.5,robust,1.0,2.2948,2.276,4.5707
DeskGPT,81,2048,gnoise01,robust,1.0,2.2948,2.271,4.5658
DeskGPT,81,2048,gnoise05,robust,0.873535,2.2948,2.2691,4.5639
DeskGPT,81,2048,gnoise10,robust,0.830078,2.2948,2.2684,4.5631
DeskGPT,81,2048,gblur3,robust,1.0,2.2948,2.2672,4.562
DeskGPT,81,2048,gblur5,robust,0.924316,2.2948,2.2793,4.5741
DeskGPT,81,2048,gblur7,robust,0.895508,2.2948,2.2854,4.5802
DeskGPT,81,2048,mblur3,robust,1.0,2.2948,2.2712,4.566
DeskGPT,81,2048,mblur5,robust,1.0,2.2948,2.27,4.5648
DeskGPT,81,2048,mblur7,robust,0.910156,2.2948,2.2709,4.5656
DeskGPT,82,2048,clean,robust,1.0,2.2931,2.2725,4.5656
DeskGPT,82,2048,png,robust,1.0,2.2931,2.2738,4.567
DeskGPT,82,2048,jpeg90,robust,1.0,2.2931,2.2669,4.56
DeskGPT,82,2048,jpeg70,robust,1.0,2.2931,2.271,4.5641
DeskGPT,82,2048,jpeg50,robust,0.912109,2.2931,2.268,4.5611
DeskGPT,82,2048,resize0.5,robust,1.0,2.2931,2.2699,4.5631
DeskGPT,82,2048,resize0.75,robust,1.0,2.2931,2.2777,4.5709
DeskGPT,82,2048,resize1.25,robust,1.0,2.2931,2.2679,4.5611
DeskGPT,82,2048,resize1.5,robust,1.0,2.2931,2.2701,4.5632
DeskGPT,82,2048,gnoise01,robust,1.0,2.2931,2.2674,4.5606
DeskGPT,82,2048,gnoise05,robust,0.887695,2.2931,2.2688,4.5619
DeskGPT,82,2048,gnoise10,robust,0.812988,2.2931,2.2752,4.5683
DeskGPT,82,2048,gblur3,robust,1.0,2.2931,2.2777,4.5708
DeskGPT,82,2048,gblur5,robust,0.927734,2.2931,2.2684,4.5615
DeskGPT,82,2048,gblur7,robust,0.881348,2.2931,2.2748,4.568
DeskGPT,82,2048,mblur3,robust,1.0,2.2931,2.2684,4.5615
DeskGPT,82,2048,mblur5,robust,0.929199,2.2931,2.2705,4.5636
DeskGPT,82,2048,mblur7,robust,0.896484,2.2931,2.2776,4.5707
DeskGPT,83,2048,clean,robust,1.0,2.2977,2.2684,4.5661
DeskGPT,83,2048,png,robust,1.0,2.2977,2.2667,4.5644
DeskGPT,83,2048,jpeg90,robust,1.0,2.2977,2.2701,4.5678
DeskGPT,83,2048,jpeg70,robust,0.888184,2.2977,2.2694,4.5671
DeskGPT,83,2048,jpeg50,robust,0.831543,2.2977,2.2854,4.5831
DeskGPT,83,2048,resize0.5,robust,1.0,2.2977,2.2738,4.5716
DeskGPT,83,2048,resize0.75,robust,1.0,2.2977,2.2666,4.5643
DeskGPT,83,2048,resize1.25,robust,1.0,2.2977,2.2666,4.5643
DeskGPT,83,2048,resize1.5,robust,1.0,2.2977,2.2654,4.5631
DeskGPT,83,2048,gnoise01,robust,0.917969,2.2977,2.2703,4.568
DeskGPT,83,2048,gnoise05,robust,0.802734,2.2977,2.2767,4.5744
DeskGPT,83,2048,gnoise10,robust,0.722656,2.2977,2.2662,4.5639
DeskGPT,83,2048,gblur3,robust,1.0,2.2977,2.2669,4.5646
DeskGPT,83,2048,gblur5,robust,0.920898,2.2977,2.2675,4.5652
DeskGPT,83,2048,gblur7,robust,0.88623,2.2977,2.27,4.5677
DeskGPT,83,2048,mblur3,robust,1.0,2.2977,2.2741,4.5718
DeskGPT,83,2048,mblur5,robust,0.916016,2.2977,2.27,4.5678
DeskGPT,83,2048,mblur7,robust,0.897949,2.2977,2.2696,4.5673
DeskGPT,84,2048,clean,robust,1.0,2.2954,2.2678,4.5633
DeskGPT,84,2048,png,robust,1.0,2.2954,2.2684,4.5639
DeskGPT,84,2048,jpeg90,robust,1.0,2.2954,2.2747,4.5702
DeskGPT,84,2048,jpeg70,robust,1.0,2.2954,2.273,4.5684
DeskGPT,84,2048,jpeg50,robust,1.0,2.2954,2.2694,4.5648
DeskGPT,84,2048,resize0.5,robust,1.0,2.2954,2.2651,4.5606
DeskGPT,84,2048,resize0.75,robust,1.0,2.2954,2.2683,4.5637
DeskGPT,84,2048,resize1.25,robust,1.0,2.2954,2.2685,4.564
DeskGPT,84,2048,resize1.5,robust,1.0,2.2954,2.2786,4.574
DeskGPT,84,2048,gnoise01,robust,1.0,2.2954,2.2655,4.561
DeskGPT,84,2048,gnoise05,robust,0.929688,2.2954,2.2678,4.5632
DeskGPT,84,2048,gnoise10,robust,0.867188,2.2954,2.2698,4.5652
DeskGPT,84,2048,gblur3,robust,1.0,2.2954,2.2728,4.5682
DeskGPT,84,2048,gblur5,robust,0.918457,2.2954,2.2759,4.5714
DeskGPT,84,2048,gblur7,robust,0.853516,2.2954,2.2719,4.5674
DeskGPT,84,2048,mblur3,robust,1.0,2.2954,2.2681,4.5635
DeskGPT,84,2048,mblur5,robust,0.916504,2.2954,2.2678,4.5633
DeskGPT,84,2048,mblur7,robust,0.868652,2.2954,2.2697,4.5651
DeskGPT,85,2048,clean,robust,1.0,2.2957,2.2734,4.5691
DeskGPT,85,2048,png,robust,1.0,2.2957,2.2713,4.567
DeskGPT,85,2048,jpeg90,robust,1.0,2.2957,2.269,4.5647
DeskGPT,85,2048,jpeg70,robust,1.0,2.2957,2.2676,4.5633
DeskGPT,85,2048,jpeg50,robust,1.0,2.2957,2.2686,4.5643
DeskGPT,85,2048,resize0.5,robust,1.0,2.2957,2.2667,4.5623
DeskGPT,85,2048,resize0.75,robust,1.0,2.2957,2.2764,4.572
DeskGPT,85,2048,resize1.25,robust,1.0,2.2957,2.2715,4.5672
DeskGPT,85,2048,resize1.5,robust,1.0,2.2957,2.2693,4.565
DeskGPT,85,2048,gnoise01,robust,1.0,2.2957,2.266,4.5617
DeskGPT,85,2048,gnoise05,robust,1.0,2.2957,2.2658,4.5615
DeskGPT,85,2048,gnoise10,robust,1.0,2.2957,2.2765,4.5722
DeskGPT,85,2048,gblur3,robust,1.0,2.2957,2.2735,4.5692
DeskGPT,85,2048,gblur5,robust,1.0,2.2957,2.2695,4.5652
DeskGPT,85,2048,gblur7,robust,0.912109,2.2957,2.267,4.5627
DeskGPT,85,2048,mblur3,robust,1.0,2.2957,2.2669,4.5626
DeskGPT,85,2048,mblur5,robust,1.0,2.2957,2.2752,4.5709
DeskGPT,85,2048,mblur7,robust,1.0,2.2957,2.2802,4.5759
DeskGPT,86,2048,clean,robust,1.0,2.2925,2.2711,4.5636
DeskGPT,86,2048,png,robust,1.0,2.2925,2.2797,4.5722
DeskGPT,86,2048,jpeg90,robust,0.924805,2.2925,2.2697,4.5622
DeskGPT,86,2048,jpeg70,robust,0.894043,2.2925,2.2691,4.5616
DeskGPT,86,2048,jpeg50,robust,0.845215,2.2925,2.2793,4.5718
DeskGPT,86,2048,resize0.5,robust,0.922363,2.2925,2.2693,4.5617
DeskGPT,86,2048,resize0.75,robust,1.0,2.2925,2.2708,4.5633
DeskGPT,86,2048,resize1.25,robust,1.0,2.2925,2.2692,4.5617
DeskGPT,86,2048,resize1.5,robust,1.0,2.2925,2.2709,4.5634
DeskGPT,86,2048,gnoise01,robust,1.0,2.2925,2.2766,4.5691
DeskGPT,86,2048,gnoise05,robust,0.831055,2.2925,2.2753,4.5678
DeskGPT,86,2048,gnoise10,robust,0.752441,2.2925,2.2704,4.5629
DeskGPT,86,2048,gblur3,robust,0.925293,2.2925,2.2701,4.5625
DeskGPT,86,2048,gblur5,robust,0.880859,2.2925,2.2724,4.5649
DeskGPT,86,2048,gblur7,robust,0.803711,2.2925,2.269,4.5615
DeskGPT,86,2048,mblur3,robust,1.0,2.2925,2.2792,4.5717
DeskGPT,86,2048,mblur5,robust,0.896484,2.2925,2.274,4.5665
DeskGPT,86,2048,mblur7,robust,0.847656,2.2925,2.2705,4.563
DeskGPT,87,2048,clean,robust,1.0,2.2949,2.2654,4.5603
DeskGPT,87,2048,png,robust,1.0,2.2949,2.2675,4.5623
DeskGPT,87,2048,jpeg90,robust,1.0,2.2949,2.277,4.5719
DeskGPT,87,2048,jpeg70,robust,1.0,2.2949,2.2785,4.5733
DeskGPT,87,2048,jpeg50,robust,1.0,2.2949,2.267,4.5619
DeskGPT,87,2048,resize0.5,robust,1.0,2.2949,2.268,4.5628
DeskGPT,87,2048,resize0.75,robust,1.0,2.2949,2.2745,4.5694
DeskGPT,87,2048,resize1.25,robust,1.0,2.2949,2.2806,4.5755
DeskGPT,87,2048,resize1.5,robust,1.0,2.2949,2.2804,4.5753
DeskGPT,87,2048,gnoise01,robust,1.0,2.2949,2.2779,4.5727
DeskGPT,87,2048,gnoise05,robust,0.916016,2.2949,2.2718,4.5666
DeskGPT,87,2048,gnoise10,robust,0.85791,2.2949,2.2673,4.5622
DeskGPT,87,2048,gblur3,robust,1.0,2.2949,2.2687,4.5636
DeskGPT,87,2048,gblur5,robust,0.90625,2.2949,2.2694,4.5642
DeskGPT,87,2048,gblur7,robust,0.839355,2.2949,2.2662,4.5611
DeskGPT,87,2048,mblur3,robust,1.0,2.2949,2.2673,4.5621
DeskGPT,87,2048,mblur5,robust,0.910645,2.2949,2.265,4.5599
DeskGPT,87,2048,mblur7,robust,0.868164,2.2949,2.2658,4.5607
DeskGPT,88,2048,clean,robust,1.0,2.2963,2.2737,4.57
DeskGPT,88,2048,png,robust,1.0,2.2963,2.2753,4.5716
DeskGPT,88,2048,jpeg90,robust,1.0,2.2963,2.2674,4.5637
DeskGPT,88,2048,jpeg70,robust,1.0,2.2963,2.2708,4.567
DeskGPT,88,2048,jpeg50,robust,1.0,2.2963,2.2719,4.5681
DeskGPT,88,2048,resize0.5,robust,1.0,2.2963,2.274,4.5703
DeskGPT,88,2048,resize0.75,robust,1.0,2.2963,2.2776,4.5739
DeskGPT,88,2048,resize1.25,robust,1.0,2.2963,2.2694,4.5657
DeskGPT,88,2048,resize1.5,robust,1.0,2.2963,2.2669,4.5631
DeskGPT,88,2048,gnoise01,robust,1.0,2.2963,2.2668,4.5631
DeskGPT,88,2048,gnoise05,robust,1.0,2.2963,2.2718,4.5681
DeskGPT,88,2048,gnoise10,robust,0.916992,2.2963,2.2708,4.567
DeskGPT,88,2048,gblur3,robust,1.0,2.2963,2.2718,4.5681
DeskGPT,88,2048,gblur5,robust,0.912109,2.2963,2.2677,4.5639
DeskGPT,88,2048,gblur7,robust,0.865234,2.2963,2.2671,4.5633
DeskGPT,88,2048,mblur3,robust,1.0,2.2963,2.2728,4.5691
DeskGPT,88,2048,mblur5,robust,0.914551,2.2963,2.2759,4.5721
DeskGPT,88,2048,mblur7,robust,0.888672,2.2963,2.2776,4.5739
DeskGPT,89,2048,clean,robust,1.0,2.3023,2.2694,4.5718
DeskGPT,89,2048,png,robust,1.0,2.3023,2.269,4.5713
DeskGPT,89,2048,jpeg90,robust,1.0,2.3023,2.2648,4.5671
DeskGPT,89,2048,jpeg70,robust,1.0,2.3023,2.2695,4.5718
DeskGPT,89,2048,jpeg50,robust,0.899902,2.3023,2.2751,4.5774
DeskGPT,89,2048,resize0.5,robust,1.0,2.3023,2.2671,4.5694
DeskGPT,89,2048,resize0.75,robust,1.0,2.3023,2.2671,4.5694
DeskGPT,89,2048,resize1.25,robust,1.0,2.3023,2.2642,4.5665
DeskGPT,89,2048,resize1.5,robust,1.0,2.3023,2.2675,4.5698
DeskGPT,89,2048,gnoise01,robust,0.923828,2.3023,2.2739,4.5762
DeskGPT,89,2048,gnoise05,robust,0.819336,2.3023,2.2685,4.5708
DeskGPT,89,2048,gnoise10,robust,0.737793,2.3023,2.2693,4.5716
DeskGPT,89,2048,gblur3,robust,1.0,2.3023,2.2678,4.5701
DeskGPT,89,2048,gblur5,robust,0.91748,2.3023,2.2666,4.5689
DeskGPT,89,2048,gblur7,robust,0.824707,2.3023,2.2738,4.5761
DeskGPT,89,2048,mblur3,robust,1.0,2.3023,2.2756,4.5779
DeskGPT,89,2048,mblur5,robust,0.927734,2.3023,2.2671,4.5695
DeskGPT,89,2048,mblur7,robust,0.896973,2.3023,2.2667,4.569
DeskGPT,90,2048,clean,robust,1.0,2.2971,2.2662,4.5633
DeskGPT,90,2048,png,robust,1.0,2.2971,2.2681,4.5652
DeskGPT,90,2048,jpeg90,robust,1.0,2.2971,2.2736,4.5707
DeskGPT,90,2048,jpeg70,robust,1.0,2.2971,2.2705,4.5676
DeskGPT,90,2048,jpeg50,robust,1.0,2.2971,2.2692,4.5663
DeskGPT,90,2048,resize0.5,robust,1.0,2.2971,2.2665,4.5636
DeskGPT,90,2048,resize0.75,robust,1.0,2.2971,2.2716,4.5687
DeskGPT,90,2048,resize1.25,robust,1.0,2.2971,2.2736,4.5707
DeskGPT,90,2048,resize1.5,robust,1.0,2.2971,2.2757,4.5728
DeskGPT,90,2048,gnoise01,robust,1.0,2.2971,2.2646,4.5617
DeskGPT,90,2048,gnoise05,robust,1.0,2.2971,2.2738,4.5709
DeskGPT,90,2048,gnoise10,robust,0.904297,2.2971,2.2724,4.5695
DeskGPT,90,2048,gblur3,robust,1.0,2.2971,2.2655,4.5626
DeskGPT,90,2048,gblur5,robust,1.0,2.2971,2.2745,4.5716
DeskGPT,90,2048,gblur7,robust,0.897949,2.2971,2.2682,4.5653
DeskGPT,90,2048,mblur3,robust,1.0,2.2971,2.2644,4.5615
DeskGPT,90,2048,mblur5,robust,0.918457,2.2971,2.2665,4.5636
DeskGPT,90,2048,mblur7,robust,0.89209,2.2971,2.2661,4.5632
DeskGPT,91,2048,clean,robust,1.0,2.2934,2.271,4.5644
DeskGPT,91,2048,png,robust,1.0,2.2934,2.2703,4.5637
DeskGPT,91,2048,jpeg90,robust,1.0,2.2934,2.2705,4.5639
DeskGPT,91,2048,jpeg70,robust,1.0,2.2934,2.268,4.5614
DeskGPT,91,2048,jpeg50,robust,1.0,2.2934,2.2719,4.5653
DeskGPT,91,2048,resize0.5,robust,1.0,2.2934,2.2697,4.5631
DeskGPT,91,2048,resize0.75,robust,1.0,2.2934,2.2718,4.5652
DeskGPT,91,2048,resize1.25,robust,1.0,2.2934,2.2701,4.5635
DeskGPT,91,2048,resize1.5,robust,1.0,2.2934,2.2648,4.5582
DeskGPT,91,2048,gnoise01,robust,1.0,2.2934,2.2628,4.5562
DeskGPT,91,2048,gnoise05,robust,1.0,2.2934,2.2647,4.5581
DeskGPT,91,2048,gnoise10,robust,1.0,2.2934,2.2725,4.5659
DeskGPT,91,2048,gblur3,robust,1.0,2.2934,2.2705,4.5639
DeskGPT,91,2048,gblur5,robust,0.92041,2.2934,2.2652,4.5586
DeskGPT,91,2048,gblur7,robust,0.877441,2.2934,2.2777,4.5711
DeskGPT,91,2048,mblur3,robust,1.0,2.2934,2.2686,4.562
DeskGPT,91,2048,mblur5,robust,0.926758,2.2934,2.2732,4.5665
DeskGPT,91,2048,mblur7,robust,0.904785,2.2934,2.2681,4.5614
DeskGPT,92,2048,clean,robust,1.0,2.2924,2.2643,4.5567
DeskGPT,92,2048,png,robust,1.0,2.2924,2.2681,4.5605
DeskGPT,92,2048,jpeg90,robust,1.0,2.2924,2.2668,4.5592
DeskGPT,92,2048,jpeg70,robust,1.0,2.2924,2.2719,4.5643
DeskGPT,92,2048,jpeg50,robust,0.904297,2.2924,2.2725,4.5649
DeskGPT,92,2048,resize0.5,robust,1.0,2.2924,2.267,4.5594
DeskGPT,92,2048,resize0.75,robust,1.0,2.2924,2.2638,4.5562
DeskGPT,92,2048,resize1.25,robust,1.0,2.2924,2.2659,4.5583
DeskGPT,92,2048,resize1.5,robust,1.0,2.2924,2.2664,4.5587
DeskGPT,92,2048,gnoise01,robust,1.0,2.2924,2.2728,4.5652
DeskGPT,92,2048,gnoise05,robust,0.877441,2.2924,2.2706,4.563
DeskGPT,92,2048,gnoise10,robust,0.797852,2.2924,2.2664,4.5588
DeskGPT,92,2048,gblur3,robust,1.0,2.2924,2.2648,4.5571
DeskGPT,92,2048,gblur5,robust,0.926758,2.2924,2.2691,4.5615
DeskGPT,92,2048,gblur7,robust,0.899902,2.2924,2.2702,4.5626
DeskGPT,92,2048,mblur3,robust,1.0,2.2924,2.2722,4.5646
DeskGPT,92,2048,mblur5,robust,1.0,2.2924,2.2721,4.5645
DeskGPT,92,2048,mblur7,robust,0.912109,2.2924,2.2677,4.56
DeskGPT,93,2048,clean,robust,1.0,2.297,2.2717,4.5687
DeskGPT,93,2048,png,robust,1.0,2.297,2.2689,4.566
DeskGPT,93,2048,jpeg90,robust,1.0,2.297,2.2718,4.5688
DeskGPT,93,2048,jpeg70,robust,1.0,2.297,2.2714,4.5685
DeskGPT,93,2048,jpeg50,robust,1.0,2.297,2.2742,4.5712
DeskGPT,93,2048,resize0.5,robust,1.0,2.297,2.2669,4.5639
DeskGPT,93,2048,resize0.75,robust,1.0,2.297,2.269,4.5661
DeskGPT,93,2048,resize1.25,robust,1.0,2.297,2.2691,4.5661
DeskGPT,93,2048,resize1.5,robust,1.0,2.297,2.2702,4.5672
DeskGPT,93,2048,gnoise01,robust,1.0,2.297,2.2664,4.5634
DeskGPT,93,2048,gnoise05,robust,1.0,2.297,2.2659,4.5629
DeskGPT,93,2048,gnoise10,robust,1.0,2.297,2.2675,4.5646
DeskGPT,93,2048,gblur3,robust,1.0,2.297,2.2666,4.5636
DeskGPT,93,2048,gblur5,robust,0.920898,2.297,2.2748,4.5718
DeskGPT,93,2048,gblur7,robust,0.878906,2.297,2.271,4.5681
DeskGPT,93,2048,mblur3,robust,1.0,2.297,2.2684,4.5654
DeskGPT,93,2048,mblur5,robust,1.0,2.297,2.2685,4.5655
DeskGPT,93,2048,mblur7,robust,0.905273,2.297,2.2674,4.5644
DeskGPT,94,2048,clean,robust,1.0,2.2971,2.2685,4.5657
DeskGPT,94,2048,png,robust,1.0,2.2971,2.2693,4.5665
DeskGPT,94,2048,jpeg90,robust,1.0,2.2971,2.2645,4.5617
DeskGPT,94,2048,jpeg70,robust,1.0,2.2971,2.2679,4.5651
DeskGPT,94,2048,jpeg50,robust,1.0,2.2971,2.2713,4.5684
DeskGPT,94,2048,resize0.5,robust,1.0,2.2971,2.2713,4.5684
DeskGPT,94,2048,resize0.75,robust,1.0,2.2971,2.2671,4.5642
DeskGPT,94,2048,resize1.25,robust,1.0,2.2971,2.2641,4.5613
DeskGPT,94,2048,resize1.5,robust,1.0,2.2971,2.2668,4.564
DeskGPT,94,2048,gnoise01,robust,1.0,2.2971,2.2677,4.5648
DeskGPT,94,2048,gnoise05,robust,1.0,2.2971,2.2695,4.5667
DeskGPT,94,2048,gnoise10,robust,0.925781,2.2971,2.2772,4.5743
DeskGPT,94,2048,gblur3,robust,1.0,2.2971,2.2698,4.5669
DeskGPT,94,2048,gblur5,robust,1.0,2.2971,2.2696,4.5668
DeskGPT,94,2048,gblur7,robust,0.899902,2.2971,2.2682,4.5653
DeskGPT,94,2048,mblur3,robust,1.0,2.2971,2.2669,4.5641
DeskGPT,94,2048,mblur5,robust,1.0,2.2971,2.2745,4.5716
DeskGPT,94,2048,mblur7,robust,0.927734,2.2971,2.2706,4.5677
DeskGPT,95,2048,clean,robust,1.0,2.2961,2.2693,4.5654
DeskGPT,95,2048,png,robust,1.0,2.2961,2.269,4.5651
DeskGPT,95,2048,jpeg90,robust,1.0,2.2961,2.2689,4.565
DeskGPT,95,2048,jpeg70,robust,0.907715,2.2961,2.2747,4.5707
DeskGPT,95,2048,jpeg50,robust,0.881348,2.2961,2.2722,4.5683
DeskGPT,95,2048,resize0.5,robust,1.0,2.2961,2.2724,4.5684
DeskGPT,95,2048,resize0.75,robust,1.0,2.2961,2.2671,4.5632
DeskGPT,95,2048,resize1.25,robust,1.0,2.2961,2.2654,4.5615
DeskGPT,95,2048,resize1.5,robust,1.0,2.2961,2.2671,4.5631
DeskGPT,95,2048,gnoise01,robust,0.923828,2.2961,2.272,4.5681
DeskGPT,95,2048,gnoise05,robust,0.814941,2.2961,2.2689,4.565
DeskGPT,95,2048,gnoise10,robust,0.747559,2.2961,2.2685,4.5645
DeskGPT,95,2048,gblur3,robust,1.0,2.2961,2.2658,4.5619
DeskGPT,95,2048,gblur5,robust,0.911621,2.2961,2.2639,4.56
DeskGPT,95,2048,gblur7,robust,0.851074,2.2961,2.2685,4.5646
DeskGPT,95,2048,mblur3,robust,1.0,2.2961,2.2711,4.5672
DeskGPT,95,2048,mblur5,robust,0.883789,2.2961,2.2682,4.5643
DeskGPT,95,2048,mblur7,robust,0.825684,2.2961,2.2677,4.5637
DeskGPT,96,2048,clean,robust,1.0,2.2919,2.27,4.5619
DeskGPT,96,2048,png,robust,1.0,2.2919,2.2746,4.5665
DeskGPT,96,2048,jpeg90,robust,1.0,2.2919,2.2707,4.5626
DeskGPT,96,2048,jpeg70,robust,1.0,2.2919,2.2667,4.5586
DeskGPT,96,2048,jpeg50,robust,1.0,2.2919,2.2657,4.5576
DeskGPT,96,2048,resize0.5,robust,1.0,2.2919,2.2669,4.5587
DeskGPT,96,2048,resize0.75,robust,1.0,2.2919,2.2646,4.5565
DeskGPT,96,2048,resize1.25,robust,1.0,2.2919,2.2696,4.5615
DeskGPT,96,2048,resize1.5,robust,1.0,2.2919,2.2668,4.5587
DeskGPT,96,2048,gnoise01,robust,1.0,2.2919,2.2643,4.5562
DeskGPT,96,2048,gnoise05,robust,1.0,2.2919,2.2638,4.5557
DeskGPT,96,2048,gnoise10,robust,1.0,2.2919,2.2672,4.5591
DeskGPT,96,2048,gblur3,robust,1.0,2.2919,2.2666,4.5584
DeskGPT,96,2048,gblur5,robust,1.0,2.2919,2.272,4.5638
DeskGPT,96,2048,gblur7,robust,0.92627,2.2919,2.2681,4.56
DeskGPT,96,2048,mblur3,robust,1.0,2.2919,2.2677,4.5595
DeskGPT,96,2048,mblur5,robust,1.0,2.2919,2.2696,4.5614
DeskGPT,96,2048,mblur7,robust,0.929199,2.2919,2.2687,4.5605
DeskGPT,97,2048,clean,robust,1.0,2.2919,2.2699,4.5619
DeskGPT,97,2048,png,robust,1.0,2.2919,2.2688,4.5608
DeskGPT,97,2048,jpeg90,robust,1.0,2.2919,2.2669,4.5588
DeskGPT,97,2048,jpeg70,robust,1.0,2.2919,2.264,4.556
DeskGPT,97,2048,jpeg50,robust,1.0,2.2919,2.2641,4.556
DeskGPT,97,2048,resize0.5,robust,1.0,2.2919,2.2694,4.5613
DeskGPT,97,2048,resize0.75,robust,1.0,2.2919,2.2687,4.5606
DeskGPT,97,2048,resize1.25,robust,1.0,2.2919,2.2662,4.5581
DeskGPT,97,2048,resize1.5,robust,1.0,2.2919,2.2678,4.5598
DeskGPT,97,2048,gnoise01,robust,1.0,2.2919,2.2722,4.5641
DeskGPT,97,2048,gnoise05,robust,1.0,2.2919,2.2689,4.5608
DeskGPT,97,2048,gnoise10,robust,1.0,2.2919,2.2739,4.5658
DeskGPT,97,2048,gblur3,robust,1.0,2.2919,2.2664,4.5584
DeskGPT,97,2048,gblur5,robust,1.0,2.2919,2.2678,4.5597
DeskGPT,97,2048,gblur7,robust,0.892578,2.2919,2.2659,4.5578
DeskGPT,97,2048,mblur3,robust,1.0,2.2919,2.265,4.5569
DeskGPT,97,2048,mblur5,robust,1.0,2.2919,2.281,4.573
DeskGPT,97,2048,mblur7,robust,0.912109,2.2919,2.2654,4.5574
DeskGPT,98,2048,clean,robust,1.0,2.2939,2.2697,4.5636
DeskGPT,98,2048,png,robust,1.0,2.2939,2.2701,4.564
DeskGPT,98,2048,jpeg90,robust,1.0,2.2939,2.2692,4.563
DeskGPT,98,2048,jpeg70,robust,1.0,2.2939,2.2718,4.5656
DeskGPT,98,2048,jpeg50,robust,0.931152,2.2939,2.2684,4.5623
DeskGPT,98,2048,resize0.5,robust,1.0,2.2939,2.2685,4.5624
DeskGPT,98,2048,resize0.75,robust,1.0,2.2939,2.2674,4.5613
DeskGPT,98,2048,resize1.25,robust,1.0,2.2939,2.2662,4.56
DeskGPT,98,2048,resize1.5,robust,1.0,2.2939,2.2691,4.5629
DeskGPT,98,2048,gnoise01,robust,1.0,2.2939,2.2716,4.5654
DeskGPT,98,2048,gnoise05,robust,1.0,2.2939,2.2689,4.5628
DeskGPT,98,2048,gnoise10,robust,0.908691,2.2939,2.2681,4.5619
DeskGPT,98,2048,gblur3,robust,1.0,2.2939,2.2699,4.5637
DeskGPT,98,2048,gblur5,robust,0.911133,2.2939,2.2656,4.5594
DeskGPT,98,2048,gblur7,robust,0.868652,2.2939,2.272,4.5659
DeskGPT,98,2048,mblur3,robust,1.0,2.2939,2.2706,4.5644
DeskGPT,98,2048,mblur5,robust,0.923828,2.2939,2.2805,4.5743
DeskGPT,98,2048,mblur7,robust,0.890137,2.2939,2.2668,4.5606
DeskGPT,99,2048,clean,robust,1.0,2.2973,2.2646,4.5619
DeskGPT,99,2048,png,robust,1.0,2.2973,2.2689,4.5662
DeskGPT,99,2048,jpeg90,robust,0.919434,2.2973,2.2677,4.565
DeskGPT,99,2048,jpeg70,robust,0.864258,2.2973,2.2654,4.5627
DeskGPT,99,2048,jpeg50,robust,0.834473,2.2973,2.2681,4.5654
DeskGPT,99,2048,resize0.5,robust,1.0,2.2973,2.2662,4.5635
DeskGPT,99,2048,resize0.75,robust,1.0,2.2973,2.2689,4.5662
DeskGPT,99,2048,resize1.25,robust,1.0,2.2973,2.2714,4.5687
DeskGPT,99,2048,resize1.5,robust,1.0,2.2973,2.2647,4.562
DeskGPT,99,2048,gnoise01,robust,0.901855,2.2973,2.266,4.5632
DeskGPT,99,2048,gnoise05,robust,0.751953,2.2973,2.2651,4.5624
DeskGPT,99,2048,gnoise10,robust,0.687012,2.2973,2.2685,4.5658
DeskGPT,99,2048,gblur3,robust,1.0,2.2973,2.27,4.5673
DeskGPT,99,2048,gblur5,robust,0.916504,2.2973,2.2689,4.5662
DeskGPT,99,2048,gblur7,robust,0.86377,2.2973,2.2657,4.563
DeskGPT,99,2048,mblur3,robust,1.0,2.2973,2.266,4.5633
DeskGPT,99,2048,mblur5,robust,0.912598,2.2973,2.2647,4.562
DeskGPT,99,2048,mblur7,robust,0.880371,2.2973,2.2694,4.5667
DeskGPT,0,4096,clean,robust,1.0,2.3013,2.2827,4.584
DeskGPT,0,4096,png,robust,1.0,2.3013,2.2716,4.5729
DeskGPT,0,4096,jpeg90,robust,0.708496,2.3013,2.2655,4.5668
DeskGPT,0,4096,jpeg70,robust,0.690674,2.3013,2.2666,4.5678
DeskGPT,0,4096,jpeg50,robust,0.654541,2.3013,2.2658,4.5671
DeskGPT,0,4096,resize0.5,robust,0.686768,2.3013,2.274,4.5752
DeskGPT,0,4096,resize0.75,robust,0.708252,2.3013,2.2741,4.5754
DeskGPT,0,4096,resize1.25,robust,1.0,2.3013,2.2739,4.5751
DeskGPT,0,4096,resize1.5,robust,1.0,2.3013,2.2726,4.5739
DeskGPT,0,4096,gnoise01,robust,0.708252,2.3013,2.2656,4.5668
DeskGPT,0,4096,gnoise05,robust,0.623535,2.3013,2.2692,4.5704
DeskGPT,0,4096,gnoise10,robust,0.560547,2.3013,2.2721,4.5733
DeskGPT,0,4096,gblur3,robust,0.701172,2.3013,2.2665,4.5678
DeskGPT,0,4096,gblur5,robust,0.646484,2.3013,2.2656,4.5669
DeskGPT,0,4096,gblur7,robust,0.619385,2.3013,2.2707,4.5719
DeskGPT,0,4096,mblur3,robust,0.696045,2.3013,2.2668,4.5681
DeskGPT,0,4096,mblur5,robust,0.648438,2.3013,2.2713,4.5725
DeskGPT,0,4096,mblur7,robust,0.614746,2.3013,2.2658,4.5671
DeskGPT,1,4096,clean,robust,1.0,2.2961,2.2684,4.5645
DeskGPT,1,4096,png,robust,1.0,2.2961,2.2689,4.565
DeskGPT,1,4096,jpeg90,robust,1.0,2.2961,2.271,4.567
DeskGPT,1,4096,jpeg70,robust,0.707275,2.2961,2.2717,4.5678
DeskGPT,1,4096,jpeg50,robust,0.699219,2.2961,2.2675,4.5636
DeskGPT,1,4096,resize0.5,robust,1.0,2.2961,2.2705,4.5666
DeskGPT,1,4096,resize0.75,robust,1.0,2.2961,2.2718,4.5678
DeskGPT,1,4096,resize1.25,robust,1.0,2.2961,2.2693,4.5654
DeskGPT,1,4096,resize1.5,robust,1.0,2.2961,2.2738,4.5699
DeskGPT,1,4096,gnoise01,robust,1.0,2.2961,2.2773,4.5734
DeskGPT,1,4096,gnoise05,robust,0.699463,2.2961,2.2685,4.5646
DeskGPT,1,4096,gnoise10,robust,0.666504,2.2961,2.2805,4.5766
DeskGPT,1,4096,gblur3,robust,1.0,2.2961,2.2799,4.5759
DeskGPT,1,4096,gblur5,robust,0.708496,2.2961,2.275,4.571
DeskGPT,1,4096,gblur7,robust,0.682861,2.2961,2.279,4.5751
DeskGPT,1,4096,mblur3,robust,1.0,2.2961,2.2748,4.5709
DeskGPT,1,4096,mblur5,robust,0.711426,2.2961,2.2703,4.5663
DeskGPT,1,4096,mblur7,robust,0.691895,2.2961,2.2654,4.5615
DeskGPT,2,4096,clean,robust,1.0,2.2973,2.2662,4.5635
DeskGPT,2,4096,png,robust,1.0,2.2973,2.2745,4.5718
DeskGPT,2,4096,jpeg90,robust,1.0,2.2973,2.2705,4.5678
DeskGPT,2,4096,jpeg70,robust,1.0,2.2973,2.2705,4.5678
DeskGPT,2,4096,jpeg50,robust,0.704834,2.2973,2.2643,4.5616
DeskGPT,2,4096,resize0.5,robust,1.0,2.2973,2.2699,4.5672
DeskGPT,2,4096,resize0.75,robust,1.0,2.2973,2.2758,4.5731
DeskGPT,2,4096,resize1.25,robust,1.0,2.2973,2.2726,4.5699
DeskGPT,2,4096,resize1.5,robust,1.0,2.2973,2.2666,4.5639
DeskGPT,2,4096,gnoise01,robust,1.0,2.2973,2.2717,4.569
DeskGPT,2,4096,gnoise05,robust,0.694092,2.2973,2.265,4.5623
DeskGPT,2,4096,gnoise10,robust,0.672119,2.2973,2.2643,4.5616
DeskGPT,2,4096,gblur3,robust,1.0,2.2973,2.2784,4.5757
DeskGPT,2,4096,gblur5,robust,0.704346,2.2973,2.2728,4.57
DeskGPT,2,4096,gblur7,robust,0.680908,2.2973,2.2688,4.5661
DeskGPT,2,4096,mblur3,robust,1.0,2.2973,2.2708,4.568
DeskGPT,2,4096,mblur5,robust,0.705566,2.2973,2.2662,4.5635
DeskGPT,2,4096,mblur7,robust,0.691406,2.2973,2.2725,4.5698
DeskGPT,3,4096,clean,robust,1.0,2.2955,2.272,4.5675
DeskGPT,3,4096,png,robust,1.0,2.2955,2.2671,4.5627
DeskGPT,3,4096,jpeg90,robust,1.0,2.2955,2.2709,4.5665
DeskGPT,3,4096,jpeg70,robust,1.0,2.2955,2.2738,4.5693
DeskGPT,3,4096,jpeg50,robust,1.0,2.2955,2.278,4.5736
DeskGPT,3,4096,resize0.5,robust,1.0,2.2955,2.2771,4.5726
DeskGPT,3,4096,resize0.75,robust,1.0,2.2955,2.2675,4.563
DeskGPT,3,4096,resize1.25,robust,1.0,2.2955,2.2668,4.5623
DeskGPT,3,4096,resize1.5,robust,1.0,2.2955,2.2663,4.5618
DeskGPT,3,4096,gnoise01,robust,1.0,2.2955,2.266,4.5615
DeskGPT,3,4096,gnoise05,robust,1.0,2.2955,2.2762,4.5717
DeskGPT,3,4096,gnoise10,robust,0.71167,2.2955,2.268,4.5635
DeskGPT,3,4096,gblur3,robust,1.0,2.2955,2.2682,4.5637
DeskGPT,3,4096,gblur5,robust,0.706055,2.2955,2.2671,4.5627
DeskGPT,3,4096,gblur7,robust,0.678711,2.2955,2.2651,4.5606
DeskGPT,3,4096,mblur3,robust,1.0,2.2955,2.268,4.5636
DeskGPT,3,4096,mblur5,robust,1.0,2.2955,2.2785,4.5741
DeskGPT,3,4096,mblur7,robust,0.702393,2.2955,2.2681,4.5636
DeskGPT,4,4096,clean,robust,1.0,2.2976,2.2705,4.5681
DeskGPT,4,4096,png,robust,1.0,2.2976,2.2704,4.568
DeskGPT,4,4096,jpeg90,robust,0.696533,2.2976,2.2668,4.5645
DeskGPT,4,4096,jpeg70,robust,0.668945,2.2976,2.2715,4.5691
DeskGPT,4,4096,jpeg50,robust,0.636963,2.2976,2.2687,4.5663
DeskGPT,4,4096,resize0.5,robust,0.707275,2.2976,2.2644,4.562
DeskGPT,4,4096,resize0.75,robust,0.7146,2.2976,2.268,4.5656
DeskGPT,4,4096,resize1.25,robust,1.0,2.2976,2.2723,4.5699
DeskGPT,4,4096,resize1.5,robust,1.0,2.2976,2.2795,4.5771
DeskGPT,4,4096,gnoise01,robust,0.694092,2.2976,2.27,4.5676
DeskGPT,4,4096,gnoise05,robust,0.609131,2.2976,2.2672,4.5648
DeskGPT,4,4096,gnoise10,robust,0.581543,2.2976,2.2734,4.5711
DeskGPT,4,4096,gblur3,robust,0.711914,2.2976,2.2718,4.5694
DeskGPT,4,4096,gblur5,robust,0.682129,2.2976,2.2716,4.5693
DeskGPT,4,4096,gblur7,robust,0.6521,2.2976,2.2731,4.5707
DeskGPT,4,4096,mblur3,robust,0.712891,2.2976,2.2658,4.5634
DeskGPT,4,4096,mblur5,robust,0.692871,2.2976,2.2657,4.5633
DeskGPT,4,4096,mblur7,robust,0.662842,2.2976,2.2662,4.5639
DeskGPT,5,4096,clean,robust,1.0,2.3047,2.2694,4.5741
DeskGPT,5,4096,png,robust,1.0,2.3047,2.2743,4.579
DeskGPT,5,4096,jpeg90,robust,1.0,2.3047,2.2701,4.5748
DeskGPT,5,4096,jpeg70,robust,0.712402,2.3047,2.2698,4.5745
DeskGPT,5,4096,jpeg50,robust,0.709473,2.3047,2.2651,4.5698
DeskGPT,5,4096,resize0.5,robust,1.0,2.3047,2.2705,4.5752
DeskGPT,5,4096,resize0.75,robust,1.0,2.3047,2.2728,4.5775
DeskGPT,5,4096,resize1.25,robust,1.0,2.3047,2.2745,4.5792
DeskGPT,5,4096,resize1.5,robust,1.0,2.3047,2.2711,4.5758
DeskGPT,5,4096,gnoise01,robust,1.0,2.3047,2.2716,4.5763
DeskGPT,5,4096,gnoise05,robust,0.705566,2.3047,2.2656,4.5703
DeskGPT,5,4096,gnoise10,robust,0.681885,2.3047,2.2645,4.5692
DeskGPT,5,4096,gblur3,robust,1.0,2.3047,2.2779,4.5826
DeskGPT,5,4096,gblur5,robust,0.687012,2.3047,2.2681,4.5728
DeskGPT,5,4096,gblur7,robust,0.655762,2.3047,2.2654,4.5701
DeskGPT,5,4096,mblur3,robust,1.0,2.3047,2.2722,4.5769
DeskGPT,5,4096,mblur5,robust,0.699707,2.3047,2.2715,4.5762
DeskGPT,5,4096,mblur7,robust,0.670898,2.3047,2.2754,4.5801
DeskGPT,6,4096,clean,robust,1.0,2.3001,2.2753,4.5754
DeskGPT,6,4096,png,robust,1.0,2.3001,2.2725,4.5726
DeskGPT,6,4096,jpeg90,robust,1.0,2.3001,2.2765,4.5766
DeskGPT,6,4096,jpeg70,robust,0.714111,2.3001,2.2647,4.5648
DeskGPT,6,4096,jpeg50,robust,0.697998,2.3001,2.2704,4.5705
DeskGPT,6,4096,resize0.5,robust,0.713867,2.3001,2.2714,4.5715
DeskGPT,6,4096,resize0.75,robust,1.0,2.3001,2.2726,4.5727
DeskGPT,6,4096,resize1.25,robust,1.0,2.3001,2.2682,4.5682
DeskGPT,6,4096,resize1.5,robust,1.0,2.3001,2.2689,4.569
DeskGPT,6,4096,gnoise01,robust,1.0,2.3001,2.2698,4.5699
DeskGPT,6,4096,gnoise05,robust,0.675781,2.3001,2.2735,4.5736
DeskGPT,6,4096,gnoise10,robust,0.638184,2.3001,2.2675,4.5676
DeskGPT,6,4096,gblur3,robust,0.718994,2.3001,2.2695,4.5696
DeskGPT,6,4096,gblur5,robust,0.695312,2.3001,2.2655,4.5656
DeskGPT,6,4096,gblur7,robust,0.653809,2.3001,2.2659,4.566
DeskGPT,6,4096,mblur3,robust,1.0,2.3001,2.2745,4.5746
DeskGPT,6,4096,mblur5,robust,0.707275,2.3001,2.2698,4.5699
DeskGPT,6,4096,mblur7,robust,0.680908,2.3001,2.2655,4.5656
DeskGPT,7,4096,clean,robust,1.0,2.299,2.2682,4.5673
DeskGPT,7,4096,png,robust,1.0,2.299,2.2712,4.5702
DeskGPT,7,4096,jpeg90,robust,1.0,2.299,2.2695,4.5685
DeskGPT,7,4096,jpeg70,robust,1.0,2.299,2.2737,4.5727
DeskGPT,7,4096,jpeg50,robust,1.0,2.299,2.2699,4.5689
DeskGPT,7,4096,resize0.5,robust,1.0,2.299,2.2674,4.5665
DeskGPT,7,4096,resize0.75,robust,1.0,2.299,2.2741,4.5731
DeskGPT,7,4096,resize1.25,robust,1.0,2.299,2.2714,4.5704
DeskGPT,7,4096,resize1.5,robust,1.0,2.299,2.2742,4.5732
DeskGPT,7,4096,gnoise01,robust,1.0,2.299,2.2745,4.5735
DeskGPT,7,4096,gnoise05,robust,1.0,2.299,2.273,4.572
DeskGPT,7,4096,gnoise10,robust,0.718506,2.299,2.2665,4.5655
DeskGPT,7,4096,gblur3,robust,1.0,2.299,2.2661,4.5651
DeskGPT,7,4096,gblur5,robust,0.721924,2.299,2.2672,4.5662
DeskGPT,7,4096,gblur7,robust,0.704102,2.299,2.2719,4.5709
DeskGPT,7,4096,mblur3,robust,1.0,2.299,2.272,4.571
DeskGPT,7,4096,mblur5,robust,1.0,2.299,2.2729,4.5719
DeskGPT,7,4096,mblur7,robust,0.709717,2.299,2.2709,4.57
DeskGPT,8,4096,clean,robust,1.0,2.2967,2.2769,4.5737
DeskGPT,8,4096,png,robust,1.0,2.2967,2.2836,4.5803
DeskGPT,8,4096,jpeg90,robust,0.710938,2.2967,2.267,4.5638
DeskGPT,8,4096,jpeg70,robust,0.699951,2.2967,2.2658,4.5625
DeskGPT,8,4096,jpeg50,robust,0.679443,2.2967,2.2673,4.564
DeskGPT,8,4096,resize0.5,robust,0.699219,2.2967,2.2692,4.5659
DeskGPT,8,4096,resize0.75,robust,1.0,2.2967,2.2818,4.5785
DeskGPT,8,4096,resize1.25,robust,1.0,2.2967,2.2807,4.5774
DeskGPT,8,4096,resize1.5,robust,1.0,2.2967,2.2715,4.5683
DeskGPT,8,4096,gnoise01,robust,0.709229,2.2967,2.2681,4.5648
DeskGPT,8,4096,gnoise05,robust,0.645752,2.2967,2.2685,4.5653
DeskGPT,8,4096,gnoise10,robust,0.595703,2.2967,2.2721,4.5688
DeskGPT,8,4096,gblur3,robust,0.705322,2.2967,2.28,4.5767
DeskGPT,8,4096,gblur5,robust,0.671631,2.2967,2.2688,4.5655
DeskGPT,8,4096,gblur7,robust,0.643066,2.2967,2.2723,4.569
DeskGPT,8,4096,mblur3,robust,0.703857,2.2967,2.2683,4.565
DeskGPT,8,4096,mblur5,robust,0.682373,2.2967,2.2752,4.5719
DeskGPT,8,4096,mblur7,robust,0.655518,2.2967,2.2743,4.571
DeskGPT,9,4096,clean,robust,1.0,2.2953,2.2727,4.568
DeskGPT,9,4096,png,robust,1.0,2.2953,2.271,4.5663
DeskGPT,9,4096,jpeg90,robust,0.713379,2.2953,2.2697,4.565
DeskGPT,9,4096,jpeg70,robust,0.698242,2.2953,2.2654,4.5607
DeskGPT,9,4096,jpeg50,robust,0.667236,2.2953,2.2711,4.5664
DeskGPT,9,4096,resize0.5,robust,0.708984,2.2953,2.2734,4.5687
DeskGPT,9,4096,resize0.75,robust,1.0,2.2953,2.2712,4.5665
DeskGPT,9,4096,resize1.25,robust,1.0,2.2953,2.2733,4.5687
DeskGPT,9,4096,resize1.5,robust,1.0,2.2953,2.274,4.5693
DeskGPT,9,4096,gnoise01,robust,0.710693,2.2953,2.2681,4.5634
DeskGPT,9,4096,gnoise05,robust,0.604248,2.2953,2.2802,4.5755
DeskGPT,9,4096,gnoise10,robust,0.549316,2.2953,2.2693,4.5647
DeskGPT,9,4096,gblur3,robust,1.0,2.2953,2.2745,4.5698
DeskGPT,9,4096,gblur5,robust,0.678711,2.2953,2.2663,4.5616
DeskGPT,9,4096,gblur7,robust,0.645264,2.2953,2.2662,4.5615
DeskGPT,9,4096,mblur3,robust,1.0,2.2953,2.2791,4.5744
DeskGPT,9,4096,mblur5,robust,0.684082,2.2953,2.2736,4.5689
DeskGPT,9,4096,mblur7,robust,0.64209,2.2953,2.2689,4.5642
DeskGPT,10,4096,clean,robust,1.0,2.2986,2.2761,4.5747
DeskGPT,10,4096,png,robust,1.0,2.2986,2.2764,4.575
DeskGPT,10,4096,jpeg90,robust,0.712158,2.2986,2.2722,4.5708
DeskGPT,10,4096,jpeg70,robust,0.708496,2.2986,2.2823,4.5809
DeskGPT,10,4096,jpeg50,robust,0.700684,2.2986,2.2751,4.5737
DeskGPT,10,4096,resize0.5,robust,0.703613,2.2986,2.2714,4.57
DeskGPT,10,4096,resize0.75,robust,0.713379,2.2986,2.2748,4.5734
DeskGPT,10,4096,resize1.25,robust,0.710938,2.2986,2.271,4.5696
DeskGPT,10,4096,resize1.5,robust,1.0,2.2986,2.2814,4.58
DeskGPT,10,4096,gnoise01,robust,0.710449,2.2986,2.2678,4.5664
DeskGPT,10,4096,gnoise05,robust,0.695068,2.2986,2.2655,4.5641
DeskGPT,10,4096,gnoise10,robust,0.683838,2.2986,2.2678,4.5664
DeskGPT,10,4096,gblur3,robust,0.706299,2.2986,2.2655,4.5641
DeskGPT,10,4096,gblur5,robust,0.672852,2.2986,2.2673,4.5659
DeskGPT,10,4096,gblur7,robust,0.637695,2.2986,2.2726,4.5712
DeskGPT,10,4096,mblur3,robust,0.703857,2.2986,2.2713,4.5699
DeskGPT,10,4096,mblur5,robust,0.681152,2.2986,2.2687,4.5673
DeskGPT,10,4096,mblur7,robust,0.64502,2.2986,2.2703,4.5689
DeskGPT,11,4096,clean,robust,1.0,2.3033,2.2741,4.5774
DeskGPT,11,4096,png,robust,1.0,2.3033,2.2779,4.5812
DeskGPT,11,4096,jpeg90,robust,1.0,2.3033,2.269,4.5723
DeskGPT,11,4096,jpeg70,robust,1.0,2.3033,2.2705,4.5739
DeskGPT,11,4096,jpeg50,robust,1.0,2.3033,2.2731,4.5765
DeskGPT,11,4096,resize0.5,robust,1.0,2.3033,2.2741,4.5774
DeskGPT,11,4096,resize0.75,robust,1.0,2.3033,2.2763,4.5796
DeskGPT,11,4096,resize1.25,robust,1.0,2.3033,2.2758,4.5792
DeskGPT,11,4096,resize1.5,robust,1.0,2.3033,2.2673,4.5706
DeskGPT,11,4096,gnoise01,robust,1.0,2.3033,2.2694,4.5727
DeskGPT,11,4096,gnoise05,robust,1.0,2.3033,2.272,4.5754
DeskGPT,11,4096,gnoise10,robust,0.691406,2.3033,2.2692,4.5725
DeskGPT,11,4096,gblur3,robust,1.0,2.3033,2.2813,4.5847
DeskGPT,11,4096,gblur5,robust,0.691406,2.3033,2.2717,4.5751
DeskGPT,11,4096,gblur7,robust,0.66333,2.3033,2.2776,4.5809
DeskGPT,11,4096,mblur3,robust,1.0,2.3033,2.2717,4.575
DeskGPT,11,4096,mblur5,robust,0.694824,2.3033,2.2667,4.57
DeskGPT,11,4096,mblur7,robust,0.671631,2.3033,2.2721,4.5754
DeskGPT,12,4096,clean,robust,1.0,2.2941,2.2666,4.5608
DeskGPT,12,4096,png,robust,1.0,2.2941,2.2684,4.5625
DeskGPT,12,4096,jpeg90,robust,1.0,2.2941,2.2694,4.5635
DeskGPT,12,4096,jpeg70,robust,1.0,2.2941,2.2676,4.5617
DeskGPT,12,4096,jpeg50,robust,1.0,2.2941,2.2775,4.5716
DeskGPT,12,4096,resize0.5,robust,1.0,2.2941,2.2769,4.571
DeskGPT,12,4096,resize0.75,robust,1.0,2.2941,2.2693,4.5634
DeskGPT,12,4096,resize1.25,robust,1.0,2.2941,2.2693,4.5634
DeskGPT,12,4096,resize1.5,robust,1.0,2.2941,2.2687,4.5629
DeskGPT,12,4096,gnoise01,robust,1.0,2.2941,2.2708,4.5649
DeskGPT,12,4096,gnoise05,robust,1.0,2.2941,2.2849,4.5791
DeskGPT,12,4096,gnoise10,robust,0.702148,2.2941,2.2665,4.5606
DeskGPT,12,4096,gblur3,robust,1.0,2.2941,2.2686,4.5627
DeskGPT,12,4096,gblur5,robust,0.715332,2.2941,2.2712,4.5653
DeskGPT,12,4096,gblur7,robust,0.683594,2.2941,2.267,4.5612
DeskGPT,12,4096,mblur3,robust,1.0,2.2941,2.2786,4.5727
DeskGPT,12,4096,mblur5,robust,1.0,2.2941,2.2814,4.5755
DeskGPT,12,4096,mblur7,robust,0.697998,2.2941,2.266,4.5602
DeskGPT,13,4096,clean,robust,1.0,2.2949,2.2728,4.5677
DeskGPT,13,4096,png,robust,1.0,2.2949,2.271,4.5659
DeskGPT,13,4096,jpeg90,robust,1.0,2.2949,2.2783,4.5732
DeskGPT,13,4096,jpeg70,robust,0.709229,2.2949,2.2808,4.5757
DeskGPT,13,4096,jpeg50,robust,0.706299,2.2949,2.271,4.5659
DeskGPT,13,4096,resize0.5,robust,0.706299,2.2949,2.2665,4.5614
DeskGPT,13,4096,resize0.75,robust,1.0,2.2949,2.2731,4.5681
DeskGPT,13,4096,resize1.25,robust,1.0,2.2949,2.2712,4.5661
DeskGPT,13,4096,resize1.5,robust,1.0,2.2949,2.2834,4.5783
DeskGPT,13,4096,gnoise01,robust,1.0,2.2949,2.2791,4.574
DeskGPT,13,4096,gnoise05,robust,0.696289,2.2949,2.2693,4.5642
DeskGPT,13,4096,gnoise10,robust,0.650391,2.2949,2.2663,4.5612
DeskGPT,13,4096,gblur3,robust,1.0,2.2949,2.2719,4.5668
DeskGPT,13,4096,gblur5,robust,0.699463,2.2949,2.2764,4.5713
DeskGPT,13,4096,gblur7,robust,0.658447,2.2949,2.2755,4.5704
DeskGPT,13,4096,mblur3,robust,1.0,2.2949,2.2736,4.5685
DeskGPT,13,4096,mblur5,robust,0.701172,2.2949,2.2666,4.5615
DeskGPT,13,4096,mblur7,robust,0.676514,2.2949,2.2669,4.5618
DeskGPT,14,4096,clean,robust,1.0,2.3007,2.2786,4.5793
DeskGPT,14,4096,png,robust,1.0,2.3007,2.2817,4.5824
DeskGPT,14,4096,jpeg90,robust,0.711182,2.3007,2.2693,4.57
DeskGPT,14,4096,jpeg70,robust,0.708008,2.3007,2.2663,4.567
DeskGPT,14,4096,jpeg50,robust,0.705078,2.3007,2.2679,4.5687
DeskGPT,14,4096,resize0.5,robust,0.707764,2.3007,2.2655,4.5662
DeskGPT,14,4096,resize0.75,robust,1.0,2.3007,2.2828,4.5836
DeskGPT,14,4096,resize1.25,robust,1.0,2.3007,2.2761,4.5768
DeskGPT,14,4096,resize1.5,robust,1.0,2.3007,2.2733,4.574
DeskGPT,14,4096,gnoise01,robust,0.710938,2.3007,2.2665,4.5672
DeskGPT,14,4096,gnoise05,robust,0.702881,2.3007,2.2732,4.574
DeskGPT,14,4096,gnoise10,robust,0.681396,2.3007,2.2791,4.5799
DeskGPT,14,4096,gblur3,robust,0.712891,2.3007,2.2728,4.5735
DeskGPT,14,4096,gblur5,robust,0.685547,2.3007,2.267,4.5677
DeskGPT,14,4096,gblur7,robust,0.648926,2.3007,2.2655,4.5662
DeskGPT,14,4096,mblur3,robust,0.709229,2.3007,2.2646,4.5654
DeskGPT,14,4096,mblur5,robust,0.688477,2.3007,2.2746,4.5753
DeskGPT,14,4096,mblur7,robust,0.65918,2.3007,2.2815,4.5822
DeskGPT,15,4096,clean,robust,1.0,2.2973,2.2729,4.5702
DeskGPT,15,4096,png,robust,1.0,2.2973,2.2729,4.5702
DeskGPT,15,4096,jpeg90,robust,0.71167,2.2973,2.2667,4.5639
DeskGPT,15,4096,jpeg70,robust,0.697266,2.2973,2.2671,4.5644
DeskGPT,15,4096,jpeg50,robust,0.677979,2.2973,2.2757,4.5729
DeskGPT,15,4096,resize0.5,robust,0.703125,2.2973,2.2679,4.5652
DeskGPT,15,4096,resize0.75,robust,0.714355,2.2973,2.2668,4.5641
DeskGPT,15,4096,resize1.25,robust,0.713135,2.2973,2.2661,4.5634
DeskGPT,15,4096,resize1.5,robust,0.714844,2.2973,2.2704,4.5677
DeskGPT,15,4096,gnoise01,robust,0.707764,2.2973,2.2703,4.5675
DeskGPT,15,4096,gnoise05,robust,0.644043,2.2973,2.2786,4.5759
DeskGPT,15,4096,gnoise10,robust,0.604248,2.2973,2.2667,4.564
DeskGPT,15,4096,gblur3,robust,0.707031,2.2973,2.2706,4.5678
DeskGPT,15,4096,gblur5,robust,0.664062,2.2973,2.2652,4.5625
DeskGPT,15,4096,gblur7,robust,0.631104,2.2973,2.2659,4.5632
DeskGPT,15,4096,mblur3,robust,0.707031,2.2973,2.2738,4.571
DeskGPT,15,4096,mblur5,robust,0.671875,2.2973,2.281,4.5783
DeskGPT,15,4096,mblur7,robust,0.645752,2.2973,2.2776,4.5749
DeskGPT,16,4096,clean,robust,1.0,2.3075,2.2755,4.583
DeskGPT,16,4096,png,robust,1.0,2.3075,2.2764,4.584
DeskGPT,16,4096,jpeg90,robust,1.0,2.3075,2.2754,4.5829
DeskGPT,16,4096,jpeg70,robust,1.0,2.3075,2.2715,4.5791
DeskGPT,16,4096,jpeg50,robust,1.0,2.3075,2.2676,4.5751
DeskGPT,16,4096,resize0.5,robust,1.0,2.3075,2.2697,4.5772
DeskGPT,16,4096,resize0.75,robust,1.0,2.3075,2.2654,4.5729
DeskGPT,16,4096,resize1.25,robust,1.0,2.3075,2.2673,4.5749
DeskGPT,16,4096,resize1.5,robust,1.0,2.3075,2.2791,4.5867
DeskGPT,16,4096,gnoise01,robust,1.0,2.3075,2.2648,4.5723
DeskGPT,16,4096,gnoise05,robust,1.0,2.3075,2.2679,4.5754
DeskGPT,16,4096,gnoise10,robust,0.710938,2.3075,2.2623,4.5698
DeskGPT,16,4096,gblur3,robust,1.0,2.3075,2.2688,4.5763
DeskGPT,16,4096,gblur5,robust,0.706787,2.3075,2.2708,4.5784
DeskGPT,16,4096,gblur7,robust,0.679932,2.3075,2.2689,4.5764
DeskGPT,16,4096,mblur3,robust,1.0,2.3075,2.2672,4.5747
DeskGPT,16,4096,mblur5,robust,0.712158,2.3075,2.2641,4.5716
DeskGPT,16,4096,mblur7,robust,0.687256,2.3075,2.263,4.5705
DeskGPT,17,4096,clean,robust,1.0,2.3027,2.2749,4.5776
DeskGPT,17,4096,png,robust,1.0,2.3027,2.2759,4.5786
DeskGPT,17,4096,jpeg90,robust,0.708984,2.3027,2.2685,4.5712
DeskGPT,17,4096,jpeg70,robust,0.686035,2.3027,2.2661,4.5688
DeskGPT,17,4096,jpeg50,robust,0.677002,2.3027,2.2695,4.5723
DeskGPT,17,4096,resize0.5,robust,0.701904,2.3027,2.2706,4.5734
DeskGPT,17,4096,resize0.75,robust,1.0,2.3027,2.2781,4.5809
DeskGPT,17,4096,resize1.25,robust,1.0,2.3027,2.2719,4.5746
DeskGPT,17,4096,resize1.5,robust,1.0,2.3027,2.2783,4.581
DeskGPT,17,4096,gnoise01,robust,1.0,2.3027,2.2726,4.5753
DeskGPT,17,4096,gnoise05,robust,0.664795,2.3027,2.2678,4.5705
DeskGPT,17,4096,gnoise10,robust,0.588135,2.3027,2.2702,4.5729
DeskGPT,17,4096,gblur3,robust,0.706055,2.3027,2.2703,4.5731
DeskGPT,17,4096,gblur5,robust,0.675049,2.3027,2.2646,4.5673
DeskGPT,17,4096,gblur7,robust,0.647461,2.3027,2.2654,4.5681
DeskGPT,17,4096,mblur3,robust,0.701172,2.3027,2.2645,4.5672
DeskGPT,17,4096,mblur5,robust,0.661377,2.3027,2.2704,4.5731
DeskGPT,17,4096,mblur7,robust,0.622559,2.3027,2.2714,4.5741
DeskGPT,18,4096,clean,robust,0.711426,2.2945,2.2727,4.5672
DeskGPT,18,4096,png,robust,0.711426,2.2945,2.2682,4.5626
DeskGPT,18,4096,jpeg90,robust,0.705566,2.2945,2.2672,4.5616
DeskGPT,18,4096,jpeg70,robust,0.681152,2.2945,2.2665,4.561
DeskGPT,18,4096,jpeg50,robust,0.670654,2.2945,2.2712,4.5656
DeskGPT,18,4096,resize0.5,robust,0.696045,2.2945,2.2698,4.5643
DeskGPT,18,4096,resize0.75,robust,0.707031,2.2945,2.2655,4.56
DeskGPT,18,4096,resize1.25,robust,0.712646,2.2945,2.2649,4.5593
DeskGPT,18,4096,resize1.5,robust,0.711182,2.2945,2.2641,4.5586
DeskGPT,18,4096,gnoise01,robust,0.706543,2.2945,2.2686,4.5631
DeskGPT,18,4096,gnoise05,robust,0.655518,2.2945,2.2696,4.564
DeskGPT,18,4096,gnoise10,robust,0.615967,2.2945,2.265,4.5594
DeskGPT,18,4096,gblur3,robust,0.705078,2.2945,2.265,4.5594
DeskGPT,18,4096,gblur5,robust,0.668701,2.2945,2.2673,4.5617
DeskGPT,18,4096,gblur7,robust,0.630371,2.2945,2.2708,4.5652
DeskGPT,18,4096,mblur3,robust,0.705078,2.2945,2.2807,4.5751
DeskGPT,18,4096,mblur5,robust,0.677246,2.2945,2.2759,4.5704
DeskGPT,18,4096,mblur7,robust,0.641602,2.2945,2.2667,4.5611
DeskGPT,19,4096,clean,robust,1.0,2.2956,2.2744,4.57
DeskGPT,19,4096,png,robust,1.0,2.2956,2.2703,4.5658
DeskGPT,19,4096,jpeg90,robust,1.0,2.2956,2.2811,4.5766
DeskGPT,19,4096,jpeg70,robust,1.0,2.2956,2.2734,4.5689
DeskGPT,19,4096,jpeg50,robust,1.0,2.2956,2.2719,4.5675
DeskGPT,19,4096,resize0.5,robust,1.0,2.2956,2.2704,4.566
DeskGPT,19,4096,resize0.75,robust,1.0,2.2956,2.2684,4.564
DeskGPT,19,4096,resize1.25,robust,1.0,2.2956,2.2715,4.5671
DeskGPT,19,4096,resize1.5,robust,1.0,2.2956,2.2739,4.5695
DeskGPT,19,4096,gnoise01,robust,1.0,2.2956,2.2758,4.5714
DeskGPT,19,4096,gnoise05,robust,0.723145,2.2956,2.2688,4.5644
DeskGPT,19,4096,gnoise10,robust,0.714844,2.2956,2.2676,4.5632
DeskGPT,19,4096,gblur3,robust,1.0,2.2956,2.2765,4.572
DeskGPT,19,4096,gblur5,robust,0.709961,2.2956,2.2713,4.5669
DeskGPT,19,4096,gblur7,robust,0.673828,2.2956,2.2688,4.5644
DeskGPT,19,4096,mblur3,robust,1.0,2.2956,2.2748,4.5704
DeskGPT,19,4096,mblur5,robust,0.715088,2.2956,2.2674,4.563
DeskGPT,19,4096,mblur7,robust,0.692627,2.2956,2.2666,4.5622
DeskGPT,20,4096,clean,robust,1.0,2.2953,2.2766,4.5719
DeskGPT,20,4096,png,robust,1.0,2.2953,2.276,4.5713
DeskGPT,20,4096,jpeg90,robust,0.709717,2.2953,2.2662,4.5616
DeskGPT,20,4096,jpeg70,robust,0.701416,2.2953,2.2666,4.5619
DeskGPT,20,4096,jpeg50,robust,0.697998,2.2953,2.2696,4.565
DeskGPT,20,4096,resize0.5,robust,0.706543,2.2953,2.2764,4.5717
DeskGPT,20,4096,resize0.75,robust,1.0,2.2953,2.2888,4.5842
DeskGPT,20,4096,resize1.25,robust,1.0,2.2953,2.2717,4.567
DeskGPT,20,4096,resize1.5,robust,1.0,2.2953,2.2774,4.5727
DeskGPT,20,4096,gnoise01,robust,0.707031,2.2953,2.2661,4.5615
DeskGPT,20,4096,gnoise05,robust,0.681152,2.2953,2.2658,4.5612
DeskGPT,20,4096,gnoise10,robust,0.655762,2.2953,2.2745,4.5698
DeskGPT,20,4096,gblur3,robust,0.707031,2.2953,2.273,4.5683
DeskGPT,20,4096,gblur5,robust,0.682861,2.2953,2.2662,4.5615
DeskGPT,20,4096,gblur7,robust,0.653076,2.2953,2.2668,4.5621
DeskGPT,20,4096,mblur3,robust,0.707031,2.2953,2.2664,4.5617
DeskGPT,20,4096,mblur5,robust,0.688232,2.2953,2.271,4.5664
DeskGPT,20,4096,mblur7,robust,0.670166,2.2953,2.2737,4.569
DeskGPT,21,4096,clean,robust,1.0,2.2983,2.2741,4.5724
DeskGPT,21,4096,png,robust,1.0,2.2983,2.2715,4.5698
DeskGPT,21,4096,jpeg90,robust,1.0,2.2983,2.2738,4.5721
DeskGPT,21,4096,jpeg70,robust,0.703613,2.2983,2.2717,4.57
DeskGPT,21,4096,jpeg50,robust,0.695068,2.2983,2.2792,4.5775
DeskGPT,21,4096,resize0.5,robust,1.0,2.2983,2.2737,4.572
DeskGPT,21,4096,resize0.75,robust,1.0,2.2983,2.2732,4.5715
DeskGPT,21,4096,resize1.25,robust,1.0,2.2983,2.2713,4.5697
DeskGPT,21,4096,resize1.5,robust,1.0,2.2983,2.2715,4.5698
DeskGPT,21,4096,gnoise01,robust,1.0,2.2983,2.2776,4.5759
DeskGPT,21,4096,gnoise05,robust,0.680664,2.2983,2.2729,4.5712
DeskGPT,21,4096,gnoise10,robust,0.636719,2.2983,2.2674,4.5657
DeskGPT,21,4096,gblur3,robust,1.0,2.2983,2.2727,4.571
DeskGPT,21,4096,gblur5,robust,0.692627,2.2983,2.275,4.5733
DeskGPT,21,4096,gblur7,robust,0.673584,2.2983,2.2692,4.5676
DeskGPT,21,4096,mblur3,robust,1.0,2.2983,2.2851,4.5834
DeskGPT,21,4096,mblur5,robust,0.694336,2.2983,2.2698,4.5681
DeskGPT,21,4096,mblur7,robust,0.672119,2.2983,2.2711,4.5694
DeskGPT,22,4096,clean,robust,1.0,2.3009,2.2716,4.5725
DeskGPT,22,4096,png,robust,1.0,2.3009,2.2724,4.5733
DeskGPT,22,4096,jpeg90,robust,0.676758,2.3009,2.2794,4.5803
DeskGPT,22,4096,jpeg70,robust,0.640625,2.3009,2.2675,4.5684
DeskGPT,22,4096,jpeg50,robust,0.60498,2.3009,2.2664,4.5673
DeskGPT,22,4096,resize0.5,robust,0.697021,2.3009,2.2661,4.567
DeskGPT,22,4096,resize0.75,robust,0.706543,2.3009,2.2678,4.5687
DeskGPT,22,4096,resize1.25,robust,1.0,2.3009,2.2744,4.5753
DeskGPT,22,4096,resize1.5,robust,1.0,2.3009,2.2771,4.578
DeskGPT,22,4096,gnoise01,robust,0.662842,2.3009,2.2653,4.5662
DeskGPT,22,4096,gnoise05,robust,0.590332,2.3009,2.2644,4.5653
DeskGPT,22,4096,gnoise10,robust,0.564209,2.3009,2.2688,4.5697
DeskGPT,22,4096,gblur3,robust,0.706299,2.3009,2.2662,4.5671
DeskGPT,22,4096,gblur5,robust,0.680664,2.3009,2.279,4.5799
DeskGPT,22,4096,gblur7,robust,0.645508,2.3009,2.2758,4.5767
DeskGPT,22,4096,mblur3,robust,0.701904,2.3009,2.2668,4.5677
DeskGPT,22,4096,mblur5,robust,0.681885,2.3009,2.2674,4.5683
DeskGPT,22,4096,mblur7,robust,0.655029,2.3009,2.2677,4.5687
DeskGPT,23,4096,clean,robust,1.0,2.2971,2.2811,4.5781
DeskGPT,23,4096,png,robust,1.0,2.2971,2.2782,4.5752
DeskGPT,23,4096,jpeg90,robust,1.0,2.2971,2.2759,4.573
DeskGPT,23,4096,jpeg70,robust,0.719238,2.2971,2.2735,4.5706
DeskGPT,23,4096,jpeg50,robust,0.713379,2.2971,2.2654,4.5625
DeskGPT,23,4096,resize0.5,robust,1.0,2.2971,2.2767,4.5738
DeskGPT,23,4096,resize0.75,robust,1.0,2.2971,2.2803,4.5774
DeskGPT,23,4096,resize1.25,robust,1.0,2.2971,2.2754,4.5724
DeskGPT,23,4096,resize1.5,robust,1.0,2.2971,2.2697,4.5668
DeskGPT,23,4096,gnoise01,robust,1.0,2.2971,2.2739,4.571
DeskGPT,23,4096,gnoise05,robust,0.708008,2.2971,2.2671,4.5642
DeskGPT,23,4096,gnoise10,robust,0.686279,2.2971,2.2752,4.5722
DeskGPT,23,4096,gblur3,robust,1.0,2.2971,2.2797,4.5767
DeskGPT,23,4096,gblur5,robust,0.706543,2.2971,2.269,4.5661
DeskGPT,23,4096,gblur7,robust,0.676025,2.2971,2.2648,4.5619
DeskGPT,23,4096,mblur3,robust,0.718262,2.2971,2.2682,4.5653
DeskGPT,23,4096,mblur5,robust,0.703613,2.2971,2.2714,4.5684
DeskGPT,23,4096,mblur7,robust,0.681641,2.2971,2.2729,4.57
DeskGPT,24,4096,clean,robust,1.0,2.298,2.2735,4.5714
DeskGPT,24,4096,png,robust,1.0,2.298,2.2733,4.5713
DeskGPT,24,4096,jpeg90,robust,0.708496,2.298,2.2664,4.5644
DeskGPT,24,4096,jpeg70,robust,0.682617,2.298,2.2695,4.5675
DeskGPT,24,4096,jpeg50,robust,0.661865,2.298,2.2775,4.5755
DeskGPT,24,4096,resize0.5,robust,0.699463,2.298,2.2705,4.5684
DeskGPT,24,4096,resize0.75,robust,0.713379,2.298,2.2684,4.5664
DeskGPT,24,4096,resize1.25,robust,1.0,2.298,2.273,4.571
DeskGPT,24,4096,resize1.5,robust,1.0,2.298,2.2735,4.5714
DeskGPT,24,4096,gnoise01,robust,0.711426,2.298,2.2735,4.5714
DeskGPT,24,4096,gnoise05,robust,0.634521,2.298,2.2805,4.5784
DeskGPT,24,4096,gnoise10,robust,0.609619,2.298,2.2708,4.5687
DeskGPT,24,4096,gblur3,robust,0.706787,2.298,2.2674,4.5654
DeskGPT,24,4096,gblur5,robust,0.681885,2.298,2.2673,4.5653
DeskGPT,24,4096,gblur7,robust,0.645508,2.298,2.2707,4.5686
DeskGPT,24,4096,mblur3,robust,0.70752,2.298,2.2806,4.5786
DeskGPT,24,4096,mblur5,robust,0.689941,2.298,2.2699,4.5679
DeskGPT,24,4096,mblur7,robust,0.662598,2.298,2.2692,4.5672
DeskGPT,25,4096,clean,robust,1.0,2.2978,2.2738,4.5716
DeskGPT,25,4096,png,robust,1.0,2.2978,2.2833,4.5811
DeskGPT,25,4096,jpeg90,robust,0.707031,2.2978,2.2789,4.5767
DeskGPT,25,4096,jpeg70,robust,0.665771,2.2978,2.2676,4.5654
DeskGPT,25,4096,jpeg50,robust,0.633545,2.2978,2.2668,4.5646
DeskGPT,25,4096,resize0.5,robust,0.699707,2.2978,2.2707,4.5685
DeskGPT,25,4096,resize0.75,robust,0.717529,2.2978,2.2662,4.564
DeskGPT,25,4096,resize1.25,robust,1.0,2.2978,2.2795,4.5773
DeskGPT,25,4096,resize1.5,robust,1.0,2.2978,2.2744,4.5722
DeskGPT,25,4096,gnoise01,robust,0.69873,2.2978,2.2654,4.5632
DeskGPT,25,4096,gnoise05,robust,0.607666,2.2978,2.2673,4.5651
DeskGPT,25,4096,gnoise10,robust,0.552002,2.2978,2.2693,4.5671
DeskGPT,25,4096,gblur3,robust,0.707275,2.2978,2.2654,4.5632
DeskGPT,25,4096,gblur5,robust,0.678955,2.2978,2.2757,4.5735
DeskGPT,25,4096,gblur7,robust,0.6604,2.2978,2.2675,4.5653
DeskGPT,25,4096,mblur3,robust,0.702637,2.2978,2.2689,4.5667
DeskGPT,25,4096,mblur5,robust,0.67749,2.2978,2.2671,4.5649
DeskGPT,25,4096,mblur7,robust,0.659912,2.2978,2.2679,4.5657
DeskGPT,26,4096,clean,robust,1.0,2.2965,2.2879,4.5844
DeskGPT,26,4096,png,robust,1.0,2.2965,2.2745,4.5711
DeskGPT,26,4096,jpeg90,robust,0.717529,2.2965,2.2666,4.5632
DeskGPT,26,4096,jpeg70,robust,0.699463,2.2965,2.2676,4.5642
DeskGPT,26,4096,jpeg50,robust,0.688477,2.2965,2.2653,4.5619
DeskGPT,26,4096,resize0.5,robust,0.714844,2.2965,2.2753,4.5718
DeskGPT,26,4096,resize0.75,robust,1.0,2.2965,2.2792,4.5758
DeskGPT,26,4096,resize1.25,robust,1.0,2.2965,2.2682,4.5647
DeskGPT,26,4096,resize1.5,robust,1.0,2.2965,2.2674,4.5639
DeskGPT,26,4096,gnoise01,robust,0.710205,2.2965,2.2671,4.5637
DeskGPT,26,4096,gnoise05,robust,0.67041,2.2965,2.2693,4.5658
DeskGPT,26,4096,gnoise10,robust,0.649414,2.2965,2.2788,4.5754
DeskGPT,26,4096,gblur3,robust,1.0,2.2965,2.2838,4.5804
DeskGPT,26,4096,gblur5,robust,0.70874,2.2965,2.27,4.5665
DeskGPT,26,4096,gblur7,robust,0.674805,2.2965,2.2682,4.5648
DeskGPT,26,4096,mblur3,robust,1.0,2.2965,2.2721,4.5687
DeskGPT,26,4096,mblur5,robust,0.709961,2.2965,2.2755,4.572
DeskGPT,26,4096,mblur7,robust,0.686768,2.2965,2.2728,4.5694
DeskGPT,27,4096,clean,robust,1.0,2.302,2.2726,4.5746
DeskGPT,27,4096,png,robust,1.0,2.302,2.272,4.574
DeskGPT,27,4096,jpeg90,robust,1.0,2.302,2.2734,4.5754
DeskGPT,27,4096,jpeg70,robust,0.727051,2.302,2.2706,4.5726
DeskGPT,27,4096,jpeg50,robust,0.716797,2.302,2.2768,4.5788
DeskGPT,27,4096,resize0.5,robust,0.724854,2.302,2.2688,4.5708
DeskGPT,27,4096,resize0.75,robust,1.0,2.302,2.2729,4.5749
DeskGPT,27,4096,resize1.25,robust,1.0,2.302,2.2776,4.5797
DeskGPT,27,4096,resize1.5,robust,1.0,2.302,2.2822,4.5843
DeskGPT,27,4096,gnoise01,robust,1.0,2.302,2.2823,4.5844
DeskGPT,27,4096,gnoise05,robust,0.691406,2.302,2.2712,4.5732
DeskGPT,27,4096,gnoise10,robust,0.653076,2.302,2.2706,4.5727
DeskGPT,27,4096,gblur3,robust,0.729004,2.302,2.2659,4.568
DeskGPT,27,4096,gblur5,robust,0.687256,2.302,2.2669,4.569
DeskGPT,27,4096,gblur7,robust,0.655273,2.302,2.2755,4.5775
DeskGPT,27,4096,mblur3,robust,0.728027,2.302,2.2771,4.5792
DeskGPT,27,4096,mblur5,robust,0.701416,2.302,2.266,4.5681
DeskGPT,27,4096,mblur7,robust,0.671143,2.302,2.2681,4.5701
DeskGPT,28,4096,clean,robust,1.0,2.2987,2.2679,4.5666
DeskGPT,28,4096,png,robust,1.0,2.2987,2.2708,4.5694
DeskGPT,28,4096,jpeg90,robust,1.0,2.2987,2.2838,4.5825
DeskGPT,28,4096,jpeg70,robust,1.0,2.2987,2.2718,4.5705
DeskGPT,28,4096,jpeg50,robust,1.0,2.2987,2.2757,4.5744
DeskGPT,28,4096,resize0.5,robust,1.0,2.2987,2.2692,4.5679
DeskGPT,28,4096,resize0.75,robust,1.0,2.2987,2.2673,4.566
DeskGPT,28,4096,resize1.25,robust,1.0,2.2987,2.2763,4.575
DeskGPT,28,4096,resize1.5,robust,1.0,2.2987,2.2741,4.5727
DeskGPT,28,4096,gnoise01,robust,1.0,2.2987,2.274,4.5727
DeskGPT,28,4096,gnoise05,robust,1.0,2.2987,2.2662,4.5649
DeskGPT,28,4096,gnoise10,robust,1.0,2.2987,2.2717,4.5704
DeskGPT,28,4096,gblur3,robust,1.0,2.2987,2.2719,4.5706
DeskGPT,28,4096,gblur5,robust,1.0,2.2987,2.2843,4.583
DeskGPT,28,4096,gblur7,robust,0.69043,2.2987,2.2671,4.5658
DeskGPT,28,4096,mblur3,robust,1.0,2.2987,2.2758,4.5745
DeskGPT,28,4096,mblur5,robust,1.0,2.2987,2.2782,4.5768
DeskGPT,28,4096,mblur7,robust,0.702637,2.2987,2.2679,4.5666
DeskGPT,29,4096,clean,robust,1.0,2.2988,2.2857,4.5845
DeskGPT,29,4096,png,robust,1.0,2.2988,2.2724,4.5712
DeskGPT,29,4096,jpeg90,robust,1.0,2.2988,2.2724,4.5712
DeskGPT,29,4096,jpeg70,robust,0.717285,2.2988,2.2724,4.5712
DeskGPT,29,4096,jpeg50,robust,0.705322,2.2988,2.27,4.5688
DeskGPT,29,4096,resize0.5,robust,0.7146,2.2988,2.2743,4.5731
DeskGPT,29,4096,resize0.75,robust,1.0,2.2988,2.2776,4.5764
DeskGPT,29,4096,resize1.25,robust,1.0,2.2988,2.2727,4.5715
DeskGPT,29,4096,resize1.5,robust,1.0,2.2988,2.2705,4.5693
DeskGPT,29,4096,gnoise01,robust,1.0,2.2988,2.2716,4.5704
DeskGPT,29,4096,gnoise05,robust,0.690918,2.2988,2.2715,4.5703
DeskGPT,29,4096,gnoise10,robust,0.6604,2.2988,2.2787,4.5775
DeskGPT,29,4096,gblur3,robust,1.0,2.2988,2.2735,4.5723
DeskGPT,29,4096,gblur5,robust,0.699463,2.2988,2.2678,4.5666
DeskGPT,29,4096,gblur7,robust,0.66748,2.2988,2.2684,4.5672
DeskGPT,29,4096,mblur3,robust,1.0,2.2988,2.2738,4.5726
DeskGPT,29,4096,mblur5,robust,0.702881,2.2988,2.2751,4.5739
DeskGPT,29,4096,mblur7,robust,0.680908,2.2988,2.2695,4.5683
DeskGPT,30,4096,clean,robust,1.0,2.2986,2.2712,4.5698
DeskGPT,30,4096,png,robust,1.0,2.2986,2.2736,4.5722
DeskGPT,30,4096,jpeg90,robust,1.0,2.2986,2.2778,4.5764
DeskGPT,30,4096,jpeg70,robust,0.723877,2.2986,2.2853,4.5839
DeskGPT,30,4096,jpeg50,robust,0.71582,2.2986,2.2812,4.5798
DeskGPT,30,4096,resize0.5,robust,1.0,2.2986,2.284,4.5826
DeskGPT,30,4096,resize0.75,robust,1.0,2.2986,2.2741,4.5727
DeskGPT,30,4096,resize1.25,robust,1.0,2.2986,2.2708,4.5694
DeskGPT,30,4096,resize1.5,robust,1.0,2.2986,2.2703,4.569
DeskGPT,30,4096,gnoise01,robust,1.0,2.2986,2.2826,4.5812
DeskGPT,30,4096,gnoise05,robust,0.705566,2.2986,2.2677,4.5663
DeskGPT,30,4096,gnoise10,robust,0.693359,2.2986,2.2651,4.5638
DeskGPT,30,4096,gblur3,robust,1.0,2.2986,2.2742,4.5728
DeskGPT,30,4096,gblur5,robust,0.695312,2.2986,2.2653,4.5639
DeskGPT,30,4096,gblur7,robust,0.675293,2.2986,2.2741,4.5727
DeskGPT,30,4096,mblur3,robust,1.0,2.2986,2.2796,4.5782
DeskGPT,30,4096,mblur5,robust,0.71167,2.2986,2.2663,4.5649
DeskGPT,30,4096,mblur7,robust,0.695068,2.2986,2.2664,4.565
DeskGPT,31,4096,clean,robust,1.0,2.3023,2.2747,4.577
DeskGPT,31,4096,png,robust,1.0,2.3023,2.2769,4.5792
DeskGPT,31,4096,jpeg90,robust,0.697754,2.3023,2.2743,4.5767
DeskGPT,31,4096,jpeg70,robust,0.669434,2.3023,2.2672,4.5696
DeskGPT,31,4096,jpeg50,robust,0.632568,2.3023,2.2664,4.5687
DeskGPT,31,4096,resize0.5,robust,0.688721,2.3023,2.2703,4.5727
DeskGPT,31,4096,resize0.75,robust,0.700928,2.3023,2.2728,4.5752
DeskGPT,31,4096,resize1.25,robust,0.702881,2.3023,2.276,4.5784
DeskGPT,31,4096,resize1.5,robust,1.0,2.3023,2.279,4.5813
DeskGPT,31,4096,gnoise01,robust,0.696289,2.3023,2.2669,4.5693
DeskGPT,31,4096,gnoise05,robust,0.585449,2.3023,2.266,4.5683
DeskGPT,31,4096,gnoise10,robust,0.560547,2.3023,2.2661,4.5685
DeskGPT,31,4096,gblur3,robust,0.69458,2.3023,2.2756,4.5779
DeskGPT,31,4096,gblur5,robust,0.643799,2.3023,2.2894,4.5917
DeskGPT,31,4096,gblur7,robust,0.612061,2.3023,2.2678,4.5702
DeskGPT,31,4096,mblur3,robust,0.685303,2.3023,2.2705,4.5729
DeskGPT,31,4096,mblur5,robust,0.653076,2.3023,2.2691,4.5715
DeskGPT,31,4096,mblur7,robust,0.612793,2.3023,2.2691,4.5714
DeskGPT,32,4096,clean,robust,1.0,2.3021,2.2787,4.5808
DeskGPT,32,4096,png,robust,1.0,2.3021,2.2702,4.5724
DeskGPT,32,4096,jpeg90,robust,0.709473,2.3021,2.275,4.5771
DeskGPT,32,4096,jpeg70,robust,0.683594,2.3021,2.2665,4.5686
DeskGPT,32,4096,jpeg50,robust,0.666016,2.3021,2.2656,4.5678
DeskGPT,32,4096,resize0.5,robust,0.709473,2.3021,2.2732,4.5754
DeskGPT,32,4096,resize0.75,robust,1.0,2.3021,2.2764,4.5785
DeskGPT,32,4096,resize1.25,robust,1.0,2.3021,2.269,4.5711
DeskGPT,32,4096,resize1.5,robust,1.0,2.3021,2.2693,4.5714
DeskGPT,32,4096,gnoise01,robust,0.699951,2.3021,2.2656,4.5678
DeskGPT,32,4096,gnoise05,robust,0.665527,2.3021,2.2681,4.5702
DeskGPT,32,4096,gnoise10,robust,0.638672,2.3021,2.2779,4.58
DeskGPT,32,4096,gblur3,robust,1.0,2.3021,2.272,4.5741
DeskGPT,32,4096,gblur5,robust,0.693359,2.3021,2.2663,4.5684
DeskGPT,32,4096,gblur7,robust,0.66333,2.3021,2.266,4.5682
DeskGPT,32,4096,mblur3,robust,1.0,2.3021,2.274,4.5761
DeskGPT,32,4096,mblur5,robust,0.695312,2.3021,2.278,4.5801
DeskGPT,32,4096,mblur7,robust,0.666992,2.3021,2.2687,4.5709
DeskGPT,33,4096,clean,robust,1.0,2.3034,2.271,4.5744
DeskGPT,33,4096,png,robust,1.0,2.3034,2.2711,4.5745
DeskGPT,33,4096,jpeg90,robust,1.0,2.3034,2.2771,4.5805
DeskGPT,33,4096,jpeg70,robust,0.710449,2.3034,2.273,4.5764
DeskGPT,33,4096,jpeg50,robust,0.699951,2.3034,2.2704,4.5738
DeskGPT,33,4096,resize0.5,robust,0.707031,2.3034,2.266,4.5694
DeskGPT,33,4096,resize0.75,robust,0.7146,2.3034,2.2685,4.5719
DeskGPT,33,4096,resize1.25,robust,1.0,2.3034,2.2701,4.5734
DeskGPT,33,4096,resize1.5,robust,1.0,2.3034,2.2714,4.5748
DeskGPT,33,4096,gnoise01,robust,1.0,2.3034,2.28,4.5834
DeskGPT,33,4096,gnoise05,robust,0.705811,2.3034,2.2669,4.5703
DeskGPT,33,4096,gnoise10,robust,0.677979,2.3034,2.2674,4.5708
DeskGPT,33,4096,gblur3,robust,0.712158,2.3034,2.2767,4.5801
DeskGPT,33,4096,gblur5,robust,0.678711,2.3034,2.2679,4.5713
DeskGPT,33,4096,gblur7,robust,0.637451,2.3034,2.2737,4.5771
DeskGPT,33,4096,mblur3,robust,0.705566,2.3034,2.2739,4.5773
DeskGPT,33,4096,mblur5,robust,0.67041,2.3034,2.269,4.5724
DeskGPT,33,4096,mblur7,robust,0.647949,2.3034,2.2669,4.5703
DeskGPT,34,4096,clean,robust,1.0,2.3007,2.2696,4.5703
DeskGPT,34,4096,png,robust,1.0,2.3007,2.2734,4.5741
DeskGPT,34,4096,jpeg90,robust,1.0,2.3007,2.2812,4.5819
DeskGPT,34,4096,jpeg70,robust,1.0,2.3007,2.2727,4.5734
DeskGPT,34,4096,jpeg50,robust,0.706055,2.3007,2.2706,4.5713
DeskGPT,34,4096,resize0.5,robust,1.0,2.3007,2.2717,4.5724
DeskGPT,34,4096,resize0.75,robust,1.0,2.3007,2.2687,4.5694
DeskGPT,34,4096,resize1.25,robust,1.0,2.3007,2.2824,4.5831
DeskGPT,34,4096,resize1.5,robust,1.0,2.3007,2.2783,4.5789
DeskGPT,34,4096,gnoise01,robust,1.0,2.3007,2.2689,4.5696
DeskGPT,34,4096,gnoise05,robust,0.701172,2.3007,2.2752,4.5759
DeskGPT,34,4096,gnoise10,robust,0.681396,2.3007,2.2729,4.5736
DeskGPT,34,4096,gblur3,robust,1.0,2.3007,2.2777,4.5783
DeskGPT,34,4096,gblur5,robust,0.702393,2.3007,2.2777,4.5784
DeskGPT,34,4096,gblur7,robust,0.669678,2.3007,2.267,4.5676
DeskGPT,34,4096,mblur3,robust,1.0,2.3007,2.272,4.5727
DeskGPT,34,4096,mblur5,robust,0.699707,2.3007,2.2684,4.5691
DeskGPT,34,4096,mblur7,robust,0.68042,2.3007,2.2721,4.5728
DeskGPT,35,4096,clean,robust,1.0,2.2972,2.2758,4.573
DeskGPT,35,4096,png,robust,1.0,2.2972,2.2702,4.5674
DeskGPT,35,4096,jpeg90,robust,1.0,2.2972,2.2719,4.5691
DeskGPT,35,4096,jpeg70,robust,0.713379,2.2972,2.2736,4.5709
DeskGPT,35,4096,jpeg50,robust,0.695801,2.2972,2.2702,4.5674
DeskGPT,35,4096,resize0.5,robust,1.0,2.2972,2.2802,4.5774
DeskGPT,35,4096,resize0.75,robust,1.0,2.2972,2.2736,4.5708
DeskGPT,35,4096,resize1.25,robust,1.0,2.2972,2.2671,4.5644
DeskGPT,35,4096,resize1.5,robust,1.0,2.2972,2.2667,4.5639
DeskGPT,35,4096,gnoise01,robust,1.0,2.2972,2.2679,4.5651
DeskGPT,35,4096,gnoise05,robust,0.677246,2.2972,2.2709,4.5682
DeskGPT,35,4096,gnoise10,robust,0.635498,2.2972,2.2806,4.5778
DeskGPT,35,4096,gblur3,robust,1.0,2.2972,2.2703,4.5675
DeskGPT,35,4096,gblur5,robust,0.706543,2.2972,2.2652,4.5624
DeskGPT,35,4096,gblur7,robust,0.685303,2.2972,2.2666,4.5638
DeskGPT,35,4096,mblur3,robust,1.0,2.2972,2.2732,4.5704
DeskGPT,35,4096,mblur5,robust,0.708008,2.2972,2.2772,4.5745
DeskGPT,35,4096,mblur7,robust,0.69043,2.2972,2.2702,4.5675
DeskGPT,36,4096,clean,robust,1.0,2.2954,2.2781,4.5736
DeskGPT,36,4096,png,robust,1.0,2.2954,2.2685,4.5639
DeskGPT,36,4096,jpeg90,robust,1.0,2.2954,2.2718,4.5673
DeskGPT,36,4096,jpeg70,robust,0.707275,2.2954,2.2741,4.5695
DeskGPT,36,4096,jpeg50,robust,0.695557,2.2954,2.272,4.5674
DeskGPT,36,4096,resize0.5,robust,0.708252,2.2954,2.2655,4.5609
DeskGPT,36,4096,resize0.75,robust,1.0,2.2954,2.2706,4.566
DeskGPT,36,4096,resize1.25,robust,1.0,2.2954,2.269,4.5644
DeskGPT,36,4096,resize1.5,robust,1.0,2.2954,2.2711,4.5665
DeskGPT,36,4096,gnoise01,robust,0.709717,2.2954,2.2755,4.5709
DeskGPT,36,4096,gnoise05,robust,0.669189,2.2954,2.2674,4.5629
DeskGPT,36,4096,gnoise10,robust,0.629395,2.2954,2.2671,4.5626
DeskGPT,36,4096,gblur3,robust,1.0,2.2954,2.2722,4.5676
DeskGPT,36,4096,gblur5,robust,0.691895,2.2954,2.2671,4.5625
DeskGPT,36,4096,gblur7,robust,0.655273,2.2954,2.2767,4.5721
DeskGPT,36,4096,mblur3,robust,1.0,2.2954,2.2798,4.5752
DeskGPT,36,4096,mblur5,robust,0.691895,2.2954,2.2681,4.5635
DeskGPT,36,4096,mblur7,robust,0.669189,2.2954,2.2701,4.5655
DeskGPT,37,4096,clean,robust,0.704346,2.2989,2.2669,4.5658
DeskGPT,37,4096,png,robust,0.704346,2.2989,2.277,4.576
DeskGPT,37,4096,jpeg90,robust,0.69873,2.2989,2.2715,4.5704
DeskGPT,37,4096,jpeg70,robust,0.684814,2.2989,2.2664,4.5653
DeskGPT,37,4096,jpeg50,robust,0.670654,2.2989,2.2668,4.5658
DeskGPT,37,4096,resize0.5,robust,0.693359,2.2989,2.2671,4.566
DeskGPT,37,4096,resize0.75,robust,0.700684,2.2989,2.2697,4.5686
DeskGPT,37,4096,resize1.25,robust,0.704102,2.2989,2.2865,4.5855
DeskGPT,37,4096,resize1.5,robust,0.704346,2.2989,2.2746,4.5736
DeskGPT,37,4096,gnoise01,robust,0.697021,2.2989,2.2658,4.5648
DeskGPT,37,4096,gnoise05,robust,0.666016,2.2989,2.2703,4.5692
DeskGPT,37,4096,gnoise10,robust,0.629883,2.2989,2.2658,4.5647
DeskGPT,37,4096,gblur3,robust,0.702881,2.2989,2.2741,4.5731
DeskGPT,37,4096,gblur5,robust,0.665283,2.2989,2.2745,4.5734
DeskGPT,37,4096,gblur7,robust,0.641846,2.2989,2.2656,4.5646
DeskGPT,37,4096,mblur3,robust,0.699951,2.2989,2.2682,4.5672
DeskGPT,37,4096,mblur5,robust,0.672852,2.2989,2.2674,4.5664
DeskGPT,37,4096,mblur7,robust,0.657227,2.2989,2.2722,4.5711
DeskGPT,38,4096,clean,robust,1.0,2.3044,2.2809,4.5852
DeskGPT,38,4096,png,robust,1.0,2.3044,2.2707,4.5751
DeskGPT,38,4096,jpeg90,robust,1.0,2.3044,2.2696,4.574
DeskGPT,38,4096,jpeg70,robust,1.0,2.3044,2.2741,4.5785
DeskGPT,38,4096,jpeg50,robust,0.720947,2.3044,2.2654,4.5698
DeskGPT,38,4096,resize0.5,robust,1.0,2.3044,2.2812,4.5856
DeskGPT,38,4096,resize0.75,robust,1.0,2.3044,2.2731,4.5774
DeskGPT,38,4096,resize1.25,robust,1.0,2.3044,2.2739,4.5783
DeskGPT,38,4096,resize1.5,robust,1.0,2.3044,2.2677,4.5721
DeskGPT,38,4096,gnoise01,robust,1.0,2.3044,2.2701,4.5745
DeskGPT,38,4096,gnoise05,robust,0.713135,2.3044,2.2728,4.5772
DeskGPT,38,4096,gnoise10,robust,0.682617,2.3044,2.272,4.5764
DeskGPT,38,4096,gblur3,robust,1.0,2.3044,2.2709,4.5753
DeskGPT,38,4096,gblur5,robust,0.712891,2.3044,2.2644,4.5687
DeskGPT,38,4096,gblur7,robust,0.689209,2.3044,2.2667,4.5711
DeskGPT,38,4096,mblur3,robust,1.0,2.3044,2.2764,4.5808
DeskGPT,38,4096,mblur5,robust,0.711182,2.3044,2.2742,4.5785
DeskGPT,38,4096,mblur7,robust,0.696533,2.3044,2.2666,4.5709
DeskGPT,39,4096,clean,robust,1.0,2.2973,2.2724,4.5697
DeskGPT,39,4096,png,robust,1.0,2.2973,2.2656,4.5629
DeskGPT,39,4096,jpeg90,robust,1.0,2.2973,2.2671,4.5643
DeskGPT,39,4096,jpeg70,robust,1.0,2.2973,2.2817,4.579
DeskGPT,39,4096,jpeg50,robust,1.0,2.2973,2.2772,4.5745
DeskGPT,39,4096,resize0.5,robust,1.0,2.2973,2.2739,4.5712
DeskGPT,39,4096,resize0.75,robust,1.0,2.2973,2.2662,4.5635
DeskGPT,39,4096,resize1.25,robust,1.0,2.2973,2.2666,4.5639
DeskGPT,39,4096,resize1.5,robust,1.0,2.2973,2.2755,4.5728
DeskGPT,39,4096,gnoise01,robust,1.0,2.2973,2.2752,4.5725
DeskGPT,39,4096,gnoise05,robust,1.0,2.2973,2.2688,4.5661
DeskGPT,39,4096,gnoise10,robust,0.697021,2.2973,2.265,4.5623
DeskGPT,39,4096,gblur3,robust,1.0,2.2973,2.2663,4.5636
DeskGPT,39,4096,gblur5,robust,0.704102,2.2973,2.2657,4.5629
DeskGPT,39,4096,gblur7,robust,0.667969,2.2973,2.2715,4.5688
DeskGPT,39,4096,mblur3,robust,1.0,2.2973,2.2721,4.5693
DeskGPT,39,4096,mblur5,robust,0.708496,2.2973,2.2655,4.5628
DeskGPT,39,4096,mblur7,robust,0.684082,2.2973,2.2735,4.5708
DeskGPT,40,4096,clean,robust,1.0,2.2968,2.2683,4.5651
DeskGPT,40,4096,png,robust,1.0,2.2968,2.2773,4.5741
DeskGPT,40,4096,jpeg90,robust,1.0,2.2968,2.2786,4.5753
DeskGPT,40,4096,jpeg70,robust,0.715088,2.2968,2.2673,4.5641
DeskGPT,40,4096,jpeg50,robust,0.711914,2.2968,2.2683,4.5651
DeskGPT,40,4096,resize0.5,robust,1.0,2.2968,2.2802,4.577
DeskGPT,40,4096,resize0.75,robust,1.0,2.2968,2.2745,4.5712
DeskGPT,40,4096,resize1.25,robust,1.0,2.2968,2.2813,4.5781
DeskGPT,40,4096,resize1.5,robust,1.0,2.2968,2.2708,4.5676
DeskGPT,40,4096,gnoise01,robust,1.0,2.2968,2.2743,4.571
DeskGPT,40,4096,gnoise05,robust,0.706787,2.2968,2.2645,4.5613
DeskGPT,40,4096,gnoise10,robust,0.688721,2.2968,2.264,4.5608
DeskGPT,40,4096,gblur3,robust,1.0,2.2968,2.2747,4.5715
DeskGPT,40,4096,gblur5,robust,0.695557,2.2968,2.274,4.5708
DeskGPT,40,4096,gblur7,robust,0.655762,2.2968,2.2666,4.5634
DeskGPT,40,4096,mblur3,robust,1.0,2.2968,2.2747,4.5714
DeskGPT,40,4096,mblur5,robust,0.708008,2.2968,2.2675,4.5643
DeskGPT,40,4096,mblur7,robust,0.67627,2.2968,2.2767,4.5735
DeskGPT,41,4096,clean,robust,1.0,2.297,2.2718,4.5688
DeskGPT,41,4096,png,robust,1.0,2.297,2.2691,4.5661
DeskGPT,41,4096,jpeg90,robust,1.0,2.297,2.2726,4.5696
DeskGPT,41,4096,jpeg70,robust,1.0,2.297,2.2705,4.5676
DeskGPT,41,4096,jpeg50,robust,0.708984,2.297,2.2653,4.5624
DeskGPT,41,4096,resize0.5,robust,1.0,2.297,2.2816,4.5787
DeskGPT,41,4096,resize0.75,robust,1.0,2.297,2.2705,4.5675
DeskGPT,41,4096,resize1.25,robust,1.0,2.297,2.269,4.5661
DeskGPT,41,4096,resize1.5,robust,1.0,2.297,2.2693,4.5664
DeskGPT,41,4096,gnoise01,robust,1.0,2.297,2.2721,4.5691
DeskGPT,41,4096,gnoise05,robust,0.704102,2.297,2.269,4.566
DeskGPT,41,4096,gnoise10,robust,0.679199,2.297,2.2703,4.5674
DeskGPT,41,4096,gblur3,robust,1.0,2.297,2.2764,4.5734
DeskGPT,41,4096,gblur5,robust,0.701904,2.297,2.2691,4.5662
DeskGPT,41,4096,gblur7,robust,0.664062,2.297,2.2683,4.5653
DeskGPT,41,4096,mblur3,robust,1.0,2.297,2.2734,4.5704
DeskGPT,41,4096,mblur5,robust,0.708496,2.297,2.279,4.576
DeskGPT,41,4096,mblur7,robust,0.685059,2.297,2.2671,4.5641
DeskGPT,42,4096,clean,robust,1.0,2.2975,2.2725,4.57
DeskGPT,42,4096,png,robust,1.0,2.2975,2.2711,4.5686
DeskGPT,42,4096,jpeg90,robust,1.0,2.2975,2.2678,4.5653
DeskGPT,42,4096,jpeg70,robust,1.0,2.2975,2.2779,4.5754
DeskGPT,42,4096,jpeg50,robust,1.0,2.2975,2.2756,4.5731
DeskGPT,42,4096,resize0.5,robust,1.0,2.2975,2.2721,4.5696
DeskGPT,42,4096,resize0.75,robust,1.0,2.2975,2.2723,4.5698
DeskGPT,42,4096,resize1.25,robust,1.0,2.2975,2.2655,4.563
DeskGPT,42,4096,resize1.5,robust,1.0,2.2975,2.2702,4.5677
DeskGPT,42,4096,gnoise01,robust,1.0,2.2975,2.2771,4.5746
DeskGPT,42,4096,gnoise05,robust,1.0,2.2975,2.2705,4.568
DeskGPT,42,4096,gnoise10,robust,0.69751,2.2975,2.2657,4.5632
DeskGPT,42,4096,gblur3,robust,1.0,2.2975,2.2652,4.5627
DeskGPT,42,4096,gblur5,robust,0.70459,2.2975,2.2678,4.5653
DeskGPT,42,4096,gblur7,robust,0.676025,2.2975,2.2747,4.5722
DeskGPT,42,4096,mblur3,robust,1.0,2.2975,2.2756,4.5731
DeskGPT,42,4096,mblur5,robust,0.707031,2.2975,2.2669,4.5644
DeskGPT,42,4096,mblur7,robust,0.682861,2.2975,2.2667,4.5642
DeskGPT,43,4096,clean,robust,1.0,2.3041,2.2709,4.575
DeskGPT,43,4096,png,robust,1.0,2.3041,2.2788,4.5829
DeskGPT,43,4096,jpeg90,robust,1.0,2.3041,2.2833,4.5874
DeskGPT,43,4096,jpeg70,robust,0.709961,2.3041,2.2686,4.5727
DeskGPT,43,4096,jpeg50,robust,0.699951,2.3041,2.2668,4.5709
DeskGPT,43,4096,resize0.5,robust,0.709717,2.3041,2.2659,4.57
DeskGPT,43,4096,resize0.75,robust,1.0,2.3041,2.2752,4.5793
DeskGPT,43,4096,resize1.25,robust,1.0,2.3041,2.2784,4.5825
DeskGPT,43,4096,resize1.5,robust,1.0,2.3041,2.2698,4.5739
DeskGPT,43,4096,gnoise01,robust,1.0,2.3041,2.2747,4.5788
DeskGPT,43,4096,gnoise05,robust,0.661621,2.3041,2.2651,4.5692
DeskGPT,43,4096,gnoise10,robust,0.634277,2.3041,2.2656,4.5697
DeskGPT,43,4096,gblur3,robust,0.71582,2.3041,2.2753,4.5794
DeskGPT,43,4096,gblur5,robust,0.685547,2.3041,2.2736,4.5777
DeskGPT,43,4096,gblur7,robust,0.638916,2.3041,2.2664,4.5705
DeskGPT,43,4096,mblur3,robust,0.71167,2.3041,2.2707,4.5748
DeskGPT,43,4096,mblur5,robust,0.696777,2.3041,2.2708,4.5749
DeskGPT,43,4096,mblur7,robust,0.664307,2.3041,2.273,4.5771
DeskGPT,44,4096,clean,robust,1.0,2.3042,2.2781,4.5823
DeskGPT,44,4096,png,robust,1.0,2.3042,2.2718,4.576
DeskGPT,44,4096,jpeg90,robust,0.69043,2.3042,2.2655,4.5697
DeskGPT,44,4096,jpeg70,robust,0.626709,2.3042,2.2651,4.5694
DeskGPT,44,4096,jpeg50,robust,0.605225,2.3042,2.2676,4.5718
DeskGPT,44,4096,resize0.5,robust,0.700928,2.3042,2.2765,4.5807
DeskGPT,44,4096,resize0.75,robust,0.713379,2.3042,2.2711,4.5753
DeskGPT,44,4096,resize1.25,robust,1.0,2.3042,2.2822,4.5865
DeskGPT,44,4096,resize1.5,robust,1.0,2.3042,2.2836,4.5878
DeskGPT,44,4096,gnoise01,robust,0.639893,2.3042,2.276,4.5802
DeskGPT,44,4096,gnoise05,robust,0.563721,2.3042,2.2829,4.5871
DeskGPT,44,4096,gnoise10,robust,0.529053,2.3042,2.279,4.5832
DeskGPT,44,4096,gblur3,robust,0.709961,2.3042,2.2671,4.5713
DeskGPT,44,4096,gblur5,robust,0.666016,2.3042,2.2663,4.5705
DeskGPT,44,4096,gblur7,robust,0.632568,2.3042,2.2673,4.5715
DeskGPT,44,4096,mblur3,robust,0.70459,2.3042,2.2659,4.5702
DeskGPT,44,4096,mblur5,robust,0.66333,2.3042,2.2686,4.5729
DeskGPT,44,4096,mblur7,robust,0.635254,2.3042,2.2662,4.5704
DeskGPT,45,4096,clean,robust,1.0,2.2958,2.2668,4.5626
DeskGPT,45,4096,png,robust,1.0,2.2958,2.2655,4.5613
DeskGPT,45,4096,jpeg90,robust,1.0,2.2958,2.2697,4.5656
DeskGPT,45,4096,jpeg70,robust,1.0,2.2958,2.2741,4.57
DeskGPT,45,4096,jpeg50,robust,1.0,2.2958,2.2785,4.5744
DeskGPT,45,4096,resize0.5,robust,1.0,2.2958,2.2698,4.5656
DeskGPT,45,4096,resize0.75,robust,1.0,2.2958,2.2691,4.5649
DeskGPT,45,4096,resize1.25,robust,1.0,2.2958,2.2678,4.5636
DeskGPT,45,4096,resize1.5,robust,1.0,2.2958,2.2745,4.5703
DeskGPT,45,4096,gnoise01,robust,1.0,2.2958,2.2772,4.573
DeskGPT,45,4096,gnoise05,robust,0.703857,2.2958,2.2653,4.5612
DeskGPT,45,4096,gnoise10,robust,0.68457,2.2958,2.2675,4.5633
DeskGPT,45,4096,gblur3,robust,1.0,2.2958,2.27,4.5659
DeskGPT,45,4096,gblur5,robust,0.706543,2.2958,2.2667,4.5625
DeskGPT,45,4096,gblur7,robust,0.687744,2.2958,2.2754,4.5713
DeskGPT,45,4096,mblur3,robust,1.0,2.2958,2.2728,4.5686
DeskGPT,45,4096,mblur5,robust,1.0,2.2958,2.2729,4.5687
DeskGPT,45,4096,mblur7,robust,0.69751,2.2958,2.2718,4.5676
DeskGPT,46,4096,clean,robust,1.0,2.2966,2.2763,4.5729
DeskGPT,46,4096,png,robust,1.0,2.2966,2.2807,4.5773
DeskGPT,46,4096,jpeg90,robust,1.0,2.2966,2.2781,4.5748
DeskGPT,46,4096,jpeg70,robust,0.714355,2.2966,2.2684,4.565
DeskGPT,46,4096,jpeg50,robust,0.706787,2.2966,2.2655,4.5621
DeskGPT,46,4096,resize0.5,robust,0.710449,2.2966,2.2654,4.5621
DeskGPT,46,4096,resize0.75,robust,1.0,2.2966,2.2736,4.5703
DeskGPT,46,4096,resize1.25,robust,1.0,2.2966,2.2815,4.5781
DeskGPT,46,4096,resize1.5,robust,1.0,2.2966,2.2727,4.5693
DeskGPT,46,4096,gnoise01,robust,0.71582,2.2966,2.2663,4.563
DeskGPT,46,4096,gnoise05,robust,0.700928,2.2966,2.266,4.5627
DeskGPT,46,4096,gnoise10,robust,0.67627,2.2966,2.2651,4.5617
DeskGPT,46,4096,gblur3,robust,1.0,2.2966,2.2831,4.5798
DeskGPT,46,4096,gblur5,robust,0.684326,2.2966,2.2758,4.5724
DeskGPT,46,4096,gblur7,robust,0.646484,2.2966,2.2676,4.5642
DeskGPT,46,4096,mblur3,robust,0.702393,2.2966,2.2658,4.5625
DeskGPT,46,4096,mblur5,robust,0.674805,2.2966,2.2673,4.5639
DeskGPT,46,4096,mblur7,robust,0.657227,2.2966,2.2785,4.5752
DeskGPT,47,4096,clean,robust,1.0,2.3001,2.2746,4.5747
DeskGPT,47,4096,png,robust,1.0,2.3001,2.2685,4.5686
DeskGPT,47,4096,jpeg90,robust,1.0,2.3001,2.2688,4.569
DeskGPT,47,4096,jpeg70,robust,0.720459,2.3001,2.2719,4.5721
DeskGPT,47,4096,jpeg50,robust,0.718262,2.3001,2.269,4.5692
DeskGPT,47,4096,resize0.5,robust,0.719482,2.3001,2.2753,4.5754
DeskGPT,47,4096,resize0.75,robust,1.0,2.3001,2.2694,4.5695
DeskGPT,47,4096,resize1.25,robust,1.0,2.3001,2.2786,4.5787
DeskGPT,47,4096,resize1.5,robust,1.0,2.3001,2.2716,4.5717
DeskGPT,47,4096,gnoise01,robust,1.0,2.3001,2.2679,4.568
DeskGPT,47,4096,gnoise05,robust,0.721924,2.3001,2.2695,4.5696
DeskGPT,47,4096,gnoise10,robust,0.689209,2.3001,2.2684,4.5686
DeskGPT,47,4096,gblur3,robust,1.0,2.3001,2.2712,4.5714
DeskGPT,47,4096,gblur5,robust,0.698975,2.3001,2.2671,4.5673
DeskGPT,47,4096,gblur7,robust,0.66748,2.3001,2.2665,4.5666
DeskGPT,47,4096,mblur3,robust,0.719238,2.3001,2.2701,4.5703
DeskGPT,47,4096,mblur5,robust,0.701172,2.3001,2.277,4.5771
DeskGPT,47,4096,mblur7,robust,0.667969,2.3001,2.2677,4.5679
DeskGPT,48,4096,clean,robust,1.0,2.2956,2.2692,4.5648
DeskGPT,48,4096,png,robust,1.0,2.2956,2.2709,4.5665
DeskGPT,48,4096,jpeg90,robust,1.0,2.2956,2.2736,4.5692
DeskGPT,48,4096,jpeg70,robust,1.0,2.2956,2.2878,4.5834
DeskGPT,48,4096,jpeg50,robust,0.717041,2.2956,2.2669,4.5626
DeskGPT,48,4096,resize0.5,robust,1.0,2.2956,2.2716,4.5672
DeskGPT,48,4096,resize0.75,robust,1.0,2.2956,2.2738,4.5694
DeskGPT,48,4096,resize1.25,robust,1.0,2.2956,2.2706,4.5663
DeskGPT,48,4096,resize1.5,robust,1.0,2.2956,2.2767,4.5723
DeskGPT,48,4096,gnoise01,robust,1.0,2.2956,2.2801,4.5758
DeskGPT,48,4096,gnoise05,robust,0.705566,2.2956,2.2672,4.5628
DeskGPT,48,4096,gnoise10,robust,0.689697,2.2956,2.2679,4.5635
DeskGPT,48,4096,gblur3,robust,1.0,2.2956,2.2717,4.5673
DeskGPT,48,4096,gblur5,robust,0.710938,2.2956,2.2672,4.5628
DeskGPT,48,4096,gblur7,robust,0.678711,2.2956,2.2817,4.5774
DeskGPT,48,4096,mblur3,robust,1.0,2.2956,2.2793,4.5749
DeskGPT,48,4096,mblur5,robust,0.712158,2.2956,2.2665,4.5622
DeskGPT,48,4096,mblur7,robust,0.700684,2.2956,2.267,4.5626
DeskGPT,49,4096,clean,robust,1.0,2.3007,2.2683,4.569
DeskGPT,49,4096,png,robust,1.0,2.3007,2.2791,4.5797
DeskGPT,49,4096,jpeg90,robust,1.0,2.3007,2.2826,4.5832
DeskGPT,49,4096,jpeg70,robust,0.716309,2.3007,2.2671,4.5678
DeskGPT,49,4096,jpeg50,robust,0.695557,2.3007,2.2681,4.5688
DeskGPT,49,4096,resize0.5,robust,1.0,2.3007,2.2741,4.5748
DeskGPT,49,4096,resize0.75,robust,1.0,2.3007,2.2777,4.5784
DeskGPT,49,4096,resize1.25,robust,1.0,2.3007,2.2818,4.5825
DeskGPT,49,4096,resize1.5,robust,1.0,2.3007,2.2657,4.5664
DeskGPT,49,4096,gnoise01,robust,0.727051,2.3007,2.27,4.5707
DeskGPT,49,4096,gnoise05,robust,0.691406,2.3007,2.2665,4.5672
DeskGPT,49,4096,gnoise10,robust,0.66333,2.3007,2.2665,4.5672
DeskGPT,49,4096,gblur3,robust,1.0,2.3007,2.283,4.5837
DeskGPT,49,4096,gblur5,robust,0.718262,2.3007,2.2705,4.5712
DeskGPT,49,4096,gblur7,robust,0.699463,2.3007,2.2675,4.5682
DeskGPT,49,4096,mblur3,robust,1.0,2.3007,2.2723,4.573
DeskGPT,49,4096,mblur5,robust,0.717285,2.3007,2.2668,4.5675
DeskGPT,49,4096,mblur7,robust,0.699951,2.3007,2.2748,4.5755
DeskGPT,50,4096,clean,robust,1.0,2.2964,2.2757,4.5721
DeskGPT,50,4096,png,robust,1.0,2.2964,2.2749,4.5713
DeskGPT,50,4096,jpeg90,robust,0.702393,2.2964,2.2682,4.5645
DeskGPT,50,4096,jpeg70,robust,0.642822,2.2964,2.267,4.5634
DeskGPT,50,4096,jpeg50,robust,0.620117,2.2964,2.2788,4.5751
DeskGPT,50,4096,resize0.5,robust,0.696045,2.2964,2.2813,4.5777
DeskGPT,50,4096,resize0.75,robust,1.0,2.2964,2.2749,4.5713
DeskGPT,50,4096,resize1.25,robust,1.0,2.2964,2.271,4.5673
DeskGPT,50,4096,resize1.5,robust,1.0,2.2964,2.2809,4.5773
DeskGPT,50,4096,gnoise01,robust,0.70166,2.2964,2.2774,4.5738
DeskGPT,50,4096,gnoise05,robust,0.59668,2.2964,2.2814,4.5778
DeskGPT,50,4096,gnoise10,robust,0.574219,2.2964,2.2739,4.5702
DeskGPT,50,4096,gblur3,robust,0.700928,2.2964,2.2725,4.5688
DeskGPT,50,4096,gblur5,robust,0.668213,2.2964,2.274,4.5704
DeskGPT,50,4096,gblur7,robust,0.64502,2.2964,2.2746,4.5709
DeskGPT,50,4096,mblur3,robust,0.692383,2.2964,2.2766,4.573
DeskGPT,50,4096,mblur5,robust,0.665283,2.2964,2.2813,4.5777
DeskGPT,50,4096,mblur7,robust,0.628418,2.2964,2.2708,4.5672
DeskGPT,51,4096,clean,robust,1.0,2.2993,2.2738,4.5731
DeskGPT,51,4096,png,robust,1.0,2.2993,2.2713,4.5706
DeskGPT,51,4096,jpeg90,robust,1.0,2.2993,2.2761,4.5754
DeskGPT,51,4096,jpeg70,robust,1.0,2.2993,2.2764,4.5758
DeskGPT,51,4096,jpeg50,robust,1.0,2.2993,2.2743,4.5736
DeskGPT,51,4096,resize0.5,robust,1.0,2.2993,2.2769,4.5763
DeskGPT,51,4096,resize0.75,robust,1.0,2.2993,2.2773,4.5767
DeskGPT,51,4096,resize1.25,robust,1.0,2.2993,2.2734,4.5727
DeskGPT,51,4096,resize1.5,robust,1.0,2.2993,2.2797,4.579
DeskGPT,51,4096,gnoise01,robust,1.0,2.2993,2.2788,4.5782
DeskGPT,51,4096,gnoise05,robust,1.0,2.2993,2.2751,4.5744
DeskGPT,51,4096,gnoise10,robust,0.698975,2.2993,2.2731,4.5724
DeskGPT,51,4096,gblur3,robust,1.0,2.2993,2.28,4.5793
DeskGPT,51,4096,gblur5,robust,0.70459,2.2993,2.2776,4.5769
DeskGPT,51,4096,gblur7,robust,0.682861,2.2993,2.2767,4.576
DeskGPT,51,4096,mblur3,robust,1.0,2.2993,2.2719,4.5712
DeskGPT,51,4096,mblur5,robust,0.703857,2.2993,2.2675,4.5668
DeskGPT,51,4096,mblur7,robust,0.678467,2.2993,2.2671,4.5665
DeskGPT,52,4096,clean,robust,1.0,2.2984,2.2716,4.57
DeskGPT,52,4096,png,robust,1.0,2.2984,2.2823,4.5806
DeskGPT,52,4096,jpeg90,robust,1.0,2.2984,2.2763,4.5747
DeskGPT,52,4096,jpeg70,robust,0.712646,2.2984,2.2671,4.5654
DeskGPT,52,4096,jpeg50,robust,0.696777,2.2984,2.2713,4.5697
DeskGPT,52,4096,resize0.5,robust,1.0,2.2984,2.2737,4.5721
DeskGPT,52,4096,resize0.75,robust,1.0,2.2984,2.2789,4.5772
DeskGPT,52,4096,resize1.25,robust,1.0,2.2984,2.2763,4.5747
DeskGPT,52,4096,resize1.5,robust,1.0,2.2984,2.2771,4.5754
DeskGPT,52,4096,gnoise01,robust,1.0,2.2984,2.2721,4.5705
DeskGPT,52,4096,gnoise05,robust,0.686035,2.2984,2.2699,4.5683
DeskGPT,52,4096,gnoise10,robust,0.65332,2.2984,2.2712,4.5695
DeskGPT,52,4096,gblur3,robust,1.0,2.2984,2.2846,4.583
DeskGPT,52,4096,gblur5,robust,0.69458,2.2984,2.2678,4.5662
DeskGPT,52,4096,gblur7,robust,0.664551,2.2984,2.2644,4.5627
DeskGPT,52,4096,mblur3,robust,1.0,2.2984,2.2736,4.5719
DeskGPT,52,4096,mblur5,robust,0.703125,2.2984,2.272,4.5704
DeskGPT,52,4096,mblur7,robust,0.673584,2.2984,2.279,4.5773
DeskGPT,53,4096,clean,robust,1.0,2.2953,2.272,4.5673
DeskGPT,53,4096,png,robust,1.0,2.2953,2.2686,4.5639
DeskGPT,53,4096,jpeg90,robust,1.0,2.2953,2.2699,4.5652
DeskGPT,53,4096,jpeg70,robust,1.0,2.2953,2.2738,4.5691
DeskGPT,53,4096,jpeg50,robust,1.0,2.2953,2.282,4.5773
DeskGPT,53,4096,resize0.5,robust,1.0,2.2953,2.2844,4.5797
DeskGPT,53,4096,resize0.75,robust,1.0,2.2953,2.2752,4.5705
DeskGPT,53,4096,resize1.25,robust,1.0,2.2953,2.2674,4.5626
DeskGPT,53,4096,resize1.5,robust,1.0,2.2953,2.2658,4.5611
DeskGPT,53,4096,gnoise01,robust,1.0,2.2953,2.267,4.5623
DeskGPT,53,4096,gnoise05,robust,0.712158,2.2953,2.2754,4.5707
DeskGPT,53,4096,gnoise10,robust,0.685791,2.2953,2.2681,4.5634
DeskGPT,53,4096,gblur3,robust,1.0,2.2953,2.2713,4.5665
DeskGPT,53,4096,gblur5,robust,0.701172,2.2953,2.2668,4.562
DeskGPT,53,4096,gblur7,robust,0.674072,2.2953,2.2665,4.5618
DeskGPT,53,4096,mblur3,robust,1.0,2.2953,2.2761,4.5714
DeskGPT,53,4096,mblur5,robust,0.711914,2.2953,2.2773,4.5726
DeskGPT,53,4096,mblur7,robust,0.689941,2.2953,2.2705,4.5658
DeskGPT,54,4096,clean,robust,1.0,2.2986,2.279,4.5776
DeskGPT,54,4096,png,robust,1.0,2.2986,2.2765,4.5752
DeskGPT,54,4096,jpeg90,robust,0.713135,2.2986,2.2713,4.57
DeskGPT,54,4096,jpeg70,robust,0.706787,2.2986,2.2771,4.5758
DeskGPT,54,4096,jpeg50,robust,0.681396,2.2986,2.2674,4.5661
DeskGPT,54,4096,resize0.5,robust,0.71167,2.2986,2.2701,4.5687
DeskGPT,54,4096,resize0.75,robust,1.0,2.2986,2.2738,4.5725
DeskGPT,54,4096,resize1.25,robust,1.0,2.2986,2.276,4.5747
DeskGPT,54,4096,resize1.5,robust,1.0,2.2986,2.2842,4.5828
DeskGPT,54,4096,gnoise01,robust,1.0,2.2986,2.287,4.5856
DeskGPT,54,4096,gnoise05,robust,0.67041,2.2986,2.2706,4.5692
DeskGPT,54,4096,gnoise10,robust,0.625977,2.2986,2.268,4.5666
DeskGPT,54,4096,gblur3,robust,0.714355,2.2986,2.2726,4.5712
DeskGPT,54,4096,gblur5,robust,0.690674,2.2986,2.2714,4.57
DeskGPT,54,4096,gblur7,robust,0.652588,2.2986,2.2802,4.5788
DeskGPT,54,4096,mblur3,robust,0.71167,2.2986,2.2686,4.5672
DeskGPT,54,4096,mblur5,robust,0.685303,2.2986,2.269,4.5677
DeskGPT,54,4096,mblur7,robust,0.662598,2.2986,2.2688,4.5675
DeskGPT,55,4096,clean,robust,1.0,2.2993,2.2734,4.5728
DeskGPT,55,4096,png,robust,1.0,2.2993,2.2825,4.5818
DeskGPT,55,4096,jpeg90,robust,1.0,2.2993,2.2677,4.567
DeskGPT,55,4096,jpeg70,robust,1.0,2.2993,2.2724,4.5718
DeskGPT,55,4096,jpeg50,robust,1.0,2.2993,2.2747,4.574
DeskGPT,55,4096,resize0.5,robust,1.0,2.2993,2.2749,4.5743
DeskGPT,55,4096,resize0.75,robust,1.0,2.2993,2.2735,4.5729
DeskGPT,55,4096,resize1.25,robust,1.0,2.2993,2.2692,4.5686
DeskGPT,55,4096,resize1.5,robust,1.0,2.2993,2.2676,4.5669
DeskGPT,55,4096,gnoise01,robust,1.0,2.2993,2.2714,4.5707
DeskGPT,55,4096,gnoise05,robust,0.719238,2.2993,2.2719,4.5712
DeskGPT,55,4096,gnoise10,robust,0.697266,2.2993,2.2693,4.5686
DeskGPT,55,4096,gblur3,robust,1.0,2.2993,2.2771,4.5764
DeskGPT,55,4096,gblur5,robust,0.7146,2.2993,2.2649,4.5642
DeskGPT,55,4096,gblur7,robust,0.688232,2.2993,2.2666,4.5659
DeskGPT,55,4096,mblur3,robust,1.0,2.2993,2.2681,4.5674
DeskGPT,55,4096,mblur5,robust,1.0,2.2993,2.2731,4.5725
DeskGPT,55,4096,mblur7,robust,0.704102,2.2993,2.2799,4.5793
DeskGPT,56,4096,clean,robust,1.0,2.2972,2.275,4.5723
DeskGPT,56,4096,png,robust,1.0,2.2972,2.2732,4.5704
DeskGPT,56,4096,jpeg90,robust,0.708496,2.2972,2.2662,4.5634
DeskGPT,56,4096,jpeg70,robust,0.699463,2.2972,2.273,4.5703
DeskGPT,56,4096,jpeg50,robust,0.687744,2.2972,2.2743,4.5716
DeskGPT,56,4096,resize0.5,robust,0.701904,2.2972,2.2763,4.5736
DeskGPT,56,4096,resize0.75,robust,1.0,2.2972,2.2769,4.5741
DeskGPT,56,4096,resize1.25,robust,1.0,2.2972,2.275,4.5723
DeskGPT,56,4096,resize1.5,robust,0.709961,2.2972,2.2736,4.5708
DeskGPT,56,4096,gnoise01,robust,0.709717,2.2972,2.2682,4.5654
DeskGPT,56,4096,gnoise05,robust,0.677734,2.2972,2.2794,4.5766
DeskGPT,56,4096,gnoise10,robust,0.642334,2.2972,2.2695,4.5668
DeskGPT,56,4096,gblur3,robust,0.70752,2.2972,2.2673,4.5645
DeskGPT,56,4096,gblur5,robust,0.678467,2.2972,2.2699,4.5672
DeskGPT,56,4096,gblur7,robust,0.654297,2.2972,2.2689,4.5662
DeskGPT,56,4096,mblur3,robust,0.709229,2.2972,2.2793,4.5765
DeskGPT,56,4096,mblur5,robust,0.691162,2.2972,2.2748,4.5721
DeskGPT,56,4096,mblur7,robust,0.665771,2.2972,2.271,4.5683
DeskGPT,57,4096,clean,robust,1.0,2.3007,2.2736,4.5743
DeskGPT,57,4096,png,robust,1.0,2.3007,2.2708,4.5715
DeskGPT,57,4096,jpeg90,robust,1.0,2.3007,2.2816,4.5823
DeskGPT,57,4096,jpeg70,robust,0.707764,2.3007,2.2748,4.5755
DeskGPT,57,4096,jpeg50,robust,0.70166,2.3007,2.2672,4.5679
DeskGPT,57,4096,resize0.5,robust,1.0,2.3007,2.2738,4.5745
DeskGPT,57,4096,resize0.75,robust,1.0,2.3007,2.2776,4.5783
DeskGPT,57,4096,resize1.25,robust,1.0,2.3007,2.2787,4.5794
DeskGPT,57,4096,resize1.5,robust,1.0,2.3007,2.2813,4.582
DeskGPT,57,4096,gnoise01,robust,0.710449,2.3007,2.272,4.5727
DeskGPT,57,4096,gnoise05,robust,0.684082,2.3007,2.2642,4.5649
DeskGPT,57,4096,gnoise10,robust,0.641113,2.3007,2.271,4.5717
DeskGPT,57,4096,gblur3,robust,1.0,2.3007,2.271,4.5717
DeskGPT,57,4096,gblur5,robust,0.69458,2.3007,2.2705,4.5712
DeskGPT,57,4096,gblur7,robust,0.657959,2.3007,2.2744,4.5751
DeskGPT,57,4096,mblur3,robust,1.0,2.3007,2.2723,4.573
DeskGPT,57,4096,mblur5,robust,0.702637,2.3007,2.2676,4.5683
DeskGPT,57,4096,mblur7,robust,0.68335,2.3007,2.2666,4.5673
DeskGPT,58,4096,clean,robust,1.0,2.3018,2.272,4.5737
DeskGPT,58,4096,png,robust,1.0,2.3018,2.2778,4.5796
DeskGPT,58,4096,jpeg90,robust,1.0,2.3018,2.2676,4.5694
DeskGPT,58,4096,jpeg70,robust,1.0,2.3018,2.2675,4.5693
DeskGPT,58,4096,jpeg50,robust,1.0,2.3018,2.2741,4.5759
DeskGPT,58,4096,resize0.5,robust,1.0,2.3018,2.2678,4.5695
DeskGPT,58,4096,resize0.75,robust,1.0,2.3018,2.2763,4.5781
DeskGPT,58,4096,resize1.25,robust,1.0,2.3018,2.2771,4.5788
DeskGPT,58,4096,resize1.5,robust,1.0,2.3018,2.2694,4.5712
DeskGPT,58,4096,gnoise01,robust,1.0,2.3018,2.2666,4.5684
DeskGPT,58,4096,gnoise05,robust,1.0,2.3018,2.2762,4.578
DeskGPT,58,4096,gnoise10,robust,0.710205,2.3018,2.2719,4.5737
DeskGPT,58,4096,gblur3,robust,1.0,2.3018,2.2888,4.5906
DeskGPT,58,4096,gblur5,robust,0.714844,2.3018,2.2798,4.5816
DeskGPT,58,4096,gblur7,robust,0.689697,2.3018,2.2735,4.5753
DeskGPT,58,4096,mblur3,robust,1.0,2.3018,2.2836,4.5854
DeskGPT,58,4096,mblur5,robust,1.0,2.3018,2.2763,4.578
DeskGPT,58,4096,mblur7,robust,0.703125,2.3018,2.2779,4.5797
DeskGPT,59,4096,clean,robust,1.0,2.2992,2.2686,4.5678
DeskGPT,59,4096,png,robust,1.0,2.2992,2.2684,4.5676
DeskGPT,59,4096,jpeg90,robust,1.0,2.2992,2.2662,4.5654
DeskGPT,59,4096,jpeg70,robust,1.0,2.2992,2.2713,4.5705
DeskGPT,59,4096,jpeg50,robust,1.0,2.2992,2.2791,4.5783
DeskGPT,59,4096,resize0.5,robust,1.0,2.2992,2.2791,4.5783
DeskGPT,59,4096,resize0.75,robust,1.0,2.2992,2.2684,4.5676
DeskGPT,59,4096,resize1.25,robust,1.0,2.2992,2.2698,4.569
DeskGPT,59,4096,resize1.5,robust,1.0,2.2992,2.2728,4.572
DeskGPT,59,4096,gnoise01,robust,1.0,2.2992,2.2737,4.5729
DeskGPT,59,4096,gnoise05,robust,1.0,2.2992,2.2836,4.5828
DeskGPT,59,4096,gnoise10,robust,0.693848,2.2992,2.2658,4.565
DeskGPT,59,4096,gblur3,robust,1.0,2.2992,2.2709,4.5701
DeskGPT,59,4096,gblur5,robust,0.702393,2.2992,2.2676,4.5668
DeskGPT,59,4096,gblur7,robust,0.668945,2.2992,2.266,4.5652
DeskGPT,59,4096,mblur3,robust,1.0,2.2992,2.2785,4.5777
DeskGPT,59,4096,mblur5,robust,0.708008,2.2992,2.2737,4.5729
DeskGPT,59,4096,mblur7,robust,0.688232,2.2992,2.2681,4.5673
DeskGPT,60,4096,clean,robust,1.0,2.3014,2.2673,4.5687
DeskGPT,60,4096,png,robust,1.0,2.3014,2.2689,4.5702
DeskGPT,60,4096,jpeg90,robust,1.0,2.3014,2.2807,4.582
DeskGPT,60,4096,jpeg70,robust,1.0,2.3014,2.2834,4.5847
DeskGPT,60,4096,jpeg50,robust,0.718994,2.3014,2.2776,4.579
DeskGPT,60,4096,resize0.5,robust,1.0,2.3014,2.2742,4.5755
DeskGPT,60,4096,resize0.75,robust,1.0,2.3014,2.269,4.5704
DeskGPT,60,4096,resize1.25,robust,1.0,2.3014,2.2717,4.5731
DeskGPT,60,4096,resize1.5,robust,1.0,2.3014,2.2838,4.5852
DeskGPT,60,4096,gnoise01,robust,1.0,2.3014,2.2725,4.5738
DeskGPT,60,4096,gnoise05,robust,0.7146,2.3014,2.2648,4.5662
DeskGPT,60,4096,gnoise10,robust,0.690918,2.3014,2.2667,4.5681
DeskGPT,60,4096,gblur3,robust,1.0,2.3014,2.2724,4.5738
DeskGPT,60,4096,gblur5,robust,0.708252,2.3014,2.2778,4.5791
DeskGPT,60,4096,gblur7,robust,0.688477,2.3014,2.2722,4.5735
DeskGPT,60,4096,mblur3,robust,1.0,2.3014,2.2728,4.5742
DeskGPT,60,4096,mblur5,robust,0.718506,2.3014,2.2674,4.5687
DeskGPT,60,4096,mblur7,robust,0.703857,2.3014,2.265,4.5664
DeskGPT,61,4096,clean,robust,1.0,2.2967,2.2789,4.5755
DeskGPT,61,4096,png,robust,1.0,2.2967,2.278,4.5747
DeskGPT,61,4096,jpeg90,robust,0.722168,2.2967,2.2672,4.5638
DeskGPT,61,4096,jpeg70,robust,0.688721,2.2967,2.2651,4.5617
DeskGPT,61,4096,jpeg50,robust,0.66333,2.2967,2.2676,4.5643
DeskGPT,61,4096,resize0.5,robust,0.72168,2.2967,2.2649,4.5615
DeskGPT,61,4096,resize0.75,robust,1.0,2.2967,2.2792,4.5759
DeskGPT,61,4096,resize1.25,robust,1.0,2.2967,2.2733,4.57
DeskGPT,61,4096,resize1.5,robust,1.0,2.2967,2.2709,4.5676
DeskGPT,61,4096,gnoise01,robust,0.718018,2.2967,2.2694,4.5661
DeskGPT,61,4096,gnoise05,robust,0.655273,2.2967,2.2663,4.5629
DeskGPT,61,4096,gnoise10,robust,0.608887,2.2967,2.2695,4.5662
DeskGPT,61,4096,gblur3,robust,1.0,2.2967,2.2922,4.5889
DeskGPT,61,4096,gblur5,robust,0.699951,2.2967,2.2666,4.5632
DeskGPT,61,4096,gblur7,robust,0.647217,2.2967,2.2687,4.5654
DeskGPT,61,4096,mblur3,robust,0.723633,2.2967,2.2754,4.572
DeskGPT,61,4096,mblur5,robust,0.707275,2.2967,2.2704,4.567
DeskGPT,61,4096,mblur7,robust,0.68335,2.2967,2.2793,4.576
DeskGPT,62,4096,clean,robust,1.0,2.2956,2.2705,4.5661
DeskGPT,62,4096,png,robust,1.0,2.2956,2.2734,4.569
DeskGPT,62,4096,jpeg90,robust,0.718262,2.2956,2.2741,4.5697
DeskGPT,62,4096,jpeg70,robust,0.705078,2.2956,2.2663,4.5619
DeskGPT,62,4096,jpeg50,robust,0.681396,2.2956,2.2718,4.5674
DeskGPT,62,4096,resize0.5,robust,1.0,2.2956,2.2802,4.5758
DeskGPT,62,4096,resize0.75,robust,1.0,2.2956,2.2763,4.5719
DeskGPT,62,4096,resize1.25,robust,1.0,2.2956,2.271,4.5666
DeskGPT,62,4096,resize1.5,robust,1.0,2.2956,2.27,4.5656
DeskGPT,62,4096,gnoise01,robust,0.713867,2.2956,2.2695,4.5652
DeskGPT,62,4096,gnoise05,robust,0.640869,2.2956,2.271,4.5666
DeskGPT,62,4096,gnoise10,robust,0.60791,2.2956,2.2692,4.5649
DeskGPT,62,4096,gblur3,robust,1.0,2.2956,2.272,4.5676
DeskGPT,62,4096,gblur5,robust,0.708496,2.2956,2.2651,4.5607
DeskGPT,62,4096,gblur7,robust,0.680664,2.2956,2.2688,4.5644
DeskGPT,62,4096,mblur3,robust,1.0,2.2956,2.2744,4.57
DeskGPT,62,4096,mblur5,robust,0.708984,2.2956,2.2702,4.5658
DeskGPT,62,4096,mblur7,robust,0.681396,2.2956,2.2668,4.5624
DeskGPT,63,4096,clean,robust,1.0,2.2981,2.2729,4.571
DeskGPT,63,4096,png,robust,1.0,2.2981,2.2819,4.58
DeskGPT,63,4096,jpeg90,robust,0.70874,2.2981,2.2742,4.5723
DeskGPT,63,4096,jpeg70,robust,0.704102,2.2981,2.271,4.5691
DeskGPT,63,4096,jpeg50,robust,0.691162,2.2981,2.2669,4.565
DeskGPT,63,4096,resize0.5,robust,0.701172,2.2981,2.2641,4.5622
DeskGPT,63,4096,resize0.75,robust,0.711914,2.2981,2.2701,4.5682
DeskGPT,63,4096,resize1.25,robust,1.0,2.2981,2.28,4.5782
DeskGPT,63,4096,resize1.5,robust,1.0,2.2981,2.2794,4.5775
DeskGPT,63,4096,gnoise01,robust,0.706299,2.2981,2.267,4.5652
DeskGPT,63,4096,gnoise05,robust,0.657715,2.2981,2.2663,4.5644
DeskGPT,63,4096,gnoise10,robust,0.623779,2.2981,2.2675,4.5657
DeskGPT,63,4096,gblur3,robust,0.708984,2.2981,2.268,4.5661
DeskGPT,63,4096,gblur5,robust,0.672852,2.2981,2.2713,4.5695
DeskGPT,63,4096,gblur7,robust,0.638672,2.2981,2.269,4.5671
DeskGPT,63,4096,mblur3,robust,0.702148,2.2981,2.2671,4.5652
DeskGPT,63,4096,mblur5,robust,0.677246,2.2981,2.2767,4.5748
DeskGPT,63,4096,mblur7,robust,0.659424,2.2981,2.2678,4.5659
DeskGPT,64,4096,clean,robust,1.0,2.2956,2.282,4.5776
DeskGPT,64,4096,png,robust,1.0,2.2956,2.2799,4.5755
DeskGPT,64,4096,jpeg90,robust,0.699219,2.2956,2.2725,4.5681
DeskGPT,64,4096,jpeg70,robust,0.693604,2.2956,2.269,4.5646
DeskGPT,64,4096,jpeg50,robust,0.688965,2.2956,2.2694,4.565
DeskGPT,64,4096,resize0.5,robust,0.687988,2.2956,2.2695,4.5651
DeskGPT,64,4096,resize0.75,robust,0.699463,2.2956,2.2737,4.5692
DeskGPT,64,4096,resize1.25,robust,1.0,2.2956,2.2746,4.5702
DeskGPT,64,4096,resize1.5,robust,1.0,2.2956,2.2742,4.5698
DeskGPT,64,4096,gnoise01,robust,0.697754,2.2956,2.2753,4.5709
DeskGPT,64,4096,gnoise05,robust,0.688477,2.2956,2.2663,4.5619
DeskGPT,64,4096,gnoise10,robust,0.659912,2.2956,2.2674,4.563
DeskGPT,64,4096,gblur3,robust,0.696533,2.2956,2.2727,4.5683
DeskGPT,64,4096,gblur5,robust,0.660156,2.2956,2.2656,4.5611
DeskGPT,64,4096,gblur7,robust,0.634521,2.2956,2.2663,4.5619
DeskGPT,64,4096,mblur3,robust,0.692627,2.2956,2.2677,4.5633
DeskGPT,64,4096,mblur5,robust,0.659912,2.2956,2.2662,4.5618
DeskGPT,64,4096,mblur7,robust,0.634277,2.2956,2.272,4.5676
DeskGPT,65,4096,clean,robust,1.0,2.3001,2.2725,4.5726
DeskGPT,65,4096,png,robust,1.0,2.3001,2.2703,4.5704
DeskGPT,65,4096,jpeg90,robust,1.0,2.3001,2.2751,4.5752
DeskGPT,65,4096,jpeg70,robust,0.706299,2.3001,2.266,4.5661
DeskGPT,65,4096,jpeg50,robust,0.698975,2.3001,2.2702,4.5703
DeskGPT,65,4096,resize0.5,robust,1.0,2.3001,2.2754,4.5755
DeskGPT,65,4096,resize0.75,robust,1.0,2.3001,2.2711,4.5712
DeskGPT,65,4096,resize1.25,robust,1.0,2.3001,2.2699,4.57
DeskGPT,65,4096,resize1.5,robust,1.0,2.3001,2.2714,4.5715
DeskGPT,65,4096,gnoise01,robust,1.0,2.3001,2.2763,4.5764
DeskGPT,65,4096,gnoise05,robust,0.692871,2.3001,2.2764,4.5765
DeskGPT,65,4096,gnoise10,robust,0.657959,2.3001,2.2644,4.5645
DeskGPT,65,4096,gblur3,robust,1.0,2.3001,2.2716,4.5716
DeskGPT,65,4096,gblur5,robust,0.70166,2.3001,2.2681,4.5681
DeskGPT,65,4096,gblur7,robust,0.666016,2.3001,2.2709,4.571
DeskGPT,65,4096,mblur3,robust,1.0,2.3001,2.2785,4.5786
DeskGPT,65,4096,mblur5,robust,0.706299,2.3001,2.275,4.5751
DeskGPT,65,4096,mblur7,robust,0.68457,2.3001,2.2711,4.5712
DeskGPT,66,4096,clean,robust,1.0,2.3049,2.2672,4.5721
DeskGPT,66,4096,png,robust,1.0,2.3049,2.2677,4.5726
DeskGPT,66,4096,jpeg90,robust,1.0,2.3049,2.2742,4.5791
DeskGPT,66,4096,jpeg70,robust,0.713135,2.3049,2.269,4.5739
DeskGPT,66,4096,jpeg50,robust,0.700439,2.3049,2.2671,4.5719
DeskGPT,66,4096,resize0.5,robust,1.0,2.3049,2.2725,4.5774
DeskGPT,66,4096,resize0.75,robust,1.0,2.3049,2.2724,4.5772
DeskGPT,66,4096,resize1.25,robust,1.0,2.3049,2.2677,4.5725
DeskGPT,66,4096,resize1.5,robust,1.0,2.3049,2.2748,4.5796
DeskGPT,66,4096,gnoise01,robust,1.0,2.3049,2.2722,4.5771
DeskGPT,66,4096,gnoise05,robust,0.683594,2.3049,2.2706,4.5755
DeskGPT,66,4096,gnoise10,robust,0.612305,2.3049,2.2673,4.5722
DeskGPT,66,4096,gblur3,robust,1.0,2.3049,2.2721,4.577
DeskGPT,66,4096,gblur5,robust,0.706787,2.3049,2.2701,4.5749
DeskGPT,66,4096,gblur7,robust,0.667969,2.3049,2.2736,4.5784
DeskGPT,66,4096,mblur3,robust,0.714111,2.3049,2.2665,4.5714
DeskGPT,66,4096,mblur5,robust,0.702148,2.3049,2.266,4.5708
DeskGPT,66,4096,mblur7,robust,0.680908,2.3049,2.2683,4.5731
DeskGPT,67,4096,clean,robust,1.0,2.2979,2.2758,4.5737
DeskGPT,67,4096,png,robust,1.0,2.2979,2.2759,4.5738
DeskGPT,67,4096,jpeg90,robust,1.0,2.2979,2.273,4.5709
DeskGPT,67,4096,jpeg70,robust,0.705566,2.2979,2.2718,4.5697
DeskGPT,67,4096,jpeg50,robust,0.697021,2.2979,2.2691,4.567
DeskGPT,67,4096,resize0.5,robust,0.704834,2.2979,2.2716,4.5695
DeskGPT,67,4096,resize0.75,robust,1.0,2.2979,2.2853,4.5832
DeskGPT,67,4096,resize1.25,robust,1.0,2.2979,2.2753,4.5732
DeskGPT,67,4096,resize1.5,robust,1.0,2.2979,2.2713,4.5692
DeskGPT,67,4096,gnoise01,robust,1.0,2.2979,2.2722,4.5701
DeskGPT,67,4096,gnoise05,robust,0.6875,2.2979,2.2661,4.564
DeskGPT,67,4096,gnoise10,robust,0.659424,2.2979,2.2669,4.5648
DeskGPT,67,4096,gblur3,robust,1.0,2.2979,2.2787,4.5766
DeskGPT,67,4096,gblur5,robust,0.678467,2.2979,2.27,4.5679
DeskGPT,67,4096,gblur7,robust,0.63623,2.2979,2.2687,4.5666
DeskGPT,67,4096,mblur3,robust,0.709717,2.2979,2.269,4.5669
DeskGPT,67,4096,mblur5,robust,0.691406,2.2979,2.2674,4.5653
DeskGPT,67,4096,mblur7,robust,0.661133,2.2979,2.2719,4.5698
DeskGPT,68,4096,clean,robust,1.0,2.3001,2.2704,4.5705
DeskGPT,68,4096,png,robust,1.0,2.3001,2.2701,4.5702
DeskGPT,68,4096,jpeg90,robust,1.0,2.3001,2.2743,4.5744
DeskGPT,68,4096,jpeg70,robust,1.0,2.3001,2.2717,4.5717
DeskGPT,68,4096,jpeg50,robust,0.711426,2.3001,2.2725,4.5726
DeskGPT,68,4096,resize0.5,robust,0.718994,2.3001,2.2669,4.567
DeskGPT,68,4096,resize0.75,robust,1.0,2.3001,2.2676,4.5677
DeskGPT,68,4096,resize1.25,robust,1.0,2.3001,2.2738,4.5739
DeskGPT,68,4096,resize1.5,robust,1.0,2.3001,2.2685,4.5686
DeskGPT,68,4096,gnoise01,robust,1.0,2.3001,2.2738,4.5739
DeskGPT,68,4096,gnoise05,robust,0.711182,2.3001,2.2694,4.5695
DeskGPT,68,4096,gnoise10,robust,0.672119,2.3001,2.2676,4.5677
DeskGPT,68,4096,gblur3,robust,1.0,2.3001,2.2756,4.5757
DeskGPT,68,4096,gblur5,robust,0.69751,2.3001,2.2658,4.5658
DeskGPT,68,4096,gblur7,robust,0.66626,2.3001,2.2727,4.5728
DeskGPT,68,4096,mblur3,robust,1.0,2.3001,2.2813,4.5814
DeskGPT,68,4096,mblur5,robust,0.702393,2.3001,2.272,4.572
DeskGPT,68,4096,mblur7,robust,0.677246,2.3001,2.2661,4.5662
DeskGPT,69,4096,clean,robust,1.0,2.2997,2.2716,4.5713
DeskGPT,69,4096,png,robust,1.0,2.2997,2.2714,4.5711
DeskGPT,69,4096,jpeg90,robust,1.0,2.2997,2.2799,4.5796
DeskGPT,69,4096,jpeg70,robust,0.703613,2.2997,2.2733,4.573
DeskGPT,69,4096,jpeg50,robust,0.682373,2.2997,2.267,4.5667
DeskGPT,69,4096,resize0.5,robust,0.712402,2.2997,2.2661,4.5658
DeskGPT,69,4096,resize0.75,robust,1.0,2.2997,2.2762,4.5758
DeskGPT,69,4096,resize1.25,robust,1.0,2.2997,2.2738,4.5734
DeskGPT,69,4096,resize1.5,robust,1.0,2.2997,2.2793,4.579
DeskGPT,69,4096,gnoise01,robust,0.71582,2.2997,2.2725,4.5722
DeskGPT,69,4096,gnoise05,robust,0.665283,2.2997,2.2672,4.5668
DeskGPT,69,4096,gnoise10,robust,0.618896,2.2997,2.2682,4.5679
DeskGPT,69,4096,gblur3,robust,0.716064,2.2997,2.2696,4.5693
DeskGPT,69,4096,gblur5,robust,0.693848,2.2997,2.275,4.5746
DeskGPT,69,4096,gblur7,robust,0.656982,2.2997,2.2717,4.5714
DeskGPT,69,4096,mblur3,robust,0.7146,2.2997,2.2692,4.5689
DeskGPT,69,4096,mblur5,robust,0.696289,2.2997,2.2674,4.5671
DeskGPT,69,4096,mblur7,robust,0.664062,2.2997,2.2694,4.5691
DeskGPT,70,4096,clean,robust,1.0,2.2995,2.2782,4.5777
DeskGPT,70,4096,png,robust,1.0,2.2995,2.2831,4.5826
DeskGPT,70,4096,jpeg90,robust,0.712646,2.2995,2.2704,4.5698
DeskGPT,70,4096,jpeg70,robust,0.695312,2.2995,2.2737,4.5732
DeskGPT,70,4096,jpeg50,robust,0.675293,2.2995,2.2708,4.5703
DeskGPT,70,4096,resize0.5,robust,0.708984,2.2995,2.2674,4.5669
DeskGPT,70,4096,resize0.75,robust,0.717041,2.2995,2.2823,4.5818
DeskGPT,70,4096,resize1.25,robust,1.0,2.2995,2.2765,4.576
DeskGPT,70,4096,resize1.5,robust,1.0,2.2995,2.2726,4.5721
DeskGPT,70,4096,gnoise01,robust,0.713379,2.2995,2.2704,4.5699
DeskGPT,70,4096,gnoise05,robust,0.643311,2.2995,2.2648,4.5642
DeskGPT,70,4096,gnoise10,robust,0.601318,2.2995,2.271,4.5705
DeskGPT,70,4096,gblur3,robust,0.71582,2.2995,2.2725,4.572
DeskGPT,70,4096,gblur5,robust,0.685547,2.2995,2.2668,4.5663
DeskGPT,70,4096,gblur7,robust,0.650879,2.2995,2.2654,4.5649
DeskGPT,70,4096,mblur3,robust,0.71167,2.2995,2.2661,4.5656
DeskGPT,70,4096,mblur5,robust,0.689941,2.2995,2.2703,4.5698
DeskGPT,70,4096,mblur7,robust,0.663574,2.2995,2.279,4.5785
DeskGPT,71,4096,clean,robust,1.0,2.3047,2.2698,4.5745
DeskGPT,71,4096,png,robust,1.0,2.3047,2.2717,4.5764
DeskGPT,71,4096,jpeg90,robust,1.0,2.3047,2.2725,4.5772
DeskGPT,71,4096,jpeg70,robust,0.706055,2.3047,2.268,4.5727
DeskGPT,71,4096,jpeg50,robust,0.691162,2.3047,2.2843,4.589
DeskGPT,71,4096,resize0.5,robust,0.715576,2.3047,2.2713,4.576
DeskGPT,71,4096,resize0.75,robust,1.0,2.3047,2.2717,4.5764
DeskGPT,71,4096,resize1.25,robust,1.0,2.3047,2.274,4.5787
DeskGPT,71,4096,resize1.5,robust,1.0,2.3047,2.2721,4.5768
DeskGPT,71,4096,gnoise01,robust,1.0,2.3047,2.2798,4.5845
DeskGPT,71,4096,gnoise05,robust,0.670166,2.3047,2.2801,4.5848
DeskGPT,71,4096,gnoise10,robust,0.632324,2.3047,2.2785,4.5832
DeskGPT,71,4096,gblur3,robust,1.0,2.3047,2.2802,4.5849
DeskGPT,71,4096,gblur5,robust,0.690186,2.3047,2.267,4.5717
DeskGPT,71,4096,gblur7,robust,0.657471,2.3047,2.2671,4.5718
DeskGPT,71,4096,mblur3,robust,0.716553,2.3047,2.2803,4.585
DeskGPT,71,4096,mblur5,robust,0.695068,2.3047,2.2683,4.573
DeskGPT,71,4096,mblur7,robust,0.677734,2.3047,2.2713,4.576
DeskGPT,72,4096,clean,robust,1.0,2.2996,2.2707,4.5702
DeskGPT,72,4096,png,robust,1.0,2.2996,2.269,4.5686
DeskGPT,72,4096,jpeg90,robust,1.0,2.2996,2.2783,4.5779
DeskGPT,72,4096,jpeg70,robust,1.0,2.2996,2.2766,4.5761
DeskGPT,72,4096,jpeg50,robust,1.0,2.2996,2.2719,4.5714
DeskGPT,72,4096,resize0.5,robust,1.0,2.2996,2.2722,4.5718
DeskGPT,72,4096,resize0.75,robust,1.0,2.2996,2.2696,4.5692
DeskGPT,72,4096,resize1.25,robust,1.0,2.2996,2.2703,4.5699
DeskGPT,72,4096,resize1.5,robust,1.0,2.2996,2.2777,4.5772
DeskGPT,72,4096,gnoise01,robust,1.0,2.2996,2.2686,4.5682
DeskGPT,72,4096,gnoise05,robust,0.725098,2.2996,2.2641,4.5636
DeskGPT,72,4096,gnoise10,robust,0.70459,2.2996,2.2645,4.564
DeskGPT,72,4096,gblur3,robust,1.0,2.2996,2.2713,4.5708
DeskGPT,72,4096,gblur5,robust,0.7146,2.2996,2.274,4.5736
DeskGPT,72,4096,gblur7,robust,0.688477,2.2996,2.2726,4.5722
DeskGPT,72,4096,mblur3,robust,1.0,2.2996,2.2715,4.5711
DeskGPT,72,4096,mblur5,robust,0.721436,2.2996,2.2721,4.5716
DeskGPT,72,4096,mblur7,robust,0.685547,2.2996,2.2744,4.5739
DeskGPT,73,4096,clean,robust,1.0,2.2974,2.2787,4.5761
DeskGPT,73,4096,png,robust,1.0,2.2974,2.2778,4.5752
DeskGPT,73,4096,jpeg90,robust,1.0,2.2974,2.2687,4.5661
DeskGPT,73,4096,jpeg70,robust,1.0,2.2974,2.2686,4.566
DeskGPT,73,4096,jpeg50,robust,1.0,2.2974,2.2723,4.5697
DeskGPT,73,4096,resize0.5,robust,1.0,2.2974,2.2705,4.568
DeskGPT,73,4096,resize0.75,robust,1.0,2.2974,2.2736,4.571
DeskGPT,73,4096,resize1.25,robust,1.0,2.2974,2.2671,4.5645
DeskGPT,73,4096,resize1.5,robust,1.0,2.2974,2.2663,4.5637
DeskGPT,73,4096,gnoise01,robust,1.0,2.2974,2.2659,4.5633
DeskGPT,73,4096,gnoise05,robust,0.695557,2.2974,2.2688,4.5662
DeskGPT,73,4096,gnoise10,robust,0.656494,2.2974,2.2762,4.5737
DeskGPT,73,4096,gblur3,robust,1.0,2.2974,2.269,4.5664
DeskGPT,73,4096,gblur5,robust,0.697266,2.2974,2.2645,4.5619
DeskGPT,73,4096,gblur7,robust,0.668457,2.2974,2.2657,4.5632
DeskGPT,73,4096,mblur3,robust,1.0,2.2974,2.2702,4.5677
DeskGPT,73,4096,mblur5,robust,0.695801,2.2974,2.2678,4.5653
DeskGPT,73,4096,mblur7,robust,0.670898,2.2974,2.2729,4.5704
DeskGPT,74,4096,clean,robust,1.0,2.2959,2.2755,4.5713
DeskGPT,74,4096,png,robust,1.0,2.2959,2.2724,4.5683
DeskGPT,74,4096,jpeg90,robust,0.710449,2.2959,2.274,4.5699
DeskGPT,74,4096,jpeg70,robust,0.699951,2.2959,2.2662,4.5621
DeskGPT,74,4096,jpeg50,robust,0.683838,2.2959,2.2733,4.5692
DeskGPT,74,4096,resize0.5,robust,0.708008,2.2959,2.2715,4.5674
DeskGPT,74,4096,resize0.75,robust,1.0,2.2959,2.276,4.5719
DeskGPT,74,4096,resize1.25,robust,1.0,2.2959,2.2728,4.5686
DeskGPT,74,4096,resize1.5,robust,1.0,2.2959,2.2788,4.5746
DeskGPT,74,4096,gnoise01,robust,0.712646,2.2959,2.276,4.5718
DeskGPT,74,4096,gnoise05,robust,0.647217,2.2959,2.27,4.5659
DeskGPT,74,4096,gnoise10,robust,0.582275,2.2959,2.2642,4.56
DeskGPT,74,4096,gblur3,robust,0.711914,2.2959,2.263,4.5588
DeskGPT,74,4096,gblur5,robust,0.679443,2.2959,2.2604,4.5563
DeskGPT,74,4096,gblur7,robust,0.640137,2.2959,2.2622,4.5581
DeskGPT,74,4096,mblur3,robust,0.711914,2.2959,2.2693,4.5652
DeskGPT,74,4096,mblur5,robust,0.695068,2.2959,2.2684,4.5643
DeskGPT,74,4096,mblur7,robust,0.666748,2.2959,2.2654,4.5613
DeskGPT,75,4096,clean,robust,1.0,2.2957,2.2665,4.5622
DeskGPT,75,4096,png,robust,1.0,2.2957,2.2658,4.5616
DeskGPT,75,4096,jpeg90,robust,1.0,2.2957,2.2786,4.5744
DeskGPT,75,4096,jpeg70,robust,1.0,2.2957,2.2749,4.5707
DeskGPT,75,4096,jpeg50,robust,1.0,2.2957,2.2698,4.5656
DeskGPT,75,4096,resize0.5,robust,1.0,2.2957,2.2695,4.5653
DeskGPT,75,4096,resize0.75,robust,1.0,2.2957,2.267,4.5628
DeskGPT,75,4096,resize1.25,robust,1.0,2.2957,2.2687,4.5645
DeskGPT,75,4096,resize1.5,robust,1.0,2.2957,2.27,4.5657
DeskGPT,75,4096,gnoise01,robust,1.0,2.2957,2.2672,4.563
DeskGPT,75,4096,gnoise05,robust,1.0,2.2957,2.2695,4.5653
DeskGPT,75,4096,gnoise10,robust,0.703125,2.2957,2.2646,4.5603
DeskGPT,75,4096,gblur3,robust,1.0,2.2957,2.2713,4.567
DeskGPT,75,4096,gblur5,robust,0.710449,2.2957,2.2701,4.5659
DeskGPT,75,4096,gblur7,robust,0.688232,2.2957,2.2703,4.5661
DeskGPT,75,4096,mblur3,robust,1.0,2.2957,2.2709,4.5667
DeskGPT,75,4096,mblur5,robust,0.712158,2.2957,2.2712,4.5669
DeskGPT,75,4096,mblur7,robust,0.692871,2.2957,2.2725,4.5683
DeskGPT,76,4096,clean,robust,1.0,2.3023,2.2817,4.584
DeskGPT,76,4096,png,robust,1.0,2.3023,2.2791,4.5814
DeskGPT,76,4096,jpeg90,robust,0.708008,2.3023,2.2688,4.5711
DeskGPT,76,4096,jpeg70,robust,0.69458,2.3023,2.2671,4.5693
DeskGPT,76,4096,jpeg50,robust,0.679688,2.3023,2.2662,4.5685
DeskGPT,76,4096,resize0.5,robust,0.703369,2.3023,2.2674,4.5697
DeskGPT,76,4096,resize0.75,robust,0.712402,2.3023,2.2696,4.5719
DeskGPT,76,4096,resize1.25,robust,1.0,2.3023,2.2721,4.5744
DeskGPT,76,4096,resize1.5,robust,1.0,2.3023,2.2714,4.5736
DeskGPT,76,4096,gnoise01,robust,0.708252,2.3023,2.2638,4.5661
DeskGPT,76,4096,gnoise05,robust,0.667969,2.3023,2.265,4.5673
DeskGPT,76,4096,gnoise10,robust,0.64209,2.3023,2.2714,4.5737
DeskGPT,76,4096,gblur3,robust,0.710205,2.3023,2.2679,4.5701
DeskGPT,76,4096,gblur5,robust,0.677246,2.3023,2.2696,4.5719
DeskGPT,76,4096,gblur7,robust,0.640869,2.3023,2.2661,4.5683
DeskGPT,76,4096,mblur3,robust,0.705811,2.3023,2.2648,4.5671
DeskGPT,76,4096,mblur5,robust,0.684082,2.3023,2.2678,4.5701
DeskGPT,76,4096,mblur7,robust,0.664551,2.3023,2.2735,4.5758
DeskGPT,77,4096,clean,robust,1.0,2.3048,2.2678,4.5726
DeskGPT,77,4096,png,robust,1.0,2.3048,2.2691,4.5739
DeskGPT,77,4096,jpeg90,robust,1.0,2.3048,2.2715,4.5763
DeskGPT,77,4096,jpeg70,robust,1.0,2.3048,2.2719,4.5768
DeskGPT,77,4096,jpeg50,robust,1.0,2.3048,2.2835,4.5883
DeskGPT,77,4096,resize0.5,robust,1.0,2.3048,2.2756,4.5804
DeskGPT,77,4096,resize0.75,robust,1.0,2.3048,2.2806,4.5854
DeskGPT,77,4096,resize1.25,robust,1.0,2.3048,2.274,4.5789
DeskGPT,77,4096,resize1.5,robust,1.0,2.3048,2.2744,4.5792
DeskGPT,77,4096,gnoise01,robust,1.0,2.3048,2.275,4.5799
DeskGPT,77,4096,gnoise05,robust,0.705811,2.3048,2.272,4.5768
DeskGPT,77,4096,gnoise10,robust,0.685059,2.3048,2.2673,4.5721
DeskGPT,77,4096,gblur3,robust,1.0,2.3048,2.2713,4.5761
DeskGPT,77,4096,gblur5,robust,0.6875,2.3048,2.2648,4.5696
DeskGPT,77,4096,gblur7,robust,0.649902,2.3048,2.2662,4.5711
DeskGPT,77,4096,mblur3,robust,1.0,2.3048,2.2797,4.5846
DeskGPT,77,4096,mblur5,robust,0.693359,2.3048,2.2652,4.57
DeskGPT,77,4096,mblur7,robust,0.660889,2.3048,2.2665,4.5713
DeskGPT,78,4096,clean,robust,1.0,2.3022,2.2696,4.5718
DeskGPT,78,4096,png,robust,1.0,2.3022,2.268,4.5703
DeskGPT,78,4096,jpeg90,robust,1.0,2.3022,2.2748,4.577
DeskGPT,78,4096,jpeg70,robust,1.0,2.3022,2.2759,4.5782
DeskGPT,78,4096,jpeg50,robust,1.0,2.3022,2.2735,4.5757
DeskGPT,78,4096,resize0.5,robust,1.0,2.3022,2.2772,4.5795
DeskGPT,78,4096,resize0.75,robust,1.0,2.3022,2.2717,4.5739
DeskGPT,78,4096,resize1.25,robust,1.0,2.3022,2.2734,4.5756
DeskGPT,78,4096,resize1.5,robust,1.0,2.3022,2.2756,4.5779
DeskGPT,78,4096,gnoise01,robust,1.0,2.3022,2.2681,4.5703
DeskGPT,78,4096,gnoise05,robust,1.0,2.3022,2.2768,4.579
DeskGPT,78,4096,gnoise10,robust,0.704834,2.3022,2.2681,4.5703
DeskGPT,78,4096,gblur3,robust,1.0,2.3022,2.2722,4.5744
DeskGPT,78,4096,gblur5,robust,0.699219,2.3022,2.2819,4.5841
DeskGPT,78,4096,gblur7,robust,0.674316,2.3022,2.2785,4.5807
DeskGPT,78,4096,mblur3,robust,1.0,2.3022,2.2742,4.5765
DeskGPT,78,4096,mblur5,robust,0.70874,2.3022,2.2681,4.5703
DeskGPT,78,4096,mblur7,robust,0.684326,2.3022,2.2667,4.5689
DeskGPT,79,4096,clean,robust,1.0,2.2993,2.2809,4.5802
DeskGPT,79,4096,png,robust,1.0,2.2993,2.2796,4.5789
DeskGPT,79,4096,jpeg90,robust,0.721924,2.2993,2.2713,4.5706
DeskGPT,79,4096,jpeg70,robust,0.703857,2.2993,2.2674,4.5668
DeskGPT,79,4096,jpeg50,robust,0.691406,2.2993,2.2666,4.5659
DeskGPT,79,4096,resize0.5,robust,0.711426,2.2993,2.2716,4.5709
DeskGPT,79,4096,resize0.75,robust,1.0,2.2993,2.2851,4.5844
DeskGPT,79,4096,resize1.25,robust,1.0,2.2993,2.2733,4.5726
DeskGPT,79,4096,resize1.5,robust,1.0,2.2993,2.2719,4.5712
DeskGPT,79,4096,gnoise01,robust,1.0,2.2993,2.275,4.5743
DeskGPT,79,4096,gnoise05,robust,0.66748,2.2993,2.2654,4.5647
DeskGPT,79,4096,gnoise10,robust,0.606201,2.2993,2.2759,4.5752
DeskGPT,79,4096,gblur3,robust,0.717529,2.2993,2.2704,4.5697
DeskGPT,79,4096,gblur5,robust,0.696777,2.2993,2.2657,4.565
DeskGPT,79,4096,gblur7,robust,0.676025,2.2993,2.2661,4.5655
DeskGPT,79,4096,mblur3,robust,0.718262,2.2993,2.2714,4.5707
DeskGPT,79,4096,mblur5,robust,0.703125,2.2993,2.2725,4.5718
DeskGPT,79,4096,mblur7,robust,0.665283,2.2993,2.2703,4.5696
DeskGPT,80,4096,clean,robust,0.697754,2.2993,2.269,4.5683
DeskGPT,80,4096,png,robust,0.69751,2.2993,2.267,4.5663
DeskGPT,80,4096,jpeg90,robust,0.689697,2.2993,2.2706,4.5699
DeskGPT,80,4096,jpeg70,robust,0.678711,2.2993,2.2741,4.5734
DeskGPT,80,4096,jpeg50,robust,0.648193,2.2993,2.2779,4.5772
DeskGPT,80,4096,resize0.5,robust,0.678711,2.2993,2.267,4.5663
DeskGPT,80,4096,resize0.75,robust,0.689209,2.2993,2.2763,4.5756
DeskGPT,80,4096,resize1.25,robust,0.697021,2.2993,2.2655,4.5648
DeskGPT,80,4096,resize1.5,robust,0.698975,2.2993,2.2657,4.565
DeskGPT,80,4096,gnoise01,robust,0.685547,2.2993,2.2697,4.569
DeskGPT,80,4096,gnoise05,robust,0.634521,2.2993,2.2672,4.5665
DeskGPT,80,4096,gnoise10,robust,0.593506,2.2993,2.2703,4.5696
DeskGPT,80,4096,gblur3,robust,0.685547,2.2993,2.2678,4.5671
DeskGPT,80,4096,gblur5,robust,0.627441,2.2993,2.2654,4.5647
DeskGPT,80,4096,gblur7,robust,0.605957,2.2993,2.2688,4.5681
DeskGPT,80,4096,mblur3,robust,0.672607,2.2993,2.2776,4.5769
DeskGPT,80,4096,mblur5,robust,0.634521,2.2993,2.2663,4.5656
DeskGPT,80,4096,mblur7,robust,0.614014,2.2993,2.2665,4.5658
DeskGPT,81,4096,clean,robust,1.0,2.3038,2.2674,4.5712
DeskGPT,81,4096,png,robust,1.0,2.3038,2.2699,4.5736
DeskGPT,81,4096,jpeg90,robust,1.0,2.3038,2.2818,4.5856
DeskGPT,81,4096,jpeg70,robust,1.0,2.3038,2.269,4.5728
DeskGPT,81,4096,jpeg50,robust,1.0,2.3038,2.2758,4.5796
DeskGPT,81,4096,resize0.5,robust,1.0,2.3038,2.2744,4.5782
DeskGPT,81,4096,resize0.75,robust,1.0,2.3038,2.2663,4.5701
DeskGPT,81,4096,resize1.25,robust,1.0,2.3038,2.2758,4.5795
DeskGPT,81,4096,resize1.5,robust,1.0,2.3038,2.2748,4.5786
DeskGPT,81,4096,gnoise01,robust,1.0,2.3038,2.2681,4.5719
DeskGPT,81,4096,gnoise05,robust,1.0,2.3038,2.2701,4.5739
DeskGPT,81,4096,gnoise10,robust,0.71875,2.3038,2.2768,4.5806
DeskGPT,81,4096,gblur3,robust,1.0,2.3038,2.2717,4.5755
DeskGPT,81,4096,gblur5,robust,0.716797,2.3038,2.2779,4.5817
DeskGPT,81,4096,gblur7,robust,0.689941,2.3038,2.2697,4.5735
DeskGPT,81,4096,mblur3,robust,1.0,2.3038,2.2705,4.5743
DeskGPT,81,4096,mblur5,robust,1.0,2.3038,2.2714,4.5751
DeskGPT,81,4096,mblur7,robust,0.699463,2.3038,2.269,4.5728
DeskGPT,82,4096,clean,robust,1.0,2.3029,2.279,4.5819
DeskGPT,82,4096,png,robust,1.0,2.3029,2.2719,4.5748
DeskGPT,82,4096,jpeg90,robust,1.0,2.3029,2.272,4.5749
DeskGPT,82,4096,jpeg70,robust,0.710449,2.3029,2.2663,4.5692
DeskGPT,82,4096,jpeg50,robust,0.704346,2.3029,2.2675,4.5704
DeskGPT,82,4096,resize0.5,robust,0.712891,2.3029,2.2669,4.5698
DeskGPT,82,4096,resize0.75,robust,1.0,2.3029,2.2767,4.5795
DeskGPT,82,4096,resize1.25,robust,1.0,2.3029,2.2714,4.5743
DeskGPT,82,4096,resize1.5,robust,1.0,2.3029,2.2709,4.5737
DeskGPT,82,4096,gnoise01,robust,1.0,2.3029,2.2715,4.5744
DeskGPT,82,4096,gnoise05,robust,0.694824,2.3029,2.265,4.5678
DeskGPT,82,4096,gnoise10,robust,0.665283,2.3029,2.276,4.5789
DeskGPT,82,4096,gblur3,robust,0.716553,2.3029,2.2711,4.574
DeskGPT,82,4096,gblur5,robust,0.693115,2.3029,2.2657,4.5685
DeskGPT,82,4096,gblur7,robust,0.672119,2.3029,2.264,4.5669
DeskGPT,82,4096,mblur3,robust,0.712158,2.3029,2.2653,4.5681
DeskGPT,82,4096,mblur5,robust,0.69873,2.3029,2.2712,4.574
DeskGPT,82,4096,mblur7,robust,0.664551,2.3029,2.2742,4.5771
DeskGPT,83,4096,clean,robust,1.0,2.3012,2.2742,4.5753
DeskGPT,83,4096,png,robust,1.0,2.3012,2.2764,4.5776
DeskGPT,83,4096,jpeg90,robust,1.0,2.3012,2.2731,4.5742
DeskGPT,83,4096,jpeg70,robust,0.702148,2.3012,2.2726,4.5738
DeskGPT,83,4096,jpeg50,robust,0.688232,2.3012,2.277,4.5781
DeskGPT,83,4096,resize0.5,robust,0.706299,2.3012,2.2702,4.5714
DeskGPT,83,4096,resize0.75,robust,1.0,2.3012,2.2694,4.5706
DeskGPT,83,4096,resize1.25,robust,1.0,2.3012,2.2698,4.5709
DeskGPT,83,4096,resize1.5,robust,1.0,2.3012,2.269,4.5701
DeskGPT,83,4096,gnoise01,robust,0.709961,2.3012,2.2744,4.5756
DeskGPT,83,4096,gnoise05,robust,0.672607,2.3012,2.2702,4.5714
DeskGPT,83,4096,gnoise10,robust,0.623291,2.3012,2.2676,4.5687
DeskGPT,83,4096,gblur3,robust,0.712158,2.3012,2.2695,4.5706
DeskGPT,83,4096,gblur5,robust,0.692383,2.3012,2.2684,4.5695
DeskGPT,83,4096,gblur7,robust,0.666504,2.3012,2.2732,4.5743
DeskGPT,83,4096,mblur3,robust,0.711914,2.3012,2.2772,4.5784
DeskGPT,83,4096,mblur5,robust,0.687988,2.3012,2.2658,4.567
DeskGPT,83,4096,mblur7,robust,0.661621,2.3012,2.2694,4.5706
DeskGPT,84,4096,clean,robust,1.0,2.301,2.277,4.578
DeskGPT,84,4096,png,robust,1.0,2.301,2.274,4.575
DeskGPT,84,4096,jpeg90,robust,1.0,2.301,2.2845,4.5854
DeskGPT,84,4096,jpeg70,robust,1.0,2.301,2.2702,4.5712
DeskGPT,84,4096,jpeg50,robust,0.715332,2.301,2.2704,4.5714
DeskGPT,84,4096,resize0.5,robust,0.716553,2.301,2.2666,4.5676
DeskGPT,84,4096,resize0.75,robust,1.0,2.301,2.2714,4.5723
DeskGPT,84,4096,resize1.25,robust,1.0,2.301,2.2785,4.5795
DeskGPT,84,4096,resize1.5,robust,1.0,2.301,2.2829,4.5838
DeskGPT,84,4096,gnoise01,robust,1.0,2.301,2.2771,4.578
DeskGPT,84,4096,gnoise05,robust,0.712891,2.301,2.2673,4.5683
DeskGPT,84,4096,gnoise10,robust,0.691162,2.301,2.2663,4.5673
DeskGPT,84,4096,gblur3,robust,1.0,2.301,2.2734,4.5743
DeskGPT,84,4096,gblur5,robust,0.690918,2.301,2.2763,4.5772
DeskGPT,84,4096,gblur7,robust,0.659912,2.301,2.2645,4.5655
DeskGPT,84,4096,mblur3,robust,1.0,2.301,2.2727,4.5736
DeskGPT,84,4096,mblur5,robust,0.700684,2.301,2.265,4.566
DeskGPT,84,4096,mblur7,robust,0.670166,2.301,2.2661,4.5671
DeskGPT,85,4096,clean,robust,1.0,2.2977,2.2784,4.5761
DeskGPT,85,4096,png,robust,1.0,2.2977,2.2709,4.5687
DeskGPT,85,4096,jpeg90,robust,1.0,2.2977,2.2712,4.569
DeskGPT,85,4096,jpeg70,robust,1.0,2.2977,2.2719,4.5697
DeskGPT,85,4096,jpeg50,robust,1.0,2.2977,2.2716,4.5693
DeskGPT,85,4096,resize0.5,robust,1.0,2.2977,2.276,4.5738
DeskGPT,85,4096,resize0.75,robust,1.0,2.2977,2.2792,4.5769
DeskGPT,85,4096,resize1.25,robust,1.0,2.2977,2.2679,4.5656
DeskGPT,85,4096,resize1.5,robust,1.0,2.2977,2.2684,4.5661
DeskGPT,85,4096,gnoise01,robust,1.0,2.2977,2.2683,4.566
DeskGPT,85,4096,gnoise05,robust,1.0,2.2977,2.2726,4.5703
DeskGPT,85,4096,gnoise10,robust,0.705322,2.2977,2.282,4.5798
DeskGPT,85,4096,gblur3,robust,1.0,2.2977,2.275,4.5727
DeskGPT,85,4096,gblur5,robust,0.70166,2.2977,2.2658,4.5636
DeskGPT,85,4096,gblur7,robust,0.664795,2.2977,2.2654,4.5631
DeskGPT,85,4096,mblur3,robust,1.0,2.2977,2.275,4.5727
DeskGPT,85,4096,mblur5,robust,0.708496,2.2977,2.2802,4.5779
DeskGPT,85,4096,mblur7,robust,0.684814,2.2977,2.2692,4.5669
DeskGPT,86,4096,clean,robust,1.0,2.3033,2.2701,4.5733
DeskGPT,86,4096,png,robust,1.0,2.3033,2.2737,4.5769
DeskGPT,86,4096,jpeg90,robust,1.0,2.3033,2.2716,4.5749
DeskGPT,86,4096,jpeg70,robust,0.703369,2.3033,2.2723,4.5755
DeskGPT,86,4096,jpeg50,robust,0.69873,2.3033,2.2756,4.5789
DeskGPT,86,4096,resize0.5,robust,1.0,2.3033,2.2741,4.5774
DeskGPT,86,4096,resize0.75,robust,1.0,2.3033,2.2708,4.5741
DeskGPT,86,4096,resize1.25,robust,1.0,2.3033,2.2726,4.5759
DeskGPT,86,4096,resize1.5,robust,1.0,2.3033,2.2726,4.5759
DeskGPT,86,4096,gnoise01,robust,1.0,2.3033,2.2809,4.5842
DeskGPT,86,4096,gnoise05,robust,0.702881,2.3033,2.27,4.5733
DeskGPT,86,4096,gnoise10,robust,0.683105,2.3033,2.2664,4.5697
DeskGPT,86,4096,gblur3,robust,1.0,2.3033,2.2724,4.5757
DeskGPT,86,4096,gblur5,robust,0.69043,2.3033,2.2647,4.568
DeskGPT,86,4096,gblur7,robust,0.649902,2.3033,2.2719,4.5751
DeskGPT,86,4096,mblur3,robust,1.0,2.3033,2.2805,4.5838
DeskGPT,86,4096,mblur5,robust,0.69873,2.3033,2.2716,4.5749
DeskGPT,86,4096,mblur7,robust,0.685791,2.3033,2.2671,4.5703
DeskGPT,87,4096,clean,robust,1.0,2.3016,2.273,4.5746
DeskGPT,87,4096,png,robust,1.0,2.3016,2.274,4.5757
DeskGPT,87,4096,jpeg90,robust,1.0,2.3016,2.2807,4.5824
DeskGPT,87,4096,jpeg70,robust,0.722168,2.3016,2.2802,4.5818
DeskGPT,87,4096,jpeg50,robust,0.719971,2.3016,2.281,4.5826
DeskGPT,87,4096,resize0.5,robust,0.718018,2.3016,2.2781,4.5798
DeskGPT,87,4096,resize0.75,robust,1.0,2.3016,2.2793,4.5809
DeskGPT,87,4096,resize1.25,robust,1.0,2.3016,2.2824,4.584
DeskGPT,87,4096,resize1.5,robust,1.0,2.3016,2.279,4.5807
DeskGPT,87,4096,gnoise01,robust,1.0,2.3016,2.2691,4.5707
DeskGPT,87,4096,gnoise05,robust,0.70874,2.3016,2.2635,4.5651
DeskGPT,87,4096,gnoise10,robust,0.67627,2.3016,2.2675,4.5692
DeskGPT,87,4096,gblur3,robust,1.0,2.3016,2.2788,4.5805
DeskGPT,87,4096,gblur5,robust,0.702393,2.3016,2.2756,4.5773
DeskGPT,87,4096,gblur7,robust,0.659424,2.3016,2.2646,4.5662
DeskGPT,87,4096,mblur3,robust,1.0,2.3016,2.2723,4.574
DeskGPT,87,4096,mblur5,robust,0.709473,2.3016,2.2666,4.5682
DeskGPT,87,4096,mblur7,robust,0.680176,2.3016,2.2724,4.574
DeskGPT,88,4096,clean,robust,0.713623,2.2992,2.2815,4.5806
DeskGPT,88,4096,png,robust,0.713623,2.2992,2.2696,4.5687
DeskGPT,88,4096,jpeg90,robust,0.711182,2.2992,2.2663,4.5655
DeskGPT,88,4096,jpeg70,robust,0.711914,2.2992,2.2658,4.565
DeskGPT,88,4096,jpeg50,robust,0.709473,2.2992,2.2644,4.5635
DeskGPT,88,4096,resize0.5,robust,0.697021,2.2992,2.2718,4.571
DeskGPT,88,4096,resize0.75,robust,0.710449,2.2992,2.2722,4.5713
DeskGPT,88,4096,resize1.25,robust,0.712158,2.2992,2.2678,4.567
DeskGPT,88,4096,resize1.5,robust,0.713379,2.2992,2.2744,4.5735
DeskGPT,88,4096,gnoise01,robust,0.713379,2.2992,2.271,4.5701
DeskGPT,88,4096,gnoise05,robust,0.710205,2.2992,2.2688,4.5679
DeskGPT,88,4096,gnoise10,robust,0.69751,2.2992,2.2771,4.5763
DeskGPT,88,4096,gblur3,robust,0.70874,2.2992,2.2656,4.5648
DeskGPT,88,4096,gblur5,robust,0.658447,2.2992,2.2782,4.5774
DeskGPT,88,4096,gblur7,robust,0.640869,2.2992,2.2715,4.5707
DeskGPT,88,4096,mblur3,robust,0.699707,2.2992,2.2674,4.5665
DeskGPT,88,4096,mblur5,robust,0.66626,2.2992,2.2763,4.5755
DeskGPT,88,4096,mblur7,robust,0.651611,2.2992,2.2691,4.5683
DeskGPT,89,4096,clean,robust,1.0,2.3063,2.2715,4.5778
DeskGPT,89,4096,png,robust,1.0,2.3063,2.2739,4.5801
DeskGPT,89,4096,jpeg90,robust,0.714355,2.3063,2.2672,4.5735
DeskGPT,89,4096,jpeg70,robust,0.700439,2.3063,2.2741,4.5803
DeskGPT,89,4096,jpeg50,robust,0.682129,2.3063,2.2722,4.5784
DeskGPT,89,4096,resize0.5,robust,0.700439,2.3063,2.2687,4.5749
DeskGPT,89,4096,resize0.75,robust,1.0,2.3063,2.2744,4.5807
DeskGPT,89,4096,resize1.25,robust,1.0,2.3063,2.272,4.5782
DeskGPT,89,4096,resize1.5,robust,1.0,2.3063,2.2725,4.5788
DeskGPT,89,4096,gnoise01,robust,0.712402,2.3063,2.2779,4.5842
DeskGPT,89,4096,gnoise05,robust,0.651611,2.3063,2.2665,4.5728
DeskGPT,89,4096,gnoise10,robust,0.604248,2.3063,2.2639,4.5702
DeskGPT,89,4096,gblur3,robust,0.709961,2.3063,2.2654,4.5716
DeskGPT,89,4096,gblur5,robust,0.674316,2.3063,2.2655,4.5718
DeskGPT,89,4096,gblur7,robust,0.636475,2.3063,2.2765,4.5828
DeskGPT,89,4096,mblur3,robust,0.704834,2.3063,2.2755,4.5818
DeskGPT,89,4096,mblur5,robust,0.681152,2.3063,2.268,4.5743
DeskGPT,89,4096,mblur7,robust,0.64502,2.3063,2.2657,4.572
DeskGPT,90,4096,clean,robust,1.0,2.2976,2.2704,4.568
DeskGPT,90,4096,png,robust,1.0,2.2976,2.2738,4.5714
DeskGPT,90,4096,jpeg90,robust,1.0,2.2976,2.2803,4.5779
DeskGPT,90,4096,jpeg70,robust,1.0,2.2976,2.2789,4.5765
DeskGPT,90,4096,jpeg50,robust,0.717285,2.2976,2.267,4.5646
DeskGPT,90,4096,resize0.5,robust,1.0,2.2976,2.2725,4.5701
DeskGPT,90,4096,resize0.75,robust,1.0,2.2976,2.266,4.5636
DeskGPT,90,4096,resize1.25,robust,1.0,2.2976,2.2712,4.5687
DeskGPT,90,4096,resize1.5,robust,1.0,2.2976,2.2679,4.5655
DeskGPT,90,4096,gnoise01,robust,1.0,2.2976,2.267,4.5646
DeskGPT,90,4096,gnoise05,robust,1.0,2.2976,2.2775,4.5751
DeskGPT,90,4096,gnoise10,robust,0.684326,2.2976,2.2645,4.5621
DeskGPT,90,4096,gblur3,robust,1.0,2.2976,2.278,4.5755
DeskGPT,90,4096,gblur5,robust,0.707764,2.2976,2.2782,4.5758
DeskGPT,90,4096,gblur7,robust,0.678955,2.2976,2.2676,4.5652
DeskGPT,90,4096,mblur3,robust,0.716797,2.2976,2.2745,4.5721
DeskGPT,90,4096,mblur5,robust,0.687012,2.2976,2.2683,4.5659
DeskGPT,90,4096,mblur7,robust,0.670166,2.2976,2.2718,4.5694
DeskGPT,91,4096,clean,robust,1.0,2.296,2.2783,4.5743
DeskGPT,91,4096,png,robust,1.0,2.296,2.2725,4.5685
DeskGPT,91,4096,jpeg90,robust,1.0,2.296,2.2722,4.5682
DeskGPT,91,4096,jpeg70,robust,0.708008,2.296,2.2657,4.5617
DeskGPT,91,4096,jpeg50,robust,0.701416,2.296,2.2688,4.5648
DeskGPT,91,4096,resize0.5,robust,0.703369,2.296,2.2768,4.5728
DeskGPT,91,4096,resize0.75,robust,1.0,2.296,2.276,4.572
DeskGPT,91,4096,resize1.25,robust,1.0,2.296,2.2712,4.5672
DeskGPT,91,4096,resize1.5,robust,1.0,2.296,2.2725,4.5685
DeskGPT,91,4096,gnoise01,robust,0.709229,2.296,2.2658,4.5619
DeskGPT,91,4096,gnoise05,robust,0.699463,2.296,2.2783,4.5743
DeskGPT,91,4096,gnoise10,robust,0.686523,2.296,2.2835,4.5795
DeskGPT,91,4096,gblur3,robust,1.0,2.296,2.2753,4.5713
DeskGPT,91,4096,gblur5,robust,0.674805,2.296,2.2673,4.5633
DeskGPT,91,4096,gblur7,robust,0.650635,2.296,2.2664,4.5624
DeskGPT,91,4096,mblur3,robust,0.709229,2.296,2.2687,4.5647
DeskGPT,91,4096,mblur5,robust,0.689697,2.296,2.2795,4.5755
DeskGPT,91,4096,mblur7,robust,0.66748,2.296,2.2673,4.5633
DeskGPT,92,4096,clean,robust,1.0,2.3003,2.2746,4.5749
DeskGPT,92,4096,png,robust,1.0,2.3003,2.2724,4.5727
DeskGPT,92,4096,jpeg90,robust,1.0,2.3003,2.2718,4.5721
DeskGPT,92,4096,jpeg70,robust,0.697266,2.3003,2.2766,4.5769
DeskGPT,92,4096,jpeg50,robust,0.689453,2.3003,2.2722,4.5725
DeskGPT,92,4096,resize0.5,robust,1.0,2.3003,2.2726,4.5729
DeskGPT,92,4096,resize0.75,robust,1.0,2.3003,2.273,4.5733
DeskGPT,92,4096,resize1.25,robust,1.0,2.3003,2.2753,4.5756
DeskGPT,92,4096,resize1.5,robust,1.0,2.3003,2.2719,4.5722
DeskGPT,92,4096,gnoise01,robust,1.0,2.3003,2.2767,4.577
DeskGPT,92,4096,gnoise05,robust,0.68335,2.3003,2.264,4.5643
DeskGPT,92,4096,gnoise10,robust,0.650391,2.3003,2.2647,4.565
DeskGPT,92,4096,gblur3,robust,1.0,2.3003,2.27,4.5703
DeskGPT,92,4096,gblur5,robust,0.695801,2.3003,2.2638,4.5641
DeskGPT,92,4096,gblur7,robust,0.658203,2.3003,2.2744,4.5747
DeskGPT,92,4096,mblur3,robust,1.0,2.3003,2.2802,4.5805
DeskGPT,92,4096,mblur5,robust,0.686035,2.3003,2.2692,4.5695
DeskGPT,92,4096,mblur7,robust,0.664062,2.3003,2.2715,4.5718
DeskGPT,93,4096,clean,robust,1.0,2.3038,2.2797,4.5835
DeskGPT,93,4096,png,robust,1.0,2.3038,2.2748,4.5786
DeskGPT,93,4096,jpeg90,robust,1.0,2.3038,2.2779,4.5817
DeskGPT,93,4096,jpeg70,robust,0.709229,2.3038,2.269,4.5728
DeskGPT,93,4096,jpeg50,robust,0.701172,2.3038,2.2664,4.5703
DeskGPT,93,4096,resize0.5,robust,1.0,2.3038,2.2741,4.5779
DeskGPT,93,4096,resize0.75,robust,1.0,2.3038,2.2743,4.5781
DeskGPT,93,4096,resize1.25,robust,1.0,2.3038,2.2759,4.5797
DeskGPT,93,4096,resize1.5,robust,1.0,2.3038,2.2741,4.5779
DeskGPT,93,4096,gnoise01,robust,1.0,2.3038,2.2736,4.5774
DeskGPT,93,4096,gnoise05,robust,0.692871,2.3038,2.2729,4.5768
DeskGPT,93,4096,gnoise10,robust,0.657471,2.3038,2.2658,4.5696
DeskGPT,93,4096,gblur3,robust,1.0,2.3038,2.2742,4.578
DeskGPT,93,4096,gblur5,robust,0.698242,2.3038,2.271,4.5748
DeskGPT,93,4096,gblur7,robust,0.660889,2.3038,2.2684,4.5722
DeskGPT,93,4096,mblur3,robust,1.0,2.3038,2.274,4.5778
DeskGPT,93,4096,mblur5,robust,0.704834,2.3038,2.2703,4.5741
DeskGPT,93,4096,mblur7,robust,0.679199,2.3038,2.2748,4.5786
DeskGPT,94,4096,clean,robust,1.0,2.3,2.2742,4.5741
DeskGPT,94,4096,png,robust,1.0,2.3,2.2693,4.5693
DeskGPT,94,4096,jpeg90,robust,1.0,2.3,2.2706,4.5705
DeskGPT,94,4096,jpeg70,robust,1.0,2.3,2.2726,4.5726
DeskGPT,94,4096,jpeg50,robust,1.0,2.3,2.2775,4.5775
DeskGPT,94,4096,resize0.5,robust,1.0,2.3,2.2761,4.5761
DeskGPT,94,4096,resize0.75,robust,1.0,2.3,2.2714,4.5714
DeskGPT,94,4096,resize1.25,robust,1.0,2.3,2.2718,4.5718
DeskGPT,94,4096,resize1.5,robust,1.0,2.3,2.2738,4.5738
DeskGPT,94,4096,gnoise01,robust,1.0,2.3,2.2708,4.5708
DeskGPT,94,4096,gnoise05,robust,0.716064,2.3,2.2742,4.5741
DeskGPT,94,4096,gnoise10,robust,0.705078,2.3,2.271,4.5709
DeskGPT,94,4096,gblur3,robust,1.0,2.3,2.2698,4.5697
DeskGPT,94,4096,gblur5,robust,0.7146,2.3,2.2711,4.5711
DeskGPT,94,4096,gblur7,robust,0.693115,2.3,2.265,4.565
DeskGPT,94,4096,mblur3,robust,1.0,2.3,2.2657,4.5657
DeskGPT,94,4096,mblur5,robust,1.0,2.3,2.279,4.5789
DeskGPT,94,4096,mblur7,robust,0.703857,2.3,2.268,4.5679
DeskGPT,95,4096,clean,robust,1.0,2.2977,2.2754,4.5731
DeskGPT,95,4096,png,robust,1.0,2.2977,2.2699,4.5676
DeskGPT,95,4096,jpeg90,robust,0.712402,2.2977,2.2687,4.5665
DeskGPT,95,4096,jpeg70,robust,0.693604,2.2977,2.2714,4.5691
DeskGPT,95,4096,jpeg50,robust,0.671875,2.2977,2.2688,4.5666
DeskGPT,95,4096,resize0.5,robust,0.712646,2.2977,2.2652,4.563
DeskGPT,95,4096,resize0.75,robust,1.0,2.2977,2.271,4.5688
DeskGPT,95,4096,resize1.25,robust,1.0,2.2977,2.2701,4.5678
DeskGPT,95,4096,resize1.5,robust,1.0,2.2977,2.2731,4.5708
DeskGPT,95,4096,gnoise01,robust,0.70752,2.2977,2.2733,4.5711
DeskGPT,95,4096,gnoise05,robust,0.648682,2.2977,2.2661,4.5638
DeskGPT,95,4096,gnoise10,robust,0.602783,2.2977,2.2649,4.5627
DeskGPT,95,4096,gblur3,robust,1.0,2.2977,2.2728,4.5705
DeskGPT,95,4096,gblur5,robust,0.698975,2.2977,2.2666,4.5644
DeskGPT,95,4096,gblur7,robust,0.664307,2.2977,2.2727,4.5705
DeskGPT,95,4096,mblur3,robust,0.715088,2.2977,2.2707,4.5684
DeskGPT,95,4096,mblur5,robust,0.698486,2.2977,2.2707,4.5684
DeskGPT,95,4096,mblur7,robust,0.672607,2.2977,2.2708,4.5685
DeskGPT,96,4096,clean,robust,1.0,2.3002,2.2721,4.5723
DeskGPT,96,4096,png,robust,1.0,2.3002,2.2726,4.5728
DeskGPT,96,4096,jpeg90,robust,1.0,2.3002,2.2713,4.5715
DeskGPT,96,4096,jpeg70,robust,1.0,2.3002,2.267,4.5672
DeskGPT,96,4096,jpeg50,robust,1.0,2.3002,2.2695,4.5697
DeskGPT,96,4096,resize0.5,robust,1.0,2.3002,2.2726,4.5728
DeskGPT,96,4096,resize0.75,robust,1.0,2.3002,2.2681,4.5683
DeskGPT,96,4096,resize1.25,robust,1.0,2.3002,2.2786,4.5788
DeskGPT,96,4096,resize1.5,robust,1.0,2.3002,2.2658,4.5661
DeskGPT,96,4096,gnoise01,robust,1.0,2.3002,2.2666,4.5669
DeskGPT,96,4096,gnoise05,robust,1.0,2.3002,2.2722,4.5724
DeskGPT,96,4096,gnoise10,robust,0.712158,2.3002,2.2714,4.5716
DeskGPT,96,4096,gblur3,robust,1.0,2.3002,2.2754,4.5756
DeskGPT,96,4096,gblur5,robust,1.0,2.3002,2.2754,4.5756
DeskGPT,96,4096,gblur7,robust,0.694336,2.3002,2.2661,4.5663
DeskGPT,96,4096,mblur3,robust,1.0,2.3002,2.2664,4.5667
DeskGPT,96,4096,mblur5,robust,1.0,2.3002,2.2702,4.5704
DeskGPT,96,4096,mblur7,robust,0.705566,2.3002,2.2721,4.5723
DeskGPT,97,4096,clean,robust,1.0,2.2984,2.2729,4.5713
DeskGPT,97,4096,png,robust,1.0,2.2984,2.2702,4.5686
DeskGPT,97,4096,jpeg90,robust,1.0,2.2984,2.2687,4.5671
DeskGPT,97,4096,jpeg70,robust,1.0,2.2984,2.2703,4.5687
DeskGPT,97,4096,jpeg50,robust,1.0,2.2984,2.2743,4.5727
DeskGPT,97,4096,resize0.5,robust,1.0,2.2984,2.2854,4.5838
DeskGPT,97,4096,resize0.75,robust,1.0,2.2984,2.2736,4.572
DeskGPT,97,4096,resize1.25,robust,1.0,2.2984,2.2691,4.5675
DeskGPT,97,4096,resize1.5,robust,1.0,2.2984,2.2683,4.5668
DeskGPT,97,4096,gnoise01,robust,1.0,2.2984,2.2672,4.5657
DeskGPT,97,4096,gnoise05,robust,1.0,2.2984,2.2769,4.5753
DeskGPT,97,4096,gnoise10,robust,0.699219,2.2984,2.2705,4.5689
DeskGPT,97,4096,gblur3,robust,1.0,2.2984,2.2715,4.5699
DeskGPT,97,4096,gblur5,robust,0.70752,2.2984,2.2682,4.5666
DeskGPT,97,4096,gblur7,robust,0.674561,2.2984,2.2674,4.5658
DeskGPT,97,4096,mblur3,robust,1.0,2.2984,2.2793,4.5777
DeskGPT,97,4096,mblur5,robust,0.711914,2.2984,2.2795,4.5779
DeskGPT,97,4096,mblur7,robust,0.675049,2.2984,2.2676,4.566
DeskGPT,98,4096,clean,robust,1.0,2.3016,2.2704,4.572
DeskGPT,98,4096,png,robust,1.0,2.3016,2.2747,4.5762
DeskGPT,98,4096,jpeg90,robust,1.0,2.3016,2.2703,4.5718
DeskGPT,98,4096,jpeg70,robust,0.717529,2.3016,2.2713,4.5728
DeskGPT,98,4096,jpeg50,robust,0.709961,2.3016,2.2661,4.5676
DeskGPT,98,4096,resize0.5,robust,0.719971,2.3016,2.2691,4.5706
DeskGPT,98,4096,resize0.75,robust,1.0,2.3016,2.2699,4.5715
DeskGPT,98,4096,resize1.25,robust,1.0,2.3016,2.2688,4.5704
DeskGPT,98,4096,resize1.5,robust,1.0,2.3016,2.2734,4.575
DeskGPT,98,4096,gnoise01,robust,1.0,2.3016,2.2748,4.5764
DeskGPT,98,4096,gnoise05,robust,0.70752,2.3016,2.2677,4.5692
DeskGPT,98,4096,gnoise10,robust,0.677734,2.3016,2.2691,4.5706
DeskGPT,98,4096,gblur3,robust,1.0,2.3016,2.2721,4.5736
DeskGPT,98,4096,gblur5,robust,0.688721,2.3016,2.2738,4.5754
DeskGPT,98,4096,gblur7,robust,0.648193,2.3016,2.2726,4.5742
DeskGPT,98,4096,mblur3,robust,0.72168,2.3016,2.2713,4.5729
DeskGPT,98,4096,mblur5,robust,0.704102,2.3016,2.2667,4.5682
DeskGPT,98,4096,mblur7,robust,0.671875,2.3016,2.2652,4.5668
DeskGPT,99,4096,clean,robust,1.0,2.2978,2.273,4.5708
DeskGPT,99,4096,png,robust,1.0,2.2978,2.2778,4.5756
DeskGPT,99,4096,jpeg90,robust,0.697266,2.2978,2.2689,4.5667
DeskGPT,99,4096,jpeg70,robust,0.662842,2.2978,2.2674,4.5652
DeskGPT,99,4096,jpeg50,robust,0.624756,2.2978,2.2667,4.5646
DeskGPT,99,4096,resize0.5,robust,0.693359,2.2978,2.269,4.5669
DeskGPT,99,4096,resize0.75,robust,0.705322,2.2978,2.2722,4.57
DeskGPT,99,4096,resize1.25,robust,1.0,2.2978,2.2808,4.5787
DeskGPT,99,4096,resize1.5,robust,1.0,2.2978,2.2723,4.5702
DeskGPT,99,4096,gnoise01,robust,0.697754,2.2978,2.2633,4.5611
DeskGPT,99,4096,gnoise05,robust,0.607178,2.2978,2.2637,4.5616
DeskGPT,99,4096,gnoise10,robust,0.560791,2.2978,2.2642,4.562
DeskGPT,99,4096,gblur3,robust,0.692871,2.2978,2.2698,4.5677
DeskGPT,99,4096,gblur5,robust,0.651367,2.2978,2.2688,4.5667
DeskGPT,99,4096,gblur7,robust,0.621094,2.2978,2.2648,4.5626
DeskGPT,99,4096,mblur3,robust,0.688965,2.2978,2.2648,4.5626
DeskGPT,99,4096,mblur5,robust,0.641602,2.2978,2.2667,4.5646
DeskGPT,99,4096,mblur7,robust,0.613037,2.2978,2.2726,4.5704
