dataset,sample,payload,attack,mode_used,accuracy,encode_time,decode_time,total_time
Flickr8K,0,1024,clean,robust,1.0,2.3394,2.2627,4.6022
Flickr8K,0,1024,png,robust,1.0,2.3394,2.2633,4.6027
Flickr8K,0,1024,jpeg90,robust,1.0,2.3394,2.2625,4.602
Flickr8K,0,1024,jpeg70,robust,1.0,2.3394,2.271,4.6105
Flickr8K,0,1024,jpeg50,robust,1.0,2.3394,2.2663,4.6058
Flickr8K,0,1024,resize0.5,robust,1.0,2.3394,2.264,4.6034
Flickr8K,0,1024,resize0.75,robust,1.0,2.3394,2.2635,4.6029
Flickr8K,0,1024,resize1.25,robust,1.0,2.3394,2.2664,4.6058
Flickr8K,0,1024,resize1.5,robust,1.0,2.3394,2.2681,4.6075
Flickr8K,0,1024,gnoise01,robust,1.0,2.3394,2.2702,4.6097
Flickr8K,0,1024,gnoise05,robust,1.0,2.3394,2.2665,4.6059
Flickr8K,0,1024,gnoise10,robust,0.956055,2.3394,2.2649,4.6044
Flickr8K,0,1024,gblur3,robust,1.0,2.3394,2.2665,4.6059
Flickr8K,0,1024,gblur5,robust,1.0,2.3394,2.2674,4.6068
Flickr8K,0,1024,gblur7,robust,0.945312,2.3394,2.27,4.6094
Flickr8K,0,1024,mblur3,robust,1.0,2.3394,2.2663,4.6058
Flickr8K,0,1024,mblur5,robust,1.0,2.3394,2.2664,4.6059
Flickr8K,0,1024,mblur7,robust,0.966797,2.3394,2.265,4.6044
Flickr8K,1,1024,clean,robust,1.0,2.2956,2.263,4.5586
Flickr8K,1,1024,png,robust,1.0,2.2956,2.2726,4.5682
Flickr8K,1,1024,jpeg90,robust,1.0,2.2956,2.2723,4.5679
Flickr8K,1,1024,jpeg70,robust,1.0,2.2956,2.2689,4.5645
Flickr8K,1,1024,jpeg50,robust,1.0,2.2956,2.2878,4.5834
Flickr8K,1,1024,resize0.5,robust,1.0,2.2956,2.2691,4.5647
Flickr8K,1,1024,resize0.75,robust,1.0,2.2956,2.2659,4.5615
Flickr8K,1,1024,resize1.25,robust,1.0,2.2956,2.2717,4.5673
Flickr8K,1,1024,resize1.5,robust,1.0,2.2956,2.2634,4.559
Flickr8K,1,1024,gnoise01,robust,1.0,2.2956,2.2639,4.5595
Flickr8K,1,1024,gnoise05,robust,1.0,2.2956,2.2657,4.5613
Flickr8K,1,1024,gnoise10,robust,0.93457,2.2956,2.2649,4.5605
Flickr8K,1,1024,gblur3,robust,1.0,2.2956,2.2706,4.5662
Flickr8K,1,1024,gblur5,robust,0.96875,2.2956,2.2684,4.564
Flickr8K,1,1024,gblur7,robust,0.924805,2.2956,2.2673,4.5629
Flickr8K,1,1024,mblur3,robust,1.0,2.2956,2.2639,4.5595
Flickr8K,1,1024,mblur5,robust,0.974609,2.2956,2.2676,4.5632
Flickr8K,1,1024,mblur7,robust,0.928711,2.2956,2.2715,4.5671
Flickr8K,2,1024,clean,robust,1.0,2.2965,2.2687,4.5652
Flickr8K,2,1024,png,robust,1.0,2.2965,2.2666,4.5631
Flickr8K,2,1024,jpeg90,robust,1.0,2.2965,2.2654,4.5619
Flickr8K,2,1024,jpeg70,robust,1.0,2.2965,2.2639,4.5604
Flickr8K,2,1024,jpeg50,robust,1.0,2.2965,2.2652,4.5617
Flickr8K,2,1024,resize0.5,robust,1.0,2.2965,2.271,4.5674
Flickr8K,2,1024,resize0.75,robust,1.0,2.2965,2.2618,4.5583
Flickr8K,2,1024,resize1.25,robust,1.0,2.2965,2.2598,4.5563
Flickr8K,2,1024,resize1.5,robust,1.0,2.2965,2.2607,4.5572
Flickr8K,2,1024,gnoise01,robust,1.0,2.2965,2.2617,4.5582
Flickr8K,2,1024,gnoise05,robust,1.0,2.2965,2.2668,4.5633
Flickr8K,2,1024,gnoise10,robust,0.955078,2.2965,2.2735,4.57
Flickr8K,2,1024,gblur3,robust,1.0,2.2965,2.2685,4.565
Flickr8K,2,1024,gblur5,robust,0.978516,2.2965,2.2669,4.5634
Flickr8K,2,1024,gblur7,robust,0.925781,2.2965,2.2695,4.566
Flickr8K,2,1024,mblur3,robust,1.0,2.2965,2.2677,4.5641
Flickr8K,2,1024,mblur5,robust,1.0,2.2965,2.2725,4.5689
Flickr8K,2,1024,mblur7,robust,0.956055,2.2965,2.2682,4.5647
Flickr8K,3,1024,clean,robust,1.0,2.2929,2.2638,4.5567
Flickr8K,3,1024,png,robust,1.0,2.2929,2.2627,4.5557
Flickr8K,3,1024,jpeg90,robust,1.0,2.2929,2.2639,4.5568
Flickr8K,3,1024,jpeg70,robust,1.0,2.2929,2.2683,4.5613
Flickr8K,3,1024,jpeg50,robust,1.0,2.2929,2.269,4.5619
Flickr8K,3,1024,resize0.5,robust,1.0,2.2929,2.2639,4.5568
Flickr8K,3,1024,resize0.75,robust,1.0,2.2929,2.2662,4.5592
Flickr8K,3,1024,resize1.25,robust,1.0,2.2929,2.2644,4.5574
Flickr8K,3,1024,resize1.5,robust,1.0,2.2929,2.2658,4.5587
Flickr8K,3,1024,gnoise01,robust,1.0,2.2929,2.2697,4.5626
Flickr8K,3,1024,gnoise05,robust,1.0,2.2929,2.2671,4.56
Flickr8K,3,1024,gnoise10,robust,0.967773,2.2929,2.2657,4.5587
Flickr8K,3,1024,gblur3,robust,1.0,2.2929,2.262,4.5549
Flickr8K,3,1024,gblur5,robust,1.0,2.2929,2.2697,4.5627
Flickr8K,3,1024,gblur7,robust,0.950195,2.2929,2.2704,4.5634
Flickr8K,3,1024,mblur3,robust,1.0,2.2929,2.2644,4.5574
Flickr8K,3,1024,mblur5,robust,1.0,2.2929,2.265,4.5579
Flickr8K,3,1024,mblur7,robust,0.97168,2.2929,2.2689,4.5618
Flickr8K,4,1024,clean,robust,1.0,2.2926,2.2655,4.5581
Flickr8K,4,1024,png,robust,1.0,2.2926,2.2756,4.5682
Flickr8K,4,1024,jpeg90,robust,1.0,2.2926,2.2687,4.5613
Flickr8K,4,1024,jpeg70,robust,1.0,2.2926,2.263,4.5556
Flickr8K,4,1024,jpeg50,robust,1.0,2.2926,2.2638,4.5564
Flickr8K,4,1024,resize0.5,robust,1.0,2.2926,2.2665,4.5591
Flickr8K,4,1024,resize0.75,robust,1.0,2.2926,2.2664,4.559
Flickr8K,4,1024,resize1.25,robust,1.0,2.2926,2.2684,4.561
Flickr8K,4,1024,resize1.5,robust,1.0,2.2926,2.2638,4.5564
Flickr8K,4,1024,gnoise01,robust,1.0,2.2926,2.2627,4.5553
Flickr8K,4,1024,gnoise05,robust,1.0,2.2926,2.264,4.5566
Flickr8K,4,1024,gnoise10,robust,1.0,2.2926,2.2655,4.5581
Flickr8K,4,1024,gblur3,robust,1.0,2.2926,2.2717,4.5643
Flickr8K,4,1024,gblur5,robust,1.0,2.2926,2.2703,4.5629
Flickr8K,4,1024,gblur7,robust,0.952148,2.2926,2.2654,4.5581
Flickr8K,4,1024,mblur3,robust,1.0,2.2926,2.2649,4.5575
Flickr8K,4,1024,mblur5,robust,1.0,2.2926,2.2644,4.5571
Flickr8K,4,1024,mblur7,robust,0.975586,2.2926,2.2693,4.5619
Flickr8K,5,1024,clean,robust,1.0,2.2935,2.2662,4.5597
Flickr8K,5,1024,png,robust,1.0,2.2935,2.2657,4.5592
Flickr8K,5,1024,jpeg90,robust,1.0,2.2935,2.2654,4.5589
Flickr8K,5,1024,jpeg70,robust,1.0,2.2935,2.2646,4.5581
Flickr8K,5,1024,jpeg50,robust,1.0,2.2935,2.2658,4.5593
Flickr8K,5,1024,resize0.5,robust,1.0,2.2935,2.2706,4.5642
Flickr8K,5,1024,resize0.75,robust,1.0,2.2935,2.2666,4.5601
Flickr8K,5,1024,resize1.25,robust,1.0,2.2935,2.2644,4.5579
Flickr8K,5,1024,resize1.5,robust,1.0,2.2935,2.2639,4.5574
Flickr8K,5,1024,gnoise01,robust,1.0,2.2935,2.2711,4.5646
Flickr8K,5,1024,gnoise05,robust,1.0,2.2935,2.2708,4.5643
Flickr8K,5,1024,gnoise10,robust,1.0,2.2935,2.271,4.5645
Flickr8K,5,1024,gblur3,robust,1.0,2.2935,2.2651,4.5586
Flickr8K,5,1024,gblur5,robust,1.0,2.2935,2.2653,4.5588
Flickr8K,5,1024,gblur7,robust,1.0,2.2935,2.2651,4.5586
Flickr8K,5,1024,mblur3,robust,1.0,2.2935,2.2669,4.5604
Flickr8K,5,1024,mblur5,robust,1.0,2.2935,2.2704,4.564
Flickr8K,5,1024,mblur7,robust,1.0,2.2935,2.2657,4.5592
Flickr8K,6,1024,clean,robust,1.0,2.2974,2.2654,4.5629
Flickr8K,6,1024,png,robust,1.0,2.2974,2.2652,4.5626
Flickr8K,6,1024,jpeg90,robust,1.0,2.2974,2.266,4.5635
Flickr8K,6,1024,jpeg70,robust,1.0,2.2974,2.2705,4.568
Flickr8K,6,1024,jpeg50,robust,1.0,2.2974,2.2675,4.5649
Flickr8K,6,1024,resize0.5,robust,1.0,2.2974,2.2661,4.5635
Flickr8K,6,1024,resize0.75,robust,1.0,2.2974,2.2651,4.5626
Flickr8K,6,1024,resize1.25,robust,1.0,2.2974,2.2636,4.561
Flickr8K,6,1024,resize1.5,robust,1.0,2.2974,2.2691,4.5665
Flickr8K,6,1024,gnoise01,robust,1.0,2.2974,2.2668,4.5642
Flickr8K,6,1024,gnoise05,robust,0.974609,2.2974,2.2661,4.5636
Flickr8K,6,1024,gnoise10,robust,0.875,2.2974,2.2653,4.5627
Flickr8K,6,1024,gblur3,robust,1.0,2.2974,2.2658,4.5633
Flickr8K,6,1024,gblur5,robust,1.0,2.2974,2.2682,4.5656
Flickr8K,6,1024,gblur7,robust,0.962891,2.2974,2.2681,4.5655
Flickr8K,6,1024,mblur3,robust,1.0,2.2974,2.2643,4.5617
Flickr8K,6,1024,mblur5,robust,1.0,2.2974,2.2656,4.5631
Flickr8K,6,1024,mblur7,robust,1.0,2.2974,2.272,4.5694
Flickr8K,7,1024,clean,robust,1.0,2.3018,2.2658,4.5676
Flickr8K,7,1024,png,robust,1.0,2.3018,2.2774,4.5792
Flickr8K,7,1024,jpeg90,robust,1.0,2.3018,2.2668,4.5686
Flickr8K,7,1024,jpeg70,robust,1.0,2.3018,2.2622,4.564
Flickr8K,7,1024,jpeg50,robust,1.0,2.3018,2.264,4.5658
Flickr8K,7,1024,resize0.5,robust,1.0,2.3018,2.2626,4.5644
Flickr8K,7,1024,resize0.75,robust,1.0,2.3018,2.2667,4.5685
Flickr8K,7,1024,resize1.25,robust,1.0,2.3018,2.2694,4.5712
Flickr8K,7,1024,resize1.5,robust,1.0,2.3018,2.2658,4.5676
Flickr8K,7,1024,gnoise01,robust,1.0,2.3018,2.2647,4.5665
Flickr8K,7,1024,gnoise05,robust,1.0,2.3018,2.2663,4.5681
Flickr8K,7,1024,gnoise10,robust,0.90332,2.3018,2.2661,4.5679
Flickr8K,7,1024,gblur3,robust,1.0,2.3018,2.2703,4.5721
Flickr8K,7,1024,gblur5,robust,0.983398,2.3018,2.2683,4.5701
Flickr8K,7,1024,gblur7,robust,0.935547,2.3018,2.2625,4.5643
Flickr8K,7,1024,mblur3,robust,1.0,2.3018,2.2628,4.5646
Flickr8K,7,1024,mblur5,robust,0.980469,2.3018,2.2669,4.5688
Flickr8K,7,1024,mblur7,robust,0.923828,2.3018,2.2713,4.5731
Flickr8K,8,1024,clean,robust,1.0,2.2975,2.2667,4.5642
Flickr8K,8,1024,png,robust,1.0,2.2975,2.2632,4.5607
Flickr8K,8,1024,jpeg90,robust,1.0,2.2975,2.2621,4.5596
Flickr8K,8,1024,jpeg70,robust,1.0,2.2975,2.2643,4.5618
Flickr8K,8,1024,jpeg50,robust,1.0,2.2975,2.27,4.5675
Flickr8K,8,1024,resize0.5,robust,1.0,2.2975,2.2712,4.5687
Flickr8K,8,1024,resize0.75,robust,1.0,2.2975,2.2691,4.5667
Flickr8K,8,1024,resize1.25,robust,1.0,2.2975,2.2686,4.5662
Flickr8K,8,1024,resize1.5,robust,1.0,2.2975,2.2632,4.5607
Flickr8K,8,1024,gnoise01,robust,1.0,2.2975,2.2664,4.5639
Flickr8K,8,1024,gnoise05,robust,1.0,2.2975,2.2712,4.5687
Flickr8K,8,1024,gnoise10,robust,0.876953,2.2975,2.2696,4.5671
Flickr8K,8,1024,gblur3,robust,1.0,2.2975,2.2624,4.56
Flickr8K,8,1024,gblur5,robust,0.982422,2.2975,2.2638,4.5613
Flickr8K,8,1024,gblur7,robust,0.926758,2.2975,2.2645,4.562
Flickr8K,8,1024,mblur3,robust,1.0,2.2975,2.2711,4.5686
Flickr8K,8,1024,mblur5,robust,0.950195,2.2975,2.2712,4.5687
Flickr8K,8,1024,mblur7,robust,0.875977,2.2975,2.2642,4.5617
Flickr8K,9,1024,clean,robust,1.0,2.3024,2.2664,4.5687
Flickr8K,9,1024,png,robust,1.0,2.3024,2.2674,4.5698
Flickr8K,9,1024,jpeg90,robust,1.0,2.3024,2.2678,4.5702
Flickr8K,9,1024,jpeg70,robust,1.0,2.3024,2.2686,4.5709
Flickr8K,9,1024,jpeg50,robust,1.0,2.3024,2.2637,4.5661
Flickr8K,9,1024,resize0.5,robust,1.0,2.3024,2.2634,4.5657
Flickr8K,9,1024,resize0.75,robust,1.0,2.3024,2.2636,4.566
Flickr8K,9,1024,resize1.25,robust,1.0,2.3024,2.2668,4.5692
Flickr8K,9,1024,resize1.5,robust,1.0,2.3024,2.2696,4.572
Flickr8K,9,1024,gnoise01,robust,1.0,2.3024,2.2687,4.571
Flickr8K,9,1024,gnoise05,robust,1.0,2.3024,2.2646,4.567
Flickr8K,9,1024,gnoise10,robust,0.935547,2.3024,2.2639,4.5663
Flickr8K,9,1024,gblur3,robust,1.0,2.3024,2.264,4.5663
Flickr8K,9,1024,gblur5,robust,1.0,2.3024,2.2693,4.5717
Flickr8K,9,1024,gblur7,robust,0.948242,2.3024,2.275,4.5774
Flickr8K,9,1024,mblur3,robust,1.0,2.3024,2.2703,4.5726
Flickr8K,9,1024,mblur5,robust,0.985352,2.3024,2.2653,4.5677
Flickr8K,9,1024,mblur7,robust,0.947266,2.3024,2.2688,4.5712
Flickr8K,10,1024,clean,robust,1.0,2.2912,2.2667,4.5579
Flickr8K,10,1024,png,robust,1.0,2.2912,2.2714,4.5626
Flickr8K,10,1024,jpeg90,robust,1.0,2.2912,2.2632,4.5544
Flickr8K,10,1024,jpeg70,robust,1.0,2.2912,2.2639,4.5551
Flickr8K,10,1024,jpeg50,robust,1.0,2.2912,2.2632,4.5544
Flickr8K,10,1024,resize0.5,robust,1.0,2.2912,2.2641,4.5553
Flickr8K,10,1024,resize0.75,robust,1.0,2.2912,2.2719,4.5631
Flickr8K,10,1024,resize1.25,robust,1.0,2.2912,2.2718,4.563
Flickr8K,10,1024,resize1.5,robust,1.0,2.2912,2.2649,4.556
Flickr8K,10,1024,gnoise01,robust,1.0,2.2912,2.2631,4.5543
Flickr8K,10,1024,gnoise05,robust,1.0,2.2912,2.2668,4.558
Flickr8K,10,1024,gnoise10,robust,1.0,2.2912,2.268,4.5592
Flickr8K,10,1024,gblur3,robust,1.0,2.2912,2.2695,4.5606
Flickr8K,10,1024,gblur5,robust,1.0,2.2912,2.2648,4.556
Flickr8K,10,1024,gblur7,robust,0.957031,2.2912,2.2648,4.556
Flickr8K,10,1024,mblur3,robust,1.0,2.2912,2.263,4.5541
Flickr8K,10,1024,mblur5,robust,1.0,2.2912,2.2663,4.5574
Flickr8K,10,1024,mblur7,robust,1.0,2.2912,2.2763,4.5674
Flickr8K,11,1024,clean,robust,1.0,2.2906,2.2672,4.5578
Flickr8K,11,1024,png,robust,1.0,2.2906,2.2726,4.5632
Flickr8K,11,1024,jpeg90,robust,1.0,2.2906,2.2663,4.557
Flickr8K,11,1024,jpeg70,robust,1.0,2.2906,2.2744,4.565
Flickr8K,11,1024,jpeg50,robust,1.0,2.2906,2.2808,4.5714
Flickr8K,11,1024,resize0.5,robust,1.0,2.2906,2.2733,4.5639
Flickr8K,11,1024,resize0.75,robust,1.0,2.2906,2.2676,4.5582
Flickr8K,11,1024,resize1.25,robust,1.0,2.2906,2.2677,4.5584
Flickr8K,11,1024,resize1.5,robust,1.0,2.2906,2.2664,4.557
Flickr8K,11,1024,gnoise01,robust,1.0,2.2906,2.2637,4.5543
Flickr8K,11,1024,gnoise05,robust,0.970703,2.2906,2.2699,4.5606
Flickr8K,11,1024,gnoise10,robust,0.870117,2.2906,2.2646,4.5552
Flickr8K,11,1024,gblur3,robust,1.0,2.2906,2.2637,4.5543
Flickr8K,11,1024,gblur5,robust,0.984375,2.2906,2.2638,4.5544
Flickr8K,11,1024,gblur7,robust,0.928711,2.2906,2.2631,4.5537
Flickr8K,11,1024,mblur3,robust,1.0,2.2906,2.268,4.5586
Flickr8K,11,1024,mblur5,robust,1.0,2.2906,2.2696,4.5602
Flickr8K,11,1024,mblur7,robust,0.981445,2.2906,2.2665,4.5571
Flickr8K,12,1024,clean,robust,1.0,2.2946,2.264,4.5586
Flickr8K,12,1024,png,robust,1.0,2.2946,2.2642,4.5588
Flickr8K,12,1024,jpeg90,robust,1.0,2.2946,2.2683,4.5629
Flickr8K,12,1024,jpeg70,robust,1.0,2.2946,2.2727,4.5673
Flickr8K,12,1024,jpeg50,robust,1.0,2.2946,2.2676,4.5622
Flickr8K,12,1024,resize0.5,robust,1.0,2.2946,2.2632,4.5578
Flickr8K,12,1024,resize0.75,robust,1.0,2.2946,2.2637,4.5583
Flickr8K,12,1024,resize1.25,robust,1.0,2.2946,2.2627,4.5573
Flickr8K,12,1024,resize1.5,robust,1.0,2.2946,2.2681,4.5627
Flickr8K,12,1024,gnoise01,robust,1.0,2.2946,2.2683,4.5629
Flickr8K,12,1024,gnoise05,robust,1.0,2.2946,2.2653,4.56
Flickr8K,12,1024,gnoise10,robust,0.970703,2.2946,2.2653,4.5599
Flickr8K,12,1024,gblur3,robust,1.0,2.2946,2.2732,4.5678
Flickr8K,12,1024,gblur5,robust,1.0,2.2946,2.2681,4.5627
Flickr8K,12,1024,gblur7,robust,0.958984,2.2946,2.271,4.5656
Flickr8K,12,1024,mblur3,robust,1.0,2.2946,2.263,4.5576
Flickr8K,12,1024,mblur5,robust,1.0,2.2946,2.2719,4.5665
Flickr8K,12,1024,mblur7,robust,0.987305,2.2946,2.2668,4.5614
Flickr8K,13,1024,clean,robust,1.0,2.2936,2.2685,4.5622
Flickr8K,13,1024,png,robust,1.0,2.2936,2.2698,4.5634
Flickr8K,13,1024,jpeg90,robust,1.0,2.2936,2.263,4.5566
Flickr8K,13,1024,jpeg70,robust,1.0,2.2936,2.264,4.5576
Flickr8K,13,1024,jpeg50,robust,1.0,2.2936,2.2657,4.5594
Flickr8K,13,1024,resize0.5,robust,1.0,2.2936,2.2641,4.5578
Flickr8K,13,1024,resize0.75,robust,1.0,2.2936,2.2712,4.5648
Flickr8K,13,1024,resize1.25,robust,1.0,2.2936,2.2693,4.5629
Flickr8K,13,1024,resize1.5,robust,1.0,2.2936,2.2642,4.5578
Flickr8K,13,1024,gnoise01,robust,1.0,2.2936,2.2636,4.5572
Flickr8K,13,1024,gnoise05,robust,0.955078,2.2936,2.2638,4.5574
Flickr8K,13,1024,gnoise10,robust,0.871094,2.2936,2.2662,4.5599
Flickr8K,13,1024,gblur3,robust,1.0,2.2936,2.2691,4.5628
Flickr8K,13,1024,gblur5,robust,0.96875,2.2936,2.2679,4.5615
Flickr8K,13,1024,gblur7,robust,0.890625,2.2936,2.2656,4.5592
Flickr8K,13,1024,mblur3,robust,1.0,2.2936,2.2641,4.5577
Flickr8K,13,1024,mblur5,robust,1.0,2.2936,2.2648,4.5584
Flickr8K,13,1024,mblur7,robust,0.973633,2.2936,2.2695,4.5632
Flickr8K,14,1024,clean,robust,1.0,2.288,2.2645,4.5524
Flickr8K,14,1024,png,robust,1.0,2.288,2.2739,4.5619
Flickr8K,14,1024,jpeg90,robust,1.0,2.288,2.2651,4.553
Flickr8K,14,1024,jpeg70,robust,1.0,2.288,2.2631,4.5511
Flickr8K,14,1024,jpeg50,robust,1.0,2.288,2.2667,4.5547
Flickr8K,14,1024,resize0.5,robust,1.0,2.288,2.266,4.554
Flickr8K,14,1024,resize0.75,robust,1.0,2.288,2.2643,4.5523
Flickr8K,14,1024,resize1.25,robust,1.0,2.288,2.2667,4.5547
Flickr8K,14,1024,resize1.5,robust,1.0,2.288,2.2623,4.5503
Flickr8K,14,1024,gnoise01,robust,1.0,2.288,2.2624,4.5503
Flickr8K,14,1024,gnoise05,robust,1.0,2.288,2.2696,4.5576
Flickr8K,14,1024,gnoise10,robust,1.0,2.288,2.2664,4.5544
Flickr8K,14,1024,gblur3,robust,1.0,2.288,2.2599,4.5479
Flickr8K,14,1024,gblur5,robust,1.0,2.288,2.2635,4.5515
Flickr8K,14,1024,gblur7,robust,0.969727,2.288,2.2618,4.5498
Flickr8K,14,1024,mblur3,robust,1.0,2.288,2.2667,4.5546
Flickr8K,14,1024,mblur5,robust,1.0,2.288,2.267,4.555
Flickr8K,14,1024,mblur7,robust,1.0,2.288,2.2664,4.5543
Flickr8K,15,1024,clean,robust,1.0,2.2897,2.2639,4.5536
Flickr8K,15,1024,png,robust,1.0,2.2897,2.266,4.5558
Flickr8K,15,1024,jpeg90,robust,1.0,2.2897,2.2663,4.5561
Flickr8K,15,1024,jpeg70,robust,1.0,2.2897,2.2684,4.5581
Flickr8K,15,1024,jpeg50,robust,1.0,2.2897,2.2663,4.556
Flickr8K,15,1024,resize0.5,robust,1.0,2.2897,2.2656,4.5554
Flickr8K,15,1024,resize0.75,robust,1.0,2.2897,2.2656,4.5553
Flickr8K,15,1024,resize1.25,robust,1.0,2.2897,2.2637,4.5535
Flickr8K,15,1024,resize1.5,robust,1.0,2.2897,2.2711,4.5608
Flickr8K,15,1024,gnoise01,robust,1.0,2.2897,2.274,4.5637
Flickr8K,15,1024,gnoise05,robust,1.0,2.2897,2.2638,4.5535
Flickr8K,15,1024,gnoise10,robust,1.0,2.2897,2.2652,4.5549
Flickr8K,15,1024,gblur3,robust,1.0,2.2897,2.2638,4.5536
Flickr8K,15,1024,gblur5,robust,1.0,2.2897,2.2673,4.5571
Flickr8K,15,1024,gblur7,robust,0.967773,2.2897,2.2733,4.5631
Flickr8K,15,1024,mblur3,robust,1.0,2.2897,2.264,4.5537
Flickr8K,15,1024,mblur5,robust,1.0,2.2897,2.2656,4.5554
Flickr8K,15,1024,mblur7,robust,1.0,2.2897,2.265,4.5548
Flickr8K,16,1024,clean,robust,1.0,2.2925,2.2653,4.5578
Flickr8K,16,1024,png,robust,1.0,2.2925,2.2741,4.5666
Flickr8K,16,1024,jpeg90,robust,1.0,2.2925,2.2672,4.5597
Flickr8K,16,1024,jpeg70,robust,1.0,2.2925,2.2696,4.5621
Flickr8K,16,1024,jpeg50,robust,1.0,2.2925,2.2656,4.5581
Flickr8K,16,1024,resize0.5,robust,1.0,2.2925,2.2656,4.5581
Flickr8K,16,1024,resize0.75,robust,1.0,2.2925,2.2683,4.5608
Flickr8K,16,1024,resize1.25,robust,1.0,2.2925,2.2662,4.5587
Flickr8K,16,1024,resize1.5,robust,1.0,2.2925,2.2644,4.5569
Flickr8K,16,1024,gnoise01,robust,1.0,2.2925,2.2654,4.5579
Flickr8K,16,1024,gnoise05,robust,0.982422,2.2925,2.265,4.5575
Flickr8K,16,1024,gnoise10,robust,0.916016,2.2925,2.2665,4.559
Flickr8K,16,1024,gblur3,robust,1.0,2.2925,2.27,4.5625
Flickr8K,16,1024,gblur5,robust,1.0,2.2925,2.2623,4.5548
Flickr8K,16,1024,gblur7,robust,0.943359,2.2925,2.2652,4.5577
Flickr8K,16,1024,mblur3,robust,1.0,2.2925,2.2673,4.5598
Flickr8K,16,1024,mblur5,robust,1.0,2.2925,2.2694,4.5619
Flickr8K,16,1024,mblur7,robust,0.97168,2.2925,2.277,4.5695
Flickr8K,17,1024,clean,robust,1.0,2.2925,2.2654,4.5579
Flickr8K,17,1024,png,robust,1.0,2.2925,2.2671,4.5596
Flickr8K,17,1024,jpeg90,robust,1.0,2.2925,2.2624,4.5549
Flickr8K,17,1024,jpeg70,robust,1.0,2.2925,2.2658,4.5583
Flickr8K,17,1024,jpeg50,robust,1.0,2.2925,2.2719,4.5644
Flickr8K,17,1024,resize0.5,robust,1.0,2.2925,2.2679,4.5604
Flickr8K,17,1024,resize0.75,robust,1.0,2.2925,2.2647,4.5572
Flickr8K,17,1024,resize1.25,robust,1.0,2.2925,2.2656,4.5581
Flickr8K,17,1024,resize1.5,robust,1.0,2.2925,2.2643,4.5568
Flickr8K,17,1024,gnoise01,robust,1.0,2.2925,2.267,4.5595
Flickr8K,17,1024,gnoise05,robust,1.0,2.2925,2.2717,4.5642
Flickr8K,17,1024,gnoise10,robust,0.969727,2.2925,2.2662,4.5587
Flickr8K,17,1024,gblur3,robust,1.0,2.2925,2.268,4.5605
Flickr8K,17,1024,gblur5,robust,1.0,2.2925,2.2693,4.5618
Flickr8K,17,1024,gblur7,robust,0.941406,2.2925,2.2644,4.5569
Flickr8K,17,1024,mblur3,robust,1.0,2.2925,2.2678,4.5603
Flickr8K,17,1024,mblur5,robust,1.0,2.2925,2.2695,4.562
Flickr8K,17,1024,mblur7,robust,0.979492,2.2925,2.2691,4.5616
Flickr8K,18,1024,clean,robust,1.0,2.297,2.2677,4.5648
Flickr8K,18,1024,png,robust,1.0,2.297,2.2664,4.5634
Flickr8K,18,1024,jpeg90,robust,1.0,2.297,2.2682,4.5652
Flickr8K,18,1024,jpeg70,robust,1.0,2.297,2.2698,4.5668
Flickr8K,18,1024,jpeg50,robust,1.0,2.297,2.2648,4.5618
Flickr8K,18,1024,resize0.5,robust,1.0,2.297,2.266,4.563
Flickr8K,18,1024,resize0.75,robust,1.0,2.297,2.27,4.5671
Flickr8K,18,1024,resize1.25,robust,1.0,2.297,2.2667,4.5638
Flickr8K,18,1024,resize1.5,robust,1.0,2.297,2.2742,4.5712
Flickr8K,18,1024,gnoise01,robust,1.0,2.297,2.2678,4.5649
Flickr8K,18,1024,gnoise05,robust,1.0,2.297,2.2652,4.5622
Flickr8K,18,1024,gnoise10,robust,0.955078,2.297,2.2649,4.5619
Flickr8K,18,1024,gblur3,robust,1.0,2.297,2.2637,4.5608
Flickr8K,18,1024,gblur5,robust,1.0,2.297,2.2756,4.5727
Flickr8K,18,1024,gblur7,robust,0.945312,2.297,2.2811,4.5781
Flickr8K,18,1024,mblur3,robust,1.0,2.297,2.2619,4.5589
Flickr8K,18,1024,mblur5,robust,1.0,2.297,2.2696,4.5666
Flickr8K,18,1024,mblur7,robust,0.961914,2.297,2.2636,4.5607
Flickr8K,19,1024,clean,robust,1.0,2.2965,2.2655,4.562
Flickr8K,19,1024,png,robust,1.0,2.2965,2.2681,4.5645
Flickr8K,19,1024,jpeg90,robust,1.0,2.2965,2.2656,4.562
Flickr8K,19,1024,jpeg70,robust,1.0,2.2965,2.2668,4.5633
Flickr8K,19,1024,jpeg50,robust,1.0,2.2965,2.2665,4.5629
Flickr8K,19,1024,resize0.5,robust,1.0,2.2965,2.2661,4.5626
Flickr8K,19,1024,resize0.75,robust,1.0,2.2965,2.2688,4.5653
Flickr8K,19,1024,resize1.25,robust,1.0,2.2965,2.2653,4.5618
Flickr8K,19,1024,resize1.5,robust,1.0,2.2965,2.2615,4.5579
Flickr8K,19,1024,gnoise01,robust,1.0,2.2965,2.2631,4.5596
Flickr8K,19,1024,gnoise05,robust,1.0,2.2965,2.2643,4.5607
Flickr8K,19,1024,gnoise10,robust,0.948242,2.2965,2.2672,4.5637
Flickr8K,19,1024,gblur3,robust,1.0,2.2965,2.2692,4.5657
Flickr8K,19,1024,gblur5,robust,0.984375,2.2965,2.2649,4.5614
Flickr8K,19,1024,gblur7,robust,0.923828,2.2965,2.2683,4.5648
Flickr8K,19,1024,mblur3,robust,1.0,2.2965,2.2681,4.5646
Flickr8K,19,1024,mblur5,robust,1.0,2.2965,2.2661,4.5626
Flickr8K,19,1024,mblur7,robust,0.947266,2.2965,2.2707,4.5672
Flickr8K,20,1024,clean,robust,1.0,2.2935,2.2645,4.558
Flickr8K,20,1024,png,robust,1.0,2.2935,2.2676,4.561
Flickr8K,20,1024,jpeg90,robust,1.0,2.2935,2.2633,4.5568
Flickr8K,20,1024,jpeg70,robust,1.0,2.2935,2.2672,4.5606
Flickr8K,20,1024,jpeg50,robust,1.0,2.2935,2.2703,4.5638
Flickr8K,20,1024,resize0.5,robust,1.0,2.2935,2.2676,4.5611
Flickr8K,20,1024,resize0.75,robust,1.0,2.2935,2.2644,4.5579
Flickr8K,20,1024,resize1.25,robust,1.0,2.2935,2.2635,4.557
Flickr8K,20,1024,resize1.5,robust,1.0,2.2935,2.2637,4.5571
Flickr8K,20,1024,gnoise01,robust,1.0,2.2935,2.2656,4.559
Flickr8K,20,1024,gnoise05,robust,1.0,2.2935,2.2738,4.5673
Flickr8K,20,1024,gnoise10,robust,0.938477,2.2935,2.2616,4.555
Flickr8K,20,1024,gblur3,robust,1.0,2.2935,2.2623,4.5557
Flickr8K,20,1024,gblur5,robust,0.943359,2.2935,2.2609,4.5543
Flickr8K,20,1024,gblur7,robust,0.874023,2.2935,2.263,4.5564
Flickr8K,20,1024,mblur3,robust,1.0,2.2935,2.2695,4.563
Flickr8K,20,1024,mblur5,robust,0.957031,2.2935,2.2677,4.5612
Flickr8K,20,1024,mblur7,robust,0.890625,2.2935,2.2649,4.5584
Flickr8K,21,1024,clean,robust,1.0,2.2935,2.2648,4.5584
Flickr8K,21,1024,png,robust,1.0,2.2935,2.2647,4.5583
Flickr8K,21,1024,jpeg90,robust,1.0,2.2935,2.2675,4.5611
Flickr8K,21,1024,jpeg70,robust,1.0,2.2935,2.2706,4.5641
Flickr8K,21,1024,jpeg50,robust,0.983398,2.2935,2.2702,4.5637
Flickr8K,21,1024,resize0.5,robust,1.0,2.2935,2.2638,4.5574
Flickr8K,21,1024,resize0.75,robust,1.0,2.2935,2.2641,4.5576
Flickr8K,21,1024,resize1.25,robust,1.0,2.2935,2.2664,4.5599
Flickr8K,21,1024,resize1.5,robust,1.0,2.2935,2.2698,4.5634
Flickr8K,21,1024,gnoise01,robust,1.0,2.2935,2.2666,4.5601
Flickr8K,21,1024,gnoise05,robust,0.924805,2.2935,2.2661,4.5596
Flickr8K,21,1024,gnoise10,robust,0.788086,2.2935,2.2666,4.5601
Flickr8K,21,1024,gblur3,robust,1.0,2.2935,2.2712,4.5647
Flickr8K,21,1024,gblur5,robust,1.0,2.2935,2.2711,4.5647
Flickr8K,21,1024,gblur7,robust,0.96875,2.2935,2.2679,4.5614
Flickr8K,21,1024,mblur3,robust,1.0,2.2935,2.2671,4.5607
Flickr8K,21,1024,mblur5,robust,1.0,2.2935,2.2678,4.5613
Flickr8K,21,1024,mblur7,robust,1.0,2.2935,2.2675,4.5611
Flickr8K,22,1024,clean,robust,1.0,2.294,2.2705,4.5645
Flickr8K,22,1024,png,robust,1.0,2.294,2.2706,4.5646
Flickr8K,22,1024,jpeg90,robust,1.0,2.294,2.264,4.558
Flickr8K,22,1024,jpeg70,robust,1.0,2.294,2.2662,4.5602
Flickr8K,22,1024,jpeg50,robust,1.0,2.294,2.2686,4.5626
Flickr8K,22,1024,resize0.5,robust,1.0,2.294,2.264,4.558
Flickr8K,22,1024,resize0.75,robust,1.0,2.294,2.2759,4.5699
Flickr8K,22,1024,resize1.25,robust,1.0,2.294,2.2666,4.5606
Flickr8K,22,1024,resize1.5,robust,1.0,2.294,2.2627,4.5567
Flickr8K,22,1024,gnoise01,robust,1.0,2.294,2.2628,4.5568
Flickr8K,22,1024,gnoise05,robust,1.0,2.294,2.265,4.559
Flickr8K,22,1024,gnoise10,robust,0.90918,2.294,2.2738,4.5678
Flickr8K,22,1024,gblur3,robust,1.0,2.294,2.2722,4.5663
Flickr8K,22,1024,gblur5,robust,0.980469,2.294,2.2646,4.5586
Flickr8K,22,1024,gblur7,robust,0.928711,2.294,2.2639,4.558
Flickr8K,22,1024,mblur3,robust,1.0,2.294,2.2628,4.5568
Flickr8K,22,1024,mblur5,robust,1.0,2.294,2.2668,4.5608
Flickr8K,22,1024,mblur7,robust,0.950195,2.294,2.2718,4.5658
Flickr8K,23,1024,clean,robust,1.0,2.2951,2.2628,4.5579
Flickr8K,23,1024,png,robust,1.0,2.2951,2.2639,4.5589
Flickr8K,23,1024,jpeg90,robust,1.0,2.2951,2.2677,4.5628
Flickr8K,23,1024,jpeg70,robust,1.0,2.2951,2.2708,4.5659
Flickr8K,23,1024,jpeg50,robust,0.986328,2.2951,2.2693,4.5643
Flickr8K,23,1024,resize0.5,robust,1.0,2.2951,2.2691,4.5642
Flickr8K,23,1024,resize0.75,robust,1.0,2.2951,2.2632,4.5583
Flickr8K,23,1024,resize1.25,robust,1.0,2.2951,2.2636,4.5587
Flickr8K,23,1024,resize1.5,robust,1.0,2.2951,2.2635,4.5586
Flickr8K,23,1024,gnoise01,robust,1.0,2.2951,2.2658,4.5609
Flickr8K,23,1024,gnoise05,robust,0.967773,2.2951,2.2691,4.5642
Flickr8K,23,1024,gnoise10,robust,0.895508,2.2951,2.263,4.5581
Flickr8K,23,1024,gblur3,robust,1.0,2.2951,2.2639,4.5589
Flickr8K,23,1024,gblur5,robust,1.0,2.2951,2.2662,4.5613
Flickr8K,23,1024,gblur7,robust,0.954102,2.2951,2.2638,4.5588
Flickr8K,23,1024,mblur3,robust,1.0,2.2951,2.2677,4.5628
Flickr8K,23,1024,mblur5,robust,1.0,2.2951,2.268,4.5631
Flickr8K,23,1024,mblur7,robust,0.974609,2.2951,2.2661,4.5612
Flickr8K,24,1024,clean,robust,1.0,2.2993,2.2656,4.565
Flickr8K,24,1024,png,robust,1.0,2.2993,2.2718,4.5711
Flickr8K,24,1024,jpeg90,robust,1.0,2.2993,2.2704,4.5697
Flickr8K,24,1024,jpeg70,robust,1.0,2.2993,2.269,4.5683
Flickr8K,24,1024,jpeg50,robust,0.961914,2.2993,2.2645,4.5639
Flickr8K,24,1024,resize0.5,robust,1.0,2.2993,2.2639,4.5633
Flickr8K,24,1024,resize0.75,robust,1.0,2.2993,2.2643,4.5636
Flickr8K,24,1024,resize1.25,robust,1.0,2.2993,2.2674,4.5667
Flickr8K,24,1024,resize1.5,robust,1.0,2.2993,2.2683,4.5676
Flickr8K,24,1024,gnoise01,robust,1.0,2.2993,2.2634,4.5627
Flickr8K,24,1024,gnoise05,robust,0.918945,2.2993,2.2688,4.5682
Flickr8K,24,1024,gnoise10,robust,0.77832,2.2993,2.2631,4.5624
Flickr8K,24,1024,gblur3,robust,1.0,2.2993,2.2646,4.564
Flickr8K,24,1024,gblur5,robust,0.977539,2.2993,2.2721,4.5715
Flickr8K,24,1024,gblur7,robust,0.931641,2.2993,2.268,4.5674
Flickr8K,24,1024,mblur3,robust,1.0,2.2993,2.265,4.5643
Flickr8K,24,1024,mblur5,robust,1.0,2.2993,2.2691,4.5685
Flickr8K,24,1024,mblur7,robust,0.978516,2.2993,2.2657,4.5651
Flickr8K,25,1024,clean,robust,1.0,2.291,2.2671,4.5581
Flickr8K,25,1024,png,robust,1.0,2.291,2.2669,4.5579
Flickr8K,25,1024,jpeg90,robust,1.0,2.291,2.2711,4.5621
Flickr8K,25,1024,jpeg70,robust,1.0,2.291,2.2641,4.5551
Flickr8K,25,1024,jpeg50,robust,1.0,2.291,2.2634,4.5544
Flickr8K,25,1024,resize0.5,robust,1.0,2.291,2.2667,4.5576
Flickr8K,25,1024,resize0.75,robust,1.0,2.291,2.2766,4.5675
Flickr8K,25,1024,resize1.25,robust,1.0,2.291,2.2724,4.5634
Flickr8K,25,1024,resize1.5,robust,1.0,2.291,2.2744,4.5654
Flickr8K,25,1024,gnoise01,robust,1.0,2.291,2.2735,4.5645
Flickr8K,25,1024,gnoise05,robust,1.0,2.291,2.2665,4.5574
Flickr8K,25,1024,gnoise10,robust,1.0,2.291,2.2691,4.5601
Flickr8K,25,1024,gblur3,robust,1.0,2.291,2.2677,4.5587
Flickr8K,25,1024,gblur5,robust,1.0,2.291,2.2658,4.5568
Flickr8K,25,1024,gblur7,robust,0.944336,2.291,2.2632,4.5542
Flickr8K,25,1024,mblur3,robust,1.0,2.291,2.2638,4.5548
Flickr8K,25,1024,mblur5,robust,0.975586,2.291,2.2683,4.5593
Flickr8K,25,1024,mblur7,robust,0.930664,2.291,2.2699,4.5609
Flickr8K,26,1024,clean,robust,1.0,2.2922,2.266,4.5582
Flickr8K,26,1024,png,robust,1.0,2.2922,2.2675,4.5598
Flickr8K,26,1024,jpeg90,robust,1.0,2.2922,2.2627,4.5549
Flickr8K,26,1024,jpeg70,robust,1.0,2.2922,2.264,4.5563
Flickr8K,26,1024,jpeg50,robust,1.0,2.2922,2.2683,4.5605
Flickr8K,26,1024,resize0.5,robust,1.0,2.2922,2.2675,4.5597
Flickr8K,26,1024,resize0.75,robust,1.0,2.2922,2.2651,4.5573
Flickr8K,26,1024,resize1.25,robust,1.0,2.2922,2.2638,4.556
Flickr8K,26,1024,resize1.5,robust,1.0,2.2922,2.264,4.5562
Flickr8K,26,1024,gnoise01,robust,1.0,2.2922,2.2687,4.5609
Flickr8K,26,1024,gnoise05,robust,1.0,2.2922,2.2683,4.5605
Flickr8K,26,1024,gnoise10,robust,1.0,2.2922,2.2635,4.5558
Flickr8K,26,1024,gblur3,robust,1.0,2.2922,2.2642,4.5564
Flickr8K,26,1024,gblur5,robust,1.0,2.2922,2.2642,4.5564
Flickr8K,26,1024,gblur7,robust,1.0,2.2922,2.2695,4.5617
Flickr8K,26,1024,mblur3,robust,1.0,2.2922,2.2716,4.5638
Flickr8K,26,1024,mblur5,robust,1.0,2.2922,2.2674,4.5596
Flickr8K,26,1024,mblur7,robust,1.0,2.2922,2.2705,4.5627
Flickr8K,27,1024,clean,robust,1.0,2.2946,2.2645,4.5591
Flickr8K,27,1024,png,robust,1.0,2.2946,2.267,4.5615
Flickr8K,27,1024,jpeg90,robust,1.0,2.2946,2.27,4.5646
Flickr8K,27,1024,jpeg70,robust,1.0,2.2946,2.2687,4.5633
Flickr8K,27,1024,jpeg50,robust,1.0,2.2946,2.2656,4.5602
Flickr8K,27,1024,resize0.5,robust,1.0,2.2946,2.2636,4.5582
Flickr8K,27,1024,resize0.75,robust,1.0,2.2946,2.2636,4.5582
Flickr8K,27,1024,resize1.25,robust,1.0,2.2946,2.2671,4.5617
Flickr8K,27,1024,resize1.5,robust,1.0,2.2946,2.2677,4.5622
Flickr8K,27,1024,gnoise01,robust,1.0,2.2946,2.2708,4.5654
Flickr8K,27,1024,gnoise05,robust,1.0,2.2946,2.2624,4.557
Flickr8K,27,1024,gnoise10,robust,1.0,2.2946,2.2637,4.5582
Flickr8K,27,1024,gblur3,robust,1.0,2.2946,2.2636,4.5581
Flickr8K,27,1024,gblur5,robust,1.0,2.2946,2.2718,4.5663
Flickr8K,27,1024,gblur7,robust,0.969727,2.2946,2.266,4.5606
Flickr8K,27,1024,mblur3,robust,1.0,2.2946,2.2642,4.5587
Flickr8K,27,1024,mblur5,robust,1.0,2.2946,2.2667,4.5613
Flickr8K,27,1024,mblur7,robust,1.0,2.2946,2.2682,4.5627
Flickr8K,28,1024,clean,robust,1.0,2.2936,2.2687,4.5623
Flickr8K,28,1024,png,robust,1.0,2.2936,2.2671,4.5607
Flickr8K,28,1024,jpeg90,robust,1.0,2.2936,2.2633,4.5569
Flickr8K,28,1024,jpeg70,robust,1.0,2.2936,2.2667,4.5603
Flickr8K,28,1024,jpeg50,robust,1.0,2.2936,2.2666,4.5602
Flickr8K,28,1024,resize0.5,robust,1.0,2.2936,2.266,4.5596
Flickr8K,28,1024,resize0.75,robust,1.0,2.2936,2.2753,4.5689
Flickr8K,28,1024,resize1.25,robust,1.0,2.2936,2.2669,4.5605
Flickr8K,28,1024,resize1.5,robust,1.0,2.2936,2.2653,4.5589
Flickr8K,28,1024,gnoise01,robust,1.0,2.2936,2.2668,4.5604
Flickr8K,28,1024,gnoise05,robust,0.976562,2.2936,2.2641,4.5577
Flickr8K,28,1024,gnoise10,robust,0.9375,2.2936,2.2679,4.5615
Flickr8K,28,1024,gblur3,robust,1.0,2.2936,2.2664,4.56
Flickr8K,28,1024,gblur5,robust,1.0,2.2936,2.2691,4.5627
Flickr8K,28,1024,gblur7,robust,0.939453,2.2936,2.263,4.5566
Flickr8K,28,1024,mblur3,robust,1.0,2.2936,2.2618,4.5554
Flickr8K,28,1024,mblur5,robust,1.0,2.2936,2.2676,4.5612
Flickr8K,28,1024,mblur7,robust,1.0,2.2936,2.273,4.5666
Flickr8K,29,1024,clean,robust,1.0,2.2995,2.2634,4.5629
Flickr8K,29,1024,png,robust,1.0,2.2995,2.2637,4.5632
Flickr8K,29,1024,jpeg90,robust,1.0,2.2995,2.2655,4.565
Flickr8K,29,1024,jpeg70,robust,1.0,2.2995,2.2646,4.5641
Flickr8K,29,1024,jpeg50,robust,1.0,2.2995,2.2698,4.5693
Flickr8K,29,1024,resize0.5,robust,1.0,2.2995,2.2636,4.5631
Flickr8K,29,1024,resize0.75,robust,1.0,2.2995,2.263,4.5625
Flickr8K,29,1024,resize1.25,robust,1.0,2.2995,2.2634,4.563
Flickr8K,29,1024,resize1.5,robust,1.0,2.2995,2.2677,4.5673
Flickr8K,29,1024,gnoise01,robust,1.0,2.2995,2.2675,4.567
Flickr8K,29,1024,gnoise05,robust,1.0,2.2995,2.2675,4.567
Flickr8K,29,1024,gnoise10,robust,0.969727,2.2995,2.2638,4.5633
Flickr8K,29,1024,gblur3,robust,1.0,2.2995,2.263,4.5625
Flickr8K,29,1024,gblur5,robust,0.981445,2.2995,2.265,4.5645
Flickr8K,29,1024,gblur7,robust,0.924805,2.2995,2.2712,4.5707
Flickr8K,29,1024,mblur3,robust,1.0,2.2995,2.2738,4.5733
Flickr8K,29,1024,mblur5,robust,1.0,2.2995,2.2654,4.5649
Flickr8K,29,1024,mblur7,robust,0.958008,2.2995,2.2694,4.5689
Flickr8K,30,1024,clean,robust,1.0,2.2932,2.2625,4.5557
Flickr8K,30,1024,png,robust,1.0,2.2932,2.2639,4.5572
Flickr8K,30,1024,jpeg90,robust,1.0,2.2932,2.2691,4.5624
Flickr8K,30,1024,jpeg70,robust,1.0,2.2932,2.2659,4.5591
Flickr8K,30,1024,jpeg50,robust,1.0,2.2932,2.2653,4.5585
Flickr8K,30,1024,resize0.5,robust,1.0,2.2932,2.2649,4.5581
Flickr8K,30,1024,resize0.75,robust,1.0,2.2932,2.2643,4.5576
Flickr8K,30,1024,resize1.25,robust,1.0,2.2932,2.2718,4.5651
Flickr8K,30,1024,resize1.5,robust,1.0,2.2932,2.2698,4.5631
Flickr8K,30,1024,gnoise01,robust,1.0,2.2932,2.2652,4.5584
Flickr8K,30,1024,gnoise05,robust,1.0,2.2932,2.2653,4.5585
Flickr8K,30,1024,gnoise10,robust,1.0,2.2932,2.2656,4.5588
Flickr8K,30,1024,gblur3,robust,1.0,2.2932,2.2654,4.5586
Flickr8K,30,1024,gblur5,robust,1.0,2.2932,2.2693,4.5626
Flickr8K,30,1024,gblur7,robust,1.0,2.2932,2.2676,4.5608
Flickr8K,30,1024,mblur3,robust,1.0,2.2932,2.2647,4.5579
Flickr8K,30,1024,mblur5,robust,1.0,2.2932,2.2658,4.5591
Flickr8K,30,1024,mblur7,robust,1.0,2.2932,2.267,4.5603
Flickr8K,31,1024,clean,robust,1.0,2.2932,2.2693,4.5626
Flickr8K,31,1024,png,robust,1.0,2.2932,2.2685,4.5618
Flickr8K,31,1024,jpeg90,robust,1.0,2.2932,2.2636,4.5569
Flickr8K,31,1024,jpeg70,robust,1.0,2.2932,2.2681,4.5613
Flickr8K,31,1024,jpeg50,robust,1.0,2.2932,2.2698,4.563
Flickr8K,31,1024,resize0.5,robust,1.0,2.2932,2.2684,4.5617
Flickr8K,31,1024,resize0.75,robust,1.0,2.2932,2.2787,4.572
Flickr8K,31,1024,resize1.25,robust,1.0,2.2932,2.2645,4.5578
Flickr8K,31,1024,resize1.5,robust,1.0,2.2932,2.2635,4.5568
Flickr8K,31,1024,gnoise01,robust,1.0,2.2932,2.2641,4.5573
Flickr8K,31,1024,gnoise05,robust,0.929688,2.2932,2.2678,4.5611
Flickr8K,31,1024,gnoise10,robust,0.858398,2.2932,2.2687,4.5619
Flickr8K,31,1024,gblur3,robust,1.0,2.2932,2.266,4.5592
Flickr8K,31,1024,gblur5,robust,1.0,2.2932,2.2645,4.5578
Flickr8K,31,1024,gblur7,robust,0.938477,2.2932,2.2659,4.5592
Flickr8K,31,1024,mblur3,robust,1.0,2.2932,2.2661,4.5593
Flickr8K,31,1024,mblur5,robust,1.0,2.2932,2.2742,4.5675
Flickr8K,31,1024,mblur7,robust,0.970703,2.2932,2.2752,4.5684
Flickr8K,32,1024,clean,robust,1.0,2.2912,2.265,4.5562
Flickr8K,32,1024,png,robust,1.0,2.2912,2.2647,4.556
Flickr8K,32,1024,jpeg90,robust,1.0,2.2912,2.2626,4.5538
Flickr8K,32,1024,jpeg70,robust,1.0,2.2912,2.2688,4.5601
Flickr8K,32,1024,jpeg50,robust,1.0,2.2912,2.2675,4.5588
Flickr8K,32,1024,resize0.5,robust,1.0,2.2912,2.2679,4.5591
Flickr8K,32,1024,resize0.75,robust,1.0,2.2912,2.2639,4.5551
Flickr8K,32,1024,resize1.25,robust,1.0,2.2912,2.2643,4.5555
Flickr8K,32,1024,resize1.5,robust,1.0,2.2912,2.2652,4.5564
Flickr8K,32,1024,gnoise01,robust,1.0,2.2912,2.2713,4.5626
Flickr8K,32,1024,gnoise05,robust,1.0,2.2912,2.2729,4.5642
Flickr8K,32,1024,gnoise10,robust,0.982422,2.2912,2.2705,4.5617
Flickr8K,32,1024,gblur3,robust,1.0,2.2912,2.2716,4.5628
Flickr8K,32,1024,gblur5,robust,1.0,2.2912,2.2671,4.5583
Flickr8K,32,1024,gblur7,robust,0.972656,2.2912,2.268,4.5592
Flickr8K,32,1024,mblur3,robust,1.0,2.2912,2.271,4.5622
Flickr8K,32,1024,mblur5,robust,1.0,2.2912,2.2668,4.558
Flickr8K,32,1024,mblur7,robust,0.979492,2.2912,2.2636,4.5548
Flickr8K,33,1024,clean,robust,1.0,2.2918,2.264,4.5558
Flickr8K,33,1024,png,robust,1.0,2.2918,2.2699,4.5617
Flickr8K,33,1024,jpeg90,robust,1.0,2.2918,2.2687,4.5606
Flickr8K,33,1024,jpeg70,robust,1.0,2.2918,2.2662,4.5581
Flickr8K,33,1024,jpeg50,robust,1.0,2.2918,2.2627,4.5545
Flickr8K,33,1024,resize0.5,robust,1.0,2.2918,2.2629,4.5547
Flickr8K,33,1024,resize0.75,robust,1.0,2.2918,2.269,4.5608
Flickr8K,33,1024,resize1.25,robust,1.0,2.2918,2.2714,4.5632
Flickr8K,33,1024,resize1.5,robust,1.0,2.2918,2.2671,4.5589
Flickr8K,33,1024,gnoise01,robust,1.0,2.2918,2.2643,4.5561
Flickr8K,33,1024,gnoise05,robust,0.976562,2.2918,2.2677,4.5595
Flickr8K,33,1024,gnoise10,robust,0.938477,2.2918,2.2661,4.5579
Flickr8K,33,1024,gblur3,robust,1.0,2.2918,2.2654,4.5572
Flickr8K,33,1024,gblur5,robust,1.0,2.2918,2.271,4.5628
Flickr8K,33,1024,gblur7,robust,0.974609,2.2918,2.2647,4.5565
Flickr8K,33,1024,mblur3,robust,1.0,2.2918,2.2652,4.557
Flickr8K,33,1024,mblur5,robust,1.0,2.2918,2.2659,4.5577
Flickr8K,33,1024,mblur7,robust,1.0,2.2918,2.2658,4.5576
Flickr8K,34,1024,clean,robust,1.0,2.2964,2.2734,4.5698
Flickr8K,34,1024,png,robust,1.0,2.2964,2.2753,4.5717
Flickr8K,34,1024,jpeg90,robust,1.0,2.2964,2.2705,4.5669
Flickr8K,34,1024,jpeg70,robust,1.0,2.2964,2.2663,4.5627
Flickr8K,34,1024,jpeg50,robust,1.0,2.2964,2.2681,4.5645
Flickr8K,34,1024,resize0.5,robust,1.0,2.2964,2.2675,4.5639
Flickr8K,34,1024,resize0.75,robust,1.0,2.2964,2.2683,4.5647
Flickr8K,34,1024,resize1.25,robust,1.0,2.2964,2.2624,4.5588
Flickr8K,34,1024,resize1.5,robust,1.0,2.2964,2.2633,4.5597
Flickr8K,34,1024,gnoise01,robust,1.0,2.2964,2.2644,4.5608
Flickr8K,34,1024,gnoise05,robust,1.0,2.2964,2.2641,4.5605
Flickr8K,34,1024,gnoise10,robust,0.983398,2.2964,2.2695,4.5659
Flickr8K,34,1024,gblur3,robust,1.0,2.2964,2.2653,4.5617
Flickr8K,34,1024,gblur5,robust,1.0,2.2964,2.2654,4.5618
Flickr8K,34,1024,gblur7,robust,0.957031,2.2964,2.2636,4.56
Flickr8K,34,1024,mblur3,robust,1.0,2.2964,2.2655,4.5619
Flickr8K,34,1024,mblur5,robust,1.0,2.2964,2.273,4.5694
Flickr8K,34,1024,mblur7,robust,0.955078,2.2964,2.2707,4.5671
Flickr8K,35,1024,clean,robust,1.0,2.3108,2.2633,4.5741
Flickr8K,35,1024,png,robust,1.0,2.3108,2.2638,4.5746
Flickr8K,35,1024,jpeg90,robust,1.0,2.3108,2.265,4.5758
Flickr8K,35,1024,jpeg70,robust,1.0,2.3108,2.2689,4.5797
Flickr8K,35,1024,jpeg50,robust,0.979492,2.3108,2.2689,4.5797
Flickr8K,35,1024,resize0.5,robust,1.0,2.3108,2.2618,4.5726
Flickr8K,35,1024,resize0.75,robust,1.0,2.3108,2.2636,4.5744
Flickr8K,35,1024,resize1.25,robust,1.0,2.3108,2.2634,4.5742
Flickr8K,35,1024,resize1.5,robust,1.0,2.3108,2.265,4.5757
Flickr8K,35,1024,gnoise01,robust,1.0,2.3108,2.2737,4.5845
Flickr8K,35,1024,gnoise05,robust,0.953125,2.3108,2.2683,4.5791
Flickr8K,35,1024,gnoise10,robust,0.869141,2.3108,2.2637,4.5744
Flickr8K,35,1024,gblur3,robust,1.0,2.3108,2.2627,4.5735
Flickr8K,35,1024,gblur5,robust,0.980469,2.3108,2.265,4.5758
Flickr8K,35,1024,gblur7,robust,0.930664,2.3108,2.2745,4.5853
Flickr8K,35,1024,mblur3,robust,1.0,2.3108,2.2693,4.5801
Flickr8K,35,1024,mblur5,robust,1.0,2.3108,2.2686,4.5794
Flickr8K,35,1024,mblur7,robust,0.94043,2.3108,2.2656,4.5763
Flickr8K,36,1024,clean,robust,1.0,2.2935,2.2646,4.558
Flickr8K,36,1024,png,robust,1.0,2.2935,2.267,4.5605
Flickr8K,36,1024,jpeg90,robust,1.0,2.2935,2.2694,4.5629
Flickr8K,36,1024,jpeg70,robust,1.0,2.2935,2.2677,4.5612
Flickr8K,36,1024,jpeg50,robust,1.0,2.2935,2.2673,4.5608
Flickr8K,36,1024,resize0.5,robust,1.0,2.2935,2.2668,4.5603
Flickr8K,36,1024,resize0.75,robust,1.0,2.2935,2.267,4.5605
Flickr8K,36,1024,resize1.25,robust,1.0,2.2935,2.2691,4.5625
Flickr8K,36,1024,resize1.5,robust,1.0,2.2935,2.2675,4.561
Flickr8K,36,1024,gnoise01,robust,1.0,2.2935,2.2712,4.5647
Flickr8K,36,1024,gnoise05,robust,0.976562,2.2935,2.2654,4.5589
Flickr8K,36,1024,gnoise10,robust,0.882812,2.2935,2.265,4.5585
Flickr8K,36,1024,gblur3,robust,1.0,2.2935,2.2664,4.5599
Flickr8K,36,1024,gblur5,robust,0.969727,2.2935,2.2726,4.566
Flickr8K,36,1024,gblur7,robust,0.923828,2.2935,2.2655,4.559
Flickr8K,36,1024,mblur3,robust,1.0,2.2935,2.2654,4.5589
Flickr8K,36,1024,mblur5,robust,0.967773,2.2935,2.2683,4.5617
Flickr8K,36,1024,mblur7,robust,0.924805,2.2935,2.2695,4.5629
Flickr8K,37,1024,clean,robust,1.0,2.2932,2.2701,4.5634
Flickr8K,37,1024,png,robust,1.0,2.2932,2.2673,4.5605
Flickr8K,37,1024,jpeg90,robust,1.0,2.2932,2.2626,4.5558
Flickr8K,37,1024,jpeg70,robust,1.0,2.2932,2.2635,4.5568
Flickr8K,37,1024,jpeg50,robust,1.0,2.2932,2.2644,4.5576
Flickr8K,37,1024,resize0.5,robust,1.0,2.2932,2.2689,4.5621
Flickr8K,37,1024,resize0.75,robust,1.0,2.2932,2.2675,4.5607
Flickr8K,37,1024,resize1.25,robust,1.0,2.2932,2.2638,4.5571
Flickr8K,37,1024,resize1.5,robust,1.0,2.2932,2.2628,4.556
Flickr8K,37,1024,gnoise01,robust,1.0,2.2932,2.2625,4.5557
Flickr8K,37,1024,gnoise05,robust,1.0,2.2932,2.2644,4.5576
Flickr8K,37,1024,gnoise10,robust,0.946289,2.2932,2.2715,4.5647
Flickr8K,37,1024,gblur3,robust,1.0,2.2932,2.2649,4.5581
Flickr8K,37,1024,gblur5,robust,1.0,2.2932,2.2671,4.5603
Flickr8K,37,1024,gblur7,robust,0.96875,2.2932,2.2651,4.5583
Flickr8K,37,1024,mblur3,robust,1.0,2.2932,2.263,4.5562
Flickr8K,37,1024,mblur5,robust,1.0,2.2932,2.2718,4.565
Flickr8K,37,1024,mblur7,robust,0.97168,2.2932,2.2665,4.5597
Flickr8K,38,1024,clean,robust,1.0,2.2916,2.2641,4.5557
Flickr8K,38,1024,png,robust,1.0,2.2916,2.2658,4.5574
Flickr8K,38,1024,jpeg90,robust,1.0,2.2916,2.2659,4.5575
Flickr8K,38,1024,jpeg70,robust,1.0,2.2916,2.2684,4.56
Flickr8K,38,1024,jpeg50,robust,1.0,2.2916,2.2729,4.5645
Flickr8K,38,1024,resize0.5,robust,1.0,2.2916,2.2639,4.5555
Flickr8K,38,1024,resize0.75,robust,1.0,2.2916,2.2679,4.5595
Flickr8K,38,1024,resize1.25,robust,1.0,2.2916,2.2698,4.5614
Flickr8K,38,1024,resize1.5,robust,1.0,2.2916,2.263,4.5546
Flickr8K,38,1024,gnoise01,robust,1.0,2.2916,2.2706,4.5622
Flickr8K,38,1024,gnoise05,robust,0.93457,2.2916,2.2656,4.5572
Flickr8K,38,1024,gnoise10,robust,0.845703,2.2916,2.2642,4.5558
Flickr8K,38,1024,gblur3,robust,1.0,2.2916,2.2642,4.5558
Flickr8K,38,1024,gblur5,robust,1.0,2.2916,2.2662,4.5578
Flickr8K,38,1024,gblur7,robust,0.961914,2.2916,2.2659,4.5575
Flickr8K,38,1024,mblur3,robust,1.0,2.2916,2.2695,4.5611
Flickr8K,38,1024,mblur5,robust,1.0,2.2916,2.2675,4.559
Flickr8K,38,1024,mblur7,robust,1.0,2.2916,2.2673,4.5589
Flickr8K,39,1024,clean,robust,1.0,2.2915,2.2628,4.5542
Flickr8K,39,1024,png,robust,1.0,2.2915,2.2655,4.557
Flickr8K,39,1024,jpeg90,robust,1.0,2.2915,2.2682,4.5597
Flickr8K,39,1024,jpeg70,robust,1.0,2.2915,2.2658,4.5572
Flickr8K,39,1024,jpeg50,robust,1.0,2.2915,2.2657,4.5572
Flickr8K,39,1024,resize0.5,robust,1.0,2.2915,2.2633,4.5547
Flickr8K,39,1024,resize0.75,robust,1.0,2.2915,2.2624,4.5538
Flickr8K,39,1024,resize1.25,robust,1.0,2.2915,2.2694,4.5609
Flickr8K,39,1024,resize1.5,robust,1.0,2.2915,2.2673,4.5588
Flickr8K,39,1024,gnoise01,robust,1.0,2.2915,2.2637,4.5552
Flickr8K,39,1024,gnoise05,robust,0.97168,2.2915,2.2646,4.5561
Flickr8K,39,1024,gnoise10,robust,0.874023,2.2915,2.2696,4.5611
Flickr8K,39,1024,gblur3,robust,1.0,2.2915,2.2756,4.5671
Flickr8K,39,1024,gblur5,robust,1.0,2.2915,2.2796,4.5711
Flickr8K,39,1024,gblur7,robust,0.966797,2.2915,2.2755,4.5669
Flickr8K,39,1024,mblur3,robust,1.0,2.2915,2.2698,4.5613
Flickr8K,39,1024,mblur5,robust,1.0,2.2915,2.267,4.5585
Flickr8K,39,1024,mblur7,robust,1.0,2.2915,2.2668,4.5583
Flickr8K,40,1024,clean,robust,1.0,2.2969,2.268,4.5649
Flickr8K,40,1024,png,robust,1.0,2.2969,2.2653,4.5622
Flickr8K,40,1024,jpeg90,robust,1.0,2.2969,2.2636,4.5604
Flickr8K,40,1024,jpeg70,robust,1.0,2.2969,2.2637,4.5605
Flickr8K,40,1024,jpeg50,robust,1.0,2.2969,2.2631,4.5599
Flickr8K,40,1024,resize0.5,robust,1.0,2.2969,2.2703,4.5671
Flickr8K,40,1024,resize0.75,robust,1.0,2.2969,2.2676,4.5644
Flickr8K,40,1024,resize1.25,robust,1.0,2.2969,2.2626,4.5594
Flickr8K,40,1024,resize1.5,robust,1.0,2.2969,2.267,4.5639
Flickr8K,40,1024,gnoise01,robust,1.0,2.2969,2.267,4.5639
Flickr8K,40,1024,gnoise05,robust,1.0,2.2969,2.2656,4.5625
Flickr8K,40,1024,gnoise10,robust,1.0,2.2969,2.2719,4.5687
Flickr8K,40,1024,gblur3,robust,1.0,2.2969,2.2696,4.5665
Flickr8K,40,1024,gblur5,robust,1.0,2.2969,2.2681,4.565
Flickr8K,40,1024,gblur7,robust,0.951172,2.2969,2.2641,4.561
Flickr8K,40,1024,mblur3,robust,1.0,2.2969,2.2642,4.561
Flickr8K,40,1024,mblur5,robust,1.0,2.2969,2.272,4.5689
Flickr8K,40,1024,mblur7,robust,0.974609,2.2969,2.2713,4.5682
Flickr8K,41,1024,clean,robust,1.0,2.2936,2.2615,4.5552
Flickr8K,41,1024,png,robust,1.0,2.2936,2.2627,4.5563
Flickr8K,41,1024,jpeg90,robust,1.0,2.2936,2.267,4.5607
Flickr8K,41,1024,jpeg70,robust,1.0,2.2936,2.2713,4.5649
Flickr8K,41,1024,jpeg50,robust,1.0,2.2936,2.2787,4.5723
Flickr8K,41,1024,resize0.5,robust,1.0,2.2936,2.267,4.5606
Flickr8K,41,1024,resize0.75,robust,1.0,2.2936,2.2649,4.5585
Flickr8K,41,1024,resize1.25,robust,1.0,2.2936,2.2655,4.5591
Flickr8K,41,1024,resize1.5,robust,1.0,2.2936,2.2636,4.5572
Flickr8K,41,1024,gnoise01,robust,1.0,2.2936,2.2734,4.567
Flickr8K,41,1024,gnoise05,robust,1.0,2.2936,2.2681,4.5617
Flickr8K,41,1024,gnoise10,robust,1.0,2.2936,2.2658,4.5595
Flickr8K,41,1024,gblur3,robust,1.0,2.2936,2.2644,4.5581
Flickr8K,41,1024,gblur5,robust,1.0,2.2936,2.2657,4.5594
Flickr8K,41,1024,gblur7,robust,0.955078,2.2936,2.2696,4.5632
Flickr8K,41,1024,mblur3,robust,1.0,2.2936,2.2712,4.5649
Flickr8K,41,1024,mblur5,robust,1.0,2.2936,2.2664,4.56
Flickr8K,41,1024,mblur7,robust,0.982422,2.2936,2.2659,4.5595
Flickr8K,42,1024,clean,robust,1.0,2.2948,2.2683,4.5631
Flickr8K,42,1024,png,robust,1.0,2.2948,2.2739,4.5687
Flickr8K,42,1024,jpeg90,robust,1.0,2.2948,2.2764,4.5712
Flickr8K,42,1024,jpeg70,robust,1.0,2.2948,2.268,4.5628
Flickr8K,42,1024,jpeg50,robust,1.0,2.2948,2.2652,4.56
Flickr8K,42,1024,resize0.5,robust,1.0,2.2948,2.2685,4.5633
Flickr8K,42,1024,resize0.75,robust,1.0,2.2948,2.2665,4.5612
Flickr8K,42,1024,resize1.25,robust,1.0,2.2948,2.2724,4.5672
Flickr8K,42,1024,resize1.5,robust,1.0,2.2948,2.2664,4.5612
Flickr8K,42,1024,gnoise01,robust,1.0,2.2948,2.2684,4.5632
Flickr8K,42,1024,gnoise05,robust,0.953125,2.2948,2.2655,4.5603
Flickr8K,42,1024,gnoise10,robust,0.820312,2.2948,2.2678,4.5625
Flickr8K,42,1024,gblur3,robust,1.0,2.2948,2.2767,4.5715
Flickr8K,42,1024,gblur5,robust,0.975586,2.2948,2.2719,4.5667
Flickr8K,42,1024,gblur7,robust,0.916016,2.2948,2.2666,4.5613
Flickr8K,42,1024,mblur3,robust,1.0,2.2948,2.267,4.5618
Flickr8K,42,1024,mblur5,robust,0.980469,2.2948,2.2647,4.5595
Flickr8K,42,1024,mblur7,robust,0.918945,2.2948,2.2676,4.5624
Flickr8K,43,1024,clean,robust,1.0,2.2932,2.2691,4.5622
Flickr8K,43,1024,png,robust,1.0,2.2932,2.2641,4.5573
Flickr8K,43,1024,jpeg90,robust,1.0,2.2932,2.2633,4.5565
Flickr8K,43,1024,jpeg70,robust,1.0,2.2932,2.2631,4.5563
Flickr8K,43,1024,jpeg50,robust,1.0,2.2932,2.2619,4.5551
Flickr8K,43,1024,resize0.5,robust,1.0,2.2932,2.2693,4.5625
Flickr8K,43,1024,resize0.75,robust,1.0,2.2932,2.265,4.5582
Flickr8K,43,1024,resize1.25,robust,1.0,2.2932,2.2638,4.557
Flickr8K,43,1024,resize1.5,robust,1.0,2.2932,2.2628,4.5559
Flickr8K,43,1024,gnoise01,robust,1.0,2.2932,2.263,4.5561
Flickr8K,43,1024,gnoise05,robust,1.0,2.2932,2.2686,4.5618
Flickr8K,43,1024,gnoise10,robust,0.962891,2.2932,2.2764,4.5695
Flickr8K,43,1024,gblur3,robust,1.0,2.2932,2.2648,4.558
Flickr8K,43,1024,gblur5,robust,1.0,2.2932,2.2645,4.5577
Flickr8K,43,1024,gblur7,robust,0.943359,2.2932,2.2688,4.5619
Flickr8K,43,1024,mblur3,robust,1.0,2.2932,2.2629,4.5561
Flickr8K,43,1024,mblur5,robust,1.0,2.2932,2.2721,4.5653
Flickr8K,43,1024,mblur7,robust,0.958984,2.2932,2.2668,4.56
Flickr8K,44,1024,clean,robust,1.0,2.2918,2.2652,4.5569
Flickr8K,44,1024,png,robust,1.0,2.2918,2.2749,4.5666
Flickr8K,44,1024,jpeg90,robust,1.0,2.2918,2.2667,4.5585
Flickr8K,44,1024,jpeg70,robust,1.0,2.2918,2.2689,4.5606
Flickr8K,44,1024,jpeg50,robust,1.0,2.2918,2.268,4.5598
Flickr8K,44,1024,resize0.5,robust,1.0,2.2918,2.2634,4.5551
Flickr8K,44,1024,resize0.75,robust,1.0,2.2918,2.2658,4.5576
Flickr8K,44,1024,resize1.25,robust,1.0,2.2918,2.2652,4.557
Flickr8K,44,1024,resize1.5,robust,1.0,2.2918,2.2655,4.5572
Flickr8K,44,1024,gnoise01,robust,1.0,2.2918,2.2703,4.5621
Flickr8K,44,1024,gnoise05,robust,1.0,2.2918,2.2644,4.5561
Flickr8K,44,1024,gnoise10,robust,0.985352,2.2918,2.2641,4.5559
Flickr8K,44,1024,gblur3,robust,1.0,2.2918,2.2637,4.5554
Flickr8K,44,1024,gblur5,robust,1.0,2.2918,2.265,4.5567
Flickr8K,44,1024,gblur7,robust,0.947266,2.2918,2.2682,4.56
Flickr8K,44,1024,mblur3,robust,1.0,2.2918,2.2666,4.5584
Flickr8K,44,1024,mblur5,robust,1.0,2.2918,2.2657,4.5574
Flickr8K,44,1024,mblur7,robust,1.0,2.2918,2.266,4.5577
Flickr8K,45,1024,clean,robust,1.0,2.2947,2.2642,4.5589
Flickr8K,45,1024,png,robust,1.0,2.2947,2.2731,4.5678
Flickr8K,45,1024,jpeg90,robust,1.0,2.2947,2.2732,4.5679
Flickr8K,45,1024,jpeg70,robust,1.0,2.2947,2.2692,4.5639
Flickr8K,45,1024,jpeg50,robust,1.0,2.2947,2.2636,4.5583
Flickr8K,45,1024,resize0.5,robust,1.0,2.2947,2.2641,4.5588
Flickr8K,45,1024,resize0.75,robust,1.0,2.2947,2.2651,4.5598
Flickr8K,45,1024,resize1.25,robust,1.0,2.2947,2.2709,4.5656
Flickr8K,45,1024,resize1.5,robust,1.0,2.2947,2.266,4.5607
Flickr8K,45,1024,gnoise01,robust,1.0,2.2947,2.2707,4.5654
Flickr8K,45,1024,gnoise05,robust,1.0,2.2947,2.2666,4.5613
Flickr8K,45,1024,gnoise10,robust,0.979492,2.2947,2.2644,4.5592
Flickr8K,45,1024,gblur3,robust,1.0,2.2947,2.2674,4.5621
Flickr8K,45,1024,gblur5,robust,1.0,2.2947,2.2689,4.5636
Flickr8K,45,1024,gblur7,robust,0.97168,2.2947,2.2647,4.5594
Flickr8K,45,1024,mblur3,robust,1.0,2.2947,2.2636,4.5583
Flickr8K,45,1024,mblur5,robust,1.0,2.2947,2.2657,4.5605
Flickr8K,45,1024,mblur7,robust,1.0,2.2947,2.2727,4.5674
Flickr8K,46,1024,clean,robust,1.0,2.2974,2.2701,4.5674
Flickr8K,46,1024,png,robust,1.0,2.2974,2.2637,4.561
Flickr8K,46,1024,jpeg90,robust,1.0,2.2974,2.2631,4.5604
Flickr8K,46,1024,jpeg70,robust,1.0,2.2974,2.263,4.5604
Flickr8K,46,1024,jpeg50,robust,1.0,2.2974,2.2636,4.561
Flickr8K,46,1024,resize0.5,robust,1.0,2.2974,2.2703,4.5676
Flickr8K,46,1024,resize0.75,robust,1.0,2.2974,2.2667,4.564
Flickr8K,46,1024,resize1.25,robust,1.0,2.2974,2.2636,4.561
Flickr8K,46,1024,resize1.5,robust,1.0,2.2974,2.2718,4.5691
Flickr8K,46,1024,gnoise01,robust,1.0,2.2974,2.2679,4.5652
Flickr8K,46,1024,gnoise05,robust,1.0,2.2974,2.273,4.5704
Flickr8K,46,1024,gnoise10,robust,1.0,2.2974,2.2675,4.5649
Flickr8K,46,1024,gblur3,robust,1.0,2.2974,2.2623,4.5597
Flickr8K,46,1024,gblur5,robust,1.0,2.2974,2.2666,4.564
Flickr8K,46,1024,gblur7,robust,0.979492,2.2974,2.2677,4.565
Flickr8K,46,1024,mblur3,robust,1.0,2.2974,2.2633,4.5606
Flickr8K,46,1024,mblur5,robust,1.0,2.2974,2.2745,4.5719
Flickr8K,46,1024,mblur7,robust,1.0,2.2974,2.2715,4.5688
Flickr8K,47,1024,clean,robust,1.0,2.2925,2.2642,4.5566
Flickr8K,47,1024,png,robust,1.0,2.2925,2.2674,4.5599
Flickr8K,47,1024,jpeg90,robust,1.0,2.2925,2.2645,4.557
Flickr8K,47,1024,jpeg70,robust,1.0,2.2925,2.2709,4.5634
Flickr8K,47,1024,jpeg50,robust,1.0,2.2925,2.27,4.5625
Flickr8K,47,1024,resize0.5,robust,1.0,2.2925,2.2633,4.5558
Flickr8K,47,1024,resize0.75,robust,1.0,2.2925,2.2669,4.5594
Flickr8K,47,1024,resize1.25,robust,1.0,2.2925,2.2634,4.5559
Flickr8K,47,1024,resize1.5,robust,1.0,2.2925,2.2671,4.5596
Flickr8K,47,1024,gnoise01,robust,1.0,2.2925,2.2721,4.5646
Flickr8K,47,1024,gnoise05,robust,1.0,2.2925,2.2644,4.5569
Flickr8K,47,1024,gnoise10,robust,1.0,2.2925,2.2644,4.5568
Flickr8K,47,1024,gblur3,robust,1.0,2.2925,2.2624,4.5549
Flickr8K,47,1024,gblur5,robust,1.0,2.2925,2.2659,4.5584
Flickr8K,47,1024,gblur7,robust,0.97168,2.2925,2.2693,4.5618
Flickr8K,47,1024,mblur3,robust,1.0,2.2925,2.2646,4.5571
Flickr8K,47,1024,mblur5,robust,1.0,2.2925,2.2632,4.5557
Flickr8K,47,1024,mblur7,robust,1.0,2.2925,2.2707,4.5632
Flickr8K,48,1024,clean,robust,1.0,2.293,2.2704,4.5634
Flickr8K,48,1024,png,robust,1.0,2.293,2.2689,4.5619
Flickr8K,48,1024,jpeg90,robust,1.0,2.293,2.2665,4.5595
Flickr8K,48,1024,jpeg70,robust,1.0,2.293,2.2631,4.5561
Flickr8K,48,1024,jpeg50,robust,1.0,2.293,2.2651,4.5581
Flickr8K,48,1024,resize0.5,robust,1.0,2.293,2.2662,4.5592
Flickr8K,48,1024,resize0.75,robust,1.0,2.293,2.2724,4.5654
Flickr8K,48,1024,resize1.25,robust,1.0,2.293,2.274,4.567
Flickr8K,48,1024,resize1.5,robust,1.0,2.293,2.264,4.557
Flickr8K,48,1024,gnoise01,robust,1.0,2.293,2.2647,4.5578
Flickr8K,48,1024,gnoise05,robust,1.0,2.293,2.2638,4.5568
Flickr8K,48,1024,gnoise10,robust,1.0,2.293,2.2651,4.5581
Flickr8K,48,1024,gblur3,robust,1.0,2.293,2.2681,4.5611
Flickr8K,48,1024,gblur5,robust,1.0,2.293,2.2702,4.5633
Flickr8K,48,1024,gblur7,robust,0.984375,2.293,2.2654,4.5585
Flickr8K,48,1024,mblur3,robust,1.0,2.293,2.2628,4.5558
Flickr8K,48,1024,mblur5,robust,1.0,2.293,2.2641,4.5571
Flickr8K,48,1024,mblur7,robust,1.0,2.293,2.2688,4.5618
Flickr8K,49,1024,clean,robust,1.0,2.2934,2.2676,4.561
Flickr8K,49,1024,png,robust,1.0,2.2934,2.2655,4.5589
Flickr8K,49,1024,jpeg90,robust,1.0,2.2934,2.2673,4.5607
Flickr8K,49,1024,jpeg70,robust,0.983398,2.2934,2.2648,4.5582
Flickr8K,49,1024,jpeg50,robust,0.97168,2.2934,2.2654,4.5588
Flickr8K,49,1024,resize0.5,robust,1.0,2.2934,2.2716,4.565
Flickr8K,49,1024,resize0.75,robust,1.0,2.2934,2.2636,4.557
Flickr8K,49,1024,resize1.25,robust,1.0,2.2934,2.2647,4.5581
Flickr8K,49,1024,resize1.5,robust,1.0,2.2934,2.2668,4.5601
Flickr8K,49,1024,gnoise01,robust,1.0,2.2934,2.2681,4.5615
Flickr8K,49,1024,gnoise05,robust,0.952148,2.2934,2.2691,4.5625
Flickr8K,49,1024,gnoise10,robust,0.912109,2.2934,2.2679,4.5613
Flickr8K,49,1024,gblur3,robust,1.0,2.2934,2.2637,4.5571
Flickr8K,49,1024,gblur5,robust,1.0,2.2934,2.2661,4.5595
Flickr8K,49,1024,gblur7,robust,0.919922,2.2934,2.272,4.5654
Flickr8K,49,1024,mblur3,robust,1.0,2.2934,2.2704,4.5638
Flickr8K,49,1024,mblur5,robust,1.0,2.2934,2.2743,4.5677
Flickr8K,49,1024,mblur7,robust,0.952148,2.2934,2.2658,4.5592
Flickr8K,50,1024,clean,robust,1.0,2.2954,2.263,4.5584
Flickr8K,50,1024,png,robust,1.0,2.2954,2.2645,4.56
Flickr8K,50,1024,jpeg90,robust,1.0,2.2954,2.2637,4.5592
Flickr8K,50,1024,jpeg70,robust,1.0,2.2954,2.2696,4.565
Flickr8K,50,1024,jpeg50,robust,1.0,2.2954,2.2654,4.5608
Flickr8K,50,1024,resize0.5,robust,1.0,2.2954,2.2637,4.5591
Flickr8K,50,1024,resize0.75,robust,1.0,2.2954,2.2631,4.5586
Flickr8K,50,1024,resize1.25,robust,1.0,2.2954,2.2662,4.5617
Flickr8K,50,1024,resize1.5,robust,1.0,2.2954,2.266,4.5615
Flickr8K,50,1024,gnoise01,robust,1.0,2.2954,2.2751,4.5705
Flickr8K,50,1024,gnoise05,robust,1.0,2.2954,2.2657,4.5612
Flickr8K,50,1024,gnoise10,robust,0.907227,2.2954,2.2659,4.5613
Flickr8K,50,1024,gblur3,robust,1.0,2.2954,2.2651,4.5606
Flickr8K,50,1024,gblur5,robust,1.0,2.2954,2.2675,4.5629
Flickr8K,50,1024,gblur7,robust,0.929688,2.2954,2.2714,4.5668
Flickr8K,50,1024,mblur3,robust,1.0,2.2954,2.2639,4.5594
Flickr8K,50,1024,mblur5,robust,1.0,2.2954,2.2687,4.5641
Flickr8K,50,1024,mblur7,robust,0.959961,2.2954,2.2695,4.565
Flickr8K,51,1024,clean,robust,1.0,2.3044,2.2633,4.5677
Flickr8K,51,1024,png,robust,1.0,2.3044,2.2703,4.5747
Flickr8K,51,1024,jpeg90,robust,1.0,2.3044,2.266,4.5704
Flickr8K,51,1024,jpeg70,robust,1.0,2.3044,2.2633,4.5677
Flickr8K,51,1024,jpeg50,robust,1.0,2.3044,2.2725,4.5769
Flickr8K,51,1024,resize0.5,robust,1.0,2.3044,2.2637,4.5682
Flickr8K,51,1024,resize0.75,robust,1.0,2.3044,2.266,4.5704
Flickr8K,51,1024,resize1.25,robust,1.0,2.3044,2.2686,4.573
Flickr8K,51,1024,resize1.5,robust,1.0,2.3044,2.2642,4.5686
Flickr8K,51,1024,gnoise01,robust,1.0,2.3044,2.2647,4.5691
Flickr8K,51,1024,gnoise05,robust,1.0,2.3044,2.2663,4.5708
Flickr8K,51,1024,gnoise10,robust,0.956055,2.3044,2.2639,4.5683
Flickr8K,51,1024,gblur3,robust,1.0,2.3044,2.2682,4.5726
Flickr8K,51,1024,gblur5,robust,1.0,2.3044,2.2673,4.5717
Flickr8K,51,1024,gblur7,robust,0.945312,2.3044,2.264,4.5684
Flickr8K,51,1024,mblur3,robust,1.0,2.3044,2.2663,4.5708
Flickr8K,51,1024,mblur5,robust,1.0,2.3044,2.2716,4.576
Flickr8K,51,1024,mblur7,robust,0.967773,2.3044,2.2715,4.5759
Flickr8K,52,1024,clean,robust,1.0,2.2946,2.2661,4.5606
Flickr8K,52,1024,png,robust,1.0,2.2946,2.264,4.5586
Flickr8K,52,1024,jpeg90,robust,1.0,2.2946,2.2638,4.5584
Flickr8K,52,1024,jpeg70,robust,0.959961,2.2946,2.2639,4.5585
Flickr8K,52,1024,jpeg50,robust,0.935547,2.2946,2.27,4.5646
Flickr8K,52,1024,resize0.5,robust,1.0,2.2946,2.2726,4.5672
Flickr8K,52,1024,resize0.75,robust,1.0,2.2946,2.264,4.5586
Flickr8K,52,1024,resize1.25,robust,1.0,2.2946,2.2645,4.5591
Flickr8K,52,1024,resize1.5,robust,1.0,2.2946,2.2662,4.5608
Flickr8K,52,1024,gnoise01,robust,0.986328,2.2946,2.2639,4.5585
Flickr8K,52,1024,gnoise05,robust,0.853516,2.2946,2.2686,4.5632
Flickr8K,52,1024,gnoise10,robust,0.730469,2.2946,2.2695,4.5641
Flickr8K,52,1024,gblur3,robust,1.0,2.2946,2.2704,4.565
Flickr8K,52,1024,gblur5,robust,1.0,2.2946,2.2654,4.56
Flickr8K,52,1024,gblur7,robust,0.946289,2.2946,2.2641,4.5586
Flickr8K,52,1024,mblur3,robust,1.0,2.2946,2.2695,4.5641
Flickr8K,52,1024,mblur5,robust,1.0,2.2946,2.2692,4.5638
Flickr8K,52,1024,mblur7,robust,0.951172,2.2946,2.2661,4.5607
Flickr8K,53,1024,clean,robust,1.0,2.2914,2.265,4.5564
Flickr8K,53,1024,png,robust,1.0,2.2914,2.2664,4.5579
Flickr8K,53,1024,jpeg90,robust,1.0,2.2914,2.2644,4.5558
Flickr8K,53,1024,jpeg70,robust,1.0,2.2914,2.2697,4.5611
Flickr8K,53,1024,jpeg50,robust,1.0,2.2914,2.2644,4.5559
Flickr8K,53,1024,resize0.5,robust,1.0,2.2914,2.2636,4.5551
Flickr8K,53,1024,resize0.75,robust,1.0,2.2914,2.2623,4.5538
Flickr8K,53,1024,resize1.25,robust,1.0,2.2914,2.2632,4.5547
Flickr8K,53,1024,resize1.5,robust,1.0,2.2914,2.269,4.5604
Flickr8K,53,1024,gnoise01,robust,1.0,2.2914,2.2655,4.5569
Flickr8K,53,1024,gnoise05,robust,1.0,2.2914,2.2628,4.5543
Flickr8K,53,1024,gnoise10,robust,1.0,2.2914,2.2636,4.5551
Flickr8K,53,1024,gblur3,robust,1.0,2.2914,2.2626,4.5541
Flickr8K,53,1024,gblur5,robust,1.0,2.2914,2.2674,4.5588
Flickr8K,53,1024,gblur7,robust,0.974609,2.2914,2.2718,4.5633
Flickr8K,53,1024,mblur3,robust,1.0,2.2914,2.2692,4.5606
Flickr8K,53,1024,mblur5,robust,1.0,2.2914,2.2741,4.5655
Flickr8K,53,1024,mblur7,robust,0.980469,2.2914,2.2714,4.5629
Flickr8K,54,1024,clean,robust,1.0,2.2956,2.2742,4.5699
Flickr8K,54,1024,png,robust,1.0,2.2956,2.2791,4.5748
Flickr8K,54,1024,jpeg90,robust,1.0,2.2956,2.2678,4.5635
Flickr8K,54,1024,jpeg70,robust,1.0,2.2956,2.2644,4.5601
Flickr8K,54,1024,jpeg50,robust,1.0,2.2956,2.2633,4.559
Flickr8K,54,1024,resize0.5,robust,1.0,2.2956,2.2642,4.5598
Flickr8K,54,1024,resize0.75,robust,1.0,2.2956,2.2694,4.5651
Flickr8K,54,1024,resize1.25,robust,1.0,2.2956,2.2668,4.5625
Flickr8K,54,1024,resize1.5,robust,1.0,2.2956,2.264,4.5596
Flickr8K,54,1024,gnoise01,robust,1.0,2.2956,2.264,4.5597
Flickr8K,54,1024,gnoise05,robust,1.0,2.2956,2.2687,4.5644
Flickr8K,54,1024,gnoise10,robust,0.9375,2.2956,2.2677,4.5633
Flickr8K,54,1024,gblur3,robust,1.0,2.2956,2.2692,4.5649
Flickr8K,54,1024,gblur5,robust,1.0,2.2956,2.268,4.5636
Flickr8K,54,1024,gblur7,robust,0.962891,2.2956,2.2662,4.5619
Flickr8K,54,1024,mblur3,robust,1.0,2.2956,2.2651,4.5607
Flickr8K,54,1024,mblur5,robust,1.0,2.2956,2.2667,4.5623
Flickr8K,54,1024,mblur7,robust,0.963867,2.2956,2.2718,4.5675
Flickr8K,55,1024,clean,robust,1.0,2.2911,2.2667,4.5579
Flickr8K,55,1024,png,robust,1.0,2.2911,2.2661,4.5572
Flickr8K,55,1024,jpeg90,robust,1.0,2.2911,2.2673,4.5584
Flickr8K,55,1024,jpeg70,robust,1.0,2.2911,2.2659,4.5571
Flickr8K,55,1024,jpeg50,robust,0.984375,2.2911,2.2695,4.5606
Flickr8K,55,1024,resize0.5,robust,1.0,2.2911,2.2732,4.5644
Flickr8K,55,1024,resize0.75,robust,1.0,2.2911,2.2732,4.5643
Flickr8K,55,1024,resize1.25,robust,1.0,2.2911,2.2667,4.5578
Flickr8K,55,1024,resize1.5,robust,1.0,2.2911,2.2685,4.5596
Flickr8K,55,1024,gnoise01,robust,1.0,2.2911,2.2748,4.5659
Flickr8K,55,1024,gnoise05,robust,0.947266,2.2911,2.2778,4.5689
Flickr8K,55,1024,gnoise10,robust,0.870117,2.2911,2.2696,4.5607
Flickr8K,55,1024,gblur3,robust,1.0,2.2911,2.2675,4.5587
Flickr8K,55,1024,gblur5,robust,1.0,2.2911,2.2667,4.5579
Flickr8K,55,1024,gblur7,robust,0.917969,2.2911,2.2646,4.5558
Flickr8K,55,1024,mblur3,robust,1.0,2.2911,2.2686,4.5598
Flickr8K,55,1024,mblur5,robust,1.0,2.2911,2.2708,4.5619
Flickr8K,55,1024,mblur7,robust,0.970703,2.2911,2.2658,4.5569
Flickr8K,56,1024,clean,robust,1.0,2.2963,2.265,4.5613
Flickr8K,56,1024,png,robust,1.0,2.2963,2.2642,4.5606
Flickr8K,56,1024,jpeg90,robust,1.0,2.2963,2.2752,4.5715
Flickr8K,56,1024,jpeg70,robust,1.0,2.2963,2.2769,4.5733
Flickr8K,56,1024,jpeg50,robust,1.0,2.2963,2.2655,4.5618
Flickr8K,56,1024,resize0.5,robust,1.0,2.2963,2.2651,4.5614
Flickr8K,56,1024,resize0.75,robust,1.0,2.2963,2.265,4.5613
Flickr8K,56,1024,resize1.25,robust,1.0,2.2963,2.2639,4.5602
Flickr8K,56,1024,resize1.5,robust,1.0,2.2963,2.2678,4.5641
Flickr8K,56,1024,gnoise01,robust,1.0,2.2963,2.2682,4.5645
Flickr8K,56,1024,gnoise05,robust,0.980469,2.2963,2.2648,4.5611
Flickr8K,56,1024,gnoise10,robust,0.857422,2.2963,2.2641,4.5604
Flickr8K,56,1024,gblur3,robust,1.0,2.2963,2.2647,4.561
Flickr8K,56,1024,gblur5,robust,1.0,2.2963,2.2683,4.5646
Flickr8K,56,1024,gblur7,robust,0.941406,2.2963,2.2721,4.5684
Flickr8K,56,1024,mblur3,robust,1.0,2.2963,2.2685,4.5648
Flickr8K,56,1024,mblur5,robust,0.978516,2.2963,2.2687,4.565
Flickr8K,56,1024,mblur7,robust,0.957031,2.2963,2.2704,4.5667
Flickr8K,57,1024,clean,robust,1.0,2.2983,2.2699,4.5682
Flickr8K,57,1024,png,robust,1.0,2.2983,2.2736,4.5718
Flickr8K,57,1024,jpeg90,robust,1.0,2.2983,2.2653,4.5636
Flickr8K,57,1024,jpeg70,robust,1.0,2.2983,2.2653,4.5636
Flickr8K,57,1024,jpeg50,robust,1.0,2.2983,2.2655,4.5638
Flickr8K,57,1024,resize0.5,robust,1.0,2.2983,2.2644,4.5627
Flickr8K,57,1024,resize0.75,robust,1.0,2.2983,2.2678,4.5661
Flickr8K,57,1024,resize1.25,robust,1.0,2.2983,2.2685,4.5667
Flickr8K,57,1024,resize1.5,robust,1.0,2.2983,2.2667,4.565
Flickr8K,57,1024,gnoise01,robust,1.0,2.2983,2.2671,4.5654
Flickr8K,57,1024,gnoise05,robust,0.985352,2.2983,2.2683,4.5666
Flickr8K,57,1024,gnoise10,robust,0.923828,2.2983,2.2673,4.5656
Flickr8K,57,1024,gblur3,robust,1.0,2.2983,2.2697,4.568
Flickr8K,57,1024,gblur5,robust,0.984375,2.2983,2.2708,4.5691
Flickr8K,57,1024,gblur7,robust,0.927734,2.2983,2.268,4.5663
Flickr8K,57,1024,mblur3,robust,1.0,2.2983,2.2698,4.568
Flickr8K,57,1024,mblur5,robust,0.988281,2.2983,2.2666,4.5648
Flickr8K,57,1024,mblur7,robust,0.945312,2.2983,2.2741,4.5724
Flickr8K,58,1024,clean,robust,1.0,2.2933,2.2664,4.5598
Flickr8K,58,1024,png,robust,1.0,2.2933,2.2643,4.5577
Flickr8K,58,1024,jpeg90,robust,1.0,2.2933,2.2663,4.5596
Flickr8K,58,1024,jpeg70,robust,1.0,2.2933,2.2646,4.558
Flickr8K,58,1024,jpeg50,robust,1.0,2.2933,2.2729,4.5662
Flickr8K,58,1024,resize0.5,robust,1.0,2.2933,2.2714,4.5647
Flickr8K,58,1024,resize0.75,robust,1.0,2.2933,2.2684,4.5617
Flickr8K,58,1024,resize1.25,robust,1.0,2.2933,2.2707,4.564
Flickr8K,58,1024,resize1.5,robust,1.0,2.2933,2.2656,4.5589
Flickr8K,58,1024,gnoise01,robust,1.0,2.2933,2.2713,4.5646
Flickr8K,58,1024,gnoise05,robust,1.0,2.2933,2.2724,4.5658
Flickr8K,58,1024,gnoise10,robust,1.0,2.2933,2.2656,4.5589
Flickr8K,58,1024,gblur3,robust,1.0,2.2933,2.2651,4.5584
Flickr8K,58,1024,gblur5,robust,1.0,2.2933,2.2655,4.5588
Flickr8K,58,1024,gblur7,robust,0.958984,2.2933,2.2664,4.5598
Flickr8K,58,1024,mblur3,robust,1.0,2.2933,2.2698,4.5631
Flickr8K,58,1024,mblur5,robust,1.0,2.2933,2.27,4.5633
Flickr8K,58,1024,mblur7,robust,0.981445,2.2933,2.2712,4.5645
Flickr8K,59,1024,clean,robust,1.0,2.2924,2.2665,4.5589
Flickr8K,59,1024,png,robust,1.0,2.2924,2.2666,4.559
Flickr8K,59,1024,jpeg90,robust,1.0,2.2924,2.2722,4.5646
Flickr8K,59,1024,jpeg70,robust,1.0,2.2924,2.271,4.5634
Flickr8K,59,1024,jpeg50,robust,1.0,2.2924,2.267,4.5594
Flickr8K,59,1024,resize0.5,robust,1.0,2.2924,2.2684,4.5608
Flickr8K,59,1024,resize0.75,robust,1.0,2.2924,2.2671,4.5595
Flickr8K,59,1024,resize1.25,robust,1.0,2.2924,2.2653,4.5577
Flickr8K,59,1024,resize1.5,robust,1.0,2.2924,2.2741,4.5665
Flickr8K,59,1024,gnoise01,robust,1.0,2.2924,2.2732,4.5656
Flickr8K,59,1024,gnoise05,robust,0.972656,2.2924,2.267,4.5594
Flickr8K,59,1024,gnoise10,robust,0.865234,2.2924,2.2659,4.5583
Flickr8K,59,1024,gblur3,robust,1.0,2.2924,2.2681,4.5605
Flickr8K,59,1024,gblur5,robust,0.986328,2.2924,2.2707,4.5631
Flickr8K,59,1024,gblur7,robust,0.935547,2.2924,2.2783,4.5707
Flickr8K,59,1024,mblur3,robust,1.0,2.2924,2.2678,4.5602
Flickr8K,59,1024,mblur5,robust,1.0,2.2924,2.2717,4.5641
Flickr8K,59,1024,mblur7,robust,0.953125,2.2924,2.2715,4.5639
Flickr8K,60,1024,clean,robust,1.0,2.2948,2.2669,4.5618
Flickr8K,60,1024,png,robust,1.0,2.2948,2.2739,4.5687
Flickr8K,60,1024,jpeg90,robust,1.0,2.2948,2.2718,4.5666
Flickr8K,60,1024,jpeg70,robust,1.0,2.2948,2.2665,4.5614
Flickr8K,60,1024,jpeg50,robust,1.0,2.2948,2.2685,4.5634
Flickr8K,60,1024,resize0.5,robust,1.0,2.2948,2.2676,4.5624
Flickr8K,60,1024,resize0.75,robust,1.0,2.2948,2.2716,4.5664
Flickr8K,60,1024,resize1.25,robust,1.0,2.2948,2.2682,4.563
Flickr8K,60,1024,resize1.5,robust,1.0,2.2948,2.2655,4.5603
Flickr8K,60,1024,gnoise01,robust,1.0,2.2948,2.2728,4.5676
Flickr8K,60,1024,gnoise05,robust,1.0,2.2948,2.2711,4.5659
Flickr8K,60,1024,gnoise10,robust,1.0,2.2948,2.2752,4.57
Flickr8K,60,1024,gblur3,robust,1.0,2.2948,2.2776,4.5725
Flickr8K,60,1024,gblur5,robust,1.0,2.2948,2.2665,4.5613
Flickr8K,60,1024,gblur7,robust,0.956055,2.2948,2.2677,4.5625
Flickr8K,60,1024,mblur3,robust,1.0,2.2948,2.2688,4.5636
Flickr8K,60,1024,mblur5,robust,1.0,2.2948,2.2704,4.5652
Flickr8K,60,1024,mblur7,robust,1.0,2.2948,2.2734,4.5683
Flickr8K,61,1024,clean,robust,1.0,2.3028,2.2658,4.5686
Flickr8K,61,1024,png,robust,1.0,2.3028,2.2676,4.5705
Flickr8K,61,1024,jpeg90,robust,1.0,2.3028,2.2698,4.5726
Flickr8K,61,1024,jpeg70,robust,1.0,2.3028,2.2688,4.5717
Flickr8K,61,1024,jpeg50,robust,1.0,2.3028,2.2768,4.5797
Flickr8K,61,1024,resize0.5,robust,1.0,2.3028,2.2698,4.5726
Flickr8K,61,1024,resize0.75,robust,1.0,2.3028,2.2652,4.568
Flickr8K,61,1024,resize1.25,robust,1.0,2.3028,2.269,4.5718
Flickr8K,61,1024,resize1.5,robust,1.0,2.3028,2.2643,4.5672
Flickr8K,61,1024,gnoise01,robust,1.0,2.3028,2.2691,4.5719
Flickr8K,61,1024,gnoise05,robust,1.0,2.3028,2.275,4.5778
Flickr8K,61,1024,gnoise10,robust,0.942383,2.3028,2.2664,4.5692
Flickr8K,61,1024,gblur3,robust,1.0,2.3028,2.2665,4.5693
Flickr8K,61,1024,gblur5,robust,1.0,2.3028,2.27,4.5728
Flickr8K,61,1024,gblur7,robust,0.9375,2.3028,2.265,4.5678
Flickr8K,61,1024,mblur3,robust,1.0,2.3028,2.2743,4.5771
Flickr8K,61,1024,mblur5,robust,1.0,2.3028,2.2683,4.5711
Flickr8K,61,1024,mblur7,robust,0.975586,2.3028,2.2694,4.5722
Flickr8K,62,1024,clean,robust,1.0,2.3025,2.2672,4.5697
Flickr8K,62,1024,png,robust,1.0,2.3025,2.2666,4.5691
Flickr8K,62,1024,jpeg90,robust,1.0,2.3025,2.2721,4.5746
Flickr8K,62,1024,jpeg70,robust,1.0,2.3025,2.2673,4.5698
Flickr8K,62,1024,jpeg50,robust,1.0,2.3025,2.2656,4.5681
Flickr8K,62,1024,resize0.5,robust,1.0,2.3025,2.2661,4.5686
Flickr8K,62,1024,resize0.75,robust,1.0,2.3025,2.2647,4.5672
Flickr8K,62,1024,resize1.25,robust,1.0,2.3025,2.27,4.5725
Flickr8K,62,1024,resize1.5,robust,1.0,2.3025,2.2712,4.5737
Flickr8K,62,1024,gnoise01,robust,1.0,2.3025,2.2652,4.5677
Flickr8K,62,1024,gnoise05,robust,1.0,2.3025,2.2653,4.5678
Flickr8K,62,1024,gnoise10,robust,1.0,2.3025,2.2727,4.5752
Flickr8K,62,1024,gblur3,robust,1.0,2.3025,2.2694,4.5719
Flickr8K,62,1024,gblur5,robust,1.0,2.3025,2.271,4.5735
Flickr8K,62,1024,gblur7,robust,0.956055,2.3025,2.2705,4.573
Flickr8K,62,1024,mblur3,robust,1.0,2.3025,2.2666,4.5691
Flickr8K,62,1024,mblur5,robust,1.0,2.3025,2.2643,4.5668
Flickr8K,62,1024,mblur7,robust,1.0,2.3025,2.2764,4.5789
Flickr8K,63,1024,clean,robust,1.0,2.2982,2.2718,4.5701
Flickr8K,63,1024,png,robust,1.0,2.2982,2.2699,4.5681
Flickr8K,63,1024,jpeg90,robust,1.0,2.2982,2.2647,4.5629
Flickr8K,63,1024,jpeg70,robust,1.0,2.2982,2.2657,4.564
Flickr8K,63,1024,jpeg50,robust,1.0,2.2982,2.2678,4.566
Flickr8K,63,1024,resize0.5,robust,1.0,2.2982,2.2642,4.5624
Flickr8K,63,1024,resize0.75,robust,1.0,2.2982,2.2699,4.5681
Flickr8K,63,1024,resize1.25,robust,1.0,2.2982,2.2638,4.562
Flickr8K,63,1024,resize1.5,robust,1.0,2.2982,2.2634,4.5616
Flickr8K,63,1024,gnoise01,robust,1.0,2.2982,2.2674,4.5657
Flickr8K,63,1024,gnoise05,robust,1.0,2.2982,2.2638,4.562
Flickr8K,63,1024,gnoise10,robust,1.0,2.2982,2.2682,4.5664
Flickr8K,63,1024,gblur3,robust,1.0,2.2982,2.2654,4.5636
Flickr8K,63,1024,gblur5,robust,1.0,2.2982,2.2686,4.5668
Flickr8K,63,1024,gblur7,robust,0.949219,2.2982,2.2628,4.5611
Flickr8K,63,1024,mblur3,robust,1.0,2.2982,2.2659,4.5641
Flickr8K,63,1024,mblur5,robust,1.0,2.2982,2.2718,4.57
Flickr8K,63,1024,mblur7,robust,0.985352,2.2982,2.2724,4.5707
Flickr8K,64,1024,clean,robust,1.0,2.2941,2.2651,4.5591
Flickr8K,64,1024,png,robust,1.0,2.2941,2.2739,4.568
Flickr8K,64,1024,jpeg90,robust,1.0,2.2941,2.27,4.564
Flickr8K,64,1024,jpeg70,robust,1.0,2.2941,2.2671,4.5612
Flickr8K,64,1024,jpeg50,robust,1.0,2.2941,2.2717,4.5658
Flickr8K,64,1024,resize0.5,robust,1.0,2.2941,2.2641,4.5581
Flickr8K,64,1024,resize0.75,robust,1.0,2.2941,2.2622,4.5563
Flickr8K,64,1024,resize1.25,robust,1.0,2.2941,2.2624,4.5564
Flickr8K,64,1024,resize1.5,robust,1.0,2.2941,2.2674,4.5615
Flickr8K,64,1024,gnoise01,robust,1.0,2.2941,2.2672,4.5613
Flickr8K,64,1024,gnoise05,robust,1.0,2.2941,2.2666,4.5607
Flickr8K,64,1024,gnoise10,robust,1.0,2.2941,2.2656,4.5597
Flickr8K,64,1024,gblur3,robust,1.0,2.2941,2.2651,4.5592
Flickr8K,64,1024,gblur5,robust,1.0,2.2941,2.2643,4.5584
Flickr8K,64,1024,gblur7,robust,0.972656,2.2941,2.2684,4.5625
Flickr8K,64,1024,mblur3,robust,1.0,2.2941,2.272,4.5661
Flickr8K,64,1024,mblur5,robust,1.0,2.2941,2.2638,4.5579
Flickr8K,64,1024,mblur7,robust,1.0,2.2941,2.2704,4.5645
Flickr8K,65,1024,clean,robust,1.0,2.2918,2.2639,4.5557
Flickr8K,65,1024,png,robust,1.0,2.2918,2.2741,4.5659
Flickr8K,65,1024,jpeg90,robust,1.0,2.2918,2.2677,4.5594
Flickr8K,65,1024,jpeg70,robust,1.0,2.2918,2.2666,4.5583
Flickr8K,65,1024,jpeg50,robust,1.0,2.2918,2.2621,4.5539
Flickr8K,65,1024,resize0.5,robust,1.0,2.2918,2.2603,4.5521
Flickr8K,65,1024,resize0.75,robust,1.0,2.2918,2.2614,4.5531
Flickr8K,65,1024,resize1.25,robust,1.0,2.2918,2.2633,4.555
Flickr8K,65,1024,resize1.5,robust,1.0,2.2918,2.2655,4.5573
Flickr8K,65,1024,gnoise01,robust,1.0,2.2918,2.2724,4.5642
Flickr8K,65,1024,gnoise05,robust,1.0,2.2918,2.2715,4.5633
Flickr8K,65,1024,gnoise10,robust,0.984375,2.2918,2.275,4.5667
Flickr8K,65,1024,gblur3,robust,1.0,2.2918,2.2653,4.557
Flickr8K,65,1024,gblur5,robust,1.0,2.2918,2.2691,4.5608
Flickr8K,65,1024,gblur7,robust,0.974609,2.2918,2.2668,4.5586
Flickr8K,65,1024,mblur3,robust,1.0,2.2918,2.2667,4.5584
Flickr8K,65,1024,mblur5,robust,1.0,2.2918,2.2677,4.5594
Flickr8K,65,1024,mblur7,robust,0.973633,2.2918,2.2642,4.556
Flickr8K,66,1024,clean,robust,1.0,2.2928,2.2684,4.5613
Flickr8K,66,1024,png,robust,1.0,2.2928,2.2689,4.5617
Flickr8K,66,1024,jpeg90,robust,1.0,2.2928,2.264,4.5568
Flickr8K,66,1024,jpeg70,robust,1.0,2.2928,2.263,4.5559
Flickr8K,66,1024,jpeg50,robust,1.0,2.2928,2.2626,4.5554
Flickr8K,66,1024,resize0.5,robust,1.0,2.2928,2.2674,4.5603
Flickr8K,66,1024,resize0.75,robust,1.0,2.2928,2.271,4.5638
Flickr8K,66,1024,resize1.25,robust,1.0,2.2928,2.2669,4.5597
Flickr8K,66,1024,resize1.5,robust,1.0,2.2928,2.2641,4.5569
Flickr8K,66,1024,gnoise01,robust,1.0,2.2928,2.2641,4.5569
Flickr8K,66,1024,gnoise05,robust,1.0,2.2928,2.2662,4.559
Flickr8K,66,1024,gnoise10,robust,1.0,2.2928,2.2703,4.5632
Flickr8K,66,1024,gblur3,robust,1.0,2.2928,2.269,4.5618
Flickr8K,66,1024,gblur5,robust,1.0,2.2928,2.2681,4.5609
Flickr8K,66,1024,gblur7,robust,0.962891,2.2928,2.2647,4.5576
Flickr8K,66,1024,mblur3,robust,1.0,2.2928,2.2665,4.5593
Flickr8K,66,1024,mblur5,robust,1.0,2.2928,2.2743,4.5672
Flickr8K,66,1024,mblur7,robust,0.97168,2.2928,2.2719,4.5647
Flickr8K,67,1024,clean,robust,1.0,2.2972,2.2723,4.5695
Flickr8K,67,1024,png,robust,1.0,2.2972,2.2651,4.5622
Flickr8K,67,1024,jpeg90,robust,1.0,2.2972,2.2662,4.5634
Flickr8K,67,1024,jpeg70,robust,1.0,2.2972,2.2699,4.5671
Flickr8K,67,1024,jpeg50,robust,1.0,2.2972,2.2749,4.5721
Flickr8K,67,1024,resize0.5,robust,1.0,2.2972,2.2623,4.5595
Flickr8K,67,1024,resize0.75,robust,1.0,2.2972,2.2673,4.5644
Flickr8K,67,1024,resize1.25,robust,1.0,2.2972,2.2635,4.5606
Flickr8K,67,1024,resize1.5,robust,1.0,2.2972,2.2656,4.5628
Flickr8K,67,1024,gnoise01,robust,1.0,2.2972,2.2679,4.565
Flickr8K,67,1024,gnoise05,robust,1.0,2.2972,2.2661,4.5633
Flickr8K,67,1024,gnoise10,robust,0.986328,2.2972,2.269,4.5662
Flickr8K,67,1024,gblur3,robust,1.0,2.2972,2.2633,4.5604
Flickr8K,67,1024,gblur5,robust,1.0,2.2972,2.2676,4.5648
Flickr8K,67,1024,gblur7,robust,0.982422,2.2972,2.2661,4.5632
Flickr8K,67,1024,mblur3,robust,1.0,2.2972,2.2683,4.5655
Flickr8K,67,1024,mblur5,robust,1.0,2.2972,2.2656,4.5628
Flickr8K,67,1024,mblur7,robust,1.0,2.2972,2.2696,4.5667
Flickr8K,68,1024,clean,robust,1.0,2.2963,2.2644,4.5607
Flickr8K,68,1024,png,robust,1.0,2.2963,2.2651,4.5614
Flickr8K,68,1024,jpeg90,robust,1.0,2.2963,2.2696,4.566
Flickr8K,68,1024,jpeg70,robust,1.0,2.2963,2.2702,4.5665
Flickr8K,68,1024,jpeg50,robust,1.0,2.2963,2.2711,4.5675
Flickr8K,68,1024,resize0.5,robust,1.0,2.2963,2.2735,4.5698
Flickr8K,68,1024,resize0.75,robust,1.0,2.2963,2.2746,4.5709
Flickr8K,68,1024,resize1.25,robust,1.0,2.2963,2.2758,4.5721
Flickr8K,68,1024,resize1.5,robust,1.0,2.2963,2.276,4.5723
Flickr8K,68,1024,gnoise01,robust,1.0,2.2963,2.2661,4.5624
Flickr8K,68,1024,gnoise05,robust,1.0,2.2963,2.2641,4.5604
Flickr8K,68,1024,gnoise10,robust,0.960938,2.2963,2.2628,4.5591
Flickr8K,68,1024,gblur3,robust,1.0,2.2963,2.2681,4.5644
Flickr8K,68,1024,gblur5,robust,1.0,2.2963,2.2708,4.5671
Flickr8K,68,1024,gblur7,robust,0.96875,2.2963,2.2703,4.5666
Flickr8K,68,1024,mblur3,robust,1.0,2.2963,2.266,4.5624
Flickr8K,68,1024,mblur5,robust,1.0,2.2963,2.2673,4.5636
Flickr8K,68,1024,mblur7,robust,0.976562,2.2963,2.265,4.5613
Flickr8K,69,1024,clean,robust,1.0,2.2925,2.2738,4.5663
Flickr8K,69,1024,png,robust,1.0,2.2925,2.2704,4.5628
Flickr8K,69,1024,jpeg90,robust,1.0,2.2925,2.2699,4.5623
Flickr8K,69,1024,jpeg70,robust,1.0,2.2925,2.2677,4.5602
Flickr8K,69,1024,jpeg50,robust,1.0,2.2925,2.268,4.5604
Flickr8K,69,1024,resize0.5,robust,1.0,2.2925,2.2725,4.5649
Flickr8K,69,1024,resize0.75,robust,1.0,2.2925,2.2715,4.5639
Flickr8K,69,1024,resize1.25,robust,1.0,2.2925,2.2686,4.5611
Flickr8K,69,1024,resize1.5,robust,1.0,2.2925,2.2656,4.558
Flickr8K,69,1024,gnoise01,robust,1.0,2.2925,2.2684,4.5608
Flickr8K,69,1024,gnoise05,robust,1.0,2.2925,2.2692,4.5617
Flickr8K,69,1024,gnoise10,robust,0.961914,2.2925,2.2729,4.5653
Flickr8K,69,1024,gblur3,robust,1.0,2.2925,2.2676,4.56
Flickr8K,69,1024,gblur5,robust,1.0,2.2925,2.2693,4.5618
Flickr8K,69,1024,gblur7,robust,0.96582,2.2925,2.2725,4.565
Flickr8K,69,1024,mblur3,robust,1.0,2.2925,2.2655,4.5579
Flickr8K,69,1024,mblur5,robust,1.0,2.2925,2.2729,4.5653
Flickr8K,69,1024,mblur7,robust,1.0,2.2925,2.2743,4.5668
Flickr8K,70,1024,clean,robust,1.0,2.2922,2.2672,4.5594
Flickr8K,70,1024,png,robust,1.0,2.2922,2.2621,4.5543
Flickr8K,70,1024,jpeg90,robust,1.0,2.2922,2.2632,4.5554
Flickr8K,70,1024,jpeg70,robust,1.0,2.2922,2.2666,4.5588
Flickr8K,70,1024,jpeg50,robust,1.0,2.2922,2.2764,4.5686
Flickr8K,70,1024,resize0.5,robust,1.0,2.2922,2.2717,4.564
Flickr8K,70,1024,resize0.75,robust,1.0,2.2922,2.2702,4.5624
Flickr8K,70,1024,resize1.25,robust,1.0,2.2922,2.2657,4.558
Flickr8K,70,1024,resize1.5,robust,1.0,2.2922,2.2641,4.5563
Flickr8K,70,1024,gnoise01,robust,1.0,2.2922,2.2727,4.5649
Flickr8K,70,1024,gnoise05,robust,0.980469,2.2922,2.2668,4.559
Flickr8K,70,1024,gnoise10,robust,0.930664,2.2922,2.2677,4.5599
Flickr8K,70,1024,gblur3,robust,1.0,2.2922,2.2639,4.5561
Flickr8K,70,1024,gblur5,robust,1.0,2.2922,2.2632,4.5554
Flickr8K,70,1024,gblur7,robust,1.0,2.2922,2.2715,4.5637
Flickr8K,70,1024,mblur3,robust,1.0,2.2922,2.2694,4.5616
Flickr8K,70,1024,mblur5,robust,1.0,2.2922,2.267,4.5592
Flickr8K,70,1024,mblur7,robust,1.0,2.2922,2.2656,4.5578
Flickr8K,71,1024,clean,robust,1.0,2.2926,2.2668,4.5594
Flickr8K,71,1024,png,robust,1.0,2.2926,2.2689,4.5615
Flickr8K,71,1024,jpeg90,robust,1.0,2.2926,2.274,4.5666
Flickr8K,71,1024,jpeg70,robust,1.0,2.2926,2.2679,4.5605
Flickr8K,71,1024,jpeg50,robust,1.0,2.2926,2.2709,4.5635
Flickr8K,71,1024,resize0.5,robust,1.0,2.2926,2.2637,4.5563
Flickr8K,71,1024,resize0.75,robust,1.0,2.2926,2.2659,4.5585
Flickr8K,71,1024,resize1.25,robust,1.0,2.2926,2.2748,4.5674
Flickr8K,71,1024,resize1.5,robust,1.0,2.2926,2.2701,4.5627
Flickr8K,71,1024,gnoise01,robust,1.0,2.2926,2.2632,4.5558
Flickr8K,71,1024,gnoise05,robust,1.0,2.2926,2.2636,4.5562
Flickr8K,71,1024,gnoise10,robust,0.955078,2.2926,2.2652,4.5578
Flickr8K,71,1024,gblur3,robust,1.0,2.2926,2.2648,4.5574
Flickr8K,71,1024,gblur5,robust,1.0,2.2926,2.2707,4.5633
Flickr8K,71,1024,gblur7,robust,0.960938,2.2926,2.2635,4.5561
Flickr8K,71,1024,mblur3,robust,1.0,2.2926,2.2659,4.5585
Flickr8K,71,1024,mblur5,robust,1.0,2.2926,2.269,4.5616
Flickr8K,71,1024,mblur7,robust,0.966797,2.2926,2.2677,4.5603
Flickr8K,72,1024,clean,robust,1.0,2.2956,2.27,4.5656
Flickr8K,72,1024,png,robust,1.0,2.2956,2.2645,4.5601
Flickr8K,72,1024,jpeg90,robust,1.0,2.2956,2.2636,4.5592
Flickr8K,72,1024,jpeg70,robust,1.0,2.2956,2.2662,4.5619
Flickr8K,72,1024,jpeg50,robust,1.0,2.2956,2.2638,4.5595
Flickr8K,72,1024,resize0.5,robust,1.0,2.2956,2.27,4.5656
Flickr8K,72,1024,resize0.75,robust,1.0,2.2956,2.267,4.5626
Flickr8K,72,1024,resize1.25,robust,1.0,2.2956,2.2706,4.5663
Flickr8K,72,1024,resize1.5,robust,1.0,2.2956,2.2662,4.5619
Flickr8K,72,1024,gnoise01,robust,1.0,2.2956,2.2652,4.5608
Flickr8K,72,1024,gnoise05,robust,1.0,2.2956,2.2675,4.5631
Flickr8K,72,1024,gnoise10,robust,0.938477,2.2956,2.276,4.5717
Flickr8K,72,1024,gblur3,robust,1.0,2.2956,2.2688,4.5644
Flickr8K,72,1024,gblur5,robust,1.0,2.2956,2.2649,4.5606
Flickr8K,72,1024,gblur7,robust,0.972656,2.2956,2.2655,4.5611
Flickr8K,72,1024,mblur3,robust,1.0,2.2956,2.2698,4.5654
Flickr8K,72,1024,mblur5,robust,1.0,2.2956,2.2725,4.5682
Flickr8K,72,1024,mblur7,robust,1.0,2.2956,2.2712,4.5669
Flickr8K,73,1024,clean,robust,1.0,2.3001,2.2641,4.5642
Flickr8K,73,1024,png,robust,1.0,2.3001,2.2642,4.5644
Flickr8K,73,1024,jpeg90,robust,1.0,2.3001,2.2647,4.5648
Flickr8K,73,1024,jpeg70,robust,1.0,2.3001,2.2744,4.5745
Flickr8K,73,1024,jpeg50,robust,1.0,2.3001,2.2683,4.5685
Flickr8K,73,1024,resize0.5,robust,1.0,2.3001,2.2643,4.5644
Flickr8K,73,1024,resize0.75,robust,1.0,2.3001,2.2647,4.5648
Flickr8K,73,1024,resize1.25,robust,1.0,2.3001,2.2666,4.5668
Flickr8K,73,1024,resize1.5,robust,1.0,2.3001,2.2671,4.5672
Flickr8K,73,1024,gnoise01,robust,1.0,2.3001,2.27,4.5701
Flickr8K,73,1024,gnoise05,robust,0.963867,2.3001,2.2647,4.5649
Flickr8K,73,1024,gnoise10,robust,0.879883,2.3001,2.2641,4.5642
Flickr8K,73,1024,gblur3,robust,1.0,2.3001,2.265,4.5651
Flickr8K,73,1024,gblur5,robust,1.0,2.3001,2.2647,4.5648
Flickr8K,73,1024,gblur7,robust,0.973633,2.3001,2.2691,4.5692
Flickr8K,73,1024,mblur3,robust,1.0,2.3001,2.2665,4.5666
Flickr8K,73,1024,mblur5,robust,1.0,2.3001,2.268,4.5682
Flickr8K,73,1024,mblur7,robust,1.0,2.3001,2.2669,4.567
Flickr8K,74,1024,clean,robust,1.0,2.2937,2.269,4.5627
Flickr8K,74,1024,png,robust,1.0,2.2937,2.2768,4.5704
Flickr8K,74,1024,jpeg90,robust,1.0,2.2937,2.2673,4.561
Flickr8K,74,1024,jpeg70,robust,1.0,2.2937,2.2684,4.5621
Flickr8K,74,1024,jpeg50,robust,1.0,2.2937,2.2666,4.5603
Flickr8K,74,1024,resize0.5,robust,1.0,2.2937,2.2695,4.5631
Flickr8K,74,1024,resize0.75,robust,1.0,2.2937,2.265,4.5587
Flickr8K,74,1024,resize1.25,robust,1.0,2.2937,2.2712,4.5649
Flickr8K,74,1024,resize1.5,robust,1.0,2.2937,2.2646,4.5583
Flickr8K,74,1024,gnoise01,robust,1.0,2.2937,2.2642,4.5578
Flickr8K,74,1024,gnoise05,robust,1.0,2.2937,2.2685,4.5622
Flickr8K,74,1024,gnoise10,robust,0.974609,2.2937,2.267,4.5607
Flickr8K,74,1024,gblur3,robust,1.0,2.2937,2.2687,4.5624
Flickr8K,74,1024,gblur5,robust,1.0,2.2937,2.2695,4.5632
Flickr8K,74,1024,gblur7,robust,0.961914,2.2937,2.2648,4.5584
Flickr8K,74,1024,mblur3,robust,1.0,2.2937,2.2652,4.5589
Flickr8K,74,1024,mblur5,robust,1.0,2.2937,2.2661,4.5598
Flickr8K,74,1024,mblur7,robust,0.973633,2.2937,2.2693,4.563
Flickr8K,75,1024,clean,robust,1.0,2.2944,2.2712,4.5655
Flickr8K,75,1024,png,robust,1.0,2.2944,2.2665,4.5608
Flickr8K,75,1024,jpeg90,robust,1.0,2.2944,2.2629,4.5572
Flickr8K,75,1024,jpeg70,robust,1.0,2.2944,2.2639,4.5582
Flickr8K,75,1024,jpeg50,robust,0.988281,2.2944,2.2649,4.5592
Flickr8K,75,1024,resize0.5,robust,1.0,2.2944,2.2708,4.5652
Flickr8K,75,1024,resize0.75,robust,1.0,2.2944,2.2726,4.5669
Flickr8K,75,1024,resize1.25,robust,1.0,2.2944,2.2681,4.5624
Flickr8K,75,1024,resize1.5,robust,1.0,2.2944,2.2684,4.5627
Flickr8K,75,1024,gnoise01,robust,1.0,2.2944,2.2731,4.5674
Flickr8K,75,1024,gnoise05,robust,0.963867,2.2944,2.2674,4.5618
Flickr8K,75,1024,gnoise10,robust,0.824219,2.2944,2.2717,4.566
Flickr8K,75,1024,gblur3,robust,1.0,2.2944,2.2668,4.5611
Flickr8K,75,1024,gblur5,robust,0.954102,2.2944,2.2663,4.5607
Flickr8K,75,1024,gblur7,robust,0.888672,2.2944,2.2717,4.5661
Flickr8K,75,1024,mblur3,robust,1.0,2.2944,2.267,4.5613
Flickr8K,75,1024,mblur5,robust,0.919922,2.2944,2.2712,4.5655
Flickr8K,75,1024,mblur7,robust,0.84082,2.2944,2.265,4.5594
Flickr8K,76,1024,clean,robust,1.0,2.2927,2.2656,4.5583
Flickr8K,76,1024,png,robust,1.0,2.2927,2.2652,4.5578
Flickr8K,76,1024,jpeg90,robust,1.0,2.2927,2.2646,4.5573
Flickr8K,76,1024,jpeg70,robust,1.0,2.2927,2.2737,4.5663
Flickr8K,76,1024,jpeg50,robust,1.0,2.2927,2.2713,4.5639
Flickr8K,76,1024,resize0.5,robust,1.0,2.2927,2.2653,4.5579
Flickr8K,76,1024,resize0.75,robust,1.0,2.2927,2.2628,4.5555
Flickr8K,76,1024,resize1.25,robust,1.0,2.2927,2.265,4.5577
Flickr8K,76,1024,resize1.5,robust,1.0,2.2927,2.265,4.5577
Flickr8K,76,1024,gnoise01,robust,1.0,2.2927,2.2705,4.5632
Flickr8K,76,1024,gnoise05,robust,0.941406,2.2927,2.265,4.5576
Flickr8K,76,1024,gnoise10,robust,0.84668,2.2927,2.2622,4.5548
Flickr8K,76,1024,gblur3,robust,1.0,2.2927,2.2647,4.5574
Flickr8K,76,1024,gblur5,robust,0.983398,2.2927,2.265,4.5577
Flickr8K,76,1024,gblur7,robust,0.923828,2.2927,2.2718,4.5645
Flickr8K,76,1024,mblur3,robust,1.0,2.2927,2.2704,4.563
Flickr8K,76,1024,mblur5,robust,1.0,2.2927,2.2713,4.564
Flickr8K,76,1024,mblur7,robust,0.97168,2.2927,2.2696,4.5623
Flickr8K,77,1024,clean,robust,1.0,2.2959,2.268,4.5639
Flickr8K,77,1024,png,robust,1.0,2.2959,2.2705,4.5665
Flickr8K,77,1024,jpeg90,robust,1.0,2.2959,2.2703,4.5663
Flickr8K,77,1024,jpeg70,robust,1.0,2.2959,2.264,4.56
Flickr8K,77,1024,jpeg50,robust,1.0,2.2959,2.2705,4.5665
Flickr8K,77,1024,resize0.5,robust,1.0,2.2959,2.2689,4.5648
Flickr8K,77,1024,resize0.75,robust,1.0,2.2959,2.267,4.563
Flickr8K,77,1024,resize1.25,robust,1.0,2.2959,2.2741,4.5701
Flickr8K,77,1024,resize1.5,robust,1.0,2.2959,2.2634,4.5594
Flickr8K,77,1024,gnoise01,robust,1.0,2.2959,2.2639,4.5598
Flickr8K,77,1024,gnoise05,robust,1.0,2.2959,2.2635,4.5595
Flickr8K,77,1024,gnoise10,robust,0.984375,2.2959,2.2716,4.5675
Flickr8K,77,1024,gblur3,robust,1.0,2.2959,2.2744,4.5703
Flickr8K,77,1024,gblur5,robust,1.0,2.2959,2.2713,4.5672
Flickr8K,77,1024,gblur7,robust,1.0,2.2959,2.2659,4.5619
Flickr8K,77,1024,mblur3,robust,1.0,2.2959,2.265,4.5609
Flickr8K,77,1024,mblur5,robust,1.0,2.2959,2.2641,4.56
Flickr8K,77,1024,mblur7,robust,1.0,2.2959,2.2704,4.5663
Flickr8K,78,1024,clean,robust,1.0,2.3003,2.266,4.5663
Flickr8K,78,1024,png,robust,1.0,2.3003,2.2661,4.5664
Flickr8K,78,1024,jpeg90,robust,1.0,2.3003,2.2647,4.565
Flickr8K,78,1024,jpeg70,robust,1.0,2.3003,2.2648,4.5651
Flickr8K,78,1024,jpeg50,robust,1.0,2.3003,2.2654,4.5657
Flickr8K,78,1024,resize0.5,robust,1.0,2.3003,2.2745,4.5748
Flickr8K,78,1024,resize0.75,robust,1.0,2.3003,2.2725,4.5728
Flickr8K,78,1024,resize1.25,robust,1.0,2.3003,2.2662,4.5664
Flickr8K,78,1024,resize1.5,robust,1.0,2.3003,2.2636,4.5639
Flickr8K,78,1024,gnoise01,robust,1.0,2.3003,2.2646,4.5649
Flickr8K,78,1024,gnoise05,robust,1.0,2.3003,2.2749,4.5752
Flickr8K,78,1024,gnoise10,robust,0.952148,2.3003,2.2699,4.5702
Flickr8K,78,1024,gblur3,robust,1.0,2.3003,2.2669,4.5672
Flickr8K,78,1024,gblur5,robust,1.0,2.3003,2.2718,4.5721
Flickr8K,78,1024,gblur7,robust,0.980469,2.3003,2.2661,4.5664
Flickr8K,78,1024,mblur3,robust,1.0,2.3003,2.2675,4.5678
Flickr8K,78,1024,mblur5,robust,1.0,2.3003,2.277,4.5773
Flickr8K,78,1024,mblur7,robust,1.0,2.3003,2.2651,4.5654
Flickr8K,79,1024,clean,robust,1.0,2.2972,2.2642,4.5614
Flickr8K,79,1024,png,robust,1.0,2.2972,2.2646,4.5619
Flickr8K,79,1024,jpeg90,robust,1.0,2.2972,2.265,4.5622
Flickr8K,79,1024,jpeg70,robust,1.0,2.2972,2.2804,4.5776
Flickr8K,79,1024,jpeg50,robust,0.974609,2.2972,2.2665,4.5638
Flickr8K,79,1024,resize0.5,robust,1.0,2.2972,2.2639,4.5611
Flickr8K,79,1024,resize0.75,robust,1.0,2.2972,2.2649,4.5621
Flickr8K,79,1024,resize1.25,robust,1.0,2.2972,2.2628,4.5601
Flickr8K,79,1024,resize1.5,robust,1.0,2.2972,2.2689,4.5661
Flickr8K,79,1024,gnoise01,robust,1.0,2.2972,2.2712,4.5685
Flickr8K,79,1024,gnoise05,robust,0.914062,2.2972,2.2645,4.5618
Flickr8K,79,1024,gnoise10,robust,0.84668,2.2972,2.2664,4.5636
Flickr8K,79,1024,gblur3,robust,1.0,2.2972,2.2662,4.5634
Flickr8K,79,1024,gblur5,robust,1.0,2.2972,2.2719,4.5691
Flickr8K,79,1024,gblur7,robust,0.939453,2.2972,2.2839,4.5812
Flickr8K,79,1024,mblur3,robust,1.0,2.2972,2.2687,4.5659
Flickr8K,79,1024,mblur5,robust,1.0,2.2972,2.2691,4.5663
Flickr8K,79,1024,mblur7,robust,0.975586,2.2972,2.2657,4.563
Flickr8K,80,1024,clean,robust,1.0,2.2955,2.2635,4.559
Flickr8K,80,1024,png,robust,1.0,2.2955,2.2755,4.571
Flickr8K,80,1024,jpeg90,robust,1.0,2.2955,2.2702,4.5657
Flickr8K,80,1024,jpeg70,robust,1.0,2.2955,2.2727,4.5681
Flickr8K,80,1024,jpeg50,robust,0.978516,2.2955,2.2627,4.5582
Flickr8K,80,1024,resize0.5,robust,1.0,2.2955,2.2631,4.5586
Flickr8K,80,1024,resize0.75,robust,1.0,2.2955,2.268,4.5635
Flickr8K,80,1024,resize1.25,robust,1.0,2.2955,2.2721,4.5676
Flickr8K,80,1024,resize1.5,robust,1.0,2.2955,2.2656,4.5611
Flickr8K,80,1024,gnoise01,robust,1.0,2.2955,2.2643,4.5598
Flickr8K,80,1024,gnoise05,robust,0.939453,2.2955,2.2646,4.5601
Flickr8K,80,1024,gnoise10,robust,0.807617,2.2955,2.2642,4.5597
Flickr8K,80,1024,gblur3,robust,1.0,2.2955,2.2739,4.5694
Flickr8K,80,1024,gblur5,robust,0.958984,2.2955,2.2693,4.5648
Flickr8K,80,1024,gblur7,robust,0.891602,2.2955,2.2682,4.5637
Flickr8K,80,1024,mblur3,robust,1.0,2.2955,2.2673,4.5628
Flickr8K,80,1024,mblur5,robust,0.966797,2.2955,2.2658,4.5613
Flickr8K,80,1024,mblur7,robust,0.90625,2.2955,2.2738,4.5693
Flickr8K,81,1024,clean,robust,1.0,2.2946,2.2693,4.5639
Flickr8K,81,1024,png,robust,1.0,2.2946,2.2708,4.5655
Flickr8K,81,1024,jpeg90,robust,1.0,2.2946,2.2672,4.5618
Flickr8K,81,1024,jpeg70,robust,0.964844,2.2946,2.2712,4.5658
Flickr8K,81,1024,jpeg50,robust,0.871094,2.2946,2.2748,4.5694
Flickr8K,81,1024,resize0.5,robust,1.0,2.2946,2.2759,4.5705
Flickr8K,81,1024,resize0.75,robust,1.0,2.2946,2.2656,4.5602
Flickr8K,81,1024,resize1.25,robust,1.0,2.2946,2.2643,4.5589
Flickr8K,81,1024,resize1.5,robust,1.0,2.2946,2.2646,4.5592
Flickr8K,81,1024,gnoise01,robust,1.0,2.2946,2.2665,4.5611
Flickr8K,81,1024,gnoise05,robust,0.791016,2.2946,2.2747,4.5693
Flickr8K,81,1024,gnoise10,robust,0.703125,2.2946,2.2717,4.5663
Flickr8K,81,1024,gblur3,robust,1.0,2.2946,2.2642,4.5588
Flickr8K,81,1024,gblur5,robust,0.979492,2.2946,2.2674,4.562
Flickr8K,81,1024,gblur7,robust,0.93457,2.2946,2.2681,4.5627
Flickr8K,81,1024,mblur3,robust,1.0,2.2946,2.2709,4.5655
Flickr8K,81,1024,mblur5,robust,0.973633,2.2946,2.275,4.5696
Flickr8K,81,1024,mblur7,robust,0.927734,2.2946,2.2655,4.5601
Flickr8K,82,1024,clean,robust,1.0,2.2911,2.2688,4.5598
Flickr8K,82,1024,png,robust,1.0,2.2911,2.2678,4.5589
Flickr8K,82,1024,jpeg90,robust,1.0,2.2911,2.2673,4.5584
Flickr8K,82,1024,jpeg70,robust,1.0,2.2911,2.2709,4.562
Flickr8K,82,1024,jpeg50,robust,1.0,2.2911,2.2641,4.5552
Flickr8K,82,1024,resize0.5,robust,1.0,2.2911,2.2627,4.5538
Flickr8K,82,1024,resize0.75,robust,1.0,2.2911,2.2621,4.5532
Flickr8K,82,1024,resize1.25,robust,1.0,2.2911,2.263,4.5541
Flickr8K,82,1024,resize1.5,robust,1.0,2.2911,2.2712,4.5622
Flickr8K,82,1024,gnoise01,robust,1.0,2.2911,2.2734,4.5645
Flickr8K,82,1024,gnoise05,robust,0.933594,2.2911,2.2813,4.5724
Flickr8K,82,1024,gnoise10,robust,0.884766,2.2911,2.283,4.574
Flickr8K,82,1024,gblur3,robust,1.0,2.2911,2.2682,4.5592
Flickr8K,82,1024,gblur5,robust,1.0,2.2911,2.2742,4.5653
Flickr8K,82,1024,gblur7,robust,0.958008,2.2911,2.2783,4.5694
Flickr8K,82,1024,mblur3,robust,1.0,2.2911,2.2671,4.5582
Flickr8K,82,1024,mblur5,robust,1.0,2.2911,2.2657,4.5568
Flickr8K,82,1024,mblur7,robust,0.982422,2.2911,2.2658,4.5569
Flickr8K,83,1024,clean,robust,1.0,2.294,2.2654,4.5595
Flickr8K,83,1024,png,robust,1.0,2.294,2.2779,4.5719
Flickr8K,83,1024,jpeg90,robust,1.0,2.294,2.2764,4.5704
Flickr8K,83,1024,jpeg70,robust,1.0,2.294,2.2655,4.5595
Flickr8K,83,1024,jpeg50,robust,1.0,2.294,2.2677,4.5617
Flickr8K,83,1024,resize0.5,robust,1.0,2.294,2.2668,4.5608
Flickr8K,83,1024,resize0.75,robust,1.0,2.294,2.2704,4.5644
Flickr8K,83,1024,resize1.25,robust,1.0,2.294,2.2697,4.5637
Flickr8K,83,1024,resize1.5,robust,1.0,2.294,2.2648,4.5589
Flickr8K,83,1024,gnoise01,robust,1.0,2.294,2.2647,4.5588
Flickr8K,83,1024,gnoise05,robust,1.0,2.294,2.2661,4.5601
Flickr8K,83,1024,gnoise10,robust,1.0,2.294,2.2696,4.5636
Flickr8K,83,1024,gblur3,robust,1.0,2.294,2.2787,4.5727
Flickr8K,83,1024,gblur5,robust,1.0,2.294,2.2658,4.5599
Flickr8K,83,1024,gblur7,robust,0.96875,2.294,2.268,4.5621
Flickr8K,83,1024,mblur3,robust,1.0,2.294,2.2656,4.5597
Flickr8K,83,1024,mblur5,robust,1.0,2.294,2.2695,4.5635
Flickr8K,83,1024,mblur7,robust,0.978516,2.294,2.2774,4.5715
Flickr8K,84,1024,clean,robust,1.0,2.3007,2.2725,4.5732
Flickr8K,84,1024,png,robust,1.0,2.3007,2.2756,4.5763
Flickr8K,84,1024,jpeg90,robust,1.0,2.3007,2.2687,4.5694
Flickr8K,84,1024,jpeg70,robust,0.988281,2.3007,2.2682,4.5689
Flickr8K,84,1024,jpeg50,robust,0.97168,2.3007,2.2739,4.5745
Flickr8K,84,1024,resize0.5,robust,1.0,2.3007,2.276,4.5766
Flickr8K,84,1024,resize0.75,robust,1.0,2.3007,2.2667,4.5674
Flickr8K,84,1024,resize1.25,robust,1.0,2.3007,2.2651,4.5658
Flickr8K,84,1024,resize1.5,robust,1.0,2.3007,2.267,4.5677
Flickr8K,84,1024,gnoise01,robust,1.0,2.3007,2.2683,4.569
Flickr8K,84,1024,gnoise05,robust,0.922852,2.3007,2.2778,4.5785
Flickr8K,84,1024,gnoise10,robust,0.871094,2.3007,2.2676,4.5683
Flickr8K,84,1024,gblur3,robust,1.0,2.3007,2.2716,4.5723
Flickr8K,84,1024,gblur5,robust,0.976562,2.3007,2.266,4.5666
Flickr8K,84,1024,gblur7,robust,0.927734,2.3007,2.2653,4.566
Flickr8K,84,1024,mblur3,robust,1.0,2.3007,2.2748,4.5754
Flickr8K,84,1024,mblur5,robust,1.0,2.3007,2.2739,4.5746
Flickr8K,84,1024,mblur7,robust,0.950195,2.3007,2.2708,4.5715
Flickr8K,85,1024,clean,robust,1.0,2.2928,2.2652,4.558
Flickr8K,85,1024,png,robust,1.0,2.2928,2.2647,4.5575
Flickr8K,85,1024,jpeg90,robust,1.0,2.2928,2.268,4.5608
Flickr8K,85,1024,jpeg70,robust,1.0,2.2928,2.2747,4.5675
Flickr8K,85,1024,jpeg50,robust,1.0,2.2928,2.2665,4.5593
Flickr8K,85,1024,resize0.5,robust,1.0,2.2928,2.264,4.5568
Flickr8K,85,1024,resize0.75,robust,1.0,2.2928,2.2672,4.56
Flickr8K,85,1024,resize1.25,robust,1.0,2.2928,2.2655,4.5584
Flickr8K,85,1024,resize1.5,robust,1.0,2.2928,2.2793,4.5721
Flickr8K,85,1024,gnoise01,robust,1.0,2.2928,2.2747,4.5675
Flickr8K,85,1024,gnoise05,robust,0.955078,2.2928,2.2608,4.5537
Flickr8K,85,1024,gnoise10,robust,0.829102,2.2928,2.2658,4.5586
Flickr8K,85,1024,gblur3,robust,1.0,2.2928,2.2651,4.5579
Flickr8K,85,1024,gblur5,robust,1.0,2.2928,2.271,4.5638
Flickr8K,85,1024,gblur7,robust,0.908203,2.2928,2.274,4.5668
Flickr8K,85,1024,mblur3,robust,1.0,2.2928,2.2644,4.5572
Flickr8K,85,1024,mblur5,robust,1.0,2.2928,2.267,4.5598
Flickr8K,85,1024,mblur7,robust,0.944336,2.2928,2.2708,4.5636
Flickr8K,86,1024,clean,robust,1.0,2.2943,2.2706,4.5649
Flickr8K,86,1024,png,robust,1.0,2.2943,2.2794,4.5737
Flickr8K,86,1024,jpeg90,robust,1.0,2.2943,2.2635,4.5578
Flickr8K,86,1024,jpeg70,robust,1.0,2.2943,2.2671,4.5614
Flickr8K,86,1024,jpeg50,robust,1.0,2.2943,2.2647,4.559
Flickr8K,86,1024,resize0.5,robust,1.0,2.2943,2.2668,4.5611
Flickr8K,86,1024,resize0.75,robust,1.0,2.2943,2.273,4.5673
Flickr8K,86,1024,resize1.25,robust,1.0,2.2943,2.2759,4.5702
Flickr8K,86,1024,resize1.5,robust,1.0,2.2943,2.2633,4.5576
Flickr8K,86,1024,gnoise01,robust,1.0,2.2943,2.2704,4.5647
Flickr8K,86,1024,gnoise05,robust,1.0,2.2943,2.2665,4.5608
Flickr8K,86,1024,gnoise10,robust,1.0,2.2943,2.2703,4.5646
Flickr8K,86,1024,gblur3,robust,1.0,2.2943,2.279,4.5733
Flickr8K,86,1024,gblur5,robust,1.0,2.2943,2.2683,4.5626
Flickr8K,86,1024,gblur7,robust,0.953125,2.2943,2.2693,4.5636
Flickr8K,86,1024,mblur3,robust,1.0,2.2943,2.2659,4.5602
Flickr8K,86,1024,mblur5,robust,1.0,2.2943,2.2735,4.5678
Flickr8K,86,1024,mblur7,robust,0.963867,2.2943,2.2823,4.5766
Flickr8K,87,1024,clean,robust,1.0,2.3002,2.2665,4.5667
Flickr8K,87,1024,png,robust,1.0,2.3002,2.2666,4.5668
Flickr8K,87,1024,jpeg90,robust,1.0,2.3002,2.2647,4.5649
Flickr8K,87,1024,jpeg70,robust,1.0,2.3002,2.2648,4.565
Flickr8K,87,1024,jpeg50,robust,1.0,2.3002,2.2741,4.5743
Flickr8K,87,1024,resize0.5,robust,1.0,2.3002,2.2718,4.572
Flickr8K,87,1024,resize0.75,robust,1.0,2.3002,2.2721,4.5723
Flickr8K,87,1024,resize1.25,robust,1.0,2.3002,2.2669,4.5671
Flickr8K,87,1024,resize1.5,robust,1.0,2.3002,2.2668,4.567
Flickr8K,87,1024,gnoise01,robust,1.0,2.3002,2.275,4.5752
Flickr8K,87,1024,gnoise05,robust,1.0,2.3002,2.2784,4.5786
Flickr8K,87,1024,gnoise10,robust,1.0,2.3002,2.266,4.5661
Flickr8K,87,1024,gblur3,robust,1.0,2.3002,2.2655,4.5657
Flickr8K,87,1024,gblur5,robust,1.0,2.3002,2.266,4.5662
Flickr8K,87,1024,gblur7,robust,0.974609,2.3002,2.2661,4.5663
Flickr8K,87,1024,mblur3,robust,1.0,2.3002,2.2737,4.5738
Flickr8K,87,1024,mblur5,robust,1.0,2.3002,2.2704,4.5706
Flickr8K,87,1024,mblur7,robust,1.0,2.3002,2.2708,4.5709
Flickr8K,88,1024,clean,robust,1.0,2.2935,2.2643,4.5578
Flickr8K,88,1024,png,robust,1.0,2.2935,2.272,4.5654
Flickr8K,88,1024,jpeg90,robust,1.0,2.2935,2.2693,4.5628
Flickr8K,88,1024,jpeg70,robust,1.0,2.2935,2.2729,4.5664
Flickr8K,88,1024,jpeg50,robust,1.0,2.2935,2.2688,4.5622
Flickr8K,88,1024,resize0.5,robust,1.0,2.2935,2.2732,4.5667
Flickr8K,88,1024,resize0.75,robust,1.0,2.2935,2.2744,4.5679
Flickr8K,88,1024,resize1.25,robust,1.0,2.2935,2.2681,4.5616
Flickr8K,88,1024,resize1.5,robust,1.0,2.2935,2.2725,4.5659
Flickr8K,88,1024,gnoise01,robust,1.0,2.2935,2.2645,4.558
Flickr8K,88,1024,gnoise05,robust,1.0,2.2935,2.2704,4.5638
Flickr8K,88,1024,gnoise10,robust,0.924805,2.2935,2.2651,4.5586
Flickr8K,88,1024,gblur3,robust,1.0,2.2935,2.2657,4.5592
Flickr8K,88,1024,gblur5,robust,1.0,2.2935,2.2711,4.5646
Flickr8K,88,1024,gblur7,robust,0.943359,2.2935,2.2698,4.5633
Flickr8K,88,1024,mblur3,robust,1.0,2.2935,2.2613,4.5548
Flickr8K,88,1024,mblur5,robust,1.0,2.2935,2.2666,4.5601
Flickr8K,88,1024,mblur7,robust,0.975586,2.2935,2.2707,4.5642
Flickr8K,89,1024,clean,robust,1.0,2.3017,2.2749,4.5766
Flickr8K,89,1024,png,robust,1.0,2.3017,2.2726,4.5743
Flickr8K,89,1024,jpeg90,robust,1.0,2.3017,2.267,4.5687
Flickr8K,89,1024,jpeg70,robust,1.0,2.3017,2.266,4.5677
Flickr8K,89,1024,jpeg50,robust,1.0,2.3017,2.2648,4.5665
Flickr8K,89,1024,resize0.5,robust,1.0,2.3017,2.2638,4.5655
Flickr8K,89,1024,resize0.75,robust,1.0,2.3017,2.2698,4.5715
Flickr8K,89,1024,resize1.25,robust,1.0,2.3017,2.2665,4.5682
Flickr8K,89,1024,resize1.5,robust,1.0,2.3017,2.264,4.5657
Flickr8K,89,1024,gnoise01,robust,1.0,2.3017,2.2665,4.5682
Flickr8K,89,1024,gnoise05,robust,1.0,2.3017,2.2663,4.568
Flickr8K,89,1024,gnoise10,robust,0.980469,2.3017,2.2692,4.5709
Flickr8K,89,1024,gblur3,robust,1.0,2.3017,2.2708,4.5725
Flickr8K,89,1024,gblur5,robust,1.0,2.3017,2.2682,4.5699
Flickr8K,89,1024,gblur7,robust,0.956055,2.3017,2.2729,4.5746
Flickr8K,89,1024,mblur3,robust,1.0,2.3017,2.2663,4.568
Flickr8K,89,1024,mblur5,robust,1.0,2.3017,2.2724,4.5741
Flickr8K,89,1024,mblur7,robust,0.984375,2.3017,2.2711,4.5728
Flickr8K,90,1024,clean,robust,1.0,2.2968,2.2632,4.56
Flickr8K,90,1024,png,robust,1.0,2.2968,2.264,4.5609
Flickr8K,90,1024,jpeg90,robust,1.0,2.2968,2.2627,4.5596
Flickr8K,90,1024,jpeg70,robust,1.0,2.2968,2.2644,4.5612
Flickr8K,90,1024,jpeg50,robust,0.970703,2.2968,2.2699,4.5667
Flickr8K,90,1024,resize0.5,robust,1.0,2.2968,2.2666,4.5634
Flickr8K,90,1024,resize0.75,robust,1.0,2.2968,2.2672,4.564
Flickr8K,90,1024,resize1.25,robust,1.0,2.2968,2.2673,4.5641
Flickr8K,90,1024,resize1.5,robust,1.0,2.2968,2.268,4.5649
Flickr8K,90,1024,gnoise01,robust,1.0,2.2968,2.2662,4.563
Flickr8K,90,1024,gnoise05,robust,0.910156,2.2968,2.27,4.5668
Flickr8K,90,1024,gnoise10,robust,0.81543,2.2968,2.2676,4.5644
Flickr8K,90,1024,gblur3,robust,1.0,2.2968,2.2657,4.5626
Flickr8K,90,1024,gblur5,robust,1.0,2.2968,2.2675,4.5643
Flickr8K,90,1024,gblur7,robust,0.933594,2.2968,2.2644,4.5612
Flickr8K,90,1024,mblur3,robust,1.0,2.2968,2.2707,4.5675
Flickr8K,90,1024,mblur5,robust,1.0,2.2968,2.2678,4.5647
Flickr8K,90,1024,mblur7,robust,0.947266,2.2968,2.2691,4.566
Flickr8K,91,1024,clean,robust,1.0,2.2937,2.266,4.5598
Flickr8K,91,1024,png,robust,1.0,2.2937,2.2684,4.5621
Flickr8K,91,1024,jpeg90,robust,1.0,2.2937,2.27,4.5637
Flickr8K,91,1024,jpeg70,robust,1.0,2.2937,2.2737,4.5675
Flickr8K,91,1024,jpeg50,robust,1.0,2.2937,2.2669,4.5606
Flickr8K,91,1024,resize0.5,robust,1.0,2.2937,2.2643,4.558
Flickr8K,91,1024,resize0.75,robust,1.0,2.2937,2.2641,4.5579
Flickr8K,91,1024,resize1.25,robust,1.0,2.2937,2.2675,4.5613
Flickr8K,91,1024,resize1.5,robust,1.0,2.2937,2.2741,4.5678
Flickr8K,91,1024,gnoise01,robust,1.0,2.2937,2.2652,4.5589
Flickr8K,91,1024,gnoise05,robust,1.0,2.2937,2.2647,4.5585
Flickr8K,91,1024,gnoise10,robust,1.0,2.2937,2.2665,4.5603
Flickr8K,91,1024,gblur3,robust,1.0,2.2937,2.2655,4.5592
Flickr8K,91,1024,gblur5,robust,1.0,2.2937,2.2736,4.5673
Flickr8K,91,1024,gblur7,robust,0.967773,2.2937,2.2699,4.5637
Flickr8K,91,1024,mblur3,robust,1.0,2.2937,2.2688,4.5626
Flickr8K,91,1024,mblur5,robust,1.0,2.2937,2.2725,4.5662
Flickr8K,91,1024,mblur7,robust,0.983398,2.2937,2.2648,4.5585
Flickr8K,92,1024,clean,robust,1.0,2.2948,2.268,4.5628
Flickr8K,92,1024,png,robust,1.0,2.2948,2.2687,4.5635
Flickr8K,92,1024,jpeg90,robust,1.0,2.2948,2.2639,4.5587
Flickr8K,92,1024,jpeg70,robust,1.0,2.2948,2.2684,4.5632
Flickr8K,92,1024,jpeg50,robust,1.0,2.2948,2.267,4.5618
Flickr8K,92,1024,resize0.5,robust,1.0,2.2948,2.27,4.5648
Flickr8K,92,1024,resize0.75,robust,1.0,2.2948,2.2695,4.5643
Flickr8K,92,1024,resize1.25,robust,1.0,2.2948,2.2644,4.5592
Flickr8K,92,1024,resize1.5,robust,1.0,2.2948,2.263,4.5578
Flickr8K,92,1024,gnoise01,robust,1.0,2.2948,2.2651,4.5599
Flickr8K,92,1024,gnoise05,robust,1.0,2.2948,2.2646,4.5594
Flickr8K,92,1024,gnoise10,robust,1.0,2.2948,2.2745,4.5693
Flickr8K,92,1024,gblur3,robust,1.0,2.2948,2.27,4.5648
Flickr8K,92,1024,gblur5,robust,1.0,2.2948,2.2656,4.5604
Flickr8K,92,1024,gblur7,robust,0.963867,2.2948,2.266,4.5608
Flickr8K,92,1024,mblur3,robust,1.0,2.2948,2.2643,4.5591
Flickr8K,92,1024,mblur5,robust,1.0,2.2948,2.2699,4.5646
Flickr8K,92,1024,mblur7,robust,0.963867,2.2948,2.2697,4.5645
Flickr8K,93,1024,clean,robust,1.0,2.2924,2.2669,4.5593
Flickr8K,93,1024,png,robust,1.0,2.2924,2.2653,4.5577
Flickr8K,93,1024,jpeg90,robust,1.0,2.2924,2.2641,4.5566
Flickr8K,93,1024,jpeg70,robust,1.0,2.2924,2.2632,4.5556
Flickr8K,93,1024,jpeg50,robust,1.0,2.2924,2.273,4.5654
Flickr8K,93,1024,resize0.5,robust,1.0,2.2924,2.2683,4.5607
Flickr8K,93,1024,resize0.75,robust,1.0,2.2924,2.2774,4.5698
Flickr8K,93,1024,resize1.25,robust,1.0,2.2924,2.2651,4.5575
Flickr8K,93,1024,resize1.5,robust,1.0,2.2924,2.2652,4.5577
Flickr8K,93,1024,gnoise01,robust,1.0,2.2924,2.2668,4.5593
Flickr8K,93,1024,gnoise05,robust,1.0,2.2924,2.2683,4.5608
Flickr8K,93,1024,gnoise10,robust,0.985352,2.2924,2.2654,4.5578
Flickr8K,93,1024,gblur3,robust,1.0,2.2924,2.2632,4.5556
Flickr8K,93,1024,gblur5,robust,0.987305,2.2924,2.2678,4.5602
Flickr8K,93,1024,gblur7,robust,0.923828,2.2924,2.2675,4.5599
Flickr8K,93,1024,mblur3,robust,1.0,2.2924,2.2707,4.5632
Flickr8K,93,1024,mblur5,robust,0.980469,2.2924,2.2681,4.5605
Flickr8K,93,1024,mblur7,robust,0.922852,2.2924,2.2684,4.5609
Flickr8K,94,1024,clean,robust,1.0,2.2922,2.2666,4.5589
Flickr8K,94,1024,png,robust,1.0,2.2922,2.2719,4.5641
Flickr8K,94,1024,jpeg90,robust,1.0,2.2922,2.2697,4.562
Flickr8K,94,1024,jpeg70,robust,1.0,2.2922,2.2678,4.56
Flickr8K,94,1024,jpeg50,robust,1.0,2.2922,2.2633,4.5556
Flickr8K,94,1024,resize0.5,robust,1.0,2.2922,2.2649,4.5571
Flickr8K,94,1024,resize0.75,robust,1.0,2.2922,2.2642,4.5565
Flickr8K,94,1024,resize1.25,robust,1.0,2.2922,2.266,4.5582
Flickr8K,94,1024,resize1.5,robust,1.0,2.2922,2.2683,4.5606
Flickr8K,94,1024,gnoise01,robust,1.0,2.2922,2.2638,4.556
Flickr8K,94,1024,gnoise05,robust,1.0,2.2922,2.2654,4.5577
Flickr8K,94,1024,gnoise10,robust,1.0,2.2922,2.2683,4.5606
Flickr8K,94,1024,gblur3,robust,1.0,2.2922,2.2668,4.5591
Flickr8K,94,1024,gblur5,robust,1.0,2.2922,2.2735,4.5657
Flickr8K,94,1024,gblur7,robust,0.975586,2.2922,2.2701,4.5623
Flickr8K,94,1024,mblur3,robust,1.0,2.2922,2.2652,4.5574
Flickr8K,94,1024,mblur5,robust,1.0,2.2922,2.2682,4.5604
Flickr8K,94,1024,mblur7,robust,0.983398,2.2922,2.2668,4.559
Flickr8K,95,1024,clean,robust,1.0,2.2971,2.2708,4.5679
Flickr8K,95,1024,png,robust,1.0,2.2971,2.2676,4.5648
Flickr8K,95,1024,jpeg90,robust,1.0,2.2971,2.2669,4.564
Flickr8K,95,1024,jpeg70,robust,1.0,2.2971,2.2617,4.5588
Flickr8K,95,1024,jpeg50,robust,1.0,2.2971,2.261,4.5581
Flickr8K,95,1024,resize0.5,robust,1.0,2.2971,2.2617,4.5588
Flickr8K,95,1024,resize0.75,robust,1.0,2.2971,2.271,4.5681
Flickr8K,95,1024,resize1.25,robust,1.0,2.2971,2.2712,4.5683
Flickr8K,95,1024,resize1.5,robust,1.0,2.2971,2.2716,4.5687
Flickr8K,95,1024,gnoise01,robust,1.0,2.2971,2.2695,4.5666
Flickr8K,95,1024,gnoise05,robust,1.0,2.2971,2.2647,4.5618
Flickr8K,95,1024,gnoise10,robust,0.94043,2.2971,2.2714,4.5685
Flickr8K,95,1024,gblur3,robust,1.0,2.2971,2.2662,4.5633
Flickr8K,95,1024,gblur5,robust,1.0,2.2971,2.267,4.5642
Flickr8K,95,1024,gblur7,robust,0.957031,2.2971,2.2651,4.5622
Flickr8K,95,1024,mblur3,robust,1.0,2.2971,2.2637,4.5609
Flickr8K,95,1024,mblur5,robust,1.0,2.2971,2.2693,4.5664
Flickr8K,95,1024,mblur7,robust,0.975586,2.2971,2.2685,4.5656
Flickr8K,96,1024,clean,robust,1.0,2.2934,2.2653,4.5587
Flickr8K,96,1024,png,robust,1.0,2.2934,2.268,4.5613
Flickr8K,96,1024,jpeg90,robust,1.0,2.2934,2.2657,4.559
Flickr8K,96,1024,jpeg70,robust,1.0,2.2934,2.2684,4.5617
Flickr8K,96,1024,jpeg50,robust,1.0,2.2934,2.2735,4.5669
Flickr8K,96,1024,resize0.5,robust,1.0,2.2934,2.2675,4.5609
Flickr8K,96,1024,resize0.75,robust,1.0,2.2934,2.2639,4.5573
Flickr8K,96,1024,resize1.25,robust,1.0,2.2934,2.264,4.5573
Flickr8K,96,1024,resize1.5,robust,1.0,2.2934,2.2636,4.557
Flickr8K,96,1024,gnoise01,robust,1.0,2.2934,2.2674,4.5607
Flickr8K,96,1024,gnoise05,robust,1.0,2.2934,2.2685,4.5618
Flickr8K,96,1024,gnoise10,robust,0.962891,2.2934,2.2643,4.5577
Flickr8K,96,1024,gblur3,robust,1.0,2.2934,2.2627,4.5561
Flickr8K,96,1024,gblur5,robust,0.985352,2.2934,2.2664,4.5598
Flickr8K,96,1024,gblur7,robust,0.931641,2.2934,2.2728,4.5662
Flickr8K,96,1024,mblur3,robust,1.0,2.2934,2.275,4.5684
Flickr8K,96,1024,mblur5,robust,1.0,2.2934,2.2751,4.5685
Flickr8K,96,1024,mblur7,robust,0.943359,2.2934,2.2765,4.5699
Flickr8K,97,1024,clean,robust,1.0,2.2902,2.2767,4.5669
Flickr8K,97,1024,png,robust,1.0,2.2902,2.2692,4.5594
Flickr8K,97,1024,jpeg90,robust,1.0,2.2902,2.2711,4.5613
Flickr8K,97,1024,jpeg70,robust,1.0,2.2902,2.2655,4.5557
Flickr8K,97,1024,jpeg50,robust,0.980469,2.2902,2.2643,4.5545
Flickr8K,97,1024,resize0.5,robust,1.0,2.2902,2.2645,4.5548
Flickr8K,97,1024,resize0.75,robust,1.0,2.2902,2.2636,4.5538
Flickr8K,97,1024,resize1.25,robust,1.0,2.2902,2.2687,4.5589
Flickr8K,97,1024,resize1.5,robust,1.0,2.2902,2.2668,4.557
Flickr8K,97,1024,gnoise01,robust,1.0,2.2902,2.2655,4.5557
Flickr8K,97,1024,gnoise05,robust,0.94043,2.2902,2.2656,4.5558
Flickr8K,97,1024,gnoise10,robust,0.880859,2.2902,2.2641,4.5543
Flickr8K,97,1024,gblur3,robust,1.0,2.2902,2.2684,4.5586
Flickr8K,97,1024,gblur5,robust,1.0,2.2902,2.2738,4.5641
Flickr8K,97,1024,gblur7,robust,0.927734,2.2902,2.2662,4.5564
Flickr8K,97,1024,mblur3,robust,1.0,2.2902,2.2648,4.555
Flickr8K,97,1024,mblur5,robust,1.0,2.2902,2.268,4.5583
Flickr8K,97,1024,mblur7,robust,0.970703,2.2902,2.2702,4.5604
Flickr8K,98,1024,clean,robust,1.0,2.2921,2.2695,4.5615
Flickr8K,98,1024,png,robust,1.0,2.2921,2.2657,4.5578
Flickr8K,98,1024,jpeg90,robust,0.96875,2.2921,2.2639,4.556
Flickr8K,98,1024,jpeg70,robust,0.879883,2.2921,2.2649,4.557
Flickr8K,98,1024,jpeg50,robust,0.84668,2.2921,2.265,4.5571
Flickr8K,98,1024,resize0.5,robust,1.0,2.2921,2.2717,4.5638
Flickr8K,98,1024,resize0.75,robust,1.0,2.2921,2.2768,4.5689
Flickr8K,98,1024,resize1.25,robust,1.0,2.2921,2.2644,4.5564
Flickr8K,98,1024,resize1.5,robust,1.0,2.2921,2.2644,4.5564
Flickr8K,98,1024,gnoise01,robust,0.944336,2.2921,2.2652,4.5573
Flickr8K,98,1024,gnoise05,robust,0.772461,2.2921,2.2682,4.5602
Flickr8K,98,1024,gnoise10,robust,0.674805,2.2921,2.2728,4.5649
Flickr8K,98,1024,gblur3,robust,1.0,2.2921,2.2668,4.5588
Flickr8K,98,1024,gblur5,robust,0.942383,2.2921,2.2645,4.5566
Flickr8K,98,1024,gblur7,robust,0.888672,2.2921,2.2646,4.5567
Flickr8K,98,1024,mblur3,robust,1.0,2.2921,2.2668,4.5589
Flickr8K,98,1024,mblur5,robust,0.963867,2.2921,2.2715,4.5636
Flickr8K,98,1024,mblur7,robust,0.911133,2.2921,2.2689,4.561
Flickr8K,99,1024,clean,robust,1.0,2.2982,2.2652,4.5634
Flickr8K,99,1024,png,robust,1.0,2.2982,2.2659,4.5641
Flickr8K,99,1024,jpeg90,robust,1.0,2.2982,2.2645,4.5627
Flickr8K,99,1024,jpeg70,robust,1.0,2.2982,2.2681,4.5663
Flickr8K,99,1024,jpeg50,robust,1.0,2.2982,2.2764,4.5746
Flickr8K,99,1024,resize0.5,robust,1.0,2.2982,2.2668,4.565
Flickr8K,99,1024,resize0.75,robust,1.0,2.2982,2.2671,4.5653
Flickr8K,99,1024,resize1.25,robust,1.0,2.2982,2.2645,4.5627
Flickr8K,99,1024,resize1.5,robust,1.0,2.2982,2.2638,4.562
Flickr8K,99,1024,gnoise01,robust,1.0,2.2982,2.2763,4.5745
Flickr8K,99,1024,gnoise05,robust,1.0,2.2982,2.2699,4.5682
Flickr8K,99,1024,gnoise10,robust,1.0,2.2982,2.2675,4.5657
Flickr8K,99,1024,gblur3,robust,1.0,2.2982,2.2649,4.5632
Flickr8K,99,1024,gblur5,robust,1.0,2.2982,2.2677,4.5659
Flickr8K,99,1024,gblur7,robust,0.943359,2.2982,2.2759,4.5742
Flickr8K,99,1024,mblur3,robust,1.0,2.2982,2.2732,4.5714
Flickr8K,99,1024,mblur5,robust,1.0,2.2982,2.2678,4.5661
Flickr8K,99,1024,mblur7,robust,0.976562,2.2982,2.2714,4.5696
Flickr8K,0,2048,clean,robust,1.0,2.2987,2.2676,4.5663
Flickr8K,0,2048,png,robust,1.0,2.2987,2.2711,4.5698
Flickr8K,0,2048,jpeg90,robust,1.0,2.2987,2.2783,4.5771
Flickr8K,0,2048,jpeg70,robust,1.0,2.2987,2.2647,4.5634
Flickr8K,0,2048,jpeg50,robust,1.0,2.2987,2.2689,4.5676
Flickr8K,0,2048,resize0.5,robust,1.0,2.2987,2.2657,4.5644
Flickr8K,0,2048,resize0.75,robust,1.0,2.2987,2.2653,4.564
Flickr8K,0,2048,resize1.25,robust,1.0,2.2987,2.272,4.5707
Flickr8K,0,2048,resize1.5,robust,1.0,2.2987,2.2722,4.5709
Flickr8K,0,2048,gnoise01,robust,1.0,2.2987,2.2656,4.5644
Flickr8K,0,2048,gnoise05,robust,1.0,2.2987,2.2706,4.5693
Flickr8K,0,2048,gnoise10,robust,0.877441,2.2987,2.273,4.5717
Flickr8K,0,2048,gblur3,robust,1.0,2.2987,2.2666,4.5653
Flickr8K,0,2048,gblur5,robust,1.0,2.2987,2.2729,4.5716
Flickr8K,0,2048,gblur7,robust,0.893066,2.2987,2.2665,4.5652
Flickr8K,0,2048,mblur3,robust,1.0,2.2987,2.2702,4.5689
Flickr8K,0,2048,mblur5,robust,1.0,2.2987,2.2705,4.5692
Flickr8K,0,2048,mblur7,robust,0.907227,2.2987,2.2669,4.5656
Flickr8K,1,2048,clean,robust,1.0,2.297,2.2724,4.5694
Flickr8K,1,2048,png,robust,1.0,2.297,2.2675,4.5645
Flickr8K,1,2048,jpeg90,robust,1.0,2.297,2.2689,4.5659
Flickr8K,1,2048,jpeg70,robust,1.0,2.297,2.2727,4.5697
Flickr8K,1,2048,jpeg50,robust,1.0,2.297,2.2681,4.5651
Flickr8K,1,2048,resize0.5,robust,1.0,2.297,2.2702,4.5672
Flickr8K,1,2048,resize0.75,robust,1.0,2.297,2.2715,4.5685
Flickr8K,1,2048,resize1.25,robust,1.0,2.297,2.2655,4.5625
Flickr8K,1,2048,resize1.5,robust,1.0,2.297,2.2657,4.5628
Flickr8K,1,2048,gnoise01,robust,1.0,2.297,2.2675,4.5645
Flickr8K,1,2048,gnoise05,robust,1.0,2.297,2.27,4.567
Flickr8K,1,2048,gnoise10,robust,0.910645,2.297,2.2743,4.5713
Flickr8K,1,2048,gblur3,robust,1.0,2.297,2.2741,4.5712
Flickr8K,1,2048,gblur5,robust,0.909668,2.297,2.2659,4.5629
Flickr8K,1,2048,gblur7,robust,0.854004,2.297,2.2681,4.5652
Flickr8K,1,2048,mblur3,robust,1.0,2.297,2.2728,4.5698
Flickr8K,1,2048,mblur5,robust,0.89502,2.297,2.2722,4.5693
Flickr8K,1,2048,mblur7,robust,0.833496,2.297,2.2669,4.564
Flickr8K,2,2048,clean,robust,1.0,2.2938,2.2639,4.5577
Flickr8K,2,2048,png,robust,1.0,2.2938,2.2659,4.5597
Flickr8K,2,2048,jpeg90,robust,1.0,2.2938,2.2663,4.5601
Flickr8K,2,2048,jpeg70,robust,1.0,2.2938,2.2677,4.5615
Flickr8K,2,2048,jpeg50,robust,1.0,2.2938,2.2704,4.5641
Flickr8K,2,2048,resize0.5,robust,1.0,2.2938,2.2657,4.5595
Flickr8K,2,2048,resize0.75,robust,1.0,2.2938,2.2662,4.56
Flickr8K,2,2048,resize1.25,robust,1.0,2.2938,2.2691,4.5628
Flickr8K,2,2048,resize1.5,robust,1.0,2.2938,2.2693,4.5631
Flickr8K,2,2048,gnoise01,robust,1.0,2.2938,2.28,4.5738
Flickr8K,2,2048,gnoise05,robust,1.0,2.2938,2.2707,4.5644
Flickr8K,2,2048,gnoise10,robust,0.924805,2.2938,2.2718,4.5656
Flickr8K,2,2048,gblur3,robust,1.0,2.2938,2.2688,4.5625
Flickr8K,2,2048,gblur5,robust,0.924805,2.2938,2.2664,4.5602
Flickr8K,2,2048,gblur7,robust,0.899414,2.2938,2.2693,4.5631
Flickr8K,2,2048,mblur3,robust,1.0,2.2938,2.2701,4.5639
Flickr8K,2,2048,mblur5,robust,1.0,2.2938,2.27,4.5637
Flickr8K,2,2048,mblur7,robust,0.914062,2.2938,2.2664,4.5601
Flickr8K,3,2048,clean,robust,1.0,2.2957,2.2644,4.5601
Flickr8K,3,2048,png,robust,1.0,2.2957,2.2677,4.5633
Flickr8K,3,2048,jpeg90,robust,1.0,2.2957,2.2704,4.566
Flickr8K,3,2048,jpeg70,robust,1.0,2.2957,2.2691,4.5647
Flickr8K,3,2048,jpeg50,robust,1.0,2.2957,2.2685,4.5642
Flickr8K,3,2048,resize0.5,robust,1.0,2.2957,2.2701,4.5658
Flickr8K,3,2048,resize0.75,robust,1.0,2.2957,2.2647,4.5604
Flickr8K,3,2048,resize1.25,robust,1.0,2.2957,2.2699,4.5655
Flickr8K,3,2048,resize1.5,robust,1.0,2.2957,2.2704,4.5661
Flickr8K,3,2048,gnoise01,robust,1.0,2.2957,2.2635,4.5592
Flickr8K,3,2048,gnoise05,robust,1.0,2.2957,2.2714,4.5671
Flickr8K,3,2048,gnoise10,robust,0.896484,2.2957,2.2643,4.56
Flickr8K,3,2048,gblur3,robust,1.0,2.2957,2.2737,4.5693
Flickr8K,3,2048,gblur5,robust,0.92334,2.2957,2.2688,4.5644
Flickr8K,3,2048,gblur7,robust,0.888184,2.2957,2.2638,4.5595
Flickr8K,3,2048,mblur3,robust,1.0,2.2957,2.2639,4.5596
Flickr8K,3,2048,mblur5,robust,1.0,2.2957,2.2681,4.5638
Flickr8K,3,2048,mblur7,robust,0.90625,2.2957,2.2698,4.5655
Flickr8K,4,2048,clean,robust,1.0,2.2928,2.2741,4.5668
Flickr8K,4,2048,png,robust,1.0,2.2928,2.2703,4.5631
Flickr8K,4,2048,jpeg90,robust,1.0,2.2928,2.2635,4.5562
Flickr8K,4,2048,jpeg70,robust,1.0,2.2928,2.265,4.5577
Flickr8K,4,2048,jpeg50,robust,1.0,2.2928,2.2644,4.5571
Flickr8K,4,2048,resize0.5,robust,1.0,2.2928,2.2692,4.562
Flickr8K,4,2048,resize0.75,robust,1.0,2.2928,2.2656,4.5583
Flickr8K,4,2048,resize1.25,robust,1.0,2.2928,2.2637,4.5564
Flickr8K,4,2048,resize1.5,robust,1.0,2.2928,2.2626,4.5553
Flickr8K,4,2048,gnoise01,robust,1.0,2.2928,2.2655,4.5583
Flickr8K,4,2048,gnoise05,robust,1.0,2.2928,2.2653,4.5581
Flickr8K,4,2048,gnoise10,robust,0.924805,2.2928,2.2709,4.5636
Flickr8K,4,2048,gblur3,robust,1.0,2.2928,2.2643,4.557
Flickr8K,4,2048,gblur5,robust,1.0,2.2928,2.2703,4.563
Flickr8K,4,2048,gblur7,robust,0.898926,2.2928,2.267,4.5598
Flickr8K,4,2048,mblur3,robust,1.0,2.2928,2.266,4.5587
Flickr8K,4,2048,mblur5,robust,1.0,2.2928,2.2731,4.5659
Flickr8K,4,2048,mblur7,robust,0.916504,2.2928,2.2733,4.566
Flickr8K,5,2048,clean,robust,1.0,2.2962,2.2733,4.5695
Flickr8K,5,2048,png,robust,1.0,2.2962,2.2668,4.563
Flickr8K,5,2048,jpeg90,robust,1.0,2.2962,2.2655,4.5617
Flickr8K,5,2048,jpeg70,robust,1.0,2.2962,2.2733,4.5695
Flickr8K,5,2048,jpeg50,robust,1.0,2.2962,2.2697,4.5659
Flickr8K,5,2048,resize0.5,robust,1.0,2.2962,2.2657,4.5619
Flickr8K,5,2048,resize0.75,robust,1.0,2.2962,2.2663,4.5625
Flickr8K,5,2048,resize1.25,robust,1.0,2.2962,2.2663,4.5625
Flickr8K,5,2048,resize1.5,robust,1.0,2.2962,2.2704,4.5666
Flickr8K,5,2048,gnoise01,robust,1.0,2.2962,2.2766,4.5728
Flickr8K,5,2048,gnoise05,robust,1.0,2.2962,2.2689,4.5651
Flickr8K,5,2048,gnoise10,robust,0.884766,2.2962,2.2699,4.5661
Flickr8K,5,2048,gblur3,robust,1.0,2.2962,2.2648,4.561
Flickr8K,5,2048,gblur5,robust,1.0,2.2962,2.2683,4.5645
Flickr8K,5,2048,gblur7,robust,0.898926,2.2962,2.2697,4.5659
Flickr8K,5,2048,mblur3,robust,1.0,2.2962,2.2676,4.5638
Flickr8K,5,2048,mblur5,robust,1.0,2.2962,2.2682,4.5644
Flickr8K,5,2048,mblur7,robust,0.909668,2.2962,2.2672,4.5634
Flickr8K,6,2048,clean,robust,1.0,2.3018,2.2649,4.5667
Flickr8K,6,2048,png,robust,1.0,2.3018,2.2692,4.5709
Flickr8K,6,2048,jpeg90,robust,1.0,2.3018,2.2698,4.5716
Flickr8K,6,2048,jpeg70,robust,1.0,2.3018,2.2685,4.5703
Flickr8K,6,2048,jpeg50,robust,0.924805,2.3018,2.2672,4.5689
Flickr8K,6,2048,resize0.5,robust,1.0,2.3018,2.2681,4.5698
Flickr8K,6,2048,resize0.75,robust,1.0,2.3018,2.2716,4.5733
Flickr8K,6,2048,resize1.25,robust,1.0,2.3018,2.2737,4.5754
Flickr8K,6,2048,resize1.5,robust,1.0,2.3018,2.2699,4.5716
Flickr8K,6,2048,gnoise01,robust,1.0,2.3018,2.2652,4.5669
Flickr8K,6,2048,gnoise05,robust,0.871582,2.3018,2.2695,4.5713
Flickr8K,6,2048,gnoise10,robust,0.800781,2.3018,2.265,4.5667
Flickr8K,6,2048,gblur3,robust,1.0,2.3018,2.2717,4.5735
Flickr8K,6,2048,gblur5,robust,1.0,2.3018,2.2714,4.5732
Flickr8K,6,2048,gblur7,robust,0.90625,2.3018,2.2658,4.5675
Flickr8K,6,2048,mblur3,robust,1.0,2.3018,2.2667,4.5685
Flickr8K,6,2048,mblur5,robust,1.0,2.3018,2.2764,4.5782
Flickr8K,6,2048,mblur7,robust,0.919434,2.3018,2.2691,4.5708
Flickr8K,7,2048,clean,robust,1.0,2.2985,2.2697,4.5682
Flickr8K,7,2048,png,robust,1.0,2.2985,2.2663,4.5648
Flickr8K,7,2048,jpeg90,robust,1.0,2.2985,2.2653,4.5638
Flickr8K,7,2048,jpeg70,robust,1.0,2.2985,2.2673,4.5658
Flickr8K,7,2048,jpeg50,robust,1.0,2.2985,2.2676,4.5661
Flickr8K,7,2048,resize0.5,robust,1.0,2.2985,2.272,4.5705
Flickr8K,7,2048,resize0.75,robust,1.0,2.2985,2.2667,4.5652
Flickr8K,7,2048,resize1.25,robust,1.0,2.2985,2.2641,4.5626
Flickr8K,7,2048,resize1.5,robust,1.0,2.2985,2.2648,4.5633
Flickr8K,7,2048,gnoise01,robust,1.0,2.2985,2.2646,4.5631
Flickr8K,7,2048,gnoise05,robust,0.920898,2.2985,2.2715,4.57
Flickr8K,7,2048,gnoise10,robust,0.804199,2.2985,2.2714,4.5699
Flickr8K,7,2048,gblur3,robust,1.0,2.2985,2.2659,4.5644
Flickr8K,7,2048,gblur5,robust,0.929688,2.2985,2.2651,4.5636
Flickr8K,7,2048,gblur7,robust,0.897949,2.2985,2.2681,4.5666
Flickr8K,7,2048,mblur3,robust,1.0,2.2985,2.2646,4.5631
Flickr8K,7,2048,mblur5,robust,0.893555,2.2985,2.2761,4.5746
Flickr8K,7,2048,mblur7,robust,0.848633,2.2985,2.2744,4.5729
Flickr8K,8,2048,clean,robust,1.0,2.2972,2.2668,4.564
Flickr8K,8,2048,png,robust,1.0,2.2972,2.2649,4.5621
Flickr8K,8,2048,jpeg90,robust,1.0,2.2972,2.2643,4.5615
Flickr8K,8,2048,jpeg70,robust,1.0,2.2972,2.2737,4.5709
Flickr8K,8,2048,jpeg50,robust,1.0,2.2972,2.2716,4.5688
Flickr8K,8,2048,resize0.5,robust,1.0,2.2972,2.269,4.5662
Flickr8K,8,2048,resize0.75,robust,1.0,2.2972,2.2716,4.5688
Flickr8K,8,2048,resize1.25,robust,1.0,2.2972,2.2669,4.5641
Flickr8K,8,2048,resize1.5,robust,1.0,2.2972,2.2723,4.5695
Flickr8K,8,2048,gnoise01,robust,1.0,2.2972,2.2756,4.5728
Flickr8K,8,2048,gnoise05,robust,0.916992,2.2972,2.2678,4.565
Flickr8K,8,2048,gnoise10,robust,0.847168,2.2972,2.2676,4.5648
Flickr8K,8,2048,gblur3,robust,1.0,2.2972,2.2678,4.565
Flickr8K,8,2048,gblur5,robust,0.919434,2.2972,2.2691,4.5663
Flickr8K,8,2048,gblur7,robust,0.876465,2.2972,2.2724,4.5696
Flickr8K,8,2048,mblur3,robust,1.0,2.2972,2.268,4.5652
Flickr8K,8,2048,mblur5,robust,0.913086,2.2972,2.2665,4.5637
Flickr8K,8,2048,mblur7,robust,0.881348,2.2972,2.2668,4.564
Flickr8K,9,2048,clean,robust,1.0,2.293,2.2664,4.5593
Flickr8K,9,2048,png,robust,1.0,2.293,2.27,4.563
Flickr8K,9,2048,jpeg90,robust,1.0,2.293,2.2693,4.5623
Flickr8K,9,2048,jpeg70,robust,1.0,2.293,2.2683,4.5613
Flickr8K,9,2048,jpeg50,robust,0.934082,2.293,2.2658,4.5587
Flickr8K,9,2048,resize0.5,robust,1.0,2.293,2.2689,4.5619
Flickr8K,9,2048,resize0.75,robust,1.0,2.293,2.2684,4.5614
Flickr8K,9,2048,resize1.25,robust,1.0,2.293,2.2745,4.5675
Flickr8K,9,2048,resize1.5,robust,1.0,2.293,2.2735,4.5665
Flickr8K,9,2048,gnoise01,robust,1.0,2.293,2.2689,4.5618
Flickr8K,9,2048,gnoise05,robust,0.930664,2.293,2.2646,4.5575
Flickr8K,9,2048,gnoise10,robust,0.845215,2.293,2.2696,4.5626
Flickr8K,9,2048,gblur3,robust,1.0,2.293,2.2737,4.5667
Flickr8K,9,2048,gblur5,robust,0.909668,2.293,2.2715,4.5644
Flickr8K,9,2048,gblur7,robust,0.859863,2.293,2.2755,4.5685
Flickr8K,9,2048,mblur3,robust,0.921387,2.293,2.2658,4.5588
Flickr8K,9,2048,mblur5,robust,0.822754,2.293,2.2685,4.5614
Flickr8K,9,2048,mblur7,robust,0.770996,2.293,2.2712,4.5642
Flickr8K,10,2048,clean,robust,1.0,2.2974,2.2727,4.5701
Flickr8K,10,2048,png,robust,1.0,2.2974,2.2697,4.5671
Flickr8K,10,2048,jpeg90,robust,0.92627,2.2974,2.2657,4.5631
Flickr8K,10,2048,jpeg70,robust,0.908203,2.2974,2.266,4.5634
Flickr8K,10,2048,jpeg50,robust,0.882324,2.2974,2.2753,4.5727
Flickr8K,10,2048,resize0.5,robust,0.924805,2.2974,2.2727,4.5701
Flickr8K,10,2048,resize0.75,robust,1.0,2.2974,2.2711,4.5685
Flickr8K,10,2048,resize1.25,robust,1.0,2.2974,2.2716,4.569
Flickr8K,10,2048,resize1.5,robust,1.0,2.2974,2.2696,4.567
Flickr8K,10,2048,gnoise01,robust,0.919922,2.2974,2.2654,4.5628
Flickr8K,10,2048,gnoise05,robust,0.837891,2.2974,2.2703,4.5677
Flickr8K,10,2048,gnoise10,robust,0.793457,2.2974,2.2699,4.5673
Flickr8K,10,2048,gblur3,robust,0.925293,2.2974,2.2658,4.5632
Flickr8K,10,2048,gblur5,robust,0.893066,2.2974,2.266,4.5634
Flickr8K,10,2048,gblur7,robust,0.813965,2.2974,2.2657,4.5631
Flickr8K,10,2048,mblur3,robust,1.0,2.2974,2.2726,4.57
Flickr8K,10,2048,mblur5,robust,0.915039,2.2974,2.2741,4.5715
Flickr8K,10,2048,mblur7,robust,0.895996,2.2974,2.2657,4.5631
Flickr8K,11,2048,clean,robust,1.0,2.2978,2.2741,4.5719
Flickr8K,11,2048,png,robust,1.0,2.2978,2.2782,4.5759
Flickr8K,11,2048,jpeg90,robust,1.0,2.2978,2.2803,4.578
Flickr8K,11,2048,jpeg70,robust,0.918945,2.2978,2.2882,4.586
Flickr8K,11,2048,jpeg50,robust,0.911133,2.2978,2.2682,4.5659
Flickr8K,11,2048,resize0.5,robust,1.0,2.2978,2.2693,4.5671
Flickr8K,11,2048,resize0.75,robust,1.0,2.2978,2.2687,4.5665
Flickr8K,11,2048,resize1.25,robust,1.0,2.2978,2.2702,4.568
Flickr8K,11,2048,resize1.5,robust,1.0,2.2978,2.2779,4.5756
Flickr8K,11,2048,gnoise01,robust,1.0,2.2978,2.2717,4.5695
Flickr8K,11,2048,gnoise05,robust,0.879395,2.2978,2.2649,4.5626
Flickr8K,11,2048,gnoise10,robust,0.802246,2.2978,2.265,4.5628
Flickr8K,11,2048,gblur3,robust,1.0,2.2978,2.2683,4.5661
Flickr8K,11,2048,gblur5,robust,0.897949,2.2978,2.2678,4.5656
Flickr8K,11,2048,gblur7,robust,0.82666,2.2978,2.2698,4.5676
Flickr8K,11,2048,mblur3,robust,1.0,2.2978,2.2721,4.5699
Flickr8K,11,2048,mblur5,robust,0.924805,2.2978,2.2707,4.5685
Flickr8K,11,2048,mblur7,robust,0.893066,2.2978,2.2666,4.5644
Flickr8K,12,2048,clean,robust,1.0,2.2977,2.2682,4.5659
Flickr8K,12,2048,png,robust,1.0,2.2977,2.2724,4.5701
Flickr8K,12,2048,jpeg90,robust,1.0,2.2977,2.2666,4.5644
Flickr8K,12,2048,jpeg70,robust,1.0,2.2977,2.2665,4.5643
Flickr8K,12,2048,jpeg50,robust,1.0,2.2977,2.2649,4.5627
Flickr8K,12,2048,resize0.5,robust,1.0,2.2977,2.2675,4.5653
Flickr8K,12,2048,resize0.75,robust,1.0,2.2977,2.2681,4.5659
Flickr8K,12,2048,resize1.25,robust,1.0,2.2977,2.2695,4.5673
Flickr8K,12,2048,resize1.5,robust,1.0,2.2977,2.2653,4.5631
Flickr8K,12,2048,gnoise01,robust,1.0,2.2977,2.2649,4.5627
Flickr8K,12,2048,gnoise05,robust,1.0,2.2977,2.2657,4.5634
Flickr8K,12,2048,gnoise10,robust,1.0,2.2977,2.2779,4.5756
Flickr8K,12,2048,gblur3,robust,1.0,2.2977,2.2727,4.5704
Flickr8K,12,2048,gblur5,robust,1.0,2.2977,2.2699,4.5676
Flickr8K,12,2048,gblur7,robust,0.912598,2.2977,2.2673,4.5651
Flickr8K,12,2048,mblur3,robust,1.0,2.2977,2.2662,4.5639
Flickr8K,12,2048,mblur5,robust,1.0,2.2977,2.2691,4.5668
Flickr8K,12,2048,mblur7,robust,0.918457,2.2977,2.2724,4.5702
Flickr8K,13,2048,clean,robust,1.0,2.301,2.2703,4.5713
Flickr8K,13,2048,png,robust,1.0,2.301,2.2656,4.5666
Flickr8K,13,2048,jpeg90,robust,1.0,2.301,2.2706,4.5716
Flickr8K,13,2048,jpeg70,robust,1.0,2.301,2.2663,4.5673
Flickr8K,13,2048,jpeg50,robust,1.0,2.301,2.2715,4.5725
Flickr8K,13,2048,resize0.5,robust,1.0,2.301,2.2714,4.5724
Flickr8K,13,2048,resize0.75,robust,1.0,2.301,2.2661,4.5671
Flickr8K,13,2048,resize1.25,robust,1.0,2.301,2.2658,4.5668
Flickr8K,13,2048,resize1.5,robust,1.0,2.301,2.2658,4.5668
Flickr8K,13,2048,gnoise01,robust,1.0,2.301,2.266,4.567
Flickr8K,13,2048,gnoise05,robust,1.0,2.301,2.2768,4.5778
Flickr8K,13,2048,gnoise10,robust,0.918945,2.301,2.2698,4.5708
Flickr8K,13,2048,gblur3,robust,1.0,2.301,2.2658,4.5668
Flickr8K,13,2048,gblur5,robust,0.930176,2.301,2.2665,4.5675
Flickr8K,13,2048,gblur7,robust,0.887207,2.301,2.2679,4.5689
Flickr8K,13,2048,mblur3,robust,1.0,2.301,2.2741,4.5751
Flickr8K,13,2048,mblur5,robust,1.0,2.301,2.2746,4.5756
Flickr8K,13,2048,mblur7,robust,0.933594,2.301,2.2699,4.5709
Flickr8K,14,2048,clean,robust,1.0,2.294,2.2728,4.5669
Flickr8K,14,2048,png,robust,1.0,2.294,2.2684,4.5625
Flickr8K,14,2048,jpeg90,robust,1.0,2.294,2.2738,4.5678
Flickr8K,14,2048,jpeg70,robust,1.0,2.294,2.2789,4.5729
Flickr8K,14,2048,jpeg50,robust,1.0,2.294,2.2653,4.5593
Flickr8K,14,2048,resize0.5,robust,1.0,2.294,2.2647,4.5588
Flickr8K,14,2048,resize0.75,robust,1.0,2.294,2.2647,4.5587
Flickr8K,14,2048,resize1.25,robust,1.0,2.294,2.2648,4.5589
Flickr8K,14,2048,resize1.5,robust,1.0,2.294,2.2743,4.5684
Flickr8K,14,2048,gnoise01,robust,1.0,2.294,2.2692,4.5633
Flickr8K,14,2048,gnoise05,robust,1.0,2.294,2.267,4.561
Flickr8K,14,2048,gnoise10,robust,1.0,2.294,2.2667,4.5608
Flickr8K,14,2048,gblur3,robust,1.0,2.294,2.2662,4.5602
Flickr8K,14,2048,gblur5,robust,1.0,2.294,2.2718,4.5658
Flickr8K,14,2048,gblur7,robust,0.921875,2.294,2.2763,4.5703
Flickr8K,14,2048,mblur3,robust,1.0,2.294,2.2665,4.5606
Flickr8K,14,2048,mblur5,robust,1.0,2.294,2.2683,4.5624
Flickr8K,14,2048,mblur7,robust,1.0,2.294,2.2707,4.5647
Flickr8K,15,2048,clean,robust,1.0,2.2937,2.2699,4.5637
Flickr8K,15,2048,png,robust,1.0,2.2937,2.2798,4.5736
Flickr8K,15,2048,jpeg90,robust,1.0,2.2937,2.265,4.5587
Flickr8K,15,2048,jpeg70,robust,1.0,2.2937,2.2663,4.5601
Flickr8K,15,2048,jpeg50,robust,1.0,2.2937,2.2698,4.5636
Flickr8K,15,2048,resize0.5,robust,1.0,2.2937,2.2661,4.5599
Flickr8K,15,2048,resize0.75,robust,1.0,2.2937,2.2718,4.5656
Flickr8K,15,2048,resize1.25,robust,1.0,2.2937,2.2713,4.565
Flickr8K,15,2048,resize1.5,robust,1.0,2.2937,2.2738,4.5675
Flickr8K,15,2048,gnoise01,robust,1.0,2.2937,2.2693,4.563
Flickr8K,15,2048,gnoise05,robust,1.0,2.2937,2.267,4.5608
Flickr8K,15,2048,gnoise10,robust,0.911133,2.2937,2.27,4.5637
Flickr8K,15,2048,gblur3,robust,1.0,2.2937,2.2711,4.5649
Flickr8K,15,2048,gblur5,robust,1.0,2.2937,2.267,4.5608
Flickr8K,15,2048,gblur7,robust,0.885742,2.2937,2.2661,4.5598
Flickr8K,15,2048,mblur3,robust,1.0,2.2937,2.2638,4.5575
Flickr8K,15,2048,mblur5,robust,1.0,2.2937,2.2667,4.5604
Flickr8K,15,2048,mblur7,robust,0.902344,2.2937,2.2732,4.5669
Flickr8K,16,2048,clean,robust,1.0,2.2958,2.2634,4.5593
Flickr8K,16,2048,png,robust,1.0,2.2958,2.2639,4.5597
Flickr8K,16,2048,jpeg90,robust,1.0,2.2958,2.2644,4.5602
Flickr8K,16,2048,jpeg70,robust,1.0,2.2958,2.2645,4.5604
Flickr8K,16,2048,jpeg50,robust,1.0,2.2958,2.2728,4.5687
Flickr8K,16,2048,resize0.5,robust,1.0,2.2958,2.2695,4.5654
Flickr8K,16,2048,resize0.75,robust,1.0,2.2958,2.2643,4.5601
Flickr8K,16,2048,resize1.25,robust,1.0,2.2958,2.2637,4.5595
Flickr8K,16,2048,resize1.5,robust,1.0,2.2958,2.2641,4.5599
Flickr8K,16,2048,gnoise01,robust,1.0,2.2958,2.268,4.5639
Flickr8K,16,2048,gnoise05,robust,1.0,2.2958,2.2758,4.5716
Flickr8K,16,2048,gnoise10,robust,0.925293,2.2958,2.265,4.5608
Flickr8K,16,2048,gblur3,robust,1.0,2.2958,2.2665,4.5623
Flickr8K,16,2048,gblur5,robust,1.0,2.2958,2.2742,4.57
Flickr8K,16,2048,gblur7,robust,0.895996,2.2958,2.2685,4.5643
Flickr8K,16,2048,mblur3,robust,1.0,2.2958,2.2704,4.5663
Flickr8K,16,2048,mblur5,robust,1.0,2.2958,2.2807,4.5765
Flickr8K,16,2048,mblur7,robust,0.912109,2.2958,2.2661,4.562
Flickr8K,17,2048,clean,robust,1.0,2.2966,2.2671,4.5637
Flickr8K,17,2048,png,robust,1.0,2.2966,2.2654,4.5619
Flickr8K,17,2048,jpeg90,robust,1.0,2.2966,2.2722,4.5687
Flickr8K,17,2048,jpeg70,robust,1.0,2.2966,2.2749,4.5714
Flickr8K,17,2048,jpeg50,robust,1.0,2.2966,2.2675,4.5641
Flickr8K,17,2048,resize0.5,robust,1.0,2.2966,2.2669,4.5634
Flickr8K,17,2048,resize0.75,robust,1.0,2.2966,2.2677,4.5643
Flickr8K,17,2048,resize1.25,robust,1.0,2.2966,2.2651,4.5617
Flickr8K,17,2048,resize1.5,robust,1.0,2.2966,2.2759,4.5724
Flickr8K,17,2048,gnoise01,robust,1.0,2.2966,2.266,4.5625
Flickr8K,17,2048,gnoise05,robust,0.924805,2.2966,2.2678,4.5643
Flickr8K,17,2048,gnoise10,robust,0.862793,2.2966,2.2665,4.563
Flickr8K,17,2048,gblur3,robust,1.0,2.2966,2.2647,4.5612
Flickr8K,17,2048,gblur5,robust,1.0,2.2966,2.2716,4.5681
Flickr8K,17,2048,gblur7,robust,0.892578,2.2966,2.2677,4.5643
Flickr8K,17,2048,mblur3,robust,1.0,2.2966,2.2633,4.5598
Flickr8K,17,2048,mblur5,robust,1.0,2.2966,2.2679,4.5645
Flickr8K,17,2048,mblur7,robust,0.902832,2.2966,2.2672,4.5638
Flickr8K,18,2048,clean,robust,1.0,2.2923,2.268,4.5602
Flickr8K,18,2048,png,robust,1.0,2.2923,2.2713,4.5636
Flickr8K,18,2048,jpeg90,robust,1.0,2.2923,2.2692,4.5614
Flickr8K,18,2048,jpeg70,robust,1.0,2.2923,2.2712,4.5635
Flickr8K,18,2048,jpeg50,robust,1.0,2.2923,2.2682,4.5605
Flickr8K,18,2048,resize0.5,robust,1.0,2.2923,2.2681,4.5604
Flickr8K,18,2048,resize0.75,robust,1.0,2.2923,2.2777,4.57
Flickr8K,18,2048,resize1.25,robust,1.0,2.2923,2.2674,4.5597
Flickr8K,18,2048,resize1.5,robust,1.0,2.2923,2.2672,4.5595
Flickr8K,18,2048,gnoise01,robust,1.0,2.2923,2.2647,4.557
Flickr8K,18,2048,gnoise05,robust,1.0,2.2923,2.2681,4.5604
Flickr8K,18,2048,gnoise10,robust,0.906738,2.2923,2.2694,4.5617
Flickr8K,18,2048,gblur3,robust,1.0,2.2923,2.2683,4.5605
Flickr8K,18,2048,gblur5,robust,1.0,2.2923,2.2725,4.5648
Flickr8K,18,2048,gblur7,robust,0.898438,2.2923,2.2672,4.5594
Flickr8K,18,2048,mblur3,robust,1.0,2.2923,2.2671,4.5594
Flickr8K,18,2048,mblur5,robust,1.0,2.2923,2.2749,4.5672
Flickr8K,18,2048,mblur7,robust,0.932617,2.2923,2.2766,4.5689
Flickr8K,19,2048,clean,robust,1.0,2.2926,2.2656,4.5581
Flickr8K,19,2048,png,robust,1.0,2.2926,2.2694,4.562
Flickr8K,19,2048,jpeg90,robust,1.0,2.2926,2.2647,4.5573
Flickr8K,19,2048,jpeg70,robust,1.0,2.2926,2.2651,4.5577
Flickr8K,19,2048,jpeg50,robust,1.0,2.2926,2.2715,4.564
Flickr8K,19,2048,resize0.5,robust,1.0,2.2926,2.2669,4.5594
Flickr8K,19,2048,resize0.75,robust,1.0,2.2926,2.2656,4.5581
Flickr8K,19,2048,resize1.25,robust,1.0,2.2926,2.2647,4.5572
Flickr8K,19,2048,resize1.5,robust,1.0,2.2926,2.2648,4.5574
Flickr8K,19,2048,gnoise01,robust,1.0,2.2926,2.2677,4.5602
Flickr8K,19,2048,gnoise05,robust,1.0,2.2926,2.2724,4.565
Flickr8K,19,2048,gnoise10,robust,0.917969,2.2926,2.2697,4.5623
Flickr8K,19,2048,gblur3,robust,1.0,2.2926,2.2693,4.5618
Flickr8K,19,2048,gblur5,robust,1.0,2.2926,2.2728,4.5653
Flickr8K,19,2048,gblur7,robust,0.911621,2.2926,2.27,4.5626
Flickr8K,19,2048,mblur3,robust,1.0,2.2926,2.2698,4.5624
Flickr8K,19,2048,mblur5,robust,1.0,2.2926,2.272,4.5645
Flickr8K,19,2048,mblur7,robust,0.922363,2.2926,2.2671,4.5597
Flickr8K,20,2048,clean,robust,1.0,2.2951,2.2657,4.5608
Flickr8K,20,2048,png,robust,1.0,2.2951,2.2665,4.5617
Flickr8K,20,2048,jpeg90,robust,1.0,2.2951,2.2724,4.5676
Flickr8K,20,2048,jpeg70,robust,1.0,2.2951,2.2679,4.563
Flickr8K,20,2048,jpeg50,robust,1.0,2.2951,2.2664,4.5615
Flickr8K,20,2048,resize0.5,robust,1.0,2.2951,2.265,4.5602
Flickr8K,20,2048,resize0.75,robust,1.0,2.2951,2.2632,4.5583
Flickr8K,20,2048,resize1.25,robust,1.0,2.2951,2.2709,4.566
Flickr8K,20,2048,resize1.5,robust,1.0,2.2951,2.2751,4.5702
Flickr8K,20,2048,gnoise01,robust,1.0,2.2951,2.268,4.5631
Flickr8K,20,2048,gnoise05,robust,1.0,2.2951,2.2672,4.5624
Flickr8K,20,2048,gnoise10,robust,0.895996,2.2951,2.2658,4.5609
Flickr8K,20,2048,gblur3,robust,1.0,2.2951,2.2641,4.5592
Flickr8K,20,2048,gblur5,robust,1.0,2.2951,2.2725,4.5676
Flickr8K,20,2048,gblur7,robust,0.90918,2.2951,2.2686,4.5637
Flickr8K,20,2048,mblur3,robust,1.0,2.2951,2.268,4.5632
Flickr8K,20,2048,mblur5,robust,1.0,2.2951,2.2666,4.5617
Flickr8K,20,2048,mblur7,robust,0.925293,2.2951,2.2667,4.5618
Flickr8K,21,2048,clean,robust,1.0,2.2949,2.2753,4.5703
Flickr8K,21,2048,png,robust,1.0,2.2949,2.2748,4.5698
Flickr8K,21,2048,jpeg90,robust,1.0,2.2949,2.2714,4.5664
Flickr8K,21,2048,jpeg70,robust,0.881348,2.2949,2.2766,4.5715
Flickr8K,21,2048,jpeg50,robust,0.810059,2.2949,2.2725,4.5674
Flickr8K,21,2048,resize0.5,robust,1.0,2.2949,2.2766,4.5716
Flickr8K,21,2048,resize0.75,robust,1.0,2.2949,2.2747,4.5697
Flickr8K,21,2048,resize1.25,robust,1.0,2.2949,2.2647,4.5596
Flickr8K,21,2048,resize1.5,robust,1.0,2.2949,2.2671,4.562
Flickr8K,21,2048,gnoise01,robust,0.924805,2.2949,2.2651,4.56
Flickr8K,21,2048,gnoise05,robust,0.750977,2.2949,2.2653,4.5603
Flickr8K,21,2048,gnoise10,robust,0.662109,2.2949,2.2691,4.5641
Flickr8K,21,2048,gblur3,robust,1.0,2.2949,2.2721,4.5671
Flickr8K,21,2048,gblur5,robust,0.894531,2.2949,2.267,4.5619
Flickr8K,21,2048,gblur7,robust,0.833496,2.2949,2.2677,4.5626
Flickr8K,21,2048,mblur3,robust,1.0,2.2949,2.269,4.5639
Flickr8K,21,2048,mblur5,robust,0.911621,2.2949,2.2696,4.5645
Flickr8K,21,2048,mblur7,robust,0.856445,2.2949,2.273,4.5679
Flickr8K,22,2048,clean,robust,1.0,2.2984,2.2675,4.566
Flickr8K,22,2048,png,robust,1.0,2.2984,2.266,4.5645
Flickr8K,22,2048,jpeg90,robust,1.0,2.2984,2.268,4.5664
Flickr8K,22,2048,jpeg70,robust,0.929688,2.2984,2.268,4.5665
Flickr8K,22,2048,jpeg50,robust,0.901367,2.2984,2.2726,4.5711
Flickr8K,22,2048,resize0.5,robust,1.0,2.2984,2.2699,4.5684
Flickr8K,22,2048,resize0.75,robust,1.0,2.2984,2.2678,4.5662
Flickr8K,22,2048,resize1.25,robust,1.0,2.2984,2.2649,4.5634
Flickr8K,22,2048,resize1.5,robust,1.0,2.2984,2.2653,4.5637
Flickr8K,22,2048,gnoise01,robust,1.0,2.2984,2.271,4.5694
Flickr8K,22,2048,gnoise05,robust,0.838379,2.2984,2.2744,4.5729
Flickr8K,22,2048,gnoise10,robust,0.739746,2.2984,2.2737,4.5722
Flickr8K,22,2048,gblur3,robust,1.0,2.2984,2.2685,4.5669
Flickr8K,22,2048,gblur5,robust,0.882324,2.2984,2.2715,4.5699
Flickr8K,22,2048,gblur7,robust,0.804199,2.2984,2.2681,4.5666
Flickr8K,22,2048,mblur3,robust,1.0,2.2984,2.2768,4.5752
Flickr8K,22,2048,mblur5,robust,0.885742,2.2984,2.2668,4.5653
Flickr8K,22,2048,mblur7,robust,0.834473,2.2984,2.2665,4.5649
Flickr8K,23,2048,clean,robust,1.0,2.2951,2.2647,4.5598
Flickr8K,23,2048,png,robust,1.0,2.2951,2.2659,4.5611
Flickr8K,23,2048,jpeg90,robust,1.0,2.2951,2.2696,4.5647
Flickr8K,23,2048,jpeg70,robust,1.0,2.2951,2.2706,4.5657
Flickr8K,23,2048,jpeg50,robust,0.927734,2.2951,2.2651,4.5602
Flickr8K,23,2048,resize0.5,robust,1.0,2.2951,2.2676,4.5627
Flickr8K,23,2048,resize0.75,robust,1.0,2.2951,2.2666,4.5617
Flickr8K,23,2048,resize1.25,robust,1.0,2.2951,2.2723,4.5674
Flickr8K,23,2048,resize1.5,robust,1.0,2.2951,2.2723,4.5675
Flickr8K,23,2048,gnoise01,robust,1.0,2.2951,2.2667,4.5618
Flickr8K,23,2048,gnoise05,robust,0.915039,2.2951,2.2679,4.563
Flickr8K,23,2048,gnoise10,robust,0.867188,2.2951,2.2683,4.5634
Flickr8K,23,2048,gblur3,robust,1.0,2.2951,2.2664,4.5615
Flickr8K,23,2048,gblur5,robust,1.0,2.2951,2.2739,4.569
Flickr8K,23,2048,gblur7,robust,0.888184,2.2951,2.2677,4.5628
Flickr8K,23,2048,mblur3,robust,1.0,2.2951,2.2654,4.5606
Flickr8K,23,2048,mblur5,robust,1.0,2.2951,2.27,4.5651
Flickr8K,23,2048,mblur7,robust,0.911133,2.2951,2.2678,4.563
Flickr8K,24,2048,clean,robust,1.0,2.2916,2.2823,4.5739
Flickr8K,24,2048,png,robust,1.0,2.2916,2.2739,4.5654
Flickr8K,24,2048,jpeg90,robust,1.0,2.2916,2.2691,4.5607
Flickr8K,24,2048,jpeg70,robust,0.895996,2.2916,2.2685,4.5601
Flickr8K,24,2048,jpeg50,robust,0.850098,2.2916,2.2663,4.5579
Flickr8K,24,2048,resize0.5,robust,1.0,2.2916,2.2787,4.5703
Flickr8K,24,2048,resize0.75,robust,1.0,2.2916,2.2751,4.5666
Flickr8K,24,2048,resize1.25,robust,1.0,2.2916,2.2704,4.562
Flickr8K,24,2048,resize1.5,robust,1.0,2.2916,2.2713,4.5629
Flickr8K,24,2048,gnoise01,robust,1.0,2.2916,2.2687,4.5602
Flickr8K,24,2048,gnoise05,robust,0.803223,2.2916,2.2658,4.5574
Flickr8K,24,2048,gnoise10,robust,0.738281,2.2916,2.2737,4.5653
Flickr8K,24,2048,gblur3,robust,1.0,2.2916,2.2718,4.5633
Flickr8K,24,2048,gblur5,robust,0.912598,2.2916,2.2678,4.5593
Flickr8K,24,2048,gblur7,robust,0.859863,2.2916,2.2665,4.5581
Flickr8K,24,2048,mblur3,robust,1.0,2.2916,2.2717,4.5633
Flickr8K,24,2048,mblur5,robust,0.928223,2.2916,2.2712,4.5628
Flickr8K,24,2048,mblur7,robust,0.891113,2.2916,2.2728,4.5644
Flickr8K,25,2048,clean,robust,1.0,2.293,2.2645,4.5575
Flickr8K,25,2048,png,robust,1.0,2.293,2.2653,4.5583
Flickr8K,25,2048,jpeg90,robust,1.0,2.293,2.2673,4.5603
Flickr8K,25,2048,jpeg70,robust,1.0,2.293,2.273,4.5659
Flickr8K,25,2048,jpeg50,robust,0.926758,2.293,2.2708,4.5638
Flickr8K,25,2048,resize0.5,robust,1.0,2.293,2.2711,4.5641
Flickr8K,25,2048,resize0.75,robust,1.0,2.293,2.2746,4.5675
Flickr8K,25,2048,resize1.25,robust,1.0,2.293,2.2763,4.5693
Flickr8K,25,2048,resize1.5,robust,1.0,2.293,2.2805,4.5734
Flickr8K,25,2048,gnoise01,robust,1.0,2.293,2.2774,4.5704
Flickr8K,25,2048,gnoise05,robust,0.927734,2.293,2.2756,4.5686
Flickr8K,25,2048,gnoise10,robust,0.913086,2.293,2.2655,4.5585
Flickr8K,25,2048,gblur3,robust,1.0,2.293,2.2646,4.5575
Flickr8K,25,2048,gblur5,robust,0.925293,2.293,2.2655,4.5585
Flickr8K,25,2048,gblur7,robust,0.896484,2.293,2.2693,4.5623
Flickr8K,25,2048,mblur3,robust,1.0,2.293,2.2723,4.5653
Flickr8K,25,2048,mblur5,robust,1.0,2.293,2.2697,4.5626
Flickr8K,25,2048,mblur7,robust,0.908691,2.293,2.2696,4.5626
Flickr8K,26,2048,clean,robust,1.0,2.2938,2.2672,4.561
Flickr8K,26,2048,png,robust,1.0,2.2938,2.2671,4.5609
Flickr8K,26,2048,jpeg90,robust,1.0,2.2938,2.272,4.5659
Flickr8K,26,2048,jpeg70,robust,1.0,2.2938,2.267,4.5609
Flickr8K,26,2048,jpeg50,robust,1.0,2.2938,2.2708,4.5647
Flickr8K,26,2048,resize0.5,robust,1.0,2.2938,2.2662,4.56
Flickr8K,26,2048,resize0.75,robust,1.0,2.2938,2.2662,4.5601
Flickr8K,26,2048,resize1.25,robust,1.0,2.2938,2.2691,4.5629
Flickr8K,26,2048,resize1.5,robust,1.0,2.2938,2.2706,4.5644
Flickr8K,26,2048,gnoise01,robust,1.0,2.2938,2.266,4.5598
Flickr8K,26,2048,gnoise05,robust,1.0,2.2938,2.2657,4.5595
Flickr8K,26,2048,gnoise10,robust,1.0,2.2938,2.2717,4.5655
Flickr8K,26,2048,gblur3,robust,1.0,2.2938,2.2695,4.5634
Flickr8K,26,2048,gblur5,robust,1.0,2.2938,2.2767,4.5706
Flickr8K,26,2048,gblur7,robust,0.912109,2.2938,2.2708,4.5647
Flickr8K,26,2048,mblur3,robust,1.0,2.2938,2.2683,4.5622
Flickr8K,26,2048,mblur5,robust,1.0,2.2938,2.273,4.5668
Flickr8K,26,2048,mblur7,robust,1.0,2.2938,2.2738,4.5676
Flickr8K,27,2048,clean,robust,1.0,2.2948,2.2736,4.5684
Flickr8K,27,2048,png,robust,1.0,2.2948,2.2677,4.5625
Flickr8K,27,2048,jpeg90,robust,1.0,2.2948,2.2651,4.5599
Flickr8K,27,2048,jpeg70,robust,1.0,2.2948,2.2655,4.5603
Flickr8K,27,2048,jpeg50,robust,1.0,2.2948,2.2649,4.5597
Flickr8K,27,2048,resize0.5,robust,1.0,2.2948,2.2728,4.5676
Flickr8K,27,2048,resize0.75,robust,1.0,2.2948,2.2693,4.5641
Flickr8K,27,2048,resize1.25,robust,1.0,2.2948,2.2672,4.562
Flickr8K,27,2048,resize1.5,robust,1.0,2.2948,2.2697,4.5645
Flickr8K,27,2048,gnoise01,robust,1.0,2.2948,2.2679,4.5627
Flickr8K,27,2048,gnoise05,robust,1.0,2.2948,2.2716,4.5664
Flickr8K,27,2048,gnoise10,robust,1.0,2.2948,2.2746,4.5694
Flickr8K,27,2048,gblur3,robust,1.0,2.2948,2.267,4.5618
Flickr8K,27,2048,gblur5,robust,1.0,2.2948,2.2726,4.5674
Flickr8K,27,2048,gblur7,robust,0.899902,2.2948,2.2674,4.5622
Flickr8K,27,2048,mblur3,robust,1.0,2.2948,2.267,4.5618
Flickr8K,27,2048,mblur5,robust,1.0,2.2948,2.2757,4.5705
Flickr8K,27,2048,mblur7,robust,0.91748,2.2948,2.2702,4.565
Flickr8K,28,2048,clean,robust,1.0,2.299,2.2655,4.5646
Flickr8K,28,2048,png,robust,1.0,2.299,2.2653,4.5644
Flickr8K,28,2048,jpeg90,robust,1.0,2.299,2.2668,4.5658
Flickr8K,28,2048,jpeg70,robust,1.0,2.299,2.2781,4.5771
Flickr8K,28,2048,jpeg50,robust,0.923828,2.299,2.2712,4.5703
Flickr8K,28,2048,resize0.5,robust,1.0,2.299,2.2736,4.5727
Flickr8K,28,2048,resize0.75,robust,1.0,2.299,2.2724,4.5715
Flickr8K,28,2048,resize1.25,robust,1.0,2.299,2.2701,4.5691
Flickr8K,28,2048,resize1.5,robust,1.0,2.299,2.2688,4.5678
Flickr8K,28,2048,gnoise01,robust,1.0,2.299,2.2725,4.5716
Flickr8K,28,2048,gnoise05,robust,0.920898,2.299,2.2664,4.5655
Flickr8K,28,2048,gnoise10,robust,0.876953,2.299,2.2658,4.5649
Flickr8K,28,2048,gblur3,robust,1.0,2.299,2.2703,4.5693
Flickr8K,28,2048,gblur5,robust,0.914551,2.299,2.2649,4.564
Flickr8K,28,2048,gblur7,robust,0.858887,2.299,2.2679,4.567
Flickr8K,28,2048,mblur3,robust,1.0,2.299,2.2709,4.5699
Flickr8K,28,2048,mblur5,robust,0.921875,2.299,2.2647,4.5638
Flickr8K,28,2048,mblur7,robust,0.897461,2.299,2.2658,4.5649
Flickr8K,29,2048,clean,robust,1.0,2.2947,2.2686,4.5633
Flickr8K,29,2048,png,robust,1.0,2.2947,2.2768,4.5716
Flickr8K,29,2048,jpeg90,robust,1.0,2.2947,2.2748,4.5696
Flickr8K,29,2048,jpeg70,robust,1.0,2.2947,2.2669,4.5617
Flickr8K,29,2048,jpeg50,robust,1.0,2.2947,2.2671,4.5618
Flickr8K,29,2048,resize0.5,robust,1.0,2.2947,2.2659,4.5606
Flickr8K,29,2048,resize0.75,robust,1.0,2.2947,2.266,4.5607
Flickr8K,29,2048,resize1.25,robust,1.0,2.2947,2.2687,4.5634
Flickr8K,29,2048,resize1.5,robust,1.0,2.2947,2.268,4.5627
Flickr8K,29,2048,gnoise01,robust,1.0,2.2947,2.265,4.5597
Flickr8K,29,2048,gnoise05,robust,1.0,2.2947,2.2659,4.5607
Flickr8K,29,2048,gnoise10,robust,1.0,2.2947,2.2675,4.5622
Flickr8K,29,2048,gblur3,robust,1.0,2.2947,2.2717,4.5665
Flickr8K,29,2048,gblur5,robust,0.914551,2.2947,2.2774,4.5722
Flickr8K,29,2048,gblur7,robust,0.856934,2.2947,2.2685,4.5633
Flickr8K,29,2048,mblur3,robust,1.0,2.2947,2.2729,4.5676
Flickr8K,29,2048,mblur5,robust,0.924316,2.2947,2.2735,4.5683
Flickr8K,29,2048,mblur7,robust,0.899902,2.2947,2.2661,4.5609
Flickr8K,30,2048,clean,robust,1.0,2.2921,2.2687,4.5609
Flickr8K,30,2048,png,robust,1.0,2.2921,2.264,4.5561
Flickr8K,30,2048,jpeg90,robust,1.0,2.2921,2.2635,4.5556
Flickr8K,30,2048,jpeg70,robust,1.0,2.2921,2.2639,4.5561
Flickr8K,30,2048,jpeg50,robust,1.0,2.2921,2.2662,4.5583
Flickr8K,30,2048,resize0.5,robust,1.0,2.2921,2.268,4.5601
Flickr8K,30,2048,resize0.75,robust,1.0,2.2921,2.2662,4.5583
Flickr8K,30,2048,resize1.25,robust,1.0,2.2921,2.2639,4.5561
Flickr8K,30,2048,resize1.5,robust,1.0,2.2921,2.2648,4.5569
Flickr8K,30,2048,gnoise01,robust,1.0,2.2921,2.2649,4.557
Flickr8K,30,2048,gnoise05,robust,0.921875,2.2921,2.2677,4.5599
Flickr8K,30,2048,gnoise10,robust,0.876953,2.2921,2.2752,4.5674
Flickr8K,30,2048,gblur3,robust,1.0,2.2921,2.2666,4.5587
Flickr8K,30,2048,gblur5,robust,1.0,2.2921,2.2722,4.5643
Flickr8K,30,2048,gblur7,robust,0.908203,2.2921,2.2658,4.558
Flickr8K,30,2048,mblur3,robust,1.0,2.2921,2.2661,4.5582
Flickr8K,30,2048,mblur5,robust,1.0,2.2921,2.2719,4.564
Flickr8K,30,2048,mblur7,robust,0.924316,2.2921,2.2665,4.5586
Flickr8K,31,2048,clean,robust,1.0,2.292,2.2663,4.5583
Flickr8K,31,2048,png,robust,1.0,2.292,2.2671,4.5591
Flickr8K,31,2048,jpeg90,robust,1.0,2.292,2.2671,4.559
Flickr8K,31,2048,jpeg70,robust,1.0,2.292,2.2771,4.5691
Flickr8K,31,2048,jpeg50,robust,1.0,2.292,2.2688,4.5607
Flickr8K,31,2048,resize0.5,robust,1.0,2.292,2.2692,4.5612
Flickr8K,31,2048,resize0.75,robust,1.0,2.292,2.2694,4.5613
Flickr8K,31,2048,resize1.25,robust,1.0,2.292,2.2705,4.5624
Flickr8K,31,2048,resize1.5,robust,1.0,2.292,2.2699,4.5619
Flickr8K,31,2048,gnoise01,robust,1.0,2.292,2.2709,4.5629
Flickr8K,31,2048,gnoise05,robust,1.0,2.292,2.267,4.559
Flickr8K,31,2048,gnoise10,robust,0.894043,2.292,2.2646,4.5566
Flickr8K,31,2048,gblur3,robust,1.0,2.292,2.2645,4.5565
Flickr8K,31,2048,gblur5,robust,1.0,2.292,2.2669,4.5589
Flickr8K,31,2048,gblur7,robust,0.910156,2.292,2.2698,4.5618
Flickr8K,31,2048,mblur3,robust,1.0,2.292,2.269,4.561
Flickr8K,31,2048,mblur5,robust,1.0,2.292,2.2666,4.5586
Flickr8K,31,2048,mblur7,robust,0.924805,2.292,2.2671,4.559
Flickr8K,32,2048,clean,robust,1.0,2.2916,2.2653,4.5569
Flickr8K,32,2048,png,robust,1.0,2.2916,2.272,4.5636
Flickr8K,32,2048,jpeg90,robust,1.0,2.2916,2.2685,4.5601
Flickr8K,32,2048,jpeg70,robust,1.0,2.2916,2.2719,4.5635
Flickr8K,32,2048,jpeg50,robust,1.0,2.2916,2.2726,4.5641
Flickr8K,32,2048,resize0.5,robust,1.0,2.2916,2.2645,4.556
Flickr8K,32,2048,resize0.75,robust,1.0,2.2916,2.2651,4.5566
Flickr8K,32,2048,resize1.25,robust,1.0,2.2916,2.2712,4.5628
Flickr8K,32,2048,resize1.5,robust,1.0,2.2916,2.2685,4.56
Flickr8K,32,2048,gnoise01,robust,1.0,2.2916,2.2664,4.558
Flickr8K,32,2048,gnoise05,robust,1.0,2.2916,2.2729,4.5645
Flickr8K,32,2048,gnoise10,robust,0.898438,2.2916,2.2726,4.5642
Flickr8K,32,2048,gblur3,robust,1.0,2.2916,2.2692,4.5608
Flickr8K,32,2048,gblur5,robust,1.0,2.2916,2.2698,4.5614
Flickr8K,32,2048,gblur7,robust,0.92334,2.2916,2.2676,4.5592
Flickr8K,32,2048,mblur3,robust,1.0,2.2916,2.2677,4.5593
Flickr8K,32,2048,mblur5,robust,1.0,2.2916,2.2657,4.5572
Flickr8K,32,2048,mblur7,robust,1.0,2.2916,2.2731,4.5647
Flickr8K,33,2048,clean,robust,1.0,2.2966,2.2727,4.5693
Flickr8K,33,2048,png,robust,1.0,2.2966,2.2671,4.5637
Flickr8K,33,2048,jpeg90,robust,1.0,2.2966,2.2653,4.5619
Flickr8K,33,2048,jpeg70,robust,1.0,2.2966,2.2651,4.5616
Flickr8K,33,2048,jpeg50,robust,1.0,2.2966,2.2662,4.5628
Flickr8K,33,2048,resize0.5,robust,1.0,2.2966,2.2738,4.5704
Flickr8K,33,2048,resize0.75,robust,1.0,2.2966,2.2673,4.5639
Flickr8K,33,2048,resize1.25,robust,1.0,2.2966,2.2703,4.5669
Flickr8K,33,2048,resize1.5,robust,1.0,2.2966,2.266,4.5626
Flickr8K,33,2048,gnoise01,robust,1.0,2.2966,2.2646,4.5612
Flickr8K,33,2048,gnoise05,robust,1.0,2.2966,2.2697,4.5663
Flickr8K,33,2048,gnoise10,robust,0.929688,2.2966,2.2716,4.5682
Flickr8K,33,2048,gblur3,robust,1.0,2.2966,2.2646,4.5611
Flickr8K,33,2048,gblur5,robust,1.0,2.2966,2.2701,4.5667
Flickr8K,33,2048,gblur7,robust,0.900879,2.2966,2.2691,4.5657
Flickr8K,33,2048,mblur3,robust,1.0,2.2966,2.2666,4.5632
Flickr8K,33,2048,mblur5,robust,1.0,2.2966,2.2766,4.5732
Flickr8K,33,2048,mblur7,robust,0.922363,2.2966,2.2685,4.565
Flickr8K,34,2048,clean,robust,1.0,2.2974,2.2734,4.5708
Flickr8K,34,2048,png,robust,1.0,2.2974,2.2739,4.5712
Flickr8K,34,2048,jpeg90,robust,1.0,2.2974,2.2676,4.5649
Flickr8K,34,2048,jpeg70,robust,1.0,2.2974,2.2701,4.5675
Flickr8K,34,2048,jpeg50,robust,1.0,2.2974,2.2726,4.5699
Flickr8K,34,2048,resize0.5,robust,1.0,2.2974,2.268,4.5653
Flickr8K,34,2048,resize0.75,robust,1.0,2.2974,2.2672,4.5645
Flickr8K,34,2048,resize1.25,robust,1.0,2.2974,2.2626,4.56
Flickr8K,34,2048,resize1.5,robust,1.0,2.2974,2.2655,4.5628
Flickr8K,34,2048,gnoise01,robust,1.0,2.2974,2.2692,4.5666
Flickr8K,34,2048,gnoise05,robust,1.0,2.2974,2.2668,4.5642
Flickr8K,34,2048,gnoise10,robust,0.910645,2.2974,2.2622,4.5596
Flickr8K,34,2048,gblur3,robust,1.0,2.2974,2.267,4.5644
Flickr8K,34,2048,gblur5,robust,1.0,2.2974,2.2673,4.5647
Flickr8K,34,2048,gblur7,robust,0.911133,2.2974,2.2704,4.5678
Flickr8K,34,2048,mblur3,robust,1.0,2.2974,2.2668,4.5641
Flickr8K,34,2048,mblur5,robust,1.0,2.2974,2.2652,4.5626
Flickr8K,34,2048,mblur7,robust,1.0,2.2974,2.2676,4.565
Flickr8K,35,2048,clean,robust,1.0,2.2968,2.265,4.5618
Flickr8K,35,2048,png,robust,1.0,2.2968,2.2727,4.5695
Flickr8K,35,2048,jpeg90,robust,1.0,2.2968,2.2712,4.568
Flickr8K,35,2048,jpeg70,robust,1.0,2.2968,2.2667,4.5635
Flickr8K,35,2048,jpeg50,robust,0.908691,2.2968,2.2652,4.562
Flickr8K,35,2048,resize0.5,robust,1.0,2.2968,2.2678,4.5646
Flickr8K,35,2048,resize0.75,robust,1.0,2.2968,2.2686,4.5654
Flickr8K,35,2048,resize1.25,robust,1.0,2.2968,2.2751,4.5719
Flickr8K,35,2048,resize1.5,robust,1.0,2.2968,2.2749,4.5717
Flickr8K,35,2048,gnoise01,robust,1.0,2.2968,2.2671,4.5639
Flickr8K,35,2048,gnoise05,robust,0.862793,2.2968,2.2662,4.563
Flickr8K,35,2048,gnoise10,robust,0.740234,2.2968,2.266,4.5628
Flickr8K,35,2048,gblur3,robust,1.0,2.2968,2.2741,4.5709
Flickr8K,35,2048,gblur5,robust,1.0,2.2968,2.2752,4.572
Flickr8K,35,2048,gblur7,robust,0.889648,2.2968,2.2693,4.5661
Flickr8K,35,2048,mblur3,robust,1.0,2.2968,2.2663,4.5631
Flickr8K,35,2048,mblur5,robust,1.0,2.2968,2.2706,4.5674
Flickr8K,35,2048,mblur7,robust,0.900391,2.2968,2.272,4.5688
Flickr8K,36,2048,clean,robust,1.0,2.2939,2.2743,4.5682
Flickr8K,36,2048,png,robust,1.0,2.2939,2.2728,4.5666
Flickr8K,36,2048,jpeg90,robust,1.0,2.2939,2.2694,4.5633
Flickr8K,36,2048,jpeg70,robust,1.0,2.2939,2.2671,4.561
Flickr8K,36,2048,jpeg50,robust,1.0,2.2939,2.2686,4.5624
Flickr8K,36,2048,resize0.5,robust,1.0,2.2939,2.2711,4.565
Flickr8K,36,2048,resize0.75,robust,1.0,2.2939,2.2671,4.561
Flickr8K,36,2048,resize1.25,robust,1.0,2.2939,2.2669,4.5608
Flickr8K,36,2048,resize1.5,robust,1.0,2.2939,2.2649,4.5588
Flickr8K,36,2048,gnoise01,robust,1.0,2.2939,2.2637,4.5576
Flickr8K,36,2048,gnoise05,robust,1.0,2.2939,2.2727,4.5665
Flickr8K,36,2048,gnoise10,robust,0.866211,2.2939,2.2678,4.5617
Flickr8K,36,2048,gblur3,robust,1.0,2.2939,2.2642,4.5581
Flickr8K,36,2048,gblur5,robust,1.0,2.2939,2.2687,4.5626
Flickr8K,36,2048,gblur7,robust,0.908203,2.2939,2.2679,4.5617
Flickr8K,36,2048,mblur3,robust,1.0,2.2939,2.2694,4.5632
Flickr8K,36,2048,mblur5,robust,1.0,2.2939,2.2809,4.5748
Flickr8K,36,2048,mblur7,robust,0.916016,2.2939,2.2695,4.5634
Flickr8K,37,2048,clean,robust,1.0,2.2945,2.2697,4.5643
Flickr8K,37,2048,png,robust,1.0,2.2945,2.2662,4.5608
Flickr8K,37,2048,jpeg90,robust,1.0,2.2945,2.2673,4.5618
Flickr8K,37,2048,jpeg70,robust,1.0,2.2945,2.2777,4.5722
Flickr8K,37,2048,jpeg50,robust,1.0,2.2945,2.2691,4.5636
Flickr8K,37,2048,resize0.5,robust,1.0,2.2945,2.2635,4.5581
Flickr8K,37,2048,resize0.75,robust,1.0,2.2945,2.2673,4.5618
Flickr8K,37,2048,resize1.25,robust,1.0,2.2945,2.2673,4.5618
Flickr8K,37,2048,resize1.5,robust,1.0,2.2945,2.2681,4.5627
Flickr8K,37,2048,gnoise01,robust,1.0,2.2945,2.2672,4.5617
Flickr8K,37,2048,gnoise05,robust,0.918945,2.2945,2.2651,4.5596
Flickr8K,37,2048,gnoise10,robust,0.881836,2.2945,2.2659,4.5604
Flickr8K,37,2048,gblur3,robust,1.0,2.2945,2.2687,4.5632
Flickr8K,37,2048,gblur5,robust,1.0,2.2945,2.2733,4.5678
Flickr8K,37,2048,gblur7,robust,0.884277,2.2945,2.2762,4.5707
Flickr8K,37,2048,mblur3,robust,1.0,2.2945,2.2643,4.5589
Flickr8K,37,2048,mblur5,robust,1.0,2.2945,2.2699,4.5644
Flickr8K,37,2048,mblur7,robust,0.895508,2.2945,2.2663,4.5608
Flickr8K,38,2048,clean,robust,1.0,2.2943,2.2644,4.5588
Flickr8K,38,2048,png,robust,1.0,2.2943,2.2719,4.5663
Flickr8K,38,2048,jpeg90,robust,1.0,2.2943,2.2675,4.5618
Flickr8K,38,2048,jpeg70,robust,1.0,2.2943,2.2669,4.5613
Flickr8K,38,2048,jpeg50,robust,1.0,2.2943,2.2702,4.5645
Flickr8K,38,2048,resize0.5,robust,1.0,2.2943,2.2751,4.5694
Flickr8K,38,2048,resize0.75,robust,1.0,2.2943,2.2733,4.5676
Flickr8K,38,2048,resize1.25,robust,1.0,2.2943,2.2708,4.5651
Flickr8K,38,2048,resize1.5,robust,1.0,2.2943,2.2703,4.5646
Flickr8K,38,2048,gnoise01,robust,1.0,2.2943,2.269,4.5634
Flickr8K,38,2048,gnoise05,robust,0.932129,2.2943,2.2683,4.5626
Flickr8K,38,2048,gnoise10,robust,0.898926,2.2943,2.2694,4.5638
Flickr8K,38,2048,gblur3,robust,1.0,2.2943,2.2779,4.5723
Flickr8K,38,2048,gblur5,robust,1.0,2.2943,2.2676,4.5619
Flickr8K,38,2048,gblur7,robust,0.914551,2.2943,2.2656,4.5599
Flickr8K,38,2048,mblur3,robust,1.0,2.2943,2.2641,4.5584
Flickr8K,38,2048,mblur5,robust,1.0,2.2943,2.2703,4.5646
Flickr8K,38,2048,mblur7,robust,1.0,2.2943,2.2777,4.572
Flickr8K,39,2048,clean,robust,1.0,2.3095,2.2684,4.5779
Flickr8K,39,2048,png,robust,1.0,2.3095,2.2658,4.5753
Flickr8K,39,2048,jpeg90,robust,1.0,2.3095,2.2662,4.5756
Flickr8K,39,2048,jpeg70,robust,1.0,2.3095,2.2668,4.5762
Flickr8K,39,2048,jpeg50,robust,1.0,2.3095,2.2724,4.5819
Flickr8K,39,2048,resize0.5,robust,1.0,2.3095,2.2731,4.5826
Flickr8K,39,2048,resize0.75,robust,1.0,2.3095,2.266,4.5755
Flickr8K,39,2048,resize1.25,robust,1.0,2.3095,2.2654,4.5749
Flickr8K,39,2048,resize1.5,robust,1.0,2.3095,2.265,4.5745
Flickr8K,39,2048,gnoise01,robust,1.0,2.3095,2.2658,4.5753
Flickr8K,39,2048,gnoise05,robust,0.924805,2.3095,2.275,4.5845
Flickr8K,39,2048,gnoise10,robust,0.882812,2.3095,2.2744,4.5839
Flickr8K,39,2048,gblur3,robust,1.0,2.3095,2.2754,4.5849
Flickr8K,39,2048,gblur5,robust,1.0,2.3095,2.2805,4.59
Flickr8K,39,2048,gblur7,robust,0.896973,2.3095,2.2679,4.5774
Flickr8K,39,2048,mblur3,robust,1.0,2.3095,2.269,4.5785
Flickr8K,39,2048,mblur5,robust,1.0,2.3095,2.2704,4.5798
Flickr8K,39,2048,mblur7,robust,0.914551,2.3095,2.2662,4.5757
Flickr8K,40,2048,clean,robust,1.0,2.2982,2.2671,4.5654
Flickr8K,40,2048,png,robust,1.0,2.2982,2.269,4.5672
Flickr8K,40,2048,jpeg90,robust,1.0,2.2982,2.2701,4.5684
Flickr8K,40,2048,jpeg70,robust,1.0,2.2982,2.2738,4.572
Flickr8K,40,2048,jpeg50,robust,0.918457,2.2982,2.2664,4.5647
Flickr8K,40,2048,resize0.5,robust,1.0,2.2982,2.2657,4.564
Flickr8K,40,2048,resize0.75,robust,1.0,2.2982,2.2641,4.5623
Flickr8K,40,2048,resize1.25,robust,1.0,2.2982,2.2654,4.5636
Flickr8K,40,2048,resize1.5,robust,1.0,2.2982,2.2723,4.5705
Flickr8K,40,2048,gnoise01,robust,1.0,2.2982,2.2699,4.5681
Flickr8K,40,2048,gnoise05,robust,0.870605,2.2982,2.2674,4.5656
Flickr8K,40,2048,gnoise10,robust,0.785156,2.2982,2.2663,4.5645
Flickr8K,40,2048,gblur3,robust,1.0,2.2982,2.2664,4.5647
Flickr8K,40,2048,gblur5,robust,1.0,2.2982,2.2707,4.5689
Flickr8K,40,2048,gblur7,robust,0.889648,2.2982,2.2723,4.5706
Flickr8K,40,2048,mblur3,robust,1.0,2.2982,2.2702,4.5684
Flickr8K,40,2048,mblur5,robust,1.0,2.2982,2.2686,4.5668
Flickr8K,40,2048,mblur7,robust,0.918945,2.2982,2.2672,4.5655
Flickr8K,41,2048,clean,robust,1.0,2.2964,2.2706,4.567
Flickr8K,41,2048,png,robust,1.0,2.2964,2.27,4.5664
Flickr8K,41,2048,jpeg90,robust,1.0,2.2964,2.2675,4.5639
Flickr8K,41,2048,jpeg70,robust,1.0,2.2964,2.2733,4.5697
Flickr8K,41,2048,jpeg50,robust,1.0,2.2964,2.266,4.5624
Flickr8K,41,2048,resize0.5,robust,1.0,2.2964,2.267,4.5635
Flickr8K,41,2048,resize0.75,robust,1.0,2.2964,2.271,4.5674
Flickr8K,41,2048,resize1.25,robust,1.0,2.2964,2.269,4.5655
Flickr8K,41,2048,resize1.5,robust,1.0,2.2964,2.2679,4.5643
Flickr8K,41,2048,gnoise01,robust,1.0,2.2964,2.2637,4.5601
Flickr8K,41,2048,gnoise05,robust,1.0,2.2964,2.2781,4.5745
Flickr8K,41,2048,gnoise10,robust,0.881348,2.2964,2.2692,4.5656
Flickr8K,41,2048,gblur3,robust,1.0,2.2964,2.2728,4.5692
Flickr8K,41,2048,gblur5,robust,1.0,2.2964,2.2672,4.5636
Flickr8K,41,2048,gblur7,robust,0.884277,2.2964,2.2646,4.561
Flickr8K,41,2048,mblur3,robust,1.0,2.2964,2.2657,4.5621
Flickr8K,41,2048,mblur5,robust,1.0,2.2964,2.2674,4.5638
Flickr8K,41,2048,mblur7,robust,0.902832,2.2964,2.2738,4.5703
Flickr8K,42,2048,clean,robust,1.0,2.2924,2.2674,4.5598
Flickr8K,42,2048,png,robust,1.0,2.2924,2.2656,4.558
Flickr8K,42,2048,jpeg90,robust,1.0,2.2924,2.2677,4.5601
Flickr8K,42,2048,jpeg70,robust,1.0,2.2924,2.266,4.5584
Flickr8K,42,2048,jpeg50,robust,1.0,2.2924,2.2716,4.564
Flickr8K,42,2048,resize0.5,robust,1.0,2.2924,2.2704,4.5628
Flickr8K,42,2048,resize0.75,robust,1.0,2.2924,2.2648,4.5572
Flickr8K,42,2048,resize1.25,robust,1.0,2.2924,2.2661,4.5585
Flickr8K,42,2048,resize1.5,robust,1.0,2.2924,2.2683,4.5606
Flickr8K,42,2048,gnoise01,robust,1.0,2.2924,2.2671,4.5595
Flickr8K,42,2048,gnoise05,robust,0.931641,2.2924,2.275,4.5674
Flickr8K,42,2048,gnoise10,robust,0.86084,2.2924,2.2712,4.5635
Flickr8K,42,2048,gblur3,robust,1.0,2.2924,2.2636,4.556
Flickr8K,42,2048,gblur5,robust,0.918457,2.2924,2.2704,4.5627
Flickr8K,42,2048,gblur7,robust,0.868652,2.2924,2.2651,4.5575
Flickr8K,42,2048,mblur3,robust,1.0,2.2924,2.2744,4.5668
Flickr8K,42,2048,mblur5,robust,0.912109,2.2924,2.2686,4.561
Flickr8K,42,2048,mblur7,robust,0.870117,2.2924,2.2657,4.5581
Flickr8K,43,2048,clean,robust,1.0,2.2926,2.27,4.5626
Flickr8K,43,2048,png,robust,1.0,2.2926,2.2655,4.5581
Flickr8K,43,2048,jpeg90,robust,1.0,2.2926,2.2666,4.5591
Flickr8K,43,2048,jpeg70,robust,1.0,2.2926,2.2741,4.5666
Flickr8K,43,2048,jpeg50,robust,1.0,2.2926,2.2691,4.5617
Flickr8K,43,2048,resize0.5,robust,1.0,2.2926,2.2679,4.5605
Flickr8K,43,2048,resize0.75,robust,1.0,2.2926,2.2682,4.5608
Flickr8K,43,2048,resize1.25,robust,1.0,2.2926,2.2642,4.5567
Flickr8K,43,2048,resize1.5,robust,1.0,2.2926,2.2729,4.5654
Flickr8K,43,2048,gnoise01,robust,1.0,2.2926,2.2647,4.5573
Flickr8K,43,2048,gnoise05,robust,0.930176,2.2926,2.2646,4.5572
Flickr8K,43,2048,gnoise10,robust,0.875977,2.2926,2.2638,4.5564
Flickr8K,43,2048,gblur3,robust,1.0,2.2926,2.2683,4.5609
Flickr8K,43,2048,gblur5,robust,0.914551,2.2926,2.2684,4.561
Flickr8K,43,2048,gblur7,robust,0.832031,2.2926,2.2702,4.5627
Flickr8K,43,2048,mblur3,robust,1.0,2.2926,2.269,4.5615
Flickr8K,43,2048,mblur5,robust,0.910645,2.2926,2.2671,4.5596
Flickr8K,43,2048,mblur7,robust,0.836914,2.2926,2.2693,4.5619
Flickr8K,44,2048,clean,robust,1.0,2.2965,2.2766,4.5732
Flickr8K,44,2048,png,robust,1.0,2.2965,2.2733,4.5698
Flickr8K,44,2048,jpeg90,robust,1.0,2.2965,2.2643,4.5609
Flickr8K,44,2048,jpeg70,robust,1.0,2.2965,2.2652,4.5617
Flickr8K,44,2048,jpeg50,robust,1.0,2.2965,2.2631,4.5596
Flickr8K,44,2048,resize0.5,robust,1.0,2.2965,2.2643,4.5609
Flickr8K,44,2048,resize0.75,robust,1.0,2.2965,2.271,4.5675
Flickr8K,44,2048,resize1.25,robust,1.0,2.2965,2.2685,4.565
Flickr8K,44,2048,resize1.5,robust,1.0,2.2965,2.2659,4.5624
Flickr8K,44,2048,gnoise01,robust,1.0,2.2965,2.2694,4.566
Flickr8K,44,2048,gnoise05,robust,1.0,2.2965,2.2657,4.5623
Flickr8K,44,2048,gnoise10,robust,0.888184,2.2965,2.2702,4.5668
Flickr8K,44,2048,gblur3,robust,1.0,2.2965,2.276,4.5726
Flickr8K,44,2048,gblur5,robust,1.0,2.2965,2.2676,4.5641
Flickr8K,44,2048,gblur7,robust,0.905273,2.2965,2.2672,4.5638
Flickr8K,44,2048,mblur3,robust,1.0,2.2965,2.2643,4.5608
Flickr8K,44,2048,mblur5,robust,1.0,2.2965,2.2663,4.5629
Flickr8K,44,2048,mblur7,robust,0.918457,2.2965,2.2703,4.5669
Flickr8K,45,2048,clean,robust,1.0,2.2934,2.2637,4.5571
Flickr8K,45,2048,png,robust,1.0,2.2934,2.2637,4.557
Flickr8K,45,2048,jpeg90,robust,1.0,2.2934,2.2632,4.5566
Flickr8K,45,2048,jpeg70,robust,1.0,2.2934,2.2717,4.5651
Flickr8K,45,2048,jpeg50,robust,1.0,2.2934,2.2701,4.5635
Flickr8K,45,2048,resize0.5,robust,1.0,2.2934,2.269,4.5624
Flickr8K,45,2048,resize0.75,robust,1.0,2.2934,2.2649,4.5583
Flickr8K,45,2048,resize1.25,robust,1.0,2.2934,2.2664,4.5597
Flickr8K,45,2048,resize1.5,robust,1.0,2.2934,2.2735,4.5668
Flickr8K,45,2048,gnoise01,robust,1.0,2.2934,2.2683,4.5616
Flickr8K,45,2048,gnoise05,robust,1.0,2.2934,2.2822,4.5756
Flickr8K,45,2048,gnoise10,robust,0.914551,2.2934,2.2669,4.5603
Flickr8K,45,2048,gblur3,robust,1.0,2.2934,2.2644,4.5577
Flickr8K,45,2048,gblur5,robust,1.0,2.2934,2.2664,4.5598
Flickr8K,45,2048,gblur7,robust,0.913086,2.2934,2.2646,4.558
Flickr8K,45,2048,mblur3,robust,1.0,2.2934,2.2724,4.5657
Flickr8K,45,2048,mblur5,robust,1.0,2.2934,2.2695,4.5629
Flickr8K,45,2048,mblur7,robust,0.926758,2.2934,2.2688,4.5621
Flickr8K,46,2048,clean,robust,1.0,2.2925,2.265,4.5575
Flickr8K,46,2048,png,robust,1.0,2.2925,2.2649,4.5573
Flickr8K,46,2048,jpeg90,robust,1.0,2.2925,2.2701,4.5626
Flickr8K,46,2048,jpeg70,robust,1.0,2.2925,2.2682,4.5606
Flickr8K,46,2048,jpeg50,robust,1.0,2.2925,2.2654,4.5578
Flickr8K,46,2048,resize0.5,robust,1.0,2.2925,2.2663,4.5588
Flickr8K,46,2048,resize0.75,robust,1.0,2.2925,2.269,4.5615
Flickr8K,46,2048,resize1.25,robust,1.0,2.2925,2.2667,4.5591
Flickr8K,46,2048,resize1.5,robust,1.0,2.2925,2.2718,4.5643
Flickr8K,46,2048,gnoise01,robust,1.0,2.2925,2.267,4.5595
Flickr8K,46,2048,gnoise05,robust,1.0,2.2925,2.2644,4.5569
Flickr8K,46,2048,gnoise10,robust,1.0,2.2925,2.2643,4.5567
Flickr8K,46,2048,gblur3,robust,1.0,2.2925,2.2645,4.557
Flickr8K,46,2048,gblur5,robust,1.0,2.2925,2.2746,4.5671
Flickr8K,46,2048,gblur7,robust,0.919434,2.2925,2.2699,4.5623
Flickr8K,46,2048,mblur3,robust,1.0,2.2925,2.2666,4.5591
Flickr8K,46,2048,mblur5,robust,1.0,2.2925,2.2729,4.5653
Flickr8K,46,2048,mblur7,robust,1.0,2.2925,2.269,4.5615
Flickr8K,47,2048,clean,robust,1.0,2.293,2.2707,4.5637
Flickr8K,47,2048,png,robust,1.0,2.293,2.2717,4.5648
Flickr8K,47,2048,jpeg90,robust,1.0,2.293,2.2674,4.5604
Flickr8K,47,2048,jpeg70,robust,1.0,2.293,2.2638,4.5568
Flickr8K,47,2048,jpeg50,robust,1.0,2.293,2.2645,4.5575
Flickr8K,47,2048,resize0.5,robust,1.0,2.293,2.2658,4.5588
Flickr8K,47,2048,resize0.75,robust,1.0,2.293,2.2709,4.564
Flickr8K,47,2048,resize1.25,robust,1.0,2.293,2.2671,4.5601
Flickr8K,47,2048,resize1.5,robust,1.0,2.293,2.2699,4.5629
Flickr8K,47,2048,gnoise01,robust,1.0,2.293,2.2638,4.5569
Flickr8K,47,2048,gnoise05,robust,1.0,2.293,2.2665,4.5596
Flickr8K,47,2048,gnoise10,robust,0.916504,2.293,2.2698,4.5628
Flickr8K,47,2048,gblur3,robust,1.0,2.293,2.2679,4.5609
Flickr8K,47,2048,gblur5,robust,1.0,2.293,2.2677,4.5607
Flickr8K,47,2048,gblur7,robust,0.921875,2.293,2.2649,4.5579
Flickr8K,47,2048,mblur3,robust,1.0,2.293,2.2642,4.5573
Flickr8K,47,2048,mblur5,robust,1.0,2.293,2.2703,4.5633
Flickr8K,47,2048,mblur7,robust,1.0,2.293,2.275,4.568
Flickr8K,48,2048,clean,robust,1.0,2.2919,2.2636,4.5555
Flickr8K,48,2048,png,robust,1.0,2.2919,2.2653,4.5572
Flickr8K,48,2048,jpeg90,robust,1.0,2.2919,2.2651,4.5571
Flickr8K,48,2048,jpeg70,robust,1.0,2.2919,2.2643,4.5562
Flickr8K,48,2048,jpeg50,robust,1.0,2.2919,2.2712,4.5632
Flickr8K,48,2048,resize0.5,robust,1.0,2.2919,2.2733,4.5653
Flickr8K,48,2048,resize0.75,robust,1.0,2.2919,2.2684,4.5604
Flickr8K,48,2048,resize1.25,robust,1.0,2.2919,2.2654,4.5574
Flickr8K,48,2048,resize1.5,robust,1.0,2.2919,2.2695,4.5615
Flickr8K,48,2048,gnoise01,robust,1.0,2.2919,2.2679,4.5599
Flickr8K,48,2048,gnoise05,robust,1.0,2.2919,2.2696,4.5616
Flickr8K,48,2048,gnoise10,robust,1.0,2.2919,2.2658,4.5577
Flickr8K,48,2048,gblur3,robust,1.0,2.2919,2.2686,4.5606
Flickr8K,48,2048,gblur5,robust,1.0,2.2919,2.2689,4.5608
Flickr8K,48,2048,gblur7,robust,0.916992,2.2919,2.2678,4.5598
Flickr8K,48,2048,mblur3,robust,1.0,2.2919,2.2747,4.5667
Flickr8K,48,2048,mblur5,robust,1.0,2.2919,2.2681,4.5601
Flickr8K,48,2048,mblur7,robust,1.0,2.2919,2.2685,4.5605
Flickr8K,49,2048,clean,robust,1.0,2.2975,2.2635,4.561
Flickr8K,49,2048,png,robust,1.0,2.2975,2.2648,4.5623
Flickr8K,49,2048,jpeg90,robust,1.0,2.2975,2.2683,4.5658
Flickr8K,49,2048,jpeg70,robust,1.0,2.2975,2.2694,4.5669
Flickr8K,49,2048,jpeg50,robust,1.0,2.2975,2.2646,4.5622
Flickr8K,49,2048,resize0.5,robust,1.0,2.2975,2.2644,4.5619
Flickr8K,49,2048,resize0.75,robust,1.0,2.2975,2.2658,4.5633
Flickr8K,49,2048,resize1.25,robust,1.0,2.2975,2.2652,4.5627
Flickr8K,49,2048,resize1.5,robust,1.0,2.2975,2.2723,4.5698
Flickr8K,49,2048,gnoise01,robust,1.0,2.2975,2.2675,4.565
Flickr8K,49,2048,gnoise05,robust,1.0,2.2975,2.2645,4.562
Flickr8K,49,2048,gnoise10,robust,1.0,2.2975,2.2668,4.5643
Flickr8K,49,2048,gblur3,robust,1.0,2.2975,2.2649,4.5624
Flickr8K,49,2048,gblur5,robust,1.0,2.2975,2.2772,4.5747
Flickr8K,49,2048,gblur7,robust,0.908691,2.2975,2.2707,4.5682
Flickr8K,49,2048,mblur3,robust,1.0,2.2975,2.2674,4.565
Flickr8K,49,2048,mblur5,robust,1.0,2.2975,2.2673,4.5648
Flickr8K,49,2048,mblur7,robust,0.918457,2.2975,2.2659,4.5634
Flickr8K,50,2048,clean,robust,1.0,2.2979,2.2698,4.5677
Flickr8K,50,2048,png,robust,1.0,2.2979,2.2678,4.5656
Flickr8K,50,2048,jpeg90,robust,1.0,2.2979,2.2678,4.5657
Flickr8K,50,2048,jpeg70,robust,0.92334,2.2979,2.2653,4.5632
Flickr8K,50,2048,jpeg50,robust,0.896484,2.2979,2.268,4.5659
Flickr8K,50,2048,resize0.5,robust,1.0,2.2979,2.2714,4.5692
Flickr8K,50,2048,resize0.75,robust,1.0,2.2979,2.271,4.5688
Flickr8K,50,2048,resize1.25,robust,1.0,2.2979,2.2648,4.5627
Flickr8K,50,2048,resize1.5,robust,1.0,2.2979,2.2657,4.5636
Flickr8K,50,2048,gnoise01,robust,1.0,2.2979,2.2674,4.5652
Flickr8K,50,2048,gnoise05,robust,0.800781,2.2979,2.2653,4.5632
Flickr8K,50,2048,gnoise10,robust,0.708496,2.2979,2.2704,4.5683
Flickr8K,50,2048,gblur3,robust,1.0,2.2979,2.2676,4.5655
Flickr8K,50,2048,gblur5,robust,0.931152,2.2979,2.2659,4.5638
Flickr8K,50,2048,gblur7,robust,0.875977,2.2979,2.2644,4.5623
Flickr8K,50,2048,mblur3,robust,1.0,2.2979,2.2661,4.564
Flickr8K,50,2048,mblur5,robust,1.0,2.2979,2.268,4.5659
Flickr8K,50,2048,mblur7,robust,0.918945,2.2979,2.2684,4.5663
Flickr8K,51,2048,clean,robust,1.0,2.2924,2.2669,4.5593
Flickr8K,51,2048,png,robust,1.0,2.2924,2.2673,4.5596
Flickr8K,51,2048,jpeg90,robust,1.0,2.2924,2.2664,4.5587
Flickr8K,51,2048,jpeg70,robust,1.0,2.2924,2.2736,4.5659
Flickr8K,51,2048,jpeg50,robust,1.0,2.2924,2.2737,4.5661
Flickr8K,51,2048,resize0.5,robust,1.0,2.2924,2.2637,4.5561
Flickr8K,51,2048,resize0.75,robust,1.0,2.2924,2.2655,4.5579
Flickr8K,51,2048,resize1.25,robust,1.0,2.2924,2.2639,4.5562
Flickr8K,51,2048,resize1.5,robust,1.0,2.2924,2.264,4.5564
Flickr8K,51,2048,gnoise01,robust,1.0,2.2924,2.2693,4.5616
Flickr8K,51,2048,gnoise05,robust,0.904785,2.2924,2.2663,4.5587
Flickr8K,51,2048,gnoise10,robust,0.838379,2.2924,2.2645,4.5569
Flickr8K,51,2048,gblur3,robust,1.0,2.2924,2.2636,4.556
Flickr8K,51,2048,gblur5,robust,1.0,2.2924,2.2659,4.5582
Flickr8K,51,2048,gblur7,robust,0.900879,2.2924,2.2732,4.5655
Flickr8K,51,2048,mblur3,robust,1.0,2.2924,2.2744,4.5668
Flickr8K,51,2048,mblur5,robust,1.0,2.2924,2.2667,4.559
Flickr8K,51,2048,mblur7,robust,0.927246,2.2924,2.2651,4.5575
Flickr8K,52,2048,clean,robust,1.0,2.2935,2.2654,4.5589
Flickr8K,52,2048,png,robust,1.0,2.2935,2.2698,4.5633
Flickr8K,52,2048,jpeg90,robust,1.0,2.2935,2.2736,4.5671
Flickr8K,52,2048,jpeg70,robust,1.0,2.2935,2.2684,4.5619
Flickr8K,52,2048,jpeg50,robust,0.921875,2.2935,2.2686,4.5621
Flickr8K,52,2048,resize0.5,robust,1.0,2.2935,2.265,4.5585
Flickr8K,52,2048,resize0.75,robust,1.0,2.2935,2.2666,4.56
Flickr8K,52,2048,resize1.25,robust,1.0,2.2935,2.269,4.5625
Flickr8K,52,2048,resize1.5,robust,1.0,2.2935,2.2704,4.5639
Flickr8K,52,2048,gnoise01,robust,1.0,2.2935,2.2707,4.5642
Flickr8K,52,2048,gnoise05,robust,0.881348,2.2935,2.2729,4.5664
Flickr8K,52,2048,gnoise10,robust,0.818848,2.2935,2.2714,4.5649
Flickr8K,52,2048,gblur3,robust,1.0,2.2935,2.2669,4.5604
Flickr8K,52,2048,gblur5,robust,1.0,2.2935,2.2733,4.5668
Flickr8K,52,2048,gblur7,robust,0.889648,2.2935,2.2679,4.5614
Flickr8K,52,2048,mblur3,robust,1.0,2.2935,2.2663,4.5598
Flickr8K,52,2048,mblur5,robust,1.0,2.2935,2.2674,4.5609
Flickr8K,52,2048,mblur7,robust,0.912109,2.2935,2.2649,4.5584
Flickr8K,53,2048,clean,robust,1.0,2.2937,2.2721,4.5658
Flickr8K,53,2048,png,robust,1.0,2.2937,2.2706,4.5644
Flickr8K,53,2048,jpeg90,robust,1.0,2.2937,2.2668,4.5605
Flickr8K,53,2048,jpeg70,robust,1.0,2.2937,2.2692,4.5629
Flickr8K,53,2048,jpeg50,robust,1.0,2.2937,2.2715,4.5653
Flickr8K,53,2048,resize0.5,robust,1.0,2.2937,2.2732,4.5669
Flickr8K,53,2048,resize0.75,robust,1.0,2.2937,2.2698,4.5635
Flickr8K,53,2048,resize1.25,robust,1.0,2.2937,2.2661,4.5598
Flickr8K,53,2048,resize1.5,robust,1.0,2.2937,2.267,4.5607
Flickr8K,53,2048,gnoise01,robust,1.0,2.2937,2.2679,4.5617
Flickr8K,53,2048,gnoise05,robust,0.921875,2.2937,2.2732,4.567
Flickr8K,53,2048,gnoise10,robust,0.868652,2.2937,2.2708,4.5646
Flickr8K,53,2048,gblur3,robust,1.0,2.2937,2.2727,4.5664
Flickr8K,53,2048,gblur5,robust,0.925781,2.2937,2.2698,4.5635
Flickr8K,53,2048,gblur7,robust,0.875977,2.2937,2.2685,4.5622
Flickr8K,53,2048,mblur3,robust,1.0,2.2937,2.2701,4.5639
Flickr8K,53,2048,mblur5,robust,1.0,2.2937,2.2783,4.572
Flickr8K,53,2048,mblur7,robust,0.898926,2.2937,2.2762,4.5699
Flickr8K,54,2048,clean,robust,1.0,2.2917,2.2729,4.5646
Flickr8K,54,2048,png,robust,1.0,2.2917,2.2678,4.5595
Flickr8K,54,2048,jpeg90,robust,1.0,2.2917,2.2641,4.5558
Flickr8K,54,2048,jpeg70,robust,1.0,2.2917,2.2709,4.5626
Flickr8K,54,2048,jpeg50,robust,1.0,2.2917,2.2736,4.5653
Flickr8K,54,2048,resize0.5,robust,1.0,2.2917,2.2672,4.5589
Flickr8K,54,2048,resize0.75,robust,1.0,2.2917,2.2645,4.5562
Flickr8K,54,2048,resize1.25,robust,1.0,2.2917,2.2636,4.5553
Flickr8K,54,2048,resize1.5,robust,1.0,2.2917,2.2652,4.5569
Flickr8K,54,2048,gnoise01,robust,1.0,2.2917,2.2729,4.5645
Flickr8K,54,2048,gnoise05,robust,1.0,2.2917,2.2705,4.5622
Flickr8K,54,2048,gnoise10,robust,0.881348,2.2917,2.2646,4.5563
Flickr8K,54,2048,gblur3,robust,1.0,2.2917,2.264,4.5557
Flickr8K,54,2048,gblur5,robust,0.916504,2.2917,2.2685,4.5602
Flickr8K,54,2048,gblur7,robust,0.874512,2.2917,2.2697,4.5614
Flickr8K,54,2048,mblur3,robust,1.0,2.2917,2.2733,4.565
Flickr8K,54,2048,mblur5,robust,1.0,2.2917,2.2732,4.5649
Flickr8K,54,2048,mblur7,robust,0.885254,2.2917,2.2685,4.5602
Flickr8K,55,2048,clean,robust,1.0,2.2985,2.2678,4.5663
Flickr8K,55,2048,png,robust,1.0,2.2985,2.2683,4.5668
Flickr8K,55,2048,jpeg90,robust,1.0,2.2985,2.2701,4.5687
Flickr8K,55,2048,jpeg70,robust,1.0,2.2985,2.2659,4.5644
Flickr8K,55,2048,jpeg50,robust,1.0,2.2985,2.269,4.5676
Flickr8K,55,2048,resize0.5,robust,1.0,2.2985,2.2668,4.5654
Flickr8K,55,2048,resize0.75,robust,1.0,2.2985,2.2663,4.5648
Flickr8K,55,2048,resize1.25,robust,1.0,2.2985,2.2735,4.5721
Flickr8K,55,2048,resize1.5,robust,1.0,2.2985,2.2727,4.5713
Flickr8K,55,2048,gnoise01,robust,1.0,2.2985,2.2671,4.5656
Flickr8K,55,2048,gnoise05,robust,0.925293,2.2985,2.2646,4.5631
Flickr8K,55,2048,gnoise10,robust,0.867188,2.2985,2.2729,4.5714
Flickr8K,55,2048,gblur3,robust,1.0,2.2985,2.27,4.5685
Flickr8K,55,2048,gblur5,robust,1.0,2.2985,2.2745,4.5731
Flickr8K,55,2048,gblur7,robust,0.893066,2.2985,2.2734,4.5719
Flickr8K,55,2048,mblur3,robust,1.0,2.2985,2.2675,4.566
Flickr8K,55,2048,mblur5,robust,1.0,2.2985,2.2679,4.5665
Flickr8K,55,2048,mblur7,robust,0.924316,2.2985,2.2686,4.5671
Flickr8K,56,2048,clean,robust,1.0,2.2984,2.2737,4.5721
Flickr8K,56,2048,png,robust,1.0,2.2984,2.2646,4.5631
Flickr8K,56,2048,jpeg90,robust,1.0,2.2984,2.2636,4.562
Flickr8K,56,2048,jpeg70,robust,1.0,2.2984,2.2694,4.5679
Flickr8K,56,2048,jpeg50,robust,1.0,2.2984,2.2747,4.5731
Flickr8K,56,2048,resize0.5,robust,1.0,2.2984,2.2693,4.5677
Flickr8K,56,2048,resize0.75,robust,1.0,2.2984,2.2721,4.5705
Flickr8K,56,2048,resize1.25,robust,1.0,2.2984,2.266,4.5644
Flickr8K,56,2048,resize1.5,robust,1.0,2.2984,2.2666,4.5651
Flickr8K,56,2048,gnoise01,robust,1.0,2.2984,2.2736,4.572
Flickr8K,56,2048,gnoise05,robust,1.0,2.2984,2.2739,4.5723
Flickr8K,56,2048,gnoise10,robust,0.911133,2.2984,2.2738,4.5722
Flickr8K,56,2048,gblur3,robust,1.0,2.2984,2.2676,4.5661
Flickr8K,56,2048,gblur5,robust,1.0,2.2984,2.2712,4.5697
Flickr8K,56,2048,gblur7,robust,0.921387,2.2984,2.269,4.5674
Flickr8K,56,2048,mblur3,robust,1.0,2.2984,2.2691,4.5676
Flickr8K,56,2048,mblur5,robust,1.0,2.2984,2.2781,4.5765
Flickr8K,56,2048,mblur7,robust,1.0,2.2984,2.2741,4.5725
Flickr8K,57,2048,clean,robust,1.0,2.2934,2.2691,4.5625
Flickr8K,57,2048,png,robust,1.0,2.2934,2.2696,4.5631
Flickr8K,57,2048,jpeg90,robust,1.0,2.2934,2.2683,4.5618
Flickr8K,57,2048,jpeg70,robust,0.915039,2.2934,2.2756,4.569
Flickr8K,57,2048,jpeg50,robust,0.891602,2.2934,2.2739,4.5673
Flickr8K,57,2048,resize0.5,robust,1.0,2.2934,2.27,4.5634
Flickr8K,57,2048,resize0.75,robust,1.0,2.2934,2.269,4.5625
Flickr8K,57,2048,resize1.25,robust,1.0,2.2934,2.2663,4.5597
Flickr8K,57,2048,resize1.5,robust,1.0,2.2934,2.268,4.5614
Flickr8K,57,2048,gnoise01,robust,1.0,2.2934,2.2752,4.5686
Flickr8K,57,2048,gnoise05,robust,0.845703,2.2934,2.2714,4.5648
Flickr8K,57,2048,gnoise10,robust,0.790527,2.2934,2.2701,4.5635
Flickr8K,57,2048,gblur3,robust,1.0,2.2934,2.2707,4.5641
Flickr8K,57,2048,gblur5,robust,0.905273,2.2934,2.2756,4.569
Flickr8K,57,2048,gblur7,robust,0.834473,2.2934,2.271,4.5645
Flickr8K,57,2048,mblur3,robust,1.0,2.2934,2.2705,4.5639
Flickr8K,57,2048,mblur5,robust,0.921387,2.2934,2.2661,4.5596
Flickr8K,57,2048,mblur7,robust,0.884766,2.2934,2.2681,4.5615
Flickr8K,58,2048,clean,robust,1.0,2.2919,2.2648,4.5567
Flickr8K,58,2048,png,robust,1.0,2.2919,2.2702,4.5621
Flickr8K,58,2048,jpeg90,robust,1.0,2.2919,2.2716,4.5635
Flickr8K,58,2048,jpeg70,robust,1.0,2.2919,2.2653,4.5572
Flickr8K,58,2048,jpeg50,robust,1.0,2.2919,2.2685,4.5604
Flickr8K,58,2048,resize0.5,robust,1.0,2.2919,2.2724,4.5643
Flickr8K,58,2048,resize0.75,robust,1.0,2.2919,2.2679,4.5598
Flickr8K,58,2048,resize1.25,robust,1.0,2.2919,2.2704,4.5623
Flickr8K,58,2048,resize1.5,robust,1.0,2.2919,2.2664,4.5583
Flickr8K,58,2048,gnoise01,robust,1.0,2.2919,2.2668,4.5587
Flickr8K,58,2048,gnoise05,robust,1.0,2.2919,2.2668,4.5586
Flickr8K,58,2048,gnoise10,robust,0.912598,2.2919,2.2643,4.5562
Flickr8K,58,2048,gblur3,robust,1.0,2.2919,2.2673,4.5592
Flickr8K,58,2048,gblur5,robust,1.0,2.2919,2.2717,4.5636
Flickr8K,58,2048,gblur7,robust,0.879883,2.2919,2.2669,4.5588
Flickr8K,58,2048,mblur3,robust,1.0,2.2919,2.2671,4.559
Flickr8K,58,2048,mblur5,robust,1.0,2.2919,2.2694,4.5613
Flickr8K,58,2048,mblur7,robust,0.894531,2.2919,2.2683,4.5602
Flickr8K,59,2048,clean,robust,1.0,2.294,2.2709,4.5649
Flickr8K,59,2048,png,robust,1.0,2.294,2.2673,4.5613
Flickr8K,59,2048,jpeg90,robust,1.0,2.294,2.2683,4.5623
Flickr8K,59,2048,jpeg70,robust,1.0,2.294,2.2689,4.5629
Flickr8K,59,2048,jpeg50,robust,0.923828,2.294,2.2672,4.5612
Flickr8K,59,2048,resize0.5,robust,1.0,2.294,2.2738,4.5678
Flickr8K,59,2048,resize0.75,robust,1.0,2.294,2.2758,4.5698
Flickr8K,59,2048,resize1.25,robust,1.0,2.294,2.2653,4.5593
Flickr8K,59,2048,resize1.5,robust,1.0,2.294,2.2686,4.5626
Flickr8K,59,2048,gnoise01,robust,1.0,2.294,2.2669,4.5609
Flickr8K,59,2048,gnoise05,robust,0.875,2.294,2.268,4.562
Flickr8K,59,2048,gnoise10,robust,0.802734,2.294,2.2726,4.5666
Flickr8K,59,2048,gblur3,robust,1.0,2.294,2.2679,4.5619
Flickr8K,59,2048,gblur5,robust,1.0,2.294,2.2769,4.5709
Flickr8K,59,2048,gblur7,robust,0.893555,2.294,2.2685,4.5625
Flickr8K,59,2048,mblur3,robust,1.0,2.294,2.2655,4.5595
Flickr8K,59,2048,mblur5,robust,1.0,2.294,2.2716,4.5656
Flickr8K,59,2048,mblur7,robust,0.925293,2.294,2.2665,4.5605
Flickr8K,60,2048,clean,robust,1.0,2.2951,2.2649,4.56
Flickr8K,60,2048,png,robust,1.0,2.2951,2.2637,4.5588
Flickr8K,60,2048,jpeg90,robust,1.0,2.2951,2.2658,4.5609
Flickr8K,60,2048,jpeg70,robust,1.0,2.2951,2.2721,4.5672
Flickr8K,60,2048,jpeg50,robust,1.0,2.2951,2.2721,4.5672
Flickr8K,60,2048,resize0.5,robust,1.0,2.2951,2.2644,4.5595
Flickr8K,60,2048,resize0.75,robust,1.0,2.2951,2.2667,4.5618
Flickr8K,60,2048,resize1.25,robust,1.0,2.2951,2.2671,4.5622
Flickr8K,60,2048,resize1.5,robust,1.0,2.2951,2.2734,4.5685
Flickr8K,60,2048,gnoise01,robust,1.0,2.2951,2.2708,4.566
Flickr8K,60,2048,gnoise05,robust,1.0,2.2951,2.2704,4.5655
Flickr8K,60,2048,gnoise10,robust,0.912109,2.2951,2.2671,4.5622
Flickr8K,60,2048,gblur3,robust,1.0,2.2951,2.2702,4.5653
Flickr8K,60,2048,gblur5,robust,1.0,2.2951,2.2701,4.5652
Flickr8K,60,2048,gblur7,robust,0.883789,2.2951,2.2745,4.5696
Flickr8K,60,2048,mblur3,robust,1.0,2.2951,2.2797,4.5749
Flickr8K,60,2048,mblur5,robust,1.0,2.2951,2.2693,4.5644
Flickr8K,60,2048,mblur7,robust,0.913086,2.2951,2.2676,4.5627
Flickr8K,61,2048,clean,robust,1.0,2.3016,2.2706,4.5722
Flickr8K,61,2048,png,robust,1.0,2.3016,2.2716,4.5732
Flickr8K,61,2048,jpeg90,robust,1.0,2.3016,2.2711,4.5727
Flickr8K,61,2048,jpeg70,robust,1.0,2.3016,2.2739,4.5755
Flickr8K,61,2048,jpeg50,robust,1.0,2.3016,2.2687,4.5703
Flickr8K,61,2048,resize0.5,robust,1.0,2.3016,2.2665,4.568
Flickr8K,61,2048,resize0.75,robust,1.0,2.3016,2.2672,4.5688
Flickr8K,61,2048,resize1.25,robust,1.0,2.3016,2.274,4.5756
Flickr8K,61,2048,resize1.5,robust,1.0,2.3016,2.2676,4.5691
Flickr8K,61,2048,gnoise01,robust,1.0,2.3016,2.2655,4.5671
Flickr8K,61,2048,gnoise05,robust,1.0,2.3016,2.2675,4.569
Flickr8K,61,2048,gnoise10,robust,0.896484,2.3016,2.2651,4.5666
Flickr8K,61,2048,gblur3,robust,1.0,2.3016,2.2699,4.5714
Flickr8K,61,2048,gblur5,robust,0.921387,2.3016,2.2686,4.5702
Flickr8K,61,2048,gblur7,robust,0.878906,2.3016,2.2656,4.5672
Flickr8K,61,2048,mblur3,robust,1.0,2.3016,2.2664,4.5679
Flickr8K,61,2048,mblur5,robust,1.0,2.3016,2.2691,4.5706
Flickr8K,61,2048,mblur7,robust,0.912109,2.3016,2.2718,4.5733
Flickr8K,62,2048,clean,robust,1.0,2.2974,2.2716,4.569
Flickr8K,62,2048,png,robust,1.0,2.2974,2.2689,4.5663
Flickr8K,62,2048,jpeg90,robust,1.0,2.2974,2.2639,4.5613
Flickr8K,62,2048,jpeg70,robust,1.0,2.2974,2.2651,4.5625
Flickr8K,62,2048,jpeg50,robust,1.0,2.2974,2.2661,4.5635
Flickr8K,62,2048,resize0.5,robust,1.0,2.2974,2.2699,4.5674
Flickr8K,62,2048,resize0.75,robust,1.0,2.2974,2.2652,4.5626
Flickr8K,62,2048,resize1.25,robust,1.0,2.2974,2.2658,4.5632
Flickr8K,62,2048,resize1.5,robust,1.0,2.2974,2.2643,4.5617
Flickr8K,62,2048,gnoise01,robust,1.0,2.2974,2.2636,4.561
Flickr8K,62,2048,gnoise05,robust,1.0,2.2974,2.2732,4.5706
Flickr8K,62,2048,gnoise10,robust,1.0,2.2974,2.2713,4.5687
Flickr8K,62,2048,gblur3,robust,1.0,2.2974,2.2639,4.5613
Flickr8K,62,2048,gblur5,robust,1.0,2.2974,2.2663,4.5637
Flickr8K,62,2048,gblur7,robust,0.903809,2.2974,2.2677,4.5651
Flickr8K,62,2048,mblur3,robust,1.0,2.2974,2.268,4.5654
Flickr8K,62,2048,mblur5,robust,1.0,2.2974,2.2716,4.569
Flickr8K,62,2048,mblur7,robust,1.0,2.2974,2.2708,4.5682
Flickr8K,63,2048,clean,robust,1.0,2.2949,2.2644,4.5593
Flickr8K,63,2048,png,robust,1.0,2.2949,2.266,4.561
Flickr8K,63,2048,jpeg90,robust,1.0,2.2949,2.2645,4.5594
Flickr8K,63,2048,jpeg70,robust,1.0,2.2949,2.2687,4.5636
Flickr8K,63,2048,jpeg50,robust,1.0,2.2949,2.2674,4.5623
Flickr8K,63,2048,resize0.5,robust,1.0,2.2949,2.2663,4.5612
Flickr8K,63,2048,resize0.75,robust,1.0,2.2949,2.2654,4.5603
Flickr8K,63,2048,resize1.25,robust,1.0,2.2949,2.2627,4.5577
Flickr8K,63,2048,resize1.5,robust,1.0,2.2949,2.2676,4.5625
Flickr8K,63,2048,gnoise01,robust,1.0,2.2949,2.2691,4.564
Flickr8K,63,2048,gnoise05,robust,1.0,2.2949,2.2677,4.5627
Flickr8K,63,2048,gnoise10,robust,0.916992,2.2949,2.2673,4.5622
Flickr8K,63,2048,gblur3,robust,1.0,2.2949,2.264,4.5589
Flickr8K,63,2048,gblur5,robust,1.0,2.2949,2.267,4.5619
Flickr8K,63,2048,gblur7,robust,0.894531,2.2949,2.2714,4.5663
Flickr8K,63,2048,mblur3,robust,1.0,2.2949,2.2663,4.5612
Flickr8K,63,2048,mblur5,robust,1.0,2.2949,2.2681,4.563
Flickr8K,63,2048,mblur7,robust,0.914062,2.2949,2.2715,4.5664
Flickr8K,64,2048,clean,robust,1.0,2.2972,2.2752,4.5724
Flickr8K,64,2048,png,robust,1.0,2.2972,2.2704,4.5676
Flickr8K,64,2048,jpeg90,robust,1.0,2.2972,2.268,4.5652
Flickr8K,64,2048,jpeg70,robust,1.0,2.2972,2.2647,4.5619
Flickr8K,64,2048,jpeg50,robust,1.0,2.2972,2.2648,4.562
Flickr8K,64,2048,resize0.5,robust,1.0,2.2972,2.266,4.5632
Flickr8K,64,2048,resize0.75,robust,1.0,2.2972,2.2688,4.566
Flickr8K,64,2048,resize1.25,robust,1.0,2.2972,2.2714,4.5686
Flickr8K,64,2048,resize1.5,robust,1.0,2.2972,2.2658,4.5631
Flickr8K,64,2048,gnoise01,robust,1.0,2.2972,2.2651,4.5623
Flickr8K,64,2048,gnoise05,robust,1.0,2.2972,2.2651,4.5623
Flickr8K,64,2048,gnoise10,robust,1.0,2.2972,2.2702,4.5674
Flickr8K,64,2048,gblur3,robust,1.0,2.2972,2.2701,4.5673
Flickr8K,64,2048,gblur5,robust,1.0,2.2972,2.2707,4.5679
Flickr8K,64,2048,gblur7,robust,0.912598,2.2972,2.267,4.5642
Flickr8K,64,2048,mblur3,robust,1.0,2.2972,2.2648,4.562
Flickr8K,64,2048,mblur5,robust,1.0,2.2972,2.2698,4.5671
Flickr8K,64,2048,mblur7,robust,0.929199,2.2972,2.2744,4.5716
Flickr8K,65,2048,clean,robust,1.0,2.2991,2.2712,4.5703
Flickr8K,65,2048,png,robust,1.0,2.2991,2.2637,4.5628
Flickr8K,65,2048,jpeg90,robust,1.0,2.2991,2.2666,4.5657
Flickr8K,65,2048,jpeg70,robust,1.0,2.2991,2.2666,4.5656
Flickr8K,65,2048,jpeg50,robust,1.0,2.2991,2.2682,4.5672
Flickr8K,65,2048,resize0.5,robust,1.0,2.2991,2.2722,4.5712
Flickr8K,65,2048,resize0.75,robust,1.0,2.2991,2.2667,4.5658
Flickr8K,65,2048,resize1.25,robust,1.0,2.2991,2.2733,4.5724
Flickr8K,65,2048,resize1.5,robust,1.0,2.2991,2.2701,4.5691
Flickr8K,65,2048,gnoise01,robust,1.0,2.2991,2.2666,4.5657
Flickr8K,65,2048,gnoise05,robust,1.0,2.2991,2.2704,4.5695
Flickr8K,65,2048,gnoise10,robust,1.0,2.2991,2.2708,4.5699
Flickr8K,65,2048,gblur3,robust,1.0,2.2991,2.2668,4.5658
Flickr8K,65,2048,gblur5,robust,0.922852,2.2991,2.2652,4.5643
Flickr8K,65,2048,gblur7,robust,0.890625,2.2991,2.2639,4.563
Flickr8K,65,2048,mblur3,robust,1.0,2.2991,2.2667,4.5657
Flickr8K,65,2048,mblur5,robust,0.921875,2.2991,2.2719,4.5709
Flickr8K,65,2048,mblur7,robust,0.884766,2.2991,2.2686,4.5676
Flickr8K,66,2048,clean,robust,1.0,2.3001,2.2644,4.5645
Flickr8K,66,2048,png,robust,1.0,2.3001,2.2644,4.5646
Flickr8K,66,2048,jpeg90,robust,1.0,2.3001,2.2651,4.5652
Flickr8K,66,2048,jpeg70,robust,1.0,2.3001,2.2692,4.5693
Flickr8K,66,2048,jpeg50,robust,1.0,2.3001,2.2644,4.5645
Flickr8K,66,2048,resize0.5,robust,1.0,2.3001,2.2641,4.5642
Flickr8K,66,2048,resize0.75,robust,1.0,2.3001,2.2642,4.5644
Flickr8K,66,2048,resize1.25,robust,1.0,2.3001,2.2668,4.5669
Flickr8K,66,2048,resize1.5,robust,1.0,2.3001,2.2695,4.5697
Flickr8K,66,2048,gnoise01,robust,1.0,2.3001,2.2675,4.5676
Flickr8K,66,2048,gnoise05,robust,1.0,2.3001,2.2644,4.5646
Flickr8K,66,2048,gnoise10,robust,0.914062,2.3001,2.2638,4.564
Flickr8K,66,2048,gblur3,robust,1.0,2.3001,2.2654,4.5655
Flickr8K,66,2048,gblur5,robust,1.0,2.3001,2.2678,4.5679
Flickr8K,66,2048,gblur7,robust,0.900879,2.3001,2.2724,4.5726
Flickr8K,66,2048,mblur3,robust,1.0,2.3001,2.2688,4.5689
Flickr8K,66,2048,mblur5,robust,1.0,2.3001,2.2736,4.5737
Flickr8K,66,2048,mblur7,robust,0.910645,2.3001,2.27,4.5701
Flickr8K,67,2048,clean,robust,1.0,2.298,2.2653,4.5633
Flickr8K,67,2048,png,robust,1.0,2.298,2.2697,4.5677
Flickr8K,67,2048,jpeg90,robust,1.0,2.298,2.2682,4.5662
Flickr8K,67,2048,jpeg70,robust,1.0,2.298,2.2649,4.5628
Flickr8K,67,2048,jpeg50,robust,1.0,2.298,2.2636,4.5616
Flickr8K,67,2048,resize0.5,robust,1.0,2.298,2.2641,4.5621
Flickr8K,67,2048,resize0.75,robust,1.0,2.298,2.2683,4.5663
Flickr8K,67,2048,resize1.25,robust,1.0,2.298,2.2679,4.5659
Flickr8K,67,2048,resize1.5,robust,1.0,2.298,2.2689,4.5669
Flickr8K,67,2048,gnoise01,robust,1.0,2.298,2.2651,4.5631
Flickr8K,67,2048,gnoise05,robust,1.0,2.298,2.2676,4.5656
Flickr8K,67,2048,gnoise10,robust,0.906738,2.298,2.2667,4.5647
Flickr8K,67,2048,gblur3,robust,1.0,2.298,2.2748,4.5728
Flickr8K,67,2048,gblur5,robust,1.0,2.298,2.267,4.5649
Flickr8K,67,2048,gblur7,robust,0.919434,2.298,2.2687,4.5666
Flickr8K,67,2048,mblur3,robust,1.0,2.298,2.2738,4.5718
Flickr8K,67,2048,mblur5,robust,1.0,2.298,2.2663,4.5643
Flickr8K,67,2048,mblur7,robust,0.930664,2.298,2.2701,4.5681
Flickr8K,68,2048,clean,robust,1.0,2.2943,2.2654,4.5598
Flickr8K,68,2048,png,robust,1.0,2.2943,2.2637,4.558
Flickr8K,68,2048,jpeg90,robust,1.0,2.2943,2.2718,4.5661
Flickr8K,68,2048,jpeg70,robust,1.0,2.2943,2.2746,4.5689
Flickr8K,68,2048,jpeg50,robust,1.0,2.2943,2.2781,4.5724
Flickr8K,68,2048,resize0.5,robust,1.0,2.2943,2.2795,4.5739
Flickr8K,68,2048,resize0.75,robust,1.0,2.2943,2.2688,4.5632
Flickr8K,68,2048,resize1.25,robust,1.0,2.2943,2.264,4.5583
Flickr8K,68,2048,resize1.5,robust,1.0,2.2943,2.2644,4.5588
Flickr8K,68,2048,gnoise01,robust,1.0,2.2943,2.2648,4.5591
Flickr8K,68,2048,gnoise05,robust,0.918945,2.2943,2.2718,4.5661
Flickr8K,68,2048,gnoise10,robust,0.844727,2.2943,2.2678,4.5621
Flickr8K,68,2048,gblur3,robust,1.0,2.2943,2.2632,4.5575
Flickr8K,68,2048,gblur5,robust,1.0,2.2943,2.2689,4.5632
Flickr8K,68,2048,gblur7,robust,0.897461,2.2943,2.266,4.5603
Flickr8K,68,2048,mblur3,robust,1.0,2.2943,2.2687,4.563
Flickr8K,68,2048,mblur5,robust,1.0,2.2943,2.2706,4.5649
Flickr8K,68,2048,mblur7,robust,0.913086,2.2943,2.2663,4.5606
Flickr8K,69,2048,clean,robust,1.0,2.2922,2.2677,4.5599
Flickr8K,69,2048,png,robust,1.0,2.2922,2.2714,4.5637
Flickr8K,69,2048,jpeg90,robust,1.0,2.2922,2.2711,4.5633
Flickr8K,69,2048,jpeg70,robust,1.0,2.2922,2.2704,4.5627
Flickr8K,69,2048,jpeg50,robust,1.0,2.2922,2.263,4.5552
Flickr8K,69,2048,resize0.5,robust,1.0,2.2922,2.2668,4.559
Flickr8K,69,2048,resize0.75,robust,1.0,2.2922,2.2672,4.5595
Flickr8K,69,2048,resize1.25,robust,1.0,2.2922,2.268,4.5603
Flickr8K,69,2048,resize1.5,robust,1.0,2.2922,2.2735,4.5657
Flickr8K,69,2048,gnoise01,robust,1.0,2.2922,2.2692,4.5614
Flickr8K,69,2048,gnoise05,robust,1.0,2.2922,2.2663,4.5586
Flickr8K,69,2048,gnoise10,robust,0.927734,2.2922,2.2665,4.5588
Flickr8K,69,2048,gblur3,robust,1.0,2.2922,2.2659,4.5582
Flickr8K,69,2048,gblur5,robust,1.0,2.2922,2.279,4.5712
Flickr8K,69,2048,gblur7,robust,0.91748,2.2922,2.2736,4.5658
Flickr8K,69,2048,mblur3,robust,1.0,2.2922,2.2685,4.5607
Flickr8K,69,2048,mblur5,robust,1.0,2.2922,2.2675,4.5597
Flickr8K,69,2048,mblur7,robust,0.92334,2.2922,2.267,4.5592
Flickr8K,70,2048,clean,robust,1.0,2.2917,2.2688,4.5604
Flickr8K,70,2048,png,robust,1.0,2.2917,2.2708,4.5625
Flickr8K,70,2048,jpeg90,robust,1.0,2.2917,2.2664,4.558
Flickr8K,70,2048,jpeg70,robust,1.0,2.2917,2.2654,4.5571
Flickr8K,70,2048,jpeg50,robust,1.0,2.2917,2.2659,4.5576
Flickr8K,70,2048,resize0.5,robust,1.0,2.2917,2.266,4.5577
Flickr8K,70,2048,resize0.75,robust,1.0,2.2917,2.2704,4.5621
Flickr8K,70,2048,resize1.25,robust,1.0,2.2917,2.2689,4.5605
Flickr8K,70,2048,resize1.5,robust,1.0,2.2917,2.2648,4.5565
Flickr8K,70,2048,gnoise01,robust,1.0,2.2917,2.2647,4.5564
Flickr8K,70,2048,gnoise05,robust,1.0,2.2917,2.2678,4.5595
Flickr8K,70,2048,gnoise10,robust,0.925293,2.2917,2.2692,4.5609
Flickr8K,70,2048,gblur3,robust,1.0,2.2917,2.2704,4.5621
Flickr8K,70,2048,gblur5,robust,1.0,2.2917,2.2675,4.5591
Flickr8K,70,2048,gblur7,robust,0.914062,2.2917,2.2673,4.559
Flickr8K,70,2048,mblur3,robust,1.0,2.2917,2.2661,4.5577
Flickr8K,70,2048,mblur5,robust,1.0,2.2917,2.2676,4.5592
Flickr8K,70,2048,mblur7,robust,0.918457,2.2917,2.2758,4.5675
Flickr8K,71,2048,clean,robust,1.0,2.2946,2.2736,4.5682
Flickr8K,71,2048,png,robust,1.0,2.2946,2.2682,4.5628
Flickr8K,71,2048,jpeg90,robust,1.0,2.2946,2.2779,4.5724
Flickr8K,71,2048,jpeg70,robust,1.0,2.2946,2.2702,4.5648
Flickr8K,71,2048,jpeg50,robust,1.0,2.2946,2.2726,4.5672
Flickr8K,71,2048,resize0.5,robust,1.0,2.2946,2.2708,4.5653
Flickr8K,71,2048,resize0.75,robust,1.0,2.2946,2.2665,4.5611
Flickr8K,71,2048,resize1.25,robust,1.0,2.2946,2.268,4.5625
Flickr8K,71,2048,resize1.5,robust,1.0,2.2946,2.2648,4.5594
Flickr8K,71,2048,gnoise01,robust,1.0,2.2946,2.2663,4.5609
Flickr8K,71,2048,gnoise05,robust,1.0,2.2946,2.2771,4.5717
Flickr8K,71,2048,gnoise10,robust,0.90332,2.2946,2.2667,4.5613
Flickr8K,71,2048,gblur3,robust,1.0,2.2946,2.2671,4.5617
Flickr8K,71,2048,gblur5,robust,0.915527,2.2946,2.2661,4.5607
Flickr8K,71,2048,gblur7,robust,0.884277,2.2946,2.2689,4.5634
Flickr8K,71,2048,mblur3,robust,1.0,2.2946,2.2747,4.5693
Flickr8K,71,2048,mblur5,robust,0.92041,2.2946,2.2722,4.5668
Flickr8K,71,2048,mblur7,robust,0.890137,2.2946,2.2714,4.5659
Flickr8K,72,2048,clean,robust,1.0,2.297,2.2653,4.5623
Flickr8K,72,2048,png,robust,1.0,2.297,2.2651,4.5621
Flickr8K,72,2048,jpeg90,robust,1.0,2.297,2.2696,4.5667
Flickr8K,72,2048,jpeg70,robust,1.0,2.297,2.2758,4.5729
Flickr8K,72,2048,jpeg50,robust,1.0,2.297,2.2733,4.5703
Flickr8K,72,2048,resize0.5,robust,1.0,2.297,2.2645,4.5615
Flickr8K,72,2048,resize0.75,robust,1.0,2.297,2.2642,4.5612
Flickr8K,72,2048,resize1.25,robust,1.0,2.297,2.2644,4.5614
Flickr8K,72,2048,resize1.5,robust,1.0,2.297,2.2707,4.5677
Flickr8K,72,2048,gnoise01,robust,1.0,2.297,2.2675,4.5645
Flickr8K,72,2048,gnoise05,robust,1.0,2.297,2.2761,4.5731
Flickr8K,72,2048,gnoise10,robust,0.847656,2.297,2.2696,4.5667
Flickr8K,72,2048,gblur3,robust,1.0,2.297,2.2657,4.5627
Flickr8K,72,2048,gblur5,robust,0.933105,2.297,2.2708,4.5678
Flickr8K,72,2048,gblur7,robust,0.899902,2.297,2.2719,4.5689
Flickr8K,72,2048,mblur3,robust,1.0,2.297,2.2663,4.5633
Flickr8K,72,2048,mblur5,robust,1.0,2.297,2.2737,4.5707
Flickr8K,72,2048,mblur7,robust,0.905762,2.297,2.2685,4.5655
Flickr8K,73,2048,clean,robust,1.0,2.2929,2.269,4.5618
Flickr8K,73,2048,png,robust,1.0,2.2929,2.27,4.5629
Flickr8K,73,2048,jpeg90,robust,1.0,2.2929,2.2695,4.5624
Flickr8K,73,2048,jpeg70,robust,1.0,2.2929,2.2647,4.5576
Flickr8K,73,2048,jpeg50,robust,1.0,2.2929,2.2677,4.5606
Flickr8K,73,2048,resize0.5,robust,1.0,2.2929,2.2639,4.5568
Flickr8K,73,2048,resize0.75,robust,1.0,2.2929,2.27,4.5628
Flickr8K,73,2048,resize1.25,robust,1.0,2.2929,2.2685,4.5614
Flickr8K,73,2048,resize1.5,robust,1.0,2.2929,2.2724,4.5653
Flickr8K,73,2048,gnoise01,robust,1.0,2.2929,2.2652,4.5581
Flickr8K,73,2048,gnoise05,robust,0.92334,2.2929,2.2671,4.5599
Flickr8K,73,2048,gnoise10,robust,0.838867,2.2929,2.269,4.5618
Flickr8K,73,2048,gblur3,robust,1.0,2.2929,2.2722,4.5651
Flickr8K,73,2048,gblur5,robust,1.0,2.2929,2.2752,4.568
Flickr8K,73,2048,gblur7,robust,0.898438,2.2929,2.2707,4.5636
Flickr8K,73,2048,mblur3,robust,1.0,2.2929,2.2626,4.5555
Flickr8K,73,2048,mblur5,robust,1.0,2.2929,2.2692,4.5621
Flickr8K,73,2048,mblur7,robust,0.912598,2.2929,2.2754,4.5683
Flickr8K,74,2048,clean,robust,1.0,2.2934,2.271,4.5644
Flickr8K,74,2048,png,robust,1.0,2.2934,2.2673,4.5608
Flickr8K,74,2048,jpeg90,robust,1.0,2.2934,2.2652,4.5586
Flickr8K,74,2048,jpeg70,robust,1.0,2.2934,2.2654,4.5588
Flickr8K,74,2048,jpeg50,robust,1.0,2.2934,2.2701,4.5636
Flickr8K,74,2048,resize0.5,robust,1.0,2.2934,2.2713,4.5647
Flickr8K,74,2048,resize0.75,robust,1.0,2.2934,2.2668,4.5602
Flickr8K,74,2048,resize1.25,robust,1.0,2.2934,2.2653,4.5588
Flickr8K,74,2048,resize1.5,robust,1.0,2.2934,2.265,4.5585
Flickr8K,74,2048,gnoise01,robust,1.0,2.2934,2.2704,4.5639
Flickr8K,74,2048,gnoise05,robust,1.0,2.2934,2.2761,4.5696
Flickr8K,74,2048,gnoise10,robust,0.891113,2.2934,2.2657,4.5591
Flickr8K,74,2048,gblur3,robust,1.0,2.2934,2.266,4.5594
Flickr8K,74,2048,gblur5,robust,1.0,2.2934,2.2658,4.5593
Flickr8K,74,2048,gblur7,robust,0.91748,2.2934,2.2656,4.559
Flickr8K,74,2048,mblur3,robust,1.0,2.2934,2.2721,4.5655
Flickr8K,74,2048,mblur5,robust,1.0,2.2934,2.2716,4.565
Flickr8K,74,2048,mblur7,robust,0.927734,2.2934,2.2658,4.5592
Flickr8K,75,2048,clean,robust,1.0,2.2927,2.2651,4.5579
Flickr8K,75,2048,png,robust,1.0,2.2927,2.2688,4.5615
Flickr8K,75,2048,jpeg90,robust,1.0,2.2927,2.2699,4.5626
Flickr8K,75,2048,jpeg70,robust,0.914551,2.2927,2.2702,4.563
Flickr8K,75,2048,jpeg50,robust,0.890137,2.2927,2.2647,4.5574
Flickr8K,75,2048,resize0.5,robust,1.0,2.2927,2.2699,4.5626
Flickr8K,75,2048,resize0.75,robust,1.0,2.2927,2.2675,4.5603
Flickr8K,75,2048,resize1.25,robust,1.0,2.2927,2.2726,4.5653
Flickr8K,75,2048,resize1.5,robust,1.0,2.2927,2.2741,4.5669
Flickr8K,75,2048,gnoise01,robust,1.0,2.2927,2.2646,4.5573
Flickr8K,75,2048,gnoise05,robust,0.790039,2.2927,2.2651,4.5579
Flickr8K,75,2048,gnoise10,robust,0.685547,2.2927,2.264,4.5567
Flickr8K,75,2048,gblur3,robust,1.0,2.2927,2.2651,4.5579
Flickr8K,75,2048,gblur5,robust,0.895996,2.2927,2.2694,4.5622
Flickr8K,75,2048,gblur7,robust,0.850586,2.2927,2.2675,4.5603
Flickr8K,75,2048,mblur3,robust,1.0,2.2927,2.267,4.5598
Flickr8K,75,2048,mblur5,robust,0.885254,2.2927,2.2658,4.5586
Flickr8K,75,2048,mblur7,robust,0.832031,2.2927,2.2661,4.5588
Flickr8K,76,2048,clean,robust,1.0,2.2931,2.2685,4.5617
Flickr8K,76,2048,png,robust,1.0,2.2931,2.2703,4.5634
Flickr8K,76,2048,jpeg90,robust,1.0,2.2931,2.2673,4.5604
Flickr8K,76,2048,jpeg70,robust,1.0,2.2931,2.2674,4.5606
Flickr8K,76,2048,jpeg50,robust,1.0,2.2931,2.2683,4.5614
Flickr8K,76,2048,resize0.5,robust,1.0,2.2931,2.2659,4.559
Flickr8K,76,2048,resize0.75,robust,1.0,2.2931,2.27,4.5631
Flickr8K,76,2048,resize1.25,robust,1.0,2.2931,2.265,4.5582
Flickr8K,76,2048,resize1.5,robust,1.0,2.2931,2.2646,4.5578
Flickr8K,76,2048,gnoise01,robust,1.0,2.2931,2.2653,4.5585
Flickr8K,76,2048,gnoise05,robust,0.88623,2.2931,2.2649,4.558
Flickr8K,76,2048,gnoise10,robust,0.796387,2.2931,2.2701,4.5632
Flickr8K,76,2048,gblur3,robust,1.0,2.2931,2.2721,4.5652
Flickr8K,76,2048,gblur5,robust,0.925293,2.2931,2.2652,4.5583
Flickr8K,76,2048,gblur7,robust,0.870605,2.2931,2.2679,4.561
Flickr8K,76,2048,mblur3,robust,1.0,2.2931,2.2763,4.5695
Flickr8K,76,2048,mblur5,robust,1.0,2.2931,2.2729,4.566
Flickr8K,76,2048,mblur7,robust,0.910156,2.2931,2.2714,4.5646
Flickr8K,77,2048,clean,robust,1.0,2.2976,2.2662,4.5638
Flickr8K,77,2048,png,robust,1.0,2.2976,2.2645,4.5622
Flickr8K,77,2048,jpeg90,robust,1.0,2.2976,2.2651,4.5627
Flickr8K,77,2048,jpeg70,robust,1.0,2.2976,2.2648,4.5624
Flickr8K,77,2048,jpeg50,robust,1.0,2.2976,2.2707,4.5683
Flickr8K,77,2048,resize0.5,robust,1.0,2.2976,2.2655,4.5631
Flickr8K,77,2048,resize0.75,robust,1.0,2.2976,2.2646,4.5622
Flickr8K,77,2048,resize1.25,robust,1.0,2.2976,2.2639,4.5615
Flickr8K,77,2048,resize1.5,robust,1.0,2.2976,2.2636,4.5612
Flickr8K,77,2048,gnoise01,robust,1.0,2.2976,2.2683,4.5659
Flickr8K,77,2048,gnoise05,robust,1.0,2.2976,2.2708,4.5684
Flickr8K,77,2048,gnoise10,robust,0.907715,2.2976,2.267,4.5646
Flickr8K,77,2048,gblur3,robust,1.0,2.2976,2.2664,4.564
Flickr8K,77,2048,gblur5,robust,1.0,2.2976,2.266,4.5636
Flickr8K,77,2048,gblur7,robust,0.922852,2.2976,2.265,4.5626
Flickr8K,77,2048,mblur3,robust,1.0,2.2976,2.2716,4.5692
Flickr8K,77,2048,mblur5,robust,1.0,2.2976,2.2661,4.5637
Flickr8K,77,2048,mblur7,robust,1.0,2.2976,2.2675,4.5651
Flickr8K,78,2048,clean,robust,1.0,2.299,2.2652,4.5642
Flickr8K,78,2048,png,robust,1.0,2.299,2.267,4.566
Flickr8K,78,2048,jpeg90,robust,1.0,2.299,2.2706,4.5697
Flickr8K,78,2048,jpeg70,robust,1.0,2.299,2.2687,4.5677
Flickr8K,78,2048,jpeg50,robust,1.0,2.299,2.2717,4.5707
Flickr8K,78,2048,resize0.5,robust,1.0,2.299,2.2721,4.5711
Flickr8K,78,2048,resize0.75,robust,1.0,2.299,2.2653,4.5643
Flickr8K,78,2048,resize1.25,robust,1.0,2.299,2.271,4.57
Flickr8K,78,2048,resize1.5,robust,1.0,2.299,2.2727,4.5717
Flickr8K,78,2048,gnoise01,robust,1.0,2.299,2.2713,4.5703
Flickr8K,78,2048,gnoise05,robust,0.926758,2.299,2.2653,4.5643
Flickr8K,78,2048,gnoise10,robust,0.888184,2.299,2.2679,4.5669
Flickr8K,78,2048,gblur3,robust,1.0,2.299,2.2719,4.5709
Flickr8K,78,2048,gblur5,robust,1.0,2.299,2.2751,4.5741
Flickr8K,78,2048,gblur7,robust,0.898926,2.299,2.2717,4.5707
Flickr8K,78,2048,mblur3,robust,1.0,2.299,2.2645,4.5635
Flickr8K,78,2048,mblur5,robust,1.0,2.299,2.2658,4.5648
Flickr8K,78,2048,mblur7,robust,0.916992,2.299,2.266,4.565
Flickr8K,79,2048,clean,robust,1.0,2.2963,2.269,4.5653
Flickr8K,79,2048,png,robust,1.0,2.2963,2.2687,4.565
Flickr8K,79,2048,jpeg90,robust,1.0,2.2963,2.264,4.5603
Flickr8K,79,2048,jpeg70,robust,1.0,2.2963,2.2659,4.5622
Flickr8K,79,2048,jpeg50,robust,1.0,2.2963,2.2691,4.5654
Flickr8K,79,2048,resize0.5,robust,1.0,2.2963,2.2685,4.5648
Flickr8K,79,2048,resize0.75,robust,1.0,2.2963,2.271,4.5673
Flickr8K,79,2048,resize1.25,robust,1.0,2.2963,2.2636,4.5599
Flickr8K,79,2048,resize1.5,robust,1.0,2.2963,2.2619,4.5582
Flickr8K,79,2048,gnoise01,robust,1.0,2.2963,2.2599,4.5562
Flickr8K,79,2048,gnoise05,robust,0.912109,2.2963,2.2696,4.5659
Flickr8K,79,2048,gnoise10,robust,0.841797,2.2963,2.2707,4.567
Flickr8K,79,2048,gblur3,robust,1.0,2.2963,2.2744,4.5707
Flickr8K,79,2048,gblur5,robust,1.0,2.2963,2.2727,4.569
Flickr8K,79,2048,gblur7,robust,0.897949,2.2963,2.2643,4.5606
Flickr8K,79,2048,mblur3,robust,1.0,2.2963,2.2663,4.5626
Flickr8K,79,2048,mblur5,robust,1.0,2.2963,2.2705,4.5668
Flickr8K,79,2048,mblur7,robust,0.925781,2.2963,2.2693,4.5656
Flickr8K,80,2048,clean,robust,1.0,2.2935,2.2677,4.5612
Flickr8K,80,2048,png,robust,1.0,2.2935,2.2668,4.5603
Flickr8K,80,2048,jpeg90,robust,1.0,2.2935,2.2658,4.5593
Flickr8K,80,2048,jpeg70,robust,1.0,2.2935,2.2687,4.5623
Flickr8K,80,2048,jpeg50,robust,1.0,2.2935,2.2745,4.568
Flickr8K,80,2048,resize0.5,robust,1.0,2.2935,2.2656,4.5591
Flickr8K,80,2048,resize0.75,robust,1.0,2.2935,2.2648,4.5583
Flickr8K,80,2048,resize1.25,robust,1.0,2.2935,2.2661,4.5596
Flickr8K,80,2048,resize1.5,robust,1.0,2.2935,2.2645,4.558
Flickr8K,80,2048,gnoise01,robust,1.0,2.2935,2.2702,4.5637
Flickr8K,80,2048,gnoise05,robust,1.0,2.2935,2.2675,4.561
Flickr8K,80,2048,gnoise10,robust,1.0,2.2935,2.2711,4.5647
Flickr8K,80,2048,gblur3,robust,1.0,2.2935,2.2655,4.559
Flickr8K,80,2048,gblur5,robust,1.0,2.2935,2.2697,4.5632
Flickr8K,80,2048,gblur7,robust,0.922363,2.2935,2.2683,4.5618
Flickr8K,80,2048,mblur3,robust,1.0,2.2935,2.2746,4.5681
Flickr8K,80,2048,mblur5,robust,1.0,2.2935,2.2682,4.5618
Flickr8K,80,2048,mblur7,robust,0.925781,2.2935,2.2663,4.5598
Flickr8K,81,2048,clean,robust,1.0,2.2942,2.2681,4.5623
Flickr8K,81,2048,png,robust,1.0,2.2942,2.2689,4.5631
Flickr8K,81,2048,jpeg90,robust,1.0,2.2942,2.2829,4.5771
Flickr8K,81,2048,jpeg70,robust,0.902832,2.2942,2.2683,4.5625
Flickr8K,81,2048,jpeg50,robust,0.867676,2.2942,2.2669,4.5612
Flickr8K,81,2048,resize0.5,robust,1.0,2.2942,2.2663,4.5605
Flickr8K,81,2048,resize0.75,robust,1.0,2.2942,2.2656,4.5598
Flickr8K,81,2048,resize1.25,robust,1.0,2.2942,2.2687,4.5629
Flickr8K,81,2048,resize1.5,robust,1.0,2.2942,2.2689,4.5631
Flickr8K,81,2048,gnoise01,robust,1.0,2.2942,2.2661,4.5603
Flickr8K,81,2048,gnoise05,robust,0.836914,2.2942,2.2698,4.5641
Flickr8K,81,2048,gnoise10,robust,0.778809,2.2942,2.2693,4.5635
Flickr8K,81,2048,gblur3,robust,1.0,2.2942,2.2666,4.5609
Flickr8K,81,2048,gblur5,robust,0.928223,2.2942,2.2748,4.569
Flickr8K,81,2048,gblur7,robust,0.879883,2.2942,2.2672,4.5614
Flickr8K,81,2048,mblur3,robust,1.0,2.2942,2.2668,4.561
Flickr8K,81,2048,mblur5,robust,1.0,2.2942,2.2701,4.5643
Flickr8K,81,2048,mblur7,robust,0.902832,2.2942,2.2673,4.5615
Flickr8K,82,2048,clean,robust,1.0,2.3002,2.2694,4.5696
Flickr8K,82,2048,png,robust,1.0,2.3002,2.2672,4.5673
Flickr8K,82,2048,jpeg90,robust,1.0,2.3002,2.2662,4.5664
Flickr8K,82,2048,jpeg70,robust,0.893555,2.3002,2.2656,4.5658
Flickr8K,82,2048,jpeg50,robust,0.810547,2.3002,2.2652,4.5654
Flickr8K,82,2048,resize0.5,robust,1.0,2.3002,2.2694,4.5696
Flickr8K,82,2048,resize0.75,robust,1.0,2.3002,2.2725,4.5727
Flickr8K,82,2048,resize1.25,robust,1.0,2.3002,2.276,4.5762
Flickr8K,82,2048,resize1.5,robust,1.0,2.3002,2.2753,4.5755
Flickr8K,82,2048,gnoise01,robust,0.929199,2.3002,2.2769,4.5771
Flickr8K,82,2048,gnoise05,robust,0.760254,2.3002,2.2769,4.5771
Flickr8K,82,2048,gnoise10,robust,0.694824,2.3002,2.2753,4.5755
Flickr8K,82,2048,gblur3,robust,1.0,2.3002,2.2682,4.5684
Flickr8K,82,2048,gblur5,robust,1.0,2.3002,2.2676,4.5678
Flickr8K,82,2048,gblur7,robust,0.899902,2.3002,2.265,4.5651
Flickr8K,82,2048,mblur3,robust,1.0,2.3002,2.2666,4.5668
Flickr8K,82,2048,mblur5,robust,1.0,2.3002,2.274,4.5742
Flickr8K,82,2048,mblur7,robust,0.913574,2.3002,2.2677,4.5678
Flickr8K,83,2048,clean,robust,1.0,2.2991,2.2641,4.5632
Flickr8K,83,2048,png,robust,1.0,2.2991,2.2653,4.5643
Flickr8K,83,2048,jpeg90,robust,1.0,2.2991,2.2664,4.5655
Flickr8K,83,2048,jpeg70,robust,1.0,2.2991,2.2689,4.568
Flickr8K,83,2048,jpeg50,robust,1.0,2.2991,2.2725,4.5715
Flickr8K,83,2048,resize0.5,robust,1.0,2.2991,2.2666,4.5657
Flickr8K,83,2048,resize0.75,robust,1.0,2.2991,2.264,4.5631
Flickr8K,83,2048,resize1.25,robust,1.0,2.2991,2.2638,4.5629
Flickr8K,83,2048,resize1.5,robust,1.0,2.2991,2.2636,4.5627
Flickr8K,83,2048,gnoise01,robust,1.0,2.2991,2.2717,4.5708
Flickr8K,83,2048,gnoise05,robust,1.0,2.2991,2.2701,4.5691
Flickr8K,83,2048,gnoise10,robust,0.897461,2.2991,2.2655,4.5645
Flickr8K,83,2048,gblur3,robust,1.0,2.2991,2.2631,4.5622
Flickr8K,83,2048,gblur5,robust,1.0,2.2991,2.2664,4.5655
Flickr8K,83,2048,gblur7,robust,0.905762,2.2991,2.2672,4.5662
Flickr8K,83,2048,mblur3,robust,1.0,2.2991,2.2712,4.5702
Flickr8K,83,2048,mblur5,robust,1.0,2.2991,2.2653,4.5643
Flickr8K,83,2048,mblur7,robust,0.919922,2.2991,2.2749,4.5739
Flickr8K,84,2048,clean,robust,1.0,2.2929,2.2736,4.5665
Flickr8K,84,2048,png,robust,1.0,2.2929,2.2674,4.5603
Flickr8K,84,2048,jpeg90,robust,1.0,2.2929,2.275,4.5679
Flickr8K,84,2048,jpeg70,robust,1.0,2.2929,2.2705,4.5634
Flickr8K,84,2048,jpeg50,robust,0.898926,2.2929,2.267,4.5599
Flickr8K,84,2048,resize0.5,robust,1.0,2.2929,2.2714,4.5643
Flickr8K,84,2048,resize0.75,robust,1.0,2.2929,2.2692,4.5621
Flickr8K,84,2048,resize1.25,robust,1.0,2.2929,2.2682,4.5611
Flickr8K,84,2048,resize1.5,robust,1.0,2.2929,2.2692,4.5622
Flickr8K,84,2048,gnoise01,robust,1.0,2.2929,2.2641,4.557
Flickr8K,84,2048,gnoise05,robust,0.853516,2.2929,2.2638,4.5567
Flickr8K,84,2048,gnoise10,robust,0.730957,2.2929,2.2638,4.5568
Flickr8K,84,2048,gblur3,robust,1.0,2.2929,2.2682,4.5611
Flickr8K,84,2048,gblur5,robust,0.916504,2.2929,2.2731,4.566
Flickr8K,84,2048,gblur7,robust,0.853516,2.2929,2.2673,4.5602
Flickr8K,84,2048,mblur3,robust,1.0,2.2929,2.2678,4.5607
Flickr8K,84,2048,mblur5,robust,0.912598,2.2929,2.2649,4.5578
Flickr8K,84,2048,mblur7,robust,0.87207,2.2929,2.2664,4.5593
Flickr8K,85,2048,clean,robust,1.0,2.2943,2.2702,4.5645
Flickr8K,85,2048,png,robust,1.0,2.2943,2.2671,4.5614
Flickr8K,85,2048,jpeg90,robust,1.0,2.2943,2.2643,4.5586
Flickr8K,85,2048,jpeg70,robust,1.0,2.2943,2.2647,4.559
Flickr8K,85,2048,jpeg50,robust,1.0,2.2943,2.267,4.5613
Flickr8K,85,2048,resize0.5,robust,1.0,2.2943,2.2697,4.564
Flickr8K,85,2048,resize0.75,robust,1.0,2.2943,2.2683,4.5626
Flickr8K,85,2048,resize1.25,robust,1.0,2.2943,2.2697,4.564
Flickr8K,85,2048,resize1.5,robust,1.0,2.2943,2.2706,4.5649
Flickr8K,85,2048,gnoise01,robust,1.0,2.2943,2.2663,4.5606
Flickr8K,85,2048,gnoise05,robust,0.926758,2.2943,2.2686,4.5629
Flickr8K,85,2048,gnoise10,robust,0.866699,2.2943,2.2706,4.565
Flickr8K,85,2048,gblur3,robust,1.0,2.2943,2.2659,4.5602
Flickr8K,85,2048,gblur5,robust,0.921387,2.2943,2.2637,4.558
Flickr8K,85,2048,gblur7,robust,0.877441,2.2943,2.2652,4.5595
Flickr8K,85,2048,mblur3,robust,1.0,2.2943,2.2642,4.5585
Flickr8K,85,2048,mblur5,robust,0.931152,2.2943,2.2707,4.565
Flickr8K,85,2048,mblur7,robust,0.89209,2.2943,2.269,4.5633
Flickr8K,86,2048,clean,robust,1.0,2.2929,2.2647,4.5576
Flickr8K,86,2048,png,robust,1.0,2.2929,2.2661,4.5591
Flickr8K,86,2048,jpeg90,robust,1.0,2.2929,2.2652,4.5582
Flickr8K,86,2048,jpeg70,robust,1.0,2.2929,2.2694,4.5623
Flickr8K,86,2048,jpeg50,robust,1.0,2.2929,2.2719,4.5648
Flickr8K,86,2048,resize0.5,robust,1.0,2.2929,2.2678,4.5608
Flickr8K,86,2048,resize0.75,robust,1.0,2.2929,2.2672,4.5602
Flickr8K,86,2048,resize1.25,robust,1.0,2.2929,2.2666,4.5596
Flickr8K,86,2048,resize1.5,robust,1.0,2.2929,2.2647,4.5577
Flickr8K,86,2048,gnoise01,robust,1.0,2.2929,2.2698,4.5627
Flickr8K,86,2048,gnoise05,robust,1.0,2.2929,2.2679,4.5608
Flickr8K,86,2048,gnoise10,robust,1.0,2.2929,2.2668,4.5598
Flickr8K,86,2048,gblur3,robust,1.0,2.2929,2.2654,4.5583
Flickr8K,86,2048,gblur5,robust,1.0,2.2929,2.2678,4.5607
Flickr8K,86,2048,gblur7,robust,0.905273,2.2929,2.2685,4.5614
Flickr8K,86,2048,mblur3,robust,1.0,2.2929,2.2754,4.5684
Flickr8K,86,2048,mblur5,robust,1.0,2.2929,2.2701,4.563
Flickr8K,86,2048,mblur7,robust,0.927734,2.2929,2.2639,4.5568
Flickr8K,87,2048,clean,robust,1.0,2.2931,2.2665,4.5596
Flickr8K,87,2048,png,robust,1.0,2.2931,2.2681,4.5612
Flickr8K,87,2048,jpeg90,robust,1.0,2.2931,2.2716,4.5647
Flickr8K,87,2048,jpeg70,robust,1.0,2.2931,2.2665,4.5596
Flickr8K,87,2048,jpeg50,robust,1.0,2.2931,2.2647,4.5578
Flickr8K,87,2048,resize0.5,robust,1.0,2.2931,2.2639,4.557
Flickr8K,87,2048,resize0.75,robust,1.0,2.2931,2.2641,4.5573
Flickr8K,87,2048,resize1.25,robust,1.0,2.2931,2.2693,4.5624
Flickr8K,87,2048,resize1.5,robust,1.0,2.2931,2.2676,4.5607
Flickr8K,87,2048,gnoise01,robust,1.0,2.2931,2.2681,4.5612
Flickr8K,87,2048,gnoise05,robust,1.0,2.2931,2.2648,4.5579
Flickr8K,87,2048,gnoise10,robust,1.0,2.2931,2.2653,4.5585
Flickr8K,87,2048,gblur3,robust,1.0,2.2931,2.2673,4.5604
Flickr8K,87,2048,gblur5,robust,1.0,2.2931,2.273,4.5661
Flickr8K,87,2048,gblur7,robust,0.902832,2.2931,2.2669,4.5601
Flickr8K,87,2048,mblur3,robust,1.0,2.2931,2.2665,4.5596
Flickr8K,87,2048,mblur5,robust,1.0,2.2931,2.2714,4.5646
Flickr8K,87,2048,mblur7,robust,0.911621,2.2931,2.2669,4.56
Flickr8K,88,2048,clean,robust,1.0,2.299,2.27,4.569
Flickr8K,88,2048,png,robust,1.0,2.299,2.2641,4.5631
Flickr8K,88,2048,jpeg90,robust,1.0,2.299,2.2641,4.5631
Flickr8K,88,2048,jpeg70,robust,1.0,2.299,2.2658,4.5648
Flickr8K,88,2048,jpeg50,robust,1.0,2.299,2.2672,4.5661
Flickr8K,88,2048,resize0.5,robust,1.0,2.299,2.2765,4.5755
Flickr8K,88,2048,resize0.75,robust,1.0,2.299,2.2717,4.5707
Flickr8K,88,2048,resize1.25,robust,1.0,2.299,2.2697,4.5687
Flickr8K,88,2048,resize1.5,robust,1.0,2.299,2.264,4.563
Flickr8K,88,2048,gnoise01,robust,1.0,2.299,2.265,4.564
Flickr8K,88,2048,gnoise05,robust,1.0,2.299,2.2679,4.5669
Flickr8K,88,2048,gnoise10,robust,0.920898,2.299,2.2713,4.5703
Flickr8K,88,2048,gblur3,robust,1.0,2.299,2.2647,4.5637
Flickr8K,88,2048,gblur5,robust,1.0,2.299,2.2654,4.5644
Flickr8K,88,2048,gblur7,robust,0.917969,2.299,2.2646,4.5636
Flickr8K,88,2048,mblur3,robust,1.0,2.299,2.2654,4.5644
Flickr8K,88,2048,mblur5,robust,1.0,2.299,2.2696,4.5686
Flickr8K,88,2048,mblur7,robust,1.0,2.299,2.2686,4.5676
Flickr8K,89,2048,clean,robust,1.0,2.2953,2.2657,4.5611
Flickr8K,89,2048,png,robust,1.0,2.2953,2.2651,4.5604
Flickr8K,89,2048,jpeg90,robust,1.0,2.2953,2.2639,4.5592
Flickr8K,89,2048,jpeg70,robust,1.0,2.2953,2.2672,4.5625
Flickr8K,89,2048,jpeg50,robust,1.0,2.2953,2.2708,4.5661
Flickr8K,89,2048,resize0.5,robust,1.0,2.2953,2.2643,4.5597
Flickr8K,89,2048,resize0.75,robust,1.0,2.2953,2.2649,4.5602
Flickr8K,89,2048,resize1.25,robust,1.0,2.2953,2.2657,4.561
Flickr8K,89,2048,resize1.5,robust,1.0,2.2953,2.2656,4.5609
Flickr8K,89,2048,gnoise01,robust,1.0,2.2953,2.2715,4.5669
Flickr8K,89,2048,gnoise05,robust,1.0,2.2953,2.2696,4.5649
Flickr8K,89,2048,gnoise10,robust,0.92041,2.2953,2.2658,4.5611
Flickr8K,89,2048,gblur3,robust,1.0,2.2953,2.2681,4.5634
Flickr8K,89,2048,gblur5,robust,1.0,2.2953,2.2754,4.5708
Flickr8K,89,2048,gblur7,robust,0.894043,2.2953,2.2683,4.5637
Flickr8K,89,2048,mblur3,robust,1.0,2.2953,2.2698,4.5651
Flickr8K,89,2048,mblur5,robust,1.0,2.2953,2.2695,4.5648
Flickr8K,89,2048,mblur7,robust,0.925293,2.2953,2.2651,4.5605
Flickr8K,90,2048,clean,robust,1.0,2.2924,2.2674,4.5598
Flickr8K,90,2048,png,robust,1.0,2.2924,2.2672,4.5596
Flickr8K,90,2048,jpeg90,robust,1.0,2.2924,2.2684,4.5607
Flickr8K,90,2048,jpeg70,robust,1.0,2.2924,2.265,4.5574
Flickr8K,90,2048,jpeg50,robust,1.0,2.2924,2.2723,4.5646
Flickr8K,90,2048,resize0.5,robust,1.0,2.2924,2.2672,4.5595
Flickr8K,90,2048,resize0.75,robust,1.0,2.2924,2.2647,4.557
Flickr8K,90,2048,resize1.25,robust,1.0,2.2924,2.271,4.5634
Flickr8K,90,2048,resize1.5,robust,1.0,2.2924,2.2694,4.5618
Flickr8K,90,2048,gnoise01,robust,1.0,2.2924,2.2688,4.5612
Flickr8K,90,2048,gnoise05,robust,1.0,2.2924,2.2669,4.5593
Flickr8K,90,2048,gnoise10,robust,0.891113,2.2924,2.2699,4.5623
Flickr8K,90,2048,gblur3,robust,1.0,2.2924,2.2682,4.5605
Flickr8K,90,2048,gblur5,robust,1.0,2.2924,2.2731,4.5655
Flickr8K,90,2048,gblur7,robust,0.889648,2.2924,2.2668,4.5592
Flickr8K,90,2048,mblur3,robust,1.0,2.2924,2.2677,4.5601
Flickr8K,90,2048,mblur5,robust,0.92041,2.2924,2.2665,4.5588
Flickr8K,90,2048,mblur7,robust,0.876465,2.2924,2.2688,4.5612
Flickr8K,91,2048,clean,robust,1.0,2.2956,2.2718,4.5673
Flickr8K,91,2048,png,robust,1.0,2.2956,2.2665,4.562
Flickr8K,91,2048,jpeg90,robust,1.0,2.2956,2.2725,4.5681
Flickr8K,91,2048,jpeg70,robust,1.0,2.2956,2.2672,4.5627
Flickr8K,91,2048,jpeg50,robust,1.0,2.2956,2.2689,4.5644
Flickr8K,91,2048,resize0.5,robust,1.0,2.2956,2.273,4.5685
Flickr8K,91,2048,resize0.75,robust,1.0,2.2956,2.2668,4.5623
Flickr8K,91,2048,resize1.25,robust,1.0,2.2956,2.2641,4.5596
Flickr8K,91,2048,resize1.5,robust,1.0,2.2956,2.2643,4.5599
Flickr8K,91,2048,gnoise01,robust,1.0,2.2956,2.2634,4.5589
Flickr8K,91,2048,gnoise05,robust,0.923828,2.2956,2.2668,4.5624
Flickr8K,91,2048,gnoise10,robust,0.874023,2.2956,2.2699,4.5654
Flickr8K,91,2048,gblur3,robust,1.0,2.2956,2.2636,4.5592
Flickr8K,91,2048,gblur5,robust,1.0,2.2956,2.2659,4.5615
Flickr8K,91,2048,gblur7,robust,0.907715,2.2956,2.267,4.5626
Flickr8K,91,2048,mblur3,robust,1.0,2.2956,2.2673,4.5629
Flickr8K,91,2048,mblur5,robust,0.926758,2.2956,2.2726,4.5682
Flickr8K,91,2048,mblur7,robust,0.896484,2.2956,2.2659,4.5615
Flickr8K,92,2048,clean,robust,1.0,2.3012,2.2643,4.5655
Flickr8K,92,2048,png,robust,1.0,2.3012,2.2653,4.5665
Flickr8K,92,2048,jpeg90,robust,1.0,2.3012,2.2671,4.5683
Flickr8K,92,2048,jpeg70,robust,1.0,2.3012,2.272,4.5732
Flickr8K,92,2048,jpeg50,robust,1.0,2.3012,2.2718,4.573
Flickr8K,92,2048,resize0.5,robust,1.0,2.3012,2.2636,4.5648
Flickr8K,92,2048,resize0.75,robust,1.0,2.3012,2.2631,4.5643
Flickr8K,92,2048,resize1.25,robust,1.0,2.3012,2.2646,4.5658
Flickr8K,92,2048,resize1.5,robust,1.0,2.3012,2.2657,4.5669
Flickr8K,92,2048,gnoise01,robust,1.0,2.3012,2.27,4.5712
Flickr8K,92,2048,gnoise05,robust,1.0,2.3012,2.2747,4.5759
Flickr8K,92,2048,gnoise10,robust,0.895996,2.3012,2.2691,4.5703
Flickr8K,92,2048,gblur3,robust,1.0,2.3012,2.264,4.5652
Flickr8K,92,2048,gblur5,robust,1.0,2.3012,2.2705,4.5717
Flickr8K,92,2048,gblur7,robust,0.910645,2.3012,2.2702,4.5714
Flickr8K,92,2048,mblur3,robust,1.0,2.3012,2.269,4.5702
Flickr8K,92,2048,mblur5,robust,1.0,2.3012,2.2715,4.5727
Flickr8K,92,2048,mblur7,robust,0.920898,2.3012,2.2677,4.5689
Flickr8K,93,2048,clean,robust,1.0,2.2969,2.2649,4.5618
Flickr8K,93,2048,png,robust,1.0,2.2969,2.2692,4.5661
Flickr8K,93,2048,jpeg90,robust,1.0,2.2969,2.2726,4.5695
Flickr8K,93,2048,jpeg70,robust,1.0,2.2969,2.2663,4.5632
Flickr8K,93,2048,jpeg50,robust,1.0,2.2969,2.2676,4.5645
Flickr8K,93,2048,resize0.5,robust,1.0,2.2969,2.2657,4.5627
Flickr8K,93,2048,resize0.75,robust,1.0,2.2969,2.2689,4.5658
Flickr8K,93,2048,resize1.25,robust,1.0,2.2969,2.2746,4.5716
Flickr8K,93,2048,resize1.5,robust,1.0,2.2969,2.2703,4.5672
Flickr8K,93,2048,gnoise01,robust,1.0,2.2969,2.2663,4.5632
Flickr8K,93,2048,gnoise05,robust,1.0,2.2969,2.2684,4.5653
Flickr8K,93,2048,gnoise10,robust,1.0,2.2969,2.2716,4.5685
Flickr8K,93,2048,gblur3,robust,1.0,2.2969,2.2781,4.575
Flickr8K,93,2048,gblur5,robust,1.0,2.2969,2.2735,4.5704
Flickr8K,93,2048,gblur7,robust,0.901855,2.2969,2.2658,4.5627
Flickr8K,93,2048,mblur3,robust,1.0,2.2969,2.2696,4.5665
Flickr8K,93,2048,mblur5,robust,1.0,2.2969,2.269,4.5659
Flickr8K,93,2048,mblur7,robust,0.92041,2.2969,2.2738,4.5707
Flickr8K,94,2048,clean,robust,1.0,2.2991,2.276,4.5751
Flickr8K,94,2048,png,robust,1.0,2.2991,2.2684,4.5675
Flickr8K,94,2048,jpeg90,robust,1.0,2.2991,2.2721,4.5712
Flickr8K,94,2048,jpeg70,robust,1.0,2.2991,2.2711,4.5702
Flickr8K,94,2048,jpeg50,robust,1.0,2.2991,2.2656,4.5647
Flickr8K,94,2048,resize0.5,robust,1.0,2.2991,2.2704,4.5695
Flickr8K,94,2048,resize0.75,robust,1.0,2.2991,2.2688,4.5679
Flickr8K,94,2048,resize1.25,robust,1.0,2.2991,2.2652,4.5643
Flickr8K,94,2048,resize1.5,robust,1.0,2.2991,2.2659,4.565
Flickr8K,94,2048,gnoise01,robust,1.0,2.2991,2.2663,4.5654
Flickr8K,94,2048,gnoise05,robust,1.0,2.2991,2.2711,4.5702
Flickr8K,94,2048,gnoise10,robust,0.922363,2.2991,2.2715,4.5706
Flickr8K,94,2048,gblur3,robust,1.0,2.2991,2.2665,4.5656
Flickr8K,94,2048,gblur5,robust,1.0,2.2991,2.269,4.5681
Flickr8K,94,2048,gblur7,robust,0.903809,2.2991,2.2672,4.5663
Flickr8K,94,2048,mblur3,robust,1.0,2.2991,2.2667,4.5657
Flickr8K,94,2048,mblur5,robust,1.0,2.2991,2.2741,4.5731
Flickr8K,94,2048,mblur7,robust,0.92041,2.2991,2.2716,4.5707
Flickr8K,95,2048,clean,robust,1.0,2.2938,2.2689,4.5627
Flickr8K,95,2048,png,robust,1.0,2.2938,2.2742,4.568
Flickr8K,95,2048,jpeg90,robust,1.0,2.2938,2.2659,4.5597
Flickr8K,95,2048,jpeg70,robust,1.0,2.2938,2.2744,4.5682
Flickr8K,95,2048,jpeg50,robust,1.0,2.2938,2.2721,4.5659
Flickr8K,95,2048,resize0.5,robust,1.0,2.2938,2.2692,4.5631
Flickr8K,95,2048,resize0.75,robust,1.0,2.2938,2.2681,4.562
Flickr8K,95,2048,resize1.25,robust,1.0,2.2938,2.2729,4.5667
Flickr8K,95,2048,resize1.5,robust,1.0,2.2938,2.2742,4.5681
Flickr8K,95,2048,gnoise01,robust,1.0,2.2938,2.2694,4.5632
Flickr8K,95,2048,gnoise05,robust,0.913086,2.2938,2.2701,4.5639
Flickr8K,95,2048,gnoise10,robust,0.846191,2.2938,2.2645,4.5584
Flickr8K,95,2048,gblur3,robust,1.0,2.2938,2.2683,4.5622
Flickr8K,95,2048,gblur5,robust,1.0,2.2938,2.2732,4.5671
Flickr8K,95,2048,gblur7,robust,0.875977,2.2938,2.2804,4.5742
Flickr8K,95,2048,mblur3,robust,1.0,2.2938,2.268,4.5619
Flickr8K,95,2048,mblur5,robust,1.0,2.2938,2.2679,4.5617
Flickr8K,95,2048,mblur7,robust,0.900879,2.2938,2.2672,4.5611
Flickr8K,96,2048,clean,robust,1.0,2.2937,2.2676,4.5613
Flickr8K,96,2048,png,robust,1.0,2.2937,2.2699,4.5637
Flickr8K,96,2048,jpeg90,robust,1.0,2.2937,2.2677,4.5615
Flickr8K,96,2048,jpeg70,robust,1.0,2.2937,2.2668,4.5605
Flickr8K,96,2048,jpeg50,robust,0.929688,2.2937,2.2653,4.559
Flickr8K,96,2048,resize0.5,robust,1.0,2.2937,2.2694,4.5631
Flickr8K,96,2048,resize0.75,robust,1.0,2.2937,2.2687,4.5625
Flickr8K,96,2048,resize1.25,robust,1.0,2.2937,2.271,4.5647
Flickr8K,96,2048,resize1.5,robust,1.0,2.2937,2.2667,4.5604
Flickr8K,96,2048,gnoise01,robust,1.0,2.2937,2.2742,4.568
Flickr8K,96,2048,gnoise05,robust,0.876953,2.2937,2.2671,4.5608
Flickr8K,96,2048,gnoise10,robust,0.780273,2.2937,2.2659,4.5596
Flickr8K,96,2048,gblur3,robust,1.0,2.2937,2.2768,4.5706
Flickr8K,96,2048,gblur5,robust,0.928711,2.2937,2.2774,4.5711
Flickr8K,96,2048,gblur7,robust,0.877441,2.2937,2.2788,4.5725
Flickr8K,96,2048,mblur3,robust,1.0,2.2937,2.2818,4.5755
Flickr8K,96,2048,mblur5,robust,1.0,2.2937,2.2738,4.5675
Flickr8K,96,2048,mblur7,robust,0.900391,2.2937,2.2773,4.571
Flickr8K,97,2048,clean,robust,1.0,2.2921,2.2695,4.5616
Flickr8K,97,2048,png,robust,1.0,2.2921,2.2665,4.5586
Flickr8K,97,2048,jpeg90,robust,1.0,2.2921,2.2682,4.5603
Flickr8K,97,2048,jpeg70,robust,1.0,2.2921,2.2683,4.5604
Flickr8K,97,2048,jpeg50,robust,1.0,2.2921,2.2731,4.5652
Flickr8K,97,2048,resize0.5,robust,1.0,2.2921,2.2739,4.566
Flickr8K,97,2048,resize0.75,robust,1.0,2.2921,2.2672,4.5593
Flickr8K,97,2048,resize1.25,robust,1.0,2.2921,2.2661,4.5582
Flickr8K,97,2048,resize1.5,robust,1.0,2.2921,2.2661,4.5582
Flickr8K,97,2048,gnoise01,robust,1.0,2.2921,2.2654,4.5575
Flickr8K,97,2048,gnoise05,robust,0.866211,2.2921,2.269,4.5611
Flickr8K,97,2048,gnoise10,robust,0.743164,2.2921,2.2679,4.56
Flickr8K,97,2048,gblur3,robust,1.0,2.2921,2.2648,4.5569
Flickr8K,97,2048,gblur5,robust,0.928223,2.2921,2.267,4.5591
Flickr8K,97,2048,gblur7,robust,0.880859,2.2921,2.2671,4.5592
Flickr8K,97,2048,mblur3,robust,1.0,2.2921,2.2707,4.5628
Flickr8K,97,2048,mblur5,robust,0.919434,2.2921,2.2764,4.5685
Flickr8K,97,2048,mblur7,robust,0.878906,2.2921,2.2691,4.5612
Flickr8K,98,2048,clean,robust,1.0,2.2915,2.267,4.5585
Flickr8K,98,2048,png,robust,1.0,2.2915,2.2682,4.5597
Flickr8K,98,2048,jpeg90,robust,1.0,2.2915,2.2721,4.5636
Flickr8K,98,2048,jpeg70,robust,0.884277,2.2915,2.2726,4.5642
Flickr8K,98,2048,jpeg50,robust,0.847168,2.2915,2.2684,4.56
Flickr8K,98,2048,resize0.5,robust,0.927246,2.2915,2.2754,4.567
Flickr8K,98,2048,resize0.75,robust,1.0,2.2915,2.2682,4.5597
Flickr8K,98,2048,resize1.25,robust,1.0,2.2915,2.2732,4.5647
Flickr8K,98,2048,resize1.5,robust,1.0,2.2915,2.2712,4.5627
Flickr8K,98,2048,gnoise01,robust,1.0,2.2915,2.2704,4.5619
Flickr8K,98,2048,gnoise05,robust,0.780762,2.2915,2.2757,4.5672
Flickr8K,98,2048,gnoise10,robust,0.66748,2.2915,2.2658,4.5573
Flickr8K,98,2048,gblur3,robust,1.0,2.2915,2.2669,4.5584
Flickr8K,98,2048,gblur5,robust,0.896484,2.2915,2.2664,4.5579
Flickr8K,98,2048,gblur7,robust,0.842773,2.2915,2.2694,4.561
Flickr8K,98,2048,mblur3,robust,0.930664,2.2915,2.2691,4.5606
Flickr8K,98,2048,mblur5,robust,0.880859,2.2915,2.2675,4.559
Flickr8K,98,2048,mblur7,robust,0.839355,2.2915,2.2653,4.5569
Flickr8K,99,2048,clean,robust,1.0,2.3006,2.265,4.5656
Flickr8K,99,2048,png,robust,1.0,2.3006,2.27,4.5706
Flickr8K,99,2048,jpeg90,robust,1.0,2.3006,2.2656,4.5662
Flickr8K,99,2048,jpeg70,robust,0.919434,2.3006,2.2647,4.5653
Flickr8K,99,2048,jpeg50,robust,0.893066,2.3006,2.2644,4.565
Flickr8K,99,2048,resize0.5,robust,1.0,2.3006,2.2655,4.5661
Flickr8K,99,2048,resize0.75,robust,1.0,2.3006,2.2688,4.5694
Flickr8K,99,2048,resize1.25,robust,1.0,2.3006,2.2697,4.5703
Flickr8K,99,2048,resize1.5,robust,1.0,2.3006,2.2659,4.5665
Flickr8K,99,2048,gnoise01,robust,1.0,2.3006,2.2655,4.5661
Flickr8K,99,2048,gnoise05,robust,0.853516,2.3006,2.2649,4.5655
Flickr8K,99,2048,gnoise10,robust,0.789551,2.3006,2.2719,4.5725
Flickr8K,99,2048,gblur3,robust,1.0,2.3006,2.2753,4.5759
Flickr8K,99,2048,gblur5,robust,0.917969,2.3006,2.2741,4.5747
Flickr8K,99,2048,gblur7,robust,0.866699,2.3006,2.2638,4.5644
Flickr8K,99,2048,mblur3,robust,1.0,2.3006,2.2682,4.5688
Flickr8K,99,2048,mblur5,robust,0.918457,2.3006,2.2658,4.5664
Flickr8K,99,2048,mblur7,robust,0.874023,2.3006,2.2725,4.5731
Flickr8K,0,4096,clean,robust,1.0,2.296,2.2732,4.5692
Flickr8K,0,4096,png,robust,1.0,2.296,2.2709,4.5669
Flickr8K,0,4096,jpeg90,robust,1.0,2.296,2.2733,4.5693
Flickr8K,0,4096,jpeg70,robust,1.0,2.296,2.2716,4.5676
Flickr8K,0,4096,jpeg50,robust,0.703613,2.296,2.2672,4.5632
Flickr8K,0,4096,resize0.5,robust,1.0,2.296,2.2747,4.5707
Flickr8K,0,4096,resize0.75,robust,1.0,2.296,2.2733,4.5693
Flickr8K,0,4096,resize1.25,robust,1.0,2.296,2.2738,4.5697
Flickr8K,0,4096,resize1.5,robust,1.0,2.296,2.2702,4.5662
Flickr8K,0,4096,gnoise01,robust,1.0,2.296,2.2686,4.5646
Flickr8K,0,4096,gnoise05,robust,0.681396,2.296,2.2702,4.5662
Flickr8K,0,4096,gnoise10,robust,0.623535,2.296,2.2677,4.5637
Flickr8K,0,4096,gblur3,robust,1.0,2.296,2.2709,4.5669
Flickr8K,0,4096,gblur5,robust,0.700928,2.296,2.2654,4.5614
Flickr8K,0,4096,gblur7,robust,0.666016,2.296,2.2684,4.5644
Flickr8K,0,4096,mblur3,robust,1.0,2.296,2.2766,4.5726
Flickr8K,0,4096,mblur5,robust,0.70874,2.296,2.2682,4.5642
Flickr8K,0,4096,mblur7,robust,0.675293,2.296,2.2689,4.5649
Flickr8K,1,4096,clean,robust,1.0,2.2956,2.2728,4.5684
Flickr8K,1,4096,png,robust,1.0,2.2956,2.2752,4.5708
Flickr8K,1,4096,jpeg90,robust,1.0,2.2956,2.2811,4.5766
Flickr8K,1,4096,jpeg70,robust,0.713135,2.2956,2.2714,4.567
Flickr8K,1,4096,jpeg50,robust,0.710205,2.2956,2.2668,4.5623
Flickr8K,1,4096,resize0.5,robust,1.0,2.2956,2.2726,4.5682
Flickr8K,1,4096,resize0.75,robust,1.0,2.2956,2.2665,4.5621
Flickr8K,1,4096,resize1.25,robust,1.0,2.2956,2.2681,4.5636
Flickr8K,1,4096,resize1.5,robust,1.0,2.2956,2.2735,4.5691
Flickr8K,1,4096,gnoise01,robust,1.0,2.2956,2.2756,4.5712
Flickr8K,1,4096,gnoise05,robust,0.681885,2.2956,2.2664,4.5619
Flickr8K,1,4096,gnoise10,robust,0.644287,2.2956,2.2632,4.5587
Flickr8K,1,4096,gblur3,robust,1.0,2.2956,2.2699,4.5655
Flickr8K,1,4096,gblur5,robust,0.69873,2.2956,2.2697,4.5653
Flickr8K,1,4096,gblur7,robust,0.64917,2.2956,2.2714,4.567
Flickr8K,1,4096,mblur3,robust,1.0,2.2956,2.2702,4.5657
Flickr8K,1,4096,mblur5,robust,0.704102,2.2956,2.266,4.5616
Flickr8K,1,4096,mblur7,robust,0.677246,2.2956,2.2683,4.5639
Flickr8K,2,4096,clean,robust,1.0,2.2961,2.2728,4.5689
Flickr8K,2,4096,png,robust,1.0,2.2961,2.2741,4.5702
Flickr8K,2,4096,jpeg90,robust,1.0,2.2961,2.2709,4.567
Flickr8K,2,4096,jpeg70,robust,0.707275,2.2961,2.2695,4.5656
Flickr8K,2,4096,jpeg50,robust,0.704346,2.2961,2.2669,4.563
Flickr8K,2,4096,resize0.5,robust,1.0,2.2961,2.2711,4.5672
Flickr8K,2,4096,resize0.75,robust,1.0,2.2961,2.2774,4.5735
Flickr8K,2,4096,resize1.25,robust,1.0,2.2961,2.2729,4.569
Flickr8K,2,4096,resize1.5,robust,1.0,2.2961,2.2691,4.5652
Flickr8K,2,4096,gnoise01,robust,1.0,2.2961,2.2676,4.5637
Flickr8K,2,4096,gnoise05,robust,0.703613,2.2961,2.2746,4.5707
Flickr8K,2,4096,gnoise10,robust,0.682861,2.2961,2.2707,4.5668
Flickr8K,2,4096,gblur3,robust,1.0,2.2961,2.2808,4.5769
Flickr8K,2,4096,gblur5,robust,0.691406,2.2961,2.2659,4.562
Flickr8K,2,4096,gblur7,robust,0.6604,2.2961,2.2672,4.5633
Flickr8K,2,4096,mblur3,robust,1.0,2.2961,2.2731,4.5692
Flickr8K,2,4096,mblur5,robust,0.698242,2.2961,2.2657,4.5618
Flickr8K,2,4096,mblur7,robust,0.679199,2.2961,2.2756,4.5717
Flickr8K,3,4096,clean,robust,1.0,2.2946,2.2723,4.5669
Flickr8K,3,4096,png,robust,1.0,2.2946,2.2744,4.569
Flickr8K,3,4096,jpeg90,robust,1.0,2.2946,2.2705,4.5652
Flickr8K,3,4096,jpeg70,robust,0.714111,2.2946,2.2654,4.56
Flickr8K,3,4096,jpeg50,robust,0.709961,2.2946,2.269,4.5636
Flickr8K,3,4096,resize0.5,robust,0.715332,2.2946,2.2689,4.5635
Flickr8K,3,4096,resize0.75,robust,1.0,2.2946,2.2724,4.567
Flickr8K,3,4096,resize1.25,robust,1.0,2.2946,2.2719,4.5665
Flickr8K,3,4096,resize1.5,robust,1.0,2.2946,2.2726,4.5672
Flickr8K,3,4096,gnoise01,robust,1.0,2.2946,2.2753,4.5699
Flickr8K,3,4096,gnoise05,robust,0.705811,2.2946,2.2741,4.5688
Flickr8K,3,4096,gnoise10,robust,0.687012,2.2946,2.2694,4.564
Flickr8K,3,4096,gblur3,robust,0.715576,2.2946,2.2689,4.5635
Flickr8K,3,4096,gblur5,robust,0.693604,2.2946,2.2647,4.5594
Flickr8K,3,4096,gblur7,robust,0.666016,2.2946,2.2642,4.5588
Flickr8K,3,4096,mblur3,robust,0.715576,2.2946,2.272,4.5666
Flickr8K,3,4096,mblur5,robust,0.705078,2.2946,2.2687,4.5633
Flickr8K,3,4096,mblur7,robust,0.674805,2.2946,2.2767,4.5714
Flickr8K,4,4096,clean,robust,1.0,2.2988,2.2775,4.5763
Flickr8K,4,4096,png,robust,1.0,2.2988,2.2714,4.5702
Flickr8K,4,4096,jpeg90,robust,1.0,2.2988,2.2778,4.5766
Flickr8K,4,4096,jpeg70,robust,0.719482,2.2988,2.2699,4.5687
Flickr8K,4,4096,jpeg50,robust,0.713379,2.2988,2.2685,4.5673
Flickr8K,4,4096,resize0.5,robust,0.717285,2.2988,2.2669,4.5657
Flickr8K,4,4096,resize0.75,robust,1.0,2.2988,2.2733,4.5721
Flickr8K,4,4096,resize1.25,robust,1.0,2.2988,2.2777,4.5765
Flickr8K,4,4096,resize1.5,robust,1.0,2.2988,2.2772,4.576
Flickr8K,4,4096,gnoise01,robust,1.0,2.2988,2.2713,4.5701
Flickr8K,4,4096,gnoise05,robust,0.70752,2.2988,2.2641,4.5629
Flickr8K,4,4096,gnoise10,robust,0.689209,2.2988,2.2661,4.5649
Flickr8K,4,4096,gblur3,robust,1.0,2.2988,2.2711,4.5699
Flickr8K,4,4096,gblur5,robust,0.704346,2.2988,2.2739,4.5727
Flickr8K,4,4096,gblur7,robust,0.679932,2.2988,2.2683,4.5671
Flickr8K,4,4096,mblur3,robust,0.716309,2.2988,2.2653,4.5641
Flickr8K,4,4096,mblur5,robust,0.710449,2.2988,2.2669,4.5657
Flickr8K,4,4096,mblur7,robust,0.686768,2.2988,2.2655,4.5643
Flickr8K,5,4096,clean,robust,1.0,2.3012,2.2722,4.5734
Flickr8K,5,4096,png,robust,1.0,2.3012,2.2698,4.571
Flickr8K,5,4096,jpeg90,robust,1.0,2.3012,2.2693,4.5705
Flickr8K,5,4096,jpeg70,robust,1.0,2.3012,2.2684,4.5696
Flickr8K,5,4096,jpeg50,robust,1.0,2.3012,2.2676,4.5688
Flickr8K,5,4096,resize0.5,robust,1.0,2.3012,2.2649,4.5661
Flickr8K,5,4096,resize0.75,robust,1.0,2.3012,2.2728,4.574
Flickr8K,5,4096,resize1.25,robust,1.0,2.3012,2.2761,4.5773
Flickr8K,5,4096,resize1.5,robust,1.0,2.3012,2.2715,4.5727
Flickr8K,5,4096,gnoise01,robust,1.0,2.3012,2.2671,4.5683
Flickr8K,5,4096,gnoise05,robust,1.0,2.3012,2.2715,4.5727
Flickr8K,5,4096,gnoise10,robust,0.692871,2.3012,2.2724,4.5737
Flickr8K,5,4096,gblur3,robust,1.0,2.3012,2.2714,4.5726
Flickr8K,5,4096,gblur5,robust,1.0,2.3012,2.2729,4.5741
Flickr8K,5,4096,gblur7,robust,0.695557,2.3012,2.2653,4.5665
Flickr8K,5,4096,mblur3,robust,1.0,2.3012,2.2706,4.5718
Flickr8K,5,4096,mblur5,robust,1.0,2.3012,2.2784,4.5796
Flickr8K,5,4096,mblur7,robust,0.706787,2.3012,2.2739,4.5751
Flickr8K,6,4096,clean,robust,1.0,2.2982,2.2682,4.5664
Flickr8K,6,4096,png,robust,1.0,2.2982,2.2683,4.5665
Flickr8K,6,4096,jpeg90,robust,1.0,2.2982,2.2728,4.571
Flickr8K,6,4096,jpeg70,robust,1.0,2.2982,2.271,4.5693
Flickr8K,6,4096,jpeg50,robust,0.715332,2.2982,2.2706,4.5688
Flickr8K,6,4096,resize0.5,robust,1.0,2.2982,2.2735,4.5718
Flickr8K,6,4096,resize0.75,robust,1.0,2.2982,2.2682,4.5664
Flickr8K,6,4096,resize1.25,robust,1.0,2.2982,2.268,4.5662
Flickr8K,6,4096,resize1.5,robust,1.0,2.2982,2.2693,4.5675
Flickr8K,6,4096,gnoise01,robust,1.0,2.2982,2.2708,4.5691
Flickr8K,6,4096,gnoise05,robust,0.700439,2.2982,2.2726,4.5708
Flickr8K,6,4096,gnoise10,robust,0.656738,2.2982,2.2666,4.5648
Flickr8K,6,4096,gblur3,robust,1.0,2.2982,2.2768,4.575
Flickr8K,6,4096,gblur5,robust,0.71167,2.2982,2.2678,4.566
Flickr8K,6,4096,gblur7,robust,0.668701,2.2982,2.2682,4.5664
Flickr8K,6,4096,mblur3,robust,1.0,2.2982,2.286,4.5842
Flickr8K,6,4096,mblur5,robust,0.715332,2.2982,2.2684,4.5666
Flickr8K,6,4096,mblur7,robust,0.696289,2.2982,2.2678,4.566
Flickr8K,7,4096,clean,robust,1.0,2.2991,2.2694,4.5685
Flickr8K,7,4096,png,robust,1.0,2.2991,2.2688,4.5679
Flickr8K,7,4096,jpeg90,robust,1.0,2.2991,2.2738,4.5729
Flickr8K,7,4096,jpeg70,robust,1.0,2.2991,2.2731,4.5721
Flickr8K,7,4096,jpeg50,robust,0.720459,2.2991,2.2688,4.5679
Flickr8K,7,4096,resize0.5,robust,1.0,2.2991,2.2705,4.5696
Flickr8K,7,4096,resize0.75,robust,1.0,2.2991,2.2688,4.5679
Flickr8K,7,4096,resize1.25,robust,1.0,2.2991,2.2757,4.5747
Flickr8K,7,4096,resize1.5,robust,1.0,2.2991,2.2766,4.5756
Flickr8K,7,4096,gnoise01,robust,1.0,2.2991,2.2722,4.5712
Flickr8K,7,4096,gnoise05,robust,0.706787,2.2991,2.2664,4.5654
Flickr8K,7,4096,gnoise10,robust,0.63623,2.2991,2.2654,4.5644
Flickr8K,7,4096,gblur3,robust,1.0,2.2991,2.2687,4.5677
Flickr8K,7,4096,gblur5,robust,0.713135,2.2991,2.2712,4.5703
Flickr8K,7,4096,gblur7,robust,0.683838,2.2991,2.2679,4.567
Flickr8K,7,4096,mblur3,robust,1.0,2.2991,2.2706,4.5696
Flickr8K,7,4096,mblur5,robust,0.701172,2.2991,2.2654,4.5645
Flickr8K,7,4096,mblur7,robust,0.670898,2.2991,2.2675,4.5665
Flickr8K,8,4096,clean,robust,1.0,2.2967,2.2721,4.5689
Flickr8K,8,4096,png,robust,1.0,2.2967,2.2711,4.5678
Flickr8K,8,4096,jpeg90,robust,1.0,2.2967,2.268,4.5647
Flickr8K,8,4096,jpeg70,robust,1.0,2.2967,2.2714,4.5682
Flickr8K,8,4096,jpeg50,robust,0.711426,2.2967,2.273,4.5697
Flickr8K,8,4096,resize0.5,robust,1.0,2.2967,2.2791,4.5758
Flickr8K,8,4096,resize0.75,robust,1.0,2.2967,2.2733,4.57
Flickr8K,8,4096,resize1.25,robust,1.0,2.2967,2.266,4.5628
Flickr8K,8,4096,resize1.5,robust,1.0,2.2967,2.2674,4.5641
Flickr8K,8,4096,gnoise01,robust,1.0,2.2967,2.2683,4.565
Flickr8K,8,4096,gnoise05,robust,0.692627,2.2967,2.2649,4.5617
Flickr8K,8,4096,gnoise10,robust,0.653564,2.2967,2.2697,4.5665
Flickr8K,8,4096,gblur3,robust,1.0,2.2967,2.2702,4.5669
Flickr8K,8,4096,gblur5,robust,0.70459,2.2967,2.2647,4.5614
Flickr8K,8,4096,gblur7,robust,0.678467,2.2967,2.2658,4.5625
Flickr8K,8,4096,mblur3,robust,1.0,2.2967,2.273,4.5697
Flickr8K,8,4096,mblur5,robust,0.707275,2.2967,2.2686,4.5653
Flickr8K,8,4096,mblur7,robust,0.686523,2.2967,2.2701,4.5668
Flickr8K,9,4096,clean,robust,1.0,2.2964,2.268,4.5644
Flickr8K,9,4096,png,robust,1.0,2.2964,2.2686,4.565
Flickr8K,9,4096,jpeg90,robust,1.0,2.2964,2.2685,4.5649
Flickr8K,9,4096,jpeg70,robust,1.0,2.2964,2.2746,4.571
Flickr8K,9,4096,jpeg50,robust,0.70874,2.2964,2.2705,4.5669
Flickr8K,9,4096,resize0.5,robust,1.0,2.2964,2.2696,4.566
Flickr8K,9,4096,resize0.75,robust,1.0,2.2964,2.2671,4.5635
Flickr8K,9,4096,resize1.25,robust,1.0,2.2964,2.2677,4.5641
Flickr8K,9,4096,resize1.5,robust,1.0,2.2964,2.268,4.5644
Flickr8K,9,4096,gnoise01,robust,1.0,2.2964,2.2736,4.57
Flickr8K,9,4096,gnoise05,robust,0.682373,2.2964,2.2691,4.5655
Flickr8K,9,4096,gnoise10,robust,0.636475,2.2964,2.2663,4.5627
Flickr8K,9,4096,gblur3,robust,1.0,2.2964,2.2773,4.5737
Flickr8K,9,4096,gblur5,robust,0.705078,2.2964,2.2703,4.5667
Flickr8K,9,4096,gblur7,robust,0.677246,2.2964,2.2705,4.5669
Flickr8K,9,4096,mblur3,robust,1.0,2.2964,2.2828,4.5792
Flickr8K,9,4096,mblur5,robust,0.712158,2.2964,2.2695,4.5659
Flickr8K,9,4096,mblur7,robust,0.699463,2.2964,2.2691,4.5655
Flickr8K,10,4096,clean,robust,1.0,2.3009,2.2721,4.5731
Flickr8K,10,4096,png,robust,1.0,2.3009,2.2706,4.5716
Flickr8K,10,4096,jpeg90,robust,1.0,2.3009,2.2747,4.5757
Flickr8K,10,4096,jpeg70,robust,0.713867,2.3009,2.2653,4.5662
Flickr8K,10,4096,jpeg50,robust,0.698486,2.3009,2.268,4.5689
Flickr8K,10,4096,resize0.5,robust,0.708008,2.3009,2.265,4.5659
Flickr8K,10,4096,resize0.75,robust,1.0,2.3009,2.2718,4.5728
Flickr8K,10,4096,resize1.25,robust,1.0,2.3009,2.2769,4.5778
Flickr8K,10,4096,resize1.5,robust,1.0,2.3009,2.2735,4.5744
Flickr8K,10,4096,gnoise01,robust,1.0,2.3009,2.2687,4.5697
Flickr8K,10,4096,gnoise05,robust,0.706299,2.3009,2.2648,4.5657
Flickr8K,10,4096,gnoise10,robust,0.676514,2.3009,2.2661,4.5671
Flickr8K,10,4096,gblur3,robust,0.712402,2.3009,2.2708,4.5718
Flickr8K,10,4096,gblur5,robust,0.68457,2.3009,2.2709,4.5718
Flickr8K,10,4096,gblur7,robust,0.653076,2.3009,2.2658,4.5668
Flickr8K,10,4096,mblur3,robust,0.712158,2.3009,2.2654,4.5663
Flickr8K,10,4096,mblur5,robust,0.696289,2.3009,2.2671,4.568
Flickr8K,10,4096,mblur7,robust,0.677734,2.3009,2.2762,4.5771
Flickr8K,11,4096,clean,robust,1.0,2.3014,2.2911,4.5926
Flickr8K,11,4096,png,robust,1.0,2.3014,2.2803,4.5817
Flickr8K,11,4096,jpeg90,robust,0.702881,2.3014,2.2757,4.5771
Flickr8K,11,4096,jpeg70,robust,0.699707,2.3014,2.2675,4.5689
Flickr8K,11,4096,jpeg50,robust,0.685791,2.3014,2.268,4.5694
Flickr8K,11,4096,resize0.5,robust,0.700195,2.3014,2.2699,4.5714
Flickr8K,11,4096,resize0.75,robust,1.0,2.3014,2.2794,4.5808
Flickr8K,11,4096,resize1.25,robust,1.0,2.3014,2.2745,4.5759
Flickr8K,11,4096,resize1.5,robust,1.0,2.3014,2.2778,4.5792
Flickr8K,11,4096,gnoise01,robust,0.702881,2.3014,2.2694,4.5708
Flickr8K,11,4096,gnoise05,robust,0.674316,2.3014,2.2703,4.5718
Flickr8K,11,4096,gnoise10,robust,0.63916,2.3014,2.2721,4.5735
Flickr8K,11,4096,gblur3,robust,0.700439,2.3014,2.2674,4.5688
Flickr8K,11,4096,gblur5,robust,0.683105,2.3014,2.267,4.5684
Flickr8K,11,4096,gblur7,robust,0.645264,2.3014,2.27,4.5714
Flickr8K,11,4096,mblur3,robust,1.0,2.3014,2.274,4.5755
Flickr8K,11,4096,mblur5,robust,0.694824,2.3014,2.2797,4.5811
Flickr8K,11,4096,mblur7,robust,0.677002,2.3014,2.268,4.5694
Flickr8K,12,4096,clean,robust,1.0,2.2955,2.2706,4.5661
Flickr8K,12,4096,png,robust,1.0,2.2955,2.2693,4.5648
Flickr8K,12,4096,jpeg90,robust,1.0,2.2955,2.2702,4.5657
Flickr8K,12,4096,jpeg70,robust,1.0,2.2955,2.2747,4.5702
Flickr8K,12,4096,jpeg50,robust,1.0,2.2955,2.2766,4.5721
Flickr8K,12,4096,resize0.5,robust,1.0,2.2955,2.2669,4.5624
Flickr8K,12,4096,resize0.75,robust,1.0,2.2955,2.2658,4.5613
Flickr8K,12,4096,resize1.25,robust,1.0,2.2955,2.2661,4.5616
Flickr8K,12,4096,resize1.5,robust,1.0,2.2955,2.2664,4.5619
Flickr8K,12,4096,gnoise01,robust,1.0,2.2955,2.274,4.5695
Flickr8K,12,4096,gnoise05,robust,1.0,2.2955,2.2759,4.5714
Flickr8K,12,4096,gnoise10,robust,0.716309,2.2955,2.2649,4.5604
Flickr8K,12,4096,gblur3,robust,1.0,2.2955,2.2661,4.5616
Flickr8K,12,4096,gblur5,robust,0.717773,2.2955,2.2658,4.5613
Flickr8K,12,4096,gblur7,robust,0.70459,2.2955,2.269,4.5645
Flickr8K,12,4096,mblur3,robust,1.0,2.2955,2.2714,4.5669
Flickr8K,12,4096,mblur5,robust,1.0,2.2955,2.2723,4.5678
Flickr8K,12,4096,mblur7,robust,0.712158,2.2955,2.2684,4.5639
Flickr8K,13,4096,clean,robust,1.0,2.295,2.2741,4.5692
Flickr8K,13,4096,png,robust,1.0,2.295,2.2745,4.5695
Flickr8K,13,4096,jpeg90,robust,1.0,2.295,2.28,4.575
Flickr8K,13,4096,jpeg70,robust,0.70166,2.295,2.2747,4.5697
Flickr8K,13,4096,jpeg50,robust,0.700439,2.295,2.2701,4.5652
Flickr8K,13,4096,resize0.5,robust,1.0,2.295,2.2753,4.5704
Flickr8K,13,4096,resize0.75,robust,1.0,2.295,2.2707,4.5657
Flickr8K,13,4096,resize1.25,robust,1.0,2.295,2.2784,4.5734
Flickr8K,13,4096,resize1.5,robust,1.0,2.295,2.2738,4.5688
Flickr8K,13,4096,gnoise01,robust,1.0,2.295,2.2729,4.568
Flickr8K,13,4096,gnoise05,robust,0.68042,2.295,2.2655,4.5605
Flickr8K,13,4096,gnoise10,robust,0.6521,2.295,2.2652,4.5603
Flickr8K,13,4096,gblur3,robust,1.0,2.295,2.2733,4.5683
Flickr8K,13,4096,gblur5,robust,0.704346,2.295,2.272,4.5671
Flickr8K,13,4096,gblur7,robust,0.676514,2.295,2.2659,4.561
Flickr8K,13,4096,mblur3,robust,1.0,2.295,2.2741,4.5692
Flickr8K,13,4096,mblur5,robust,0.70752,2.295,2.2737,4.5688
Flickr8K,13,4096,mblur7,robust,0.695312,2.295,2.2775,4.5726
Flickr8K,14,4096,clean,robust,1.0,2.2974,2.2729,4.5703
Flickr8K,14,4096,png,robust,1.0,2.2974,2.2667,4.5641
Flickr8K,14,4096,jpeg90,robust,1.0,2.2974,2.2655,4.5629
Flickr8K,14,4096,jpeg70,robust,1.0,2.2974,2.2671,4.5645
Flickr8K,14,4096,jpeg50,robust,1.0,2.2974,2.2692,4.5666
Flickr8K,14,4096,resize0.5,robust,1.0,2.2974,2.2695,4.5669
Flickr8K,14,4096,resize0.75,robust,1.0,2.2974,2.2678,4.5652
Flickr8K,14,4096,resize1.25,robust,1.0,2.2974,2.2645,4.562
Flickr8K,14,4096,resize1.5,robust,1.0,2.2974,2.2708,4.5683
Flickr8K,14,4096,gnoise01,robust,1.0,2.2974,2.2685,4.5659
Flickr8K,14,4096,gnoise05,robust,1.0,2.2974,2.274,4.5715
Flickr8K,14,4096,gnoise10,robust,0.711182,2.2974,2.2757,4.5731
Flickr8K,14,4096,gblur3,robust,1.0,2.2974,2.2666,4.564
Flickr8K,14,4096,gblur5,robust,0.713379,2.2974,2.2696,4.5671
Flickr8K,14,4096,gblur7,robust,0.696777,2.2974,2.2662,4.5636
Flickr8K,14,4096,mblur3,robust,1.0,2.2974,2.267,4.5644
Flickr8K,14,4096,mblur5,robust,1.0,2.2974,2.2792,4.5767
Flickr8K,14,4096,mblur7,robust,0.710205,2.2974,2.2651,4.5625
Flickr8K,15,4096,clean,robust,1.0,2.3006,2.2747,4.5753
Flickr8K,15,4096,png,robust,1.0,2.3006,2.2693,4.5699
Flickr8K,15,4096,jpeg90,robust,1.0,2.3006,2.2694,4.57
Flickr8K,15,4096,jpeg70,robust,1.0,2.3006,2.272,4.5726
Flickr8K,15,4096,jpeg50,robust,1.0,2.3006,2.2747,4.5753
Flickr8K,15,4096,resize0.5,robust,1.0,2.3006,2.2695,4.5701
Flickr8K,15,4096,resize0.75,robust,1.0,2.3006,2.2716,4.5722
Flickr8K,15,4096,resize1.25,robust,1.0,2.3006,2.2775,4.5781
Flickr8K,15,4096,resize1.5,robust,1.0,2.3006,2.2693,4.5699
Flickr8K,15,4096,gnoise01,robust,1.0,2.3006,2.2772,4.5778
Flickr8K,15,4096,gnoise05,robust,0.716553,2.3006,2.267,4.5677
Flickr8K,15,4096,gnoise10,robust,0.688965,2.3006,2.2654,4.566
Flickr8K,15,4096,gblur3,robust,1.0,2.3006,2.2689,4.5695
Flickr8K,15,4096,gblur5,robust,0.711426,2.3006,2.2649,4.5655
Flickr8K,15,4096,gblur7,robust,0.677246,2.3006,2.2691,4.5697
Flickr8K,15,4096,mblur3,robust,1.0,2.3006,2.2721,4.5727
Flickr8K,15,4096,mblur5,robust,0.710693,2.3006,2.2644,4.565
Flickr8K,15,4096,mblur7,robust,0.688721,2.3006,2.2648,4.5654
Flickr8K,16,4096,clean,robust,1.0,2.2997,2.2658,4.5654
Flickr8K,16,4096,png,robust,1.0,2.2997,2.274,4.5737
Flickr8K,16,4096,jpeg90,robust,1.0,2.2997,2.2739,4.5736
Flickr8K,16,4096,jpeg70,robust,1.0,2.2997,2.271,4.5706
Flickr8K,16,4096,jpeg50,robust,1.0,2.2997,2.2673,4.5669
Flickr8K,16,4096,resize0.5,robust,1.0,2.2997,2.2664,4.5661
Flickr8K,16,4096,resize0.75,robust,1.0,2.2997,2.268,4.5676
Flickr8K,16,4096,resize1.25,robust,1.0,2.2997,2.275,4.5747
Flickr8K,16,4096,resize1.5,robust,1.0,2.2997,2.2662,4.5659
Flickr8K,16,4096,gnoise01,robust,1.0,2.2997,2.2646,4.5643
Flickr8K,16,4096,gnoise05,robust,1.0,2.2997,2.2703,4.5699
Flickr8K,16,4096,gnoise10,robust,0.695312,2.2997,2.2661,4.5657
Flickr8K,16,4096,gblur3,robust,1.0,2.2997,2.27,4.5696
Flickr8K,16,4096,gblur5,robust,0.716797,2.2997,2.2691,4.5688
Flickr8K,16,4096,gblur7,robust,0.698486,2.2997,2.2688,4.5685
Flickr8K,16,4096,mblur3,robust,1.0,2.2997,2.2727,4.5724
Flickr8K,16,4096,mblur5,robust,1.0,2.2997,2.2725,4.5722
Flickr8K,16,4096,mblur7,robust,0.705811,2.2997,2.2719,4.5716
Flickr8K,17,4096,clean,robust,1.0,2.3001,2.2726,4.5726
Flickr8K,17,4096,png,robust,1.0,2.3001,2.268,4.5681
Flickr8K,17,4096,jpeg90,robust,1.0,2.3001,2.2698,4.5699
Flickr8K,17,4096,jpeg70,robust,1.0,2.3001,2.2718,4.5719
Flickr8K,17,4096,jpeg50,robust,1.0,2.3001,2.2724,4.5725
Flickr8K,17,4096,resize0.5,robust,1.0,2.3001,2.2756,4.5756
Flickr8K,17,4096,resize0.75,robust,1.0,2.3001,2.2686,4.5686
Flickr8K,17,4096,resize1.25,robust,1.0,2.3001,2.2663,4.5664
Flickr8K,17,4096,resize1.5,robust,1.0,2.3001,2.2653,4.5654
Flickr8K,17,4096,gnoise01,robust,1.0,2.3001,2.2653,4.5654
Flickr8K,17,4096,gnoise05,robust,0.708496,2.3001,2.2716,4.5717
Flickr8K,17,4096,gnoise10,robust,0.686279,2.3001,2.272,4.5721
Flickr8K,17,4096,gblur3,robust,1.0,2.3001,2.2738,4.5738
Flickr8K,17,4096,gblur5,robust,0.706787,2.3001,2.2662,4.5663
Flickr8K,17,4096,gblur7,robust,0.680908,2.3001,2.2671,4.5672
Flickr8K,17,4096,mblur3,robust,1.0,2.3001,2.2684,4.5684
Flickr8K,17,4096,mblur5,robust,0.706543,2.3001,2.2698,4.5699
Flickr8K,17,4096,mblur7,robust,0.684082,2.3001,2.2665,4.5666
Flickr8K,18,4096,clean,robust,1.0,2.3029,2.2695,4.5723
Flickr8K,18,4096,png,robust,1.0,2.3029,2.2691,4.5719
Flickr8K,18,4096,jpeg90,robust,1.0,2.3029,2.2673,4.5701
Flickr8K,18,4096,jpeg70,robust,1.0,2.3029,2.2782,4.581
Flickr8K,18,4096,jpeg50,robust,1.0,2.3029,2.2798,4.5826
Flickr8K,18,4096,resize0.5,robust,1.0,2.3029,2.2742,4.577
Flickr8K,18,4096,resize0.75,robust,1.0,2.3029,2.2681,4.5709
Flickr8K,18,4096,resize1.25,robust,1.0,2.3029,2.2672,4.5701
Flickr8K,18,4096,resize1.5,robust,1.0,2.3029,2.2741,4.577
Flickr8K,18,4096,gnoise01,robust,1.0,2.3029,2.2717,4.5746
Flickr8K,18,4096,gnoise05,robust,0.70459,2.3029,2.2645,4.5673
Flickr8K,18,4096,gnoise10,robust,0.668457,2.3029,2.2635,4.5664
Flickr8K,18,4096,gblur3,robust,1.0,2.3029,2.2752,4.5781
Flickr8K,18,4096,gblur5,robust,0.70752,2.3029,2.2659,4.5687
Flickr8K,18,4096,gblur7,robust,0.672607,2.3029,2.2703,4.5732
Flickr8K,18,4096,mblur3,robust,1.0,2.3029,2.2714,4.5743
Flickr8K,18,4096,mblur5,robust,0.707764,2.3029,2.2656,4.5684
Flickr8K,18,4096,mblur7,robust,0.68457,2.3029,2.2646,4.5675
Flickr8K,19,4096,clean,robust,1.0,2.2948,2.2718,4.5666
Flickr8K,19,4096,png,robust,1.0,2.2948,2.2751,4.5699
Flickr8K,19,4096,jpeg90,robust,1.0,2.2948,2.2698,4.5646
Flickr8K,19,4096,jpeg70,robust,1.0,2.2948,2.2698,4.5646
Flickr8K,19,4096,jpeg50,robust,1.0,2.2948,2.2769,4.5716
Flickr8K,19,4096,resize0.5,robust,1.0,2.2948,2.2716,4.5663
Flickr8K,19,4096,resize0.75,robust,1.0,2.2948,2.2781,4.5729
Flickr8K,19,4096,resize1.25,robust,1.0,2.2948,2.2705,4.5653
Flickr8K,19,4096,resize1.5,robust,1.0,2.2948,2.2663,4.5611
Flickr8K,19,4096,gnoise01,robust,1.0,2.2948,2.2664,4.5612
Flickr8K,19,4096,gnoise05,robust,0.719727,2.2948,2.2654,4.5601
Flickr8K,19,4096,gnoise10,robust,0.699707,2.2948,2.2651,4.5598
Flickr8K,19,4096,gblur3,robust,1.0,2.2948,2.2832,4.5779
Flickr8K,19,4096,gblur5,robust,0.714844,2.2948,2.2681,4.5629
Flickr8K,19,4096,gblur7,robust,0.681885,2.2948,2.2651,4.5599
Flickr8K,19,4096,mblur3,robust,1.0,2.2948,2.27,4.5648
Flickr8K,19,4096,mblur5,robust,0.719971,2.2948,2.2666,4.5614
Flickr8K,19,4096,mblur7,robust,0.700439,2.2948,2.2718,4.5666
Flickr8K,20,4096,clean,robust,1.0,2.2974,2.2745,4.5719
Flickr8K,20,4096,png,robust,1.0,2.2974,2.27,4.5674
Flickr8K,20,4096,jpeg90,robust,0.696045,2.2974,2.2664,4.5638
Flickr8K,20,4096,jpeg70,robust,0.65332,2.2974,2.2667,4.5641
Flickr8K,20,4096,jpeg50,robust,0.623535,2.2974,2.2671,4.5645
Flickr8K,20,4096,resize0.5,robust,0.705322,2.2974,2.2723,4.5697
Flickr8K,20,4096,resize0.75,robust,1.0,2.2974,2.2758,4.5732
Flickr8K,20,4096,resize1.25,robust,1.0,2.2974,2.2747,4.5721
Flickr8K,20,4096,resize1.5,robust,1.0,2.2974,2.2767,4.5742
Flickr8K,20,4096,gnoise01,robust,0.685303,2.2974,2.2654,4.5629
Flickr8K,20,4096,gnoise05,robust,0.60498,2.2974,2.271,4.5684
Flickr8K,20,4096,gnoise10,robust,0.568848,2.2974,2.2691,4.5666
Flickr8K,20,4096,gblur3,robust,1.0,2.2974,2.2718,4.5692
Flickr8K,20,4096,gblur5,robust,0.694824,2.2974,2.2676,4.565
Flickr8K,20,4096,gblur7,robust,0.650635,2.2974,2.2668,4.5643
Flickr8K,20,4096,mblur3,robust,1.0,2.2974,2.2765,4.5739
Flickr8K,20,4096,mblur5,robust,0.697754,2.2974,2.2722,4.5696
Flickr8K,20,4096,mblur7,robust,0.671631,2.2974,2.2681,4.5655
Flickr8K,21,4096,clean,robust,1.0,2.3036,2.27,4.5736
Flickr8K,21,4096,png,robust,1.0,2.3036,2.269,4.5726
Flickr8K,21,4096,jpeg90,robust,1.0,2.3036,2.2776,4.5812
Flickr8K,21,4096,jpeg70,robust,1.0,2.3036,2.2782,4.5819
Flickr8K,21,4096,jpeg50,robust,0.700928,2.3036,2.2689,4.5725
Flickr8K,21,4096,resize0.5,robust,1.0,2.3036,2.2679,4.5716
Flickr8K,21,4096,resize0.75,robust,1.0,2.3036,2.2685,4.5722
Flickr8K,21,4096,resize1.25,robust,1.0,2.3036,2.2659,4.5695
Flickr8K,21,4096,resize1.5,robust,1.0,2.3036,2.2776,4.5812
Flickr8K,21,4096,gnoise01,robust,1.0,2.3036,2.2703,4.574
Flickr8K,21,4096,gnoise05,robust,0.690186,2.3036,2.2694,4.573
Flickr8K,21,4096,gnoise10,robust,0.650146,2.3036,2.268,4.5716
Flickr8K,21,4096,gblur3,robust,1.0,2.3036,2.2752,4.5789
Flickr8K,21,4096,gblur5,robust,0.703369,2.3036,2.2663,4.5699
Flickr8K,21,4096,gblur7,robust,0.680908,2.3036,2.2719,4.5755
Flickr8K,21,4096,mblur3,robust,1.0,2.3036,2.2686,4.5722
Flickr8K,21,4096,mblur5,robust,1.0,2.3036,2.2718,4.5754
Flickr8K,21,4096,mblur7,robust,0.693848,2.3036,2.2672,4.5709
Flickr8K,22,4096,clean,robust,1.0,2.2988,2.2759,4.5747
Flickr8K,22,4096,png,robust,1.0,2.2988,2.2799,4.5787
Flickr8K,22,4096,jpeg90,robust,0.706299,2.2988,2.267,4.5658
Flickr8K,22,4096,jpeg70,robust,0.679688,2.2988,2.2641,4.5629
Flickr8K,22,4096,jpeg50,robust,0.649414,2.2988,2.2703,4.5691
Flickr8K,22,4096,resize0.5,robust,0.704102,2.2988,2.2663,4.5651
Flickr8K,22,4096,resize0.75,robust,1.0,2.2988,2.2779,4.5767
Flickr8K,22,4096,resize1.25,robust,1.0,2.2988,2.2765,4.5753
Flickr8K,22,4096,resize1.5,robust,1.0,2.2988,2.2739,4.5727
Flickr8K,22,4096,gnoise01,robust,0.695068,2.2988,2.274,4.5728
Flickr8K,22,4096,gnoise05,robust,0.621826,2.2988,2.2694,4.5683
Flickr8K,22,4096,gnoise10,robust,0.589111,2.2988,2.2682,4.567
Flickr8K,22,4096,gblur3,robust,0.706787,2.2988,2.2733,4.5721
Flickr8K,22,4096,gblur5,robust,0.691162,2.2988,2.2661,4.565
Flickr8K,22,4096,gblur7,robust,0.645752,2.2988,2.2681,4.5669
Flickr8K,22,4096,mblur3,robust,1.0,2.2988,2.2757,4.5745
Flickr8K,22,4096,mblur5,robust,0.700928,2.2988,2.2662,4.565
Flickr8K,22,4096,mblur7,robust,0.687012,2.2988,2.2708,4.5696
Flickr8K,23,4096,clean,robust,1.0,2.2953,2.2739,4.5692
Flickr8K,23,4096,png,robust,1.0,2.2953,2.2676,4.5629
Flickr8K,23,4096,jpeg90,robust,1.0,2.2953,2.2675,4.5628
Flickr8K,23,4096,jpeg70,robust,1.0,2.2953,2.2711,4.5664
Flickr8K,23,4096,jpeg50,robust,1.0,2.2953,2.2827,4.578
Flickr8K,23,4096,resize0.5,robust,1.0,2.2953,2.2751,4.5704
Flickr8K,23,4096,resize0.75,robust,1.0,2.2953,2.2687,4.564
Flickr8K,23,4096,resize1.25,robust,1.0,2.2953,2.2701,4.5654
Flickr8K,23,4096,resize1.5,robust,1.0,2.2953,2.2691,4.5644
Flickr8K,23,4096,gnoise01,robust,1.0,2.2953,2.2687,4.564
Flickr8K,23,4096,gnoise05,robust,0.70874,2.2953,2.2749,4.5702
Flickr8K,23,4096,gnoise10,robust,0.662354,2.2953,2.2727,4.568
Flickr8K,23,4096,gblur3,robust,1.0,2.2953,2.2669,4.5622
Flickr8K,23,4096,gblur5,robust,0.712402,2.2953,2.2643,4.5596
Flickr8K,23,4096,gblur7,robust,0.673828,2.2953,2.2647,4.56
Flickr8K,23,4096,mblur3,robust,1.0,2.2953,2.2711,4.5664
Flickr8K,23,4096,mblur5,robust,0.717529,2.2953,2.2745,4.5698
Flickr8K,23,4096,mblur7,robust,0.700439,2.2953,2.276,4.5712
Flickr8K,24,4096,clean,robust,1.0,2.2956,2.2734,4.569
Flickr8K,24,4096,png,robust,1.0,2.2956,2.2701,4.5657
Flickr8K,24,4096,jpeg90,robust,1.0,2.2956,2.2773,4.5729
Flickr8K,24,4096,jpeg70,robust,0.712891,2.2956,2.273,4.5686
Flickr8K,24,4096,jpeg50,robust,0.709473,2.2956,2.2662,4.5618
Flickr8K,24,4096,resize0.5,robust,1.0,2.2956,2.2721,4.5677
Flickr8K,24,4096,resize0.75,robust,1.0,2.2956,2.2708,4.5664
Flickr8K,24,4096,resize1.25,robust,1.0,2.2956,2.2691,4.5647
Flickr8K,24,4096,resize1.5,robust,1.0,2.2956,2.275,4.5706
Flickr8K,24,4096,gnoise01,robust,1.0,2.2956,2.2764,4.572
Flickr8K,24,4096,gnoise05,robust,0.699707,2.2956,2.2679,4.5634
Flickr8K,24,4096,gnoise10,robust,0.651367,2.2956,2.2644,4.56
Flickr8K,24,4096,gblur3,robust,1.0,2.2956,2.2712,4.5668
Flickr8K,24,4096,gblur5,robust,0.698486,2.2956,2.2682,4.5638
Flickr8K,24,4096,gblur7,robust,0.666016,2.2956,2.2729,4.5685
Flickr8K,24,4096,mblur3,robust,1.0,2.2956,2.2803,4.5759
Flickr8K,24,4096,mblur5,robust,0.710693,2.2956,2.273,4.5686
Flickr8K,24,4096,mblur7,robust,0.695312,2.2956,2.2702,4.5658
Flickr8K,25,4096,clean,robust,0.710938,2.2948,2.2665,4.5613
Flickr8K,25,4096,png,robust,0.710938,2.2948,2.2708,4.5656
Flickr8K,25,4096,jpeg90,robust,0.706543,2.2948,2.2644,4.5592
Flickr8K,25,4096,jpeg70,robust,0.697998,2.2948,2.2666,4.5614
Flickr8K,25,4096,jpeg50,robust,0.687256,2.2948,2.275,4.5698
Flickr8K,25,4096,resize0.5,robust,0.703125,2.2948,2.2752,4.57
Flickr8K,25,4096,resize0.75,robust,0.707764,2.2948,2.2772,4.572
Flickr8K,25,4096,resize1.25,robust,0.712158,2.2948,2.2776,4.5724
Flickr8K,25,4096,resize1.5,robust,0.713135,2.2948,2.2668,4.5616
Flickr8K,25,4096,gnoise01,robust,0.702393,2.2948,2.2692,4.564
Flickr8K,25,4096,gnoise05,robust,0.690186,2.2948,2.2661,4.5609
Flickr8K,25,4096,gnoise10,robust,0.666504,2.2948,2.2691,4.5639
Flickr8K,25,4096,gblur3,robust,0.699219,2.2948,2.2706,4.5655
Flickr8K,25,4096,gblur5,robust,0.662354,2.2948,2.2658,4.5606
Flickr8K,25,4096,gblur7,robust,0.631592,2.2948,2.2681,4.5629
Flickr8K,25,4096,mblur3,robust,0.701172,2.2948,2.2646,4.5595
Flickr8K,25,4096,mblur5,robust,0.659668,2.2948,2.2665,4.5613
Flickr8K,25,4096,mblur7,robust,0.638428,2.2948,2.2703,4.5651
Flickr8K,26,4096,clean,robust,1.0,2.2983,2.2694,4.5677
Flickr8K,26,4096,png,robust,1.0,2.2983,2.2671,4.5655
Flickr8K,26,4096,jpeg90,robust,1.0,2.2983,2.2696,4.5679
Flickr8K,26,4096,jpeg70,robust,1.0,2.2983,2.2705,4.5688
Flickr8K,26,4096,jpeg50,robust,0.713623,2.2983,2.2671,4.5655
Flickr8K,26,4096,resize0.5,robust,1.0,2.2983,2.274,4.5723
Flickr8K,26,4096,resize0.75,robust,1.0,2.2983,2.2703,4.5686
Flickr8K,26,4096,resize1.25,robust,1.0,2.2983,2.2691,4.5675
Flickr8K,26,4096,resize1.5,robust,1.0,2.2983,2.2717,4.5701
Flickr8K,26,4096,gnoise01,robust,1.0,2.2983,2.2666,4.5649
Flickr8K,26,4096,gnoise05,robust,0.697998,2.2983,2.2716,4.5699
Flickr8K,26,4096,gnoise10,robust,0.648926,2.2983,2.2671,4.5654
Flickr8K,26,4096,gblur3,robust,1.0,2.2983,2.2711,4.5695
Flickr8K,26,4096,gblur5,robust,0.703369,2.2983,2.2655,4.5638
Flickr8K,26,4096,gblur7,robust,0.674072,2.2983,2.2686,4.5669
Flickr8K,26,4096,mblur3,robust,1.0,2.2983,2.2818,4.5802
Flickr8K,26,4096,mblur5,robust,0.703125,2.2983,2.2695,4.5678
Flickr8K,26,4096,mblur7,robust,0.671875,2.2983,2.2665,4.5648
Flickr8K,27,4096,clean,robust,1.0,2.3004,2.267,4.5674
Flickr8K,27,4096,png,robust,1.0,2.3004,2.2671,4.5675
Flickr8K,27,4096,jpeg90,robust,1.0,2.3004,2.2706,4.571
Flickr8K,27,4096,jpeg70,robust,1.0,2.3004,2.2738,4.5742
Flickr8K,27,4096,jpeg50,robust,1.0,2.3004,2.2658,4.5662
Flickr8K,27,4096,resize0.5,robust,1.0,2.3004,2.2656,4.566
Flickr8K,27,4096,resize0.75,robust,1.0,2.3004,2.2664,4.5667
Flickr8K,27,4096,resize1.25,robust,1.0,2.3004,2.2662,4.5666
Flickr8K,27,4096,resize1.5,robust,1.0,2.3004,2.2705,4.5709
Flickr8K,27,4096,gnoise01,robust,1.0,2.3004,2.2693,4.5696
Flickr8K,27,4096,gnoise05,robust,1.0,2.3004,2.274,4.5744
Flickr8K,27,4096,gnoise10,robust,0.725342,2.3004,2.2648,4.5652
Flickr8K,27,4096,gblur3,robust,1.0,2.3004,2.2668,4.5672
Flickr8K,27,4096,gblur5,robust,0.72998,2.3004,2.2675,4.5679
Flickr8K,27,4096,gblur7,robust,0.706299,2.3004,2.2719,4.5723
Flickr8K,27,4096,mblur3,robust,1.0,2.3004,2.2682,4.5686
Flickr8K,27,4096,mblur5,robust,1.0,2.3004,2.2733,4.5736
Flickr8K,27,4096,mblur7,robust,0.71167,2.3004,2.2683,4.5687
Flickr8K,28,4096,clean,robust,1.0,2.295,2.2728,4.5678
Flickr8K,28,4096,png,robust,1.0,2.295,2.2787,4.5737
Flickr8K,28,4096,jpeg90,robust,1.0,2.295,2.2712,4.5663
Flickr8K,28,4096,jpeg70,robust,1.0,2.295,2.271,4.566
Flickr8K,28,4096,jpeg50,robust,0.711426,2.295,2.2756,4.5707
Flickr8K,28,4096,resize0.5,robust,1.0,2.295,2.2717,4.5667
Flickr8K,28,4096,resize0.75,robust,1.0,2.295,2.2779,4.5729
Flickr8K,28,4096,resize1.25,robust,1.0,2.295,2.2714,4.5665
Flickr8K,28,4096,resize1.5,robust,1.0,2.295,2.2701,4.5652
Flickr8K,28,4096,gnoise01,robust,1.0,2.295,2.2689,4.5639
Flickr8K,28,4096,gnoise05,robust,0.708008,2.295,2.2643,4.5593
Flickr8K,28,4096,gnoise10,robust,0.690918,2.295,2.2671,4.5621
Flickr8K,28,4096,gblur3,robust,1.0,2.295,2.2828,4.5779
Flickr8K,28,4096,gblur5,robust,0.697998,2.295,2.2656,4.5607
Flickr8K,28,4096,gblur7,robust,0.667236,2.295,2.2674,4.5624
Flickr8K,28,4096,mblur3,robust,1.0,2.295,2.2704,4.5654
Flickr8K,28,4096,mblur5,robust,0.702148,2.295,2.2658,4.5609
Flickr8K,28,4096,mblur7,robust,0.678955,2.295,2.2724,4.5674
Flickr8K,29,4096,clean,robust,1.0,2.2951,2.2693,4.5644
Flickr8K,29,4096,png,robust,1.0,2.2951,2.2686,4.5636
Flickr8K,29,4096,jpeg90,robust,1.0,2.2951,2.268,4.5631
Flickr8K,29,4096,jpeg70,robust,1.0,2.2951,2.2706,4.5656
Flickr8K,29,4096,jpeg50,robust,1.0,2.2951,2.276,4.571
Flickr8K,29,4096,resize0.5,robust,1.0,2.2951,2.2729,4.568
Flickr8K,29,4096,resize0.75,robust,1.0,2.2951,2.2678,4.5629
Flickr8K,29,4096,resize1.25,robust,1.0,2.2951,2.2678,4.5629
Flickr8K,29,4096,resize1.5,robust,1.0,2.2951,2.2731,4.5682
Flickr8K,29,4096,gnoise01,robust,1.0,2.2951,2.2728,4.5679
Flickr8K,29,4096,gnoise05,robust,1.0,2.2951,2.2787,4.5738
Flickr8K,29,4096,gnoise10,robust,0.71582,2.2951,2.2683,4.5634
Flickr8K,29,4096,gblur3,robust,1.0,2.2951,2.2791,4.5741
Flickr8K,29,4096,gblur5,robust,0.713623,2.2951,2.2645,4.5596
Flickr8K,29,4096,gblur7,robust,0.674072,2.2951,2.265,4.5601
Flickr8K,29,4096,mblur3,robust,1.0,2.2951,2.2735,4.5686
Flickr8K,29,4096,mblur5,robust,1.0,2.2951,2.275,4.5701
Flickr8K,29,4096,mblur7,robust,0.701416,2.2951,2.265,4.56
Flickr8K,30,4096,clean,robust,1.0,2.296,2.2662,4.5622
Flickr8K,30,4096,png,robust,1.0,2.296,2.2686,4.5646
Flickr8K,30,4096,jpeg90,robust,1.0,2.296,2.2737,4.5698
Flickr8K,30,4096,jpeg70,robust,0.721924,2.296,2.2689,4.5649
Flickr8K,30,4096,jpeg50,robust,0.715576,2.296,2.2669,4.563
Flickr8K,30,4096,resize0.5,robust,1.0,2.296,2.2693,4.5653
Flickr8K,30,4096,resize0.75,robust,1.0,2.296,2.2668,4.5628
Flickr8K,30,4096,resize1.25,robust,1.0,2.296,2.2706,4.5666
Flickr8K,30,4096,resize1.5,robust,1.0,2.296,2.2708,4.5668
Flickr8K,30,4096,gnoise01,robust,1.0,2.296,2.2703,4.5664
Flickr8K,30,4096,gnoise05,robust,0.692871,2.296,2.2671,4.5631
Flickr8K,30,4096,gnoise10,robust,0.646729,2.296,2.2671,4.5632
Flickr8K,30,4096,gblur3,robust,1.0,2.296,2.2668,4.5629
Flickr8K,30,4096,gblur5,robust,1.0,2.296,2.2787,4.5747
Flickr8K,30,4096,gblur7,robust,0.697021,2.296,2.2697,4.5657
Flickr8K,30,4096,mblur3,robust,1.0,2.296,2.2663,4.5623
Flickr8K,30,4096,mblur5,robust,1.0,2.296,2.2715,4.5675
Flickr8K,30,4096,mblur7,robust,0.716797,2.296,2.2664,4.5624
Flickr8K,31,4096,clean,robust,1.0,2.2975,2.2708,4.5683
Flickr8K,31,4096,png,robust,1.0,2.2975,2.2755,4.573
Flickr8K,31,4096,jpeg90,robust,1.0,2.2975,2.272,4.5695
Flickr8K,31,4096,jpeg70,robust,1.0,2.2975,2.2658,4.5633
Flickr8K,31,4096,jpeg50,robust,1.0,2.2975,2.2705,4.568
Flickr8K,31,4096,resize0.5,robust,1.0,2.2975,2.2696,4.5671
Flickr8K,31,4096,resize0.75,robust,1.0,2.2975,2.2726,4.5701
Flickr8K,31,4096,resize1.25,robust,1.0,2.2975,2.2687,4.5661
Flickr8K,31,4096,resize1.5,robust,1.0,2.2975,2.2656,4.5631
Flickr8K,31,4096,gnoise01,robust,1.0,2.2975,2.2669,4.5644
Flickr8K,31,4096,gnoise05,robust,0.700439,2.2975,2.2639,4.5614
Flickr8K,31,4096,gnoise10,robust,0.683838,2.2975,2.267,4.5644
Flickr8K,31,4096,gblur3,robust,1.0,2.2975,2.2725,4.57
Flickr8K,31,4096,gblur5,robust,0.704834,2.2975,2.2684,4.5658
Flickr8K,31,4096,gblur7,robust,0.668945,2.2975,2.2641,4.5615
Flickr8K,31,4096,mblur3,robust,1.0,2.2975,2.2718,4.5693
Flickr8K,31,4096,mblur5,robust,0.702393,2.2975,2.2692,4.5667
Flickr8K,31,4096,mblur7,robust,0.676758,2.2975,2.2721,4.5695
Flickr8K,32,4096,clean,robust,1.0,2.3022,2.266,4.5682
Flickr8K,32,4096,png,robust,1.0,2.3022,2.2675,4.5698
Flickr8K,32,4096,jpeg90,robust,1.0,2.3022,2.2692,4.5714
Flickr8K,32,4096,jpeg70,robust,0.708252,2.3022,2.2729,4.5752
Flickr8K,32,4096,jpeg50,robust,0.699463,2.3022,2.2764,4.5786
Flickr8K,32,4096,resize0.5,robust,1.0,2.3022,2.2706,4.5728
Flickr8K,32,4096,resize0.75,robust,1.0,2.3022,2.2695,4.5717
Flickr8K,32,4096,resize1.25,robust,1.0,2.3022,2.2661,4.5683
Flickr8K,32,4096,resize1.5,robust,1.0,2.3022,2.2676,4.5698
Flickr8K,32,4096,gnoise01,robust,1.0,2.3022,2.2819,4.5841
Flickr8K,32,4096,gnoise05,robust,0.678955,2.3022,2.2721,4.5743
Flickr8K,32,4096,gnoise10,robust,0.648682,2.3022,2.2676,4.5699
Flickr8K,32,4096,gblur3,robust,1.0,2.3022,2.2708,4.573
Flickr8K,32,4096,gblur5,robust,0.709717,2.3022,2.27,4.5723
Flickr8K,32,4096,gblur7,robust,0.693359,2.3022,2.2667,4.5689
Flickr8K,32,4096,mblur3,robust,1.0,2.3022,2.2738,4.576
Flickr8K,32,4096,mblur5,robust,1.0,2.3022,2.2743,4.5766
Flickr8K,32,4096,mblur7,robust,0.704346,2.3022,2.2655,4.5677
Flickr8K,33,4096,clean,robust,1.0,2.2958,2.2706,4.5664
Flickr8K,33,4096,png,robust,1.0,2.2958,2.2714,4.5673
Flickr8K,33,4096,jpeg90,robust,1.0,2.2958,2.2767,4.5725
Flickr8K,33,4096,jpeg70,robust,0.710205,2.2958,2.2725,4.5684
Flickr8K,33,4096,jpeg50,robust,0.694092,2.2958,2.2686,4.5645
Flickr8K,33,4096,resize0.5,robust,1.0,2.2958,2.276,4.5718
Flickr8K,33,4096,resize0.75,robust,1.0,2.2958,2.272,4.5679
Flickr8K,33,4096,resize1.25,robust,1.0,2.2958,2.2711,4.567
Flickr8K,33,4096,resize1.5,robust,1.0,2.2958,2.274,4.5698
Flickr8K,33,4096,gnoise01,robust,1.0,2.2958,2.2709,4.5667
Flickr8K,33,4096,gnoise05,robust,0.662109,2.2958,2.2641,4.5599
Flickr8K,33,4096,gnoise10,robust,0.631836,2.2958,2.2655,4.5613
Flickr8K,33,4096,gblur3,robust,0.711914,2.2958,2.2644,4.5602
Flickr8K,33,4096,gblur5,robust,0.698486,2.2958,2.2684,4.5643
Flickr8K,33,4096,gblur7,robust,0.668457,2.2958,2.2702,4.566
Flickr8K,33,4096,mblur3,robust,1.0,2.2958,2.2728,4.5687
Flickr8K,33,4096,mblur5,robust,0.705322,2.2958,2.2687,4.5645
Flickr8K,33,4096,mblur7,robust,0.688232,2.2958,2.2746,4.5704
Flickr8K,34,4096,clean,robust,1.0,2.2956,2.2705,4.5661
Flickr8K,34,4096,png,robust,1.0,2.2956,2.2732,4.5688
Flickr8K,34,4096,jpeg90,robust,1.0,2.2956,2.2676,4.5632
Flickr8K,34,4096,jpeg70,robust,1.0,2.2956,2.2665,4.5621
Flickr8K,34,4096,jpeg50,robust,1.0,2.2956,2.2707,4.5663
Flickr8K,34,4096,resize0.5,robust,1.0,2.2956,2.2696,4.5652
Flickr8K,34,4096,resize0.75,robust,1.0,2.2956,2.2755,4.5711
Flickr8K,34,4096,resize1.25,robust,1.0,2.2956,2.2662,4.5618
Flickr8K,34,4096,resize1.5,robust,1.0,2.2956,2.2671,4.5627
Flickr8K,34,4096,gnoise01,robust,1.0,2.2956,2.265,4.5606
Flickr8K,34,4096,gnoise05,robust,1.0,2.2956,2.2664,4.562
Flickr8K,34,4096,gnoise10,robust,0.704834,2.2956,2.2691,4.5647
Flickr8K,34,4096,gblur3,robust,1.0,2.2956,2.2708,4.5664
Flickr8K,34,4096,gblur5,robust,0.706055,2.2956,2.2653,4.5609
Flickr8K,34,4096,gblur7,robust,0.684082,2.2956,2.2648,4.5604
Flickr8K,34,4096,mblur3,robust,1.0,2.2956,2.2667,4.5623
Flickr8K,34,4096,mblur5,robust,1.0,2.2956,2.2734,4.569
Flickr8K,34,4096,mblur7,robust,0.694336,2.2956,2.2741,4.5697
Flickr8K,35,4096,clean,robust,1.0,2.297,2.2683,4.5654
Flickr8K,35,4096,png,robust,1.0,2.297,2.2724,4.5694
Flickr8K,35,4096,jpeg90,robust,1.0,2.297,2.2669,4.5639
Flickr8K,35,4096,jpeg70,robust,1.0,2.297,2.2692,4.5663
Flickr8K,35,4096,jpeg50,robust,0.707275,2.297,2.2719,4.5689
Flickr8K,35,4096,resize0.5,robust,1.0,2.297,2.2674,4.5644
Flickr8K,35,4096,resize0.75,robust,1.0,2.297,2.2699,4.5669
Flickr8K,35,4096,resize1.25,robust,1.0,2.297,2.2701,4.5671
Flickr8K,35,4096,resize1.5,robust,1.0,2.297,2.2658,4.5628
Flickr8K,35,4096,gnoise01,robust,1.0,2.297,2.2688,4.5658
Flickr8K,35,4096,gnoise05,robust,0.693604,2.297,2.2695,4.5666
Flickr8K,35,4096,gnoise10,robust,0.662842,2.297,2.2662,4.5633
Flickr8K,35,4096,gblur3,robust,1.0,2.297,2.2657,4.5627
Flickr8K,35,4096,gblur5,robust,1.0,2.297,2.2744,4.5715
Flickr8K,35,4096,gblur7,robust,0.694824,2.297,2.2681,4.5652
Flickr8K,35,4096,mblur3,robust,1.0,2.297,2.2746,4.5716
Flickr8K,35,4096,mblur5,robust,1.0,2.297,2.2706,4.5677
Flickr8K,35,4096,mblur7,robust,0.708984,2.297,2.2666,4.5636
Flickr8K,36,4096,clean,robust,1.0,2.2979,2.2692,4.5671
Flickr8K,36,4096,png,robust,1.0,2.2979,2.2714,4.5692
Flickr8K,36,4096,jpeg90,robust,1.0,2.2979,2.2761,4.574
Flickr8K,36,4096,jpeg70,robust,0.702881,2.2979,2.2669,4.5648
Flickr8K,36,4096,jpeg50,robust,0.682861,2.2979,2.264,4.5619
Flickr8K,36,4096,resize0.5,robust,0.702637,2.2979,2.2641,4.562
Flickr8K,36,4096,resize0.75,robust,1.0,2.2979,2.2703,4.5682
Flickr8K,36,4096,resize1.25,robust,1.0,2.2979,2.2733,4.5712
Flickr8K,36,4096,resize1.5,robust,1.0,2.2979,2.2743,4.5722
Flickr8K,36,4096,gnoise01,robust,0.709717,2.2979,2.2685,4.5663
Flickr8K,36,4096,gnoise05,robust,0.64917,2.2979,2.2716,4.5695
Flickr8K,36,4096,gnoise10,robust,0.585205,2.2979,2.2674,4.5653
Flickr8K,36,4096,gblur3,robust,0.709229,2.2979,2.2692,4.567
Flickr8K,36,4096,gblur5,robust,0.676514,2.2979,2.2735,4.5714
Flickr8K,36,4096,gblur7,robust,0.648438,2.2979,2.2737,4.5716
Flickr8K,36,4096,mblur3,robust,0.705811,2.2979,2.2746,4.5724
Flickr8K,36,4096,mblur5,robust,0.674561,2.2979,2.2694,4.5672
Flickr8K,36,4096,mblur7,robust,0.644043,2.2979,2.2702,4.568
Flickr8K,37,4096,clean,robust,1.0,2.2998,2.2744,4.5743
Flickr8K,37,4096,png,robust,1.0,2.2998,2.2733,4.5731
Flickr8K,37,4096,jpeg90,robust,1.0,2.2998,2.2704,4.5702
Flickr8K,37,4096,jpeg70,robust,1.0,2.2998,2.2715,4.5714
Flickr8K,37,4096,jpeg50,robust,1.0,2.2998,2.2733,4.5732
Flickr8K,37,4096,resize0.5,robust,1.0,2.2998,2.2738,4.5736
Flickr8K,37,4096,resize0.75,robust,1.0,2.2998,2.2808,4.5806
Flickr8K,37,4096,resize1.25,robust,1.0,2.2998,2.2716,4.5714
Flickr8K,37,4096,resize1.5,robust,1.0,2.2998,2.2705,4.5703
Flickr8K,37,4096,gnoise01,robust,1.0,2.2998,2.269,4.5689
Flickr8K,37,4096,gnoise05,robust,0.69873,2.2998,2.2703,4.5702
Flickr8K,37,4096,gnoise10,robust,0.664551,2.2998,2.2736,4.5734
Flickr8K,37,4096,gblur3,robust,1.0,2.2998,2.2731,4.573
Flickr8K,37,4096,gblur5,robust,0.704346,2.2998,2.2677,4.5675
Flickr8K,37,4096,gblur7,robust,0.676514,2.2998,2.2704,4.5703
Flickr8K,37,4096,mblur3,robust,1.0,2.2998,2.2705,4.5703
Flickr8K,37,4096,mblur5,robust,0.704102,2.2998,2.2717,4.5715
Flickr8K,37,4096,mblur7,robust,0.680664,2.2998,2.2716,4.5714
Flickr8K,38,4096,clean,robust,1.0,2.2997,2.2743,4.574
Flickr8K,38,4096,png,robust,1.0,2.2997,2.2745,4.5742
Flickr8K,38,4096,jpeg90,robust,1.0,2.2997,2.2747,4.5744
Flickr8K,38,4096,jpeg70,robust,1.0,2.2997,2.2791,4.5788
Flickr8K,38,4096,jpeg50,robust,0.721924,2.2997,2.2791,4.5788
Flickr8K,38,4096,resize0.5,robust,1.0,2.2997,2.2749,4.5746
Flickr8K,38,4096,resize0.75,robust,1.0,2.2997,2.2713,4.571
Flickr8K,38,4096,resize1.25,robust,1.0,2.2997,2.272,4.5717
Flickr8K,38,4096,resize1.5,robust,1.0,2.2997,2.2675,4.5672
Flickr8K,38,4096,gnoise01,robust,1.0,2.2997,2.2754,4.5751
Flickr8K,38,4096,gnoise05,robust,0.700439,2.2997,2.2708,4.5705
Flickr8K,38,4096,gnoise10,robust,0.660156,2.2997,2.2629,4.5626
Flickr8K,38,4096,gblur3,robust,1.0,2.2997,2.2706,4.5703
Flickr8K,38,4096,gblur5,robust,0.714355,2.2997,2.268,4.5677
Flickr8K,38,4096,gblur7,robust,0.678467,2.2997,2.2677,4.5674
Flickr8K,38,4096,mblur3,robust,1.0,2.2997,2.2765,4.5762
Flickr8K,38,4096,mblur5,robust,0.721436,2.2997,2.2679,4.5676
Flickr8K,38,4096,mblur7,robust,0.695801,2.2997,2.2679,4.5676
Flickr8K,39,4096,clean,robust,1.0,2.3011,2.2686,4.5697
Flickr8K,39,4096,png,robust,1.0,2.3011,2.2689,4.57
Flickr8K,39,4096,jpeg90,robust,1.0,2.3011,2.2747,4.5758
Flickr8K,39,4096,jpeg70,robust,1.0,2.3011,2.272,4.5731
Flickr8K,39,4096,jpeg50,robust,0.710693,2.3011,2.2654,4.5665
Flickr8K,39,4096,resize0.5,robust,1.0,2.3011,2.2712,4.5723
Flickr8K,39,4096,resize0.75,robust,1.0,2.3011,2.2663,4.5674
Flickr8K,39,4096,resize1.25,robust,1.0,2.3011,2.2698,4.5709
Flickr8K,39,4096,resize1.5,robust,1.0,2.3011,2.2742,4.5753
Flickr8K,39,4096,gnoise01,robust,1.0,2.3011,2.2829,4.584
Flickr8K,39,4096,gnoise05,robust,0.693604,2.3011,2.2772,4.5783
Flickr8K,39,4096,gnoise10,robust,0.633301,2.3011,2.2756,4.5768
Flickr8K,39,4096,gblur3,robust,1.0,2.3011,2.2826,4.5837
Flickr8K,39,4096,gblur5,robust,0.696289,2.3011,2.2789,4.58
Flickr8K,39,4096,gblur7,robust,0.668945,2.3011,2.2675,4.5686
Flickr8K,39,4096,mblur3,robust,1.0,2.3011,2.2715,4.5726
Flickr8K,39,4096,mblur5,robust,0.699951,2.3011,2.2657,4.5668
Flickr8K,39,4096,mblur7,robust,0.681152,2.3011,2.266,4.5671
Flickr8K,40,4096,clean,robust,1.0,2.2959,2.2708,4.5667
Flickr8K,40,4096,png,robust,1.0,2.2959,2.2683,4.5641
Flickr8K,40,4096,jpeg90,robust,1.0,2.2959,2.2695,4.5654
Flickr8K,40,4096,jpeg70,robust,1.0,2.2959,2.2689,4.5648
Flickr8K,40,4096,jpeg50,robust,1.0,2.2959,2.2747,4.5706
Flickr8K,40,4096,resize0.5,robust,1.0,2.2959,2.2721,4.568
Flickr8K,40,4096,resize0.75,robust,1.0,2.2959,2.2742,4.5701
Flickr8K,40,4096,resize1.25,robust,1.0,2.2959,2.267,4.5629
Flickr8K,40,4096,resize1.5,robust,1.0,2.2959,2.2695,4.5654
Flickr8K,40,4096,gnoise01,robust,1.0,2.2959,2.2699,4.5658
Flickr8K,40,4096,gnoise05,robust,0.710693,2.2959,2.2668,4.5627
Flickr8K,40,4096,gnoise10,robust,0.679688,2.2959,2.2728,4.5687
Flickr8K,40,4096,gblur3,robust,1.0,2.2959,2.27,4.5659
Flickr8K,40,4096,gblur5,robust,0.716553,2.2959,2.2728,4.5687
Flickr8K,40,4096,gblur7,robust,0.675781,2.2959,2.2789,4.5748
Flickr8K,40,4096,mblur3,robust,1.0,2.2959,2.2744,4.5703
Flickr8K,40,4096,mblur5,robust,1.0,2.2959,2.2832,4.5791
Flickr8K,40,4096,mblur7,robust,0.704834,2.2959,2.2763,4.5722
Flickr8K,41,4096,clean,robust,1.0,2.308,2.2745,4.5825
Flickr8K,41,4096,png,robust,1.0,2.308,2.2794,4.5875
Flickr8K,41,4096,jpeg90,robust,1.0,2.308,2.2748,4.5828
Flickr8K,41,4096,jpeg70,robust,1.0,2.308,2.2764,4.5844
Flickr8K,41,4096,jpeg50,robust,1.0,2.308,2.2803,4.5883
Flickr8K,41,4096,resize0.5,robust,1.0,2.308,2.275,4.583
Flickr8K,41,4096,resize0.75,robust,1.0,2.308,2.2717,4.5797
Flickr8K,41,4096,resize1.25,robust,1.0,2.308,2.2714,4.5794
Flickr8K,41,4096,resize1.5,robust,1.0,2.308,2.2714,4.5794
Flickr8K,41,4096,gnoise01,robust,1.0,2.308,2.2757,4.5837
Flickr8K,41,4096,gnoise05,robust,1.0,2.308,2.2836,4.5916
Flickr8K,41,4096,gnoise10,robust,0.710693,2.308,2.2717,4.5797
Flickr8K,41,4096,gblur3,robust,1.0,2.308,2.2766,4.5847
Flickr8K,41,4096,gblur5,robust,0.706299,2.308,2.272,4.58
Flickr8K,41,4096,gblur7,robust,0.68042,2.308,2.2712,4.5792
Flickr8K,41,4096,mblur3,robust,1.0,2.308,2.2763,4.5843
Flickr8K,41,4096,mblur5,robust,1.0,2.308,2.2752,4.5832
Flickr8K,41,4096,mblur7,robust,0.696533,2.308,2.2708,4.5789
Flickr8K,42,4096,clean,robust,1.0,2.3104,2.2736,4.5839
Flickr8K,42,4096,png,robust,1.0,2.3104,2.2718,4.5822
Flickr8K,42,4096,jpeg90,robust,1.0,2.3104,2.2752,4.5856
Flickr8K,42,4096,jpeg70,robust,1.0,2.3104,2.2704,4.5807
Flickr8K,42,4096,jpeg50,robust,1.0,2.3104,2.271,4.5814
Flickr8K,42,4096,resize0.5,robust,1.0,2.3104,2.27,4.5803
Flickr8K,42,4096,resize0.75,robust,1.0,2.3104,2.2658,4.5762
Flickr8K,42,4096,resize1.25,robust,1.0,2.3104,2.2765,4.5868
Flickr8K,42,4096,resize1.5,robust,1.0,2.3104,2.2717,4.582
Flickr8K,42,4096,gnoise01,robust,1.0,2.3104,2.277,4.5874
Flickr8K,42,4096,gnoise05,robust,0.700684,2.3104,2.2661,4.5765
Flickr8K,42,4096,gnoise10,robust,0.670898,2.3104,2.2661,4.5764
Flickr8K,42,4096,gblur3,robust,1.0,2.3104,2.2691,4.5795
Flickr8K,42,4096,gblur5,robust,0.705566,2.3104,2.2691,4.5795
Flickr8K,42,4096,gblur7,robust,0.679688,2.3104,2.2685,4.5789
Flickr8K,42,4096,mblur3,robust,1.0,2.3104,2.2688,4.5792
Flickr8K,42,4096,mblur5,robust,0.70874,2.3104,2.2664,4.5767
Flickr8K,42,4096,mblur7,robust,0.695801,2.3104,2.2702,4.5806
Flickr8K,43,4096,clean,robust,1.0,2.308,2.2713,4.5793
Flickr8K,43,4096,png,robust,1.0,2.308,2.2667,4.5748
Flickr8K,43,4096,jpeg90,robust,1.0,2.308,2.2714,4.5794
Flickr8K,43,4096,jpeg70,robust,1.0,2.308,2.2715,4.5796
Flickr8K,43,4096,jpeg50,robust,1.0,2.308,2.2754,4.5834
Flickr8K,43,4096,resize0.5,robust,1.0,2.308,2.2777,4.5857
Flickr8K,43,4096,resize0.75,robust,1.0,2.308,2.2693,4.5773
Flickr8K,43,4096,resize1.25,robust,1.0,2.308,2.269,4.577
Flickr8K,43,4096,resize1.5,robust,1.0,2.308,2.2681,4.5761
Flickr8K,43,4096,gnoise01,robust,1.0,2.308,2.268,4.5761
Flickr8K,43,4096,gnoise05,robust,1.0,2.308,2.2749,4.5829
Flickr8K,43,4096,gnoise10,robust,0.680664,2.308,2.2738,4.5818
Flickr8K,43,4096,gblur3,robust,1.0,2.308,2.2687,4.5767
Flickr8K,43,4096,gblur5,robust,0.696777,2.308,2.2644,4.5724
Flickr8K,43,4096,gblur7,robust,0.658936,2.308,2.2647,4.5728
Flickr8K,43,4096,mblur3,robust,1.0,2.308,2.2755,4.5835
Flickr8K,43,4096,mblur5,robust,0.700928,2.308,2.2785,4.5865
Flickr8K,43,4096,mblur7,robust,0.681396,2.308,2.2765,4.5845
Flickr8K,44,4096,clean,robust,1.0,2.3064,2.2672,4.5736
Flickr8K,44,4096,png,robust,1.0,2.3064,2.2702,4.5766
Flickr8K,44,4096,jpeg90,robust,1.0,2.3064,2.2659,4.5723
Flickr8K,44,4096,jpeg70,robust,1.0,2.3064,2.2748,4.5812
Flickr8K,44,4096,jpeg50,robust,1.0,2.3064,2.2751,4.5815
Flickr8K,44,4096,resize0.5,robust,1.0,2.3064,2.2731,4.5795
Flickr8K,44,4096,resize0.75,robust,1.0,2.3064,2.2683,4.5747
Flickr8K,44,4096,resize1.25,robust,1.0,2.3064,2.2677,4.5741
Flickr8K,44,4096,resize1.5,robust,1.0,2.3064,2.2673,4.5737
Flickr8K,44,4096,gnoise01,robust,1.0,2.3064,2.2747,4.5811
Flickr8K,44,4096,gnoise05,robust,1.0,2.3064,2.275,4.5814
Flickr8K,44,4096,gnoise10,robust,0.689697,2.3064,2.2672,4.5736
Flickr8K,44,4096,gblur3,robust,1.0,2.3064,2.2686,4.575
Flickr8K,44,4096,gblur5,robust,0.708984,2.3064,2.2676,4.574
Flickr8K,44,4096,gblur7,robust,0.685547,2.3064,2.2691,4.5755
Flickr8K,44,4096,mblur3,robust,1.0,2.3064,2.2743,4.5807
Flickr8K,44,4096,mblur5,robust,1.0,2.3064,2.2719,4.5783
Flickr8K,44,4096,mblur7,robust,0.703125,2.3064,2.2666,4.573
Flickr8K,45,4096,clean,robust,1.0,2.2975,2.2679,4.5654
Flickr8K,45,4096,png,robust,1.0,2.2975,2.273,4.5705
Flickr8K,45,4096,jpeg90,robust,1.0,2.2975,2.2764,4.5739
Flickr8K,45,4096,jpeg70,robust,1.0,2.2975,2.2764,4.5739
Flickr8K,45,4096,jpeg50,robust,0.703369,2.2975,2.2676,4.5651
Flickr8K,45,4096,resize0.5,robust,1.0,2.2975,2.2712,4.5687
Flickr8K,45,4096,resize0.75,robust,1.0,2.2975,2.2795,4.577
Flickr8K,45,4096,resize1.25,robust,1.0,2.2975,2.2828,4.5803
Flickr8K,45,4096,resize1.5,robust,1.0,2.2975,2.2705,4.568
Flickr8K,45,4096,gnoise01,robust,1.0,2.2975,2.2705,4.568
Flickr8K,45,4096,gnoise05,robust,0.693604,2.2975,2.2647,4.5622
Flickr8K,45,4096,gnoise10,robust,0.671143,2.2975,2.267,4.5645
Flickr8K,45,4096,gblur3,robust,1.0,2.2975,2.2712,4.5687
Flickr8K,45,4096,gblur5,robust,0.698975,2.2975,2.2689,4.5664
Flickr8K,45,4096,gblur7,robust,0.682373,2.2975,2.2641,4.5616
Flickr8K,45,4096,mblur3,robust,1.0,2.2975,2.275,4.5724
Flickr8K,45,4096,mblur5,robust,0.705566,2.2975,2.2669,4.5644
Flickr8K,45,4096,mblur7,robust,0.700684,2.2975,2.27,4.5675
Flickr8K,46,4096,clean,robust,1.0,2.299,2.2775,4.5765
Flickr8K,46,4096,png,robust,1.0,2.299,2.2663,4.5653
Flickr8K,46,4096,jpeg90,robust,1.0,2.299,2.2663,4.5653
Flickr8K,46,4096,jpeg70,robust,1.0,2.299,2.2666,4.5655
Flickr8K,46,4096,jpeg50,robust,1.0,2.299,2.2663,4.5653
Flickr8K,46,4096,resize0.5,robust,1.0,2.299,2.2716,4.5706
Flickr8K,46,4096,resize0.75,robust,1.0,2.299,2.2695,4.5685
Flickr8K,46,4096,resize1.25,robust,1.0,2.299,2.2669,4.5659
Flickr8K,46,4096,resize1.5,robust,1.0,2.299,2.2662,4.5652
Flickr8K,46,4096,gnoise01,robust,1.0,2.299,2.2647,4.5637
Flickr8K,46,4096,gnoise05,robust,1.0,2.299,2.2723,4.5713
Flickr8K,46,4096,gnoise10,robust,0.702148,2.299,2.2716,4.5705
Flickr8K,46,4096,gblur3,robust,1.0,2.299,2.2693,4.5682
Flickr8K,46,4096,gblur5,robust,1.0,2.299,2.2786,4.5776
Flickr8K,46,4096,gblur7,robust,0.692871,2.299,2.2772,4.5761
Flickr8K,46,4096,mblur3,robust,1.0,2.299,2.2749,4.5738
Flickr8K,46,4096,mblur5,robust,1.0,2.299,2.277,4.576
Flickr8K,46,4096,mblur7,robust,0.708252,2.299,2.2708,4.5698
Flickr8K,47,4096,clean,robust,1.0,2.2967,2.2674,4.5641
Flickr8K,47,4096,png,robust,1.0,2.2967,2.2671,4.5639
Flickr8K,47,4096,jpeg90,robust,1.0,2.2967,2.268,4.5648
Flickr8K,47,4096,jpeg70,robust,1.0,2.2967,2.2708,4.5675
Flickr8K,47,4096,jpeg50,robust,1.0,2.2967,2.2732,4.5699
Flickr8K,47,4096,resize0.5,robust,1.0,2.2967,2.2661,4.5629
Flickr8K,47,4096,resize0.75,robust,1.0,2.2967,2.268,4.5647
Flickr8K,47,4096,resize1.25,robust,1.0,2.2967,2.2719,4.5687
Flickr8K,47,4096,resize1.5,robust,1.0,2.2967,2.2726,4.5693
Flickr8K,47,4096,gnoise01,robust,1.0,2.2967,2.2747,4.5714
Flickr8K,47,4096,gnoise05,robust,1.0,2.2967,2.274,4.5708
Flickr8K,47,4096,gnoise10,robust,0.721436,2.2967,2.2689,4.5657
Flickr8K,47,4096,gblur3,robust,1.0,2.2967,2.2659,4.5627
Flickr8K,47,4096,gblur5,robust,0.718018,2.2967,2.2651,4.5619
Flickr8K,47,4096,gblur7,robust,0.700684,2.2967,2.2698,4.5665
Flickr8K,47,4096,mblur3,robust,1.0,2.2967,2.2719,4.5687
Flickr8K,47,4096,mblur5,robust,1.0,2.2967,2.2738,4.5705
Flickr8K,47,4096,mblur7,robust,0.699707,2.2967,2.2656,4.5624
Flickr8K,48,4096,clean,robust,1.0,2.3002,2.2667,4.5669
Flickr8K,48,4096,png,robust,1.0,2.3002,2.2716,4.5718
Flickr8K,48,4096,jpeg90,robust,1.0,2.3002,2.2743,4.5744
Flickr8K,48,4096,jpeg70,robust,1.0,2.3002,2.2692,4.5694
Flickr8K,48,4096,jpeg50,robust,1.0,2.3002,2.2792,4.5794
Flickr8K,48,4096,resize0.5,robust,1.0,2.3002,2.2696,4.5698
Flickr8K,48,4096,resize0.75,robust,1.0,2.3002,2.2718,4.572
Flickr8K,48,4096,resize1.25,robust,1.0,2.3002,2.272,4.5722
Flickr8K,48,4096,resize1.5,robust,1.0,2.3002,2.2677,4.5679
Flickr8K,48,4096,gnoise01,robust,1.0,2.3002,2.2671,4.5673
Flickr8K,48,4096,gnoise05,robust,1.0,2.3002,2.2664,4.5666
Flickr8K,48,4096,gnoise10,robust,0.715332,2.3002,2.265,4.5652
Flickr8K,48,4096,gblur3,robust,1.0,2.3002,2.269,4.5691
Flickr8K,48,4096,gblur5,robust,1.0,2.3002,2.2747,4.5749
Flickr8K,48,4096,gblur7,robust,0.702881,2.3002,2.2647,4.5649
Flickr8K,48,4096,mblur3,robust,1.0,2.3002,2.267,4.5672
Flickr8K,48,4096,mblur5,robust,1.0,2.3002,2.2713,4.5715
Flickr8K,48,4096,mblur7,robust,0.71167,2.3002,2.2688,4.569
Flickr8K,49,4096,clean,robust,1.0,2.3008,2.2717,4.5726
Flickr8K,49,4096,png,robust,1.0,2.3008,2.2689,4.5697
Flickr8K,49,4096,jpeg90,robust,1.0,2.3008,2.268,4.5689
Flickr8K,49,4096,jpeg70,robust,1.0,2.3008,2.2663,4.5672
Flickr8K,49,4096,jpeg50,robust,1.0,2.3008,2.267,4.5678
Flickr8K,49,4096,resize0.5,robust,1.0,2.3008,2.2708,4.5716
Flickr8K,49,4096,resize0.75,robust,1.0,2.3008,2.2691,4.5699
Flickr8K,49,4096,resize1.25,robust,1.0,2.3008,2.2697,4.5705
Flickr8K,49,4096,resize1.5,robust,1.0,2.3008,2.265,4.5658
Flickr8K,49,4096,gnoise01,robust,1.0,2.3008,2.2658,4.5666
Flickr8K,49,4096,gnoise05,robust,1.0,2.3008,2.2746,4.5754
Flickr8K,49,4096,gnoise10,robust,0.720215,2.3008,2.2723,4.5732
Flickr8K,49,4096,gblur3,robust,1.0,2.3008,2.2735,4.5743
Flickr8K,49,4096,gblur5,robust,1.0,2.3008,2.2734,4.5743
Flickr8K,49,4096,gblur7,robust,0.709229,2.3008,2.2694,4.5702
Flickr8K,49,4096,mblur3,robust,1.0,2.3008,2.2697,4.5705
Flickr8K,49,4096,mblur5,robust,1.0,2.3008,2.2801,4.581
Flickr8K,49,4096,mblur7,robust,0.722656,2.3008,2.2652,4.5661
Flickr8K,50,4096,clean,robust,1.0,2.2975,2.2676,4.5651
Flickr8K,50,4096,png,robust,1.0,2.2975,2.2695,4.567
Flickr8K,50,4096,jpeg90,robust,1.0,2.2975,2.2721,4.5696
Flickr8K,50,4096,jpeg70,robust,0.682617,2.2975,2.2692,4.5666
Flickr8K,50,4096,jpeg50,robust,0.655518,2.2975,2.2689,4.5664
Flickr8K,50,4096,resize0.5,robust,1.0,2.2975,2.2737,4.5712
Flickr8K,50,4096,resize0.75,robust,1.0,2.2975,2.2683,4.5657
Flickr8K,50,4096,resize1.25,robust,1.0,2.2975,2.2694,4.5669
Flickr8K,50,4096,resize1.5,robust,1.0,2.2975,2.2685,4.566
Flickr8K,50,4096,gnoise01,robust,0.706543,2.2975,2.2693,4.5668
Flickr8K,50,4096,gnoise05,robust,0.647217,2.2975,2.2641,4.5616
Flickr8K,50,4096,gnoise10,robust,0.614014,2.2975,2.2662,4.5636
Flickr8K,50,4096,gblur3,robust,1.0,2.2975,2.2731,4.5706
Flickr8K,50,4096,gblur5,robust,0.695068,2.2975,2.2674,4.5649
Flickr8K,50,4096,gblur7,robust,0.656494,2.2975,2.2696,4.5671
Flickr8K,50,4096,mblur3,robust,0.70752,2.2975,2.2799,4.5774
Flickr8K,50,4096,mblur5,robust,0.685547,2.2975,2.267,4.5645
Flickr8K,50,4096,mblur7,robust,0.661133,2.2975,2.2675,4.565
Flickr8K,51,4096,clean,robust,1.0,2.2968,2.2703,4.5672
Flickr8K,51,4096,png,robust,1.0,2.2968,2.2799,4.5767
Flickr8K,51,4096,jpeg90,robust,1.0,2.2968,2.2799,4.5767
Flickr8K,51,4096,jpeg70,robust,0.704346,2.2968,2.2766,4.5734
Flickr8K,51,4096,jpeg50,robust,0.684326,2.2968,2.2684,4.5652
Flickr8K,51,4096,resize0.5,robust,1.0,2.2968,2.2715,4.5683
Flickr8K,51,4096,resize0.75,robust,1.0,2.2968,2.2707,4.5675
Flickr8K,51,4096,resize1.25,robust,1.0,2.2968,2.2743,4.5712
Flickr8K,51,4096,resize1.5,robust,1.0,2.2968,2.2687,4.5656
Flickr8K,51,4096,gnoise01,robust,0.706299,2.2968,2.2754,4.5722
Flickr8K,51,4096,gnoise05,robust,0.65625,2.2968,2.2659,4.5627
Flickr8K,51,4096,gnoise10,robust,0.610352,2.2968,2.2662,4.5631
Flickr8K,51,4096,gblur3,robust,1.0,2.2968,2.2771,4.5739
Flickr8K,51,4096,gblur5,robust,0.696289,2.2968,2.2723,4.5692
Flickr8K,51,4096,gblur7,robust,0.654541,2.2968,2.2709,4.5677
Flickr8K,51,4096,mblur3,robust,1.0,2.2968,2.2728,4.5696
Flickr8K,51,4096,mblur5,robust,0.69873,2.2968,2.2667,4.5635
Flickr8K,51,4096,mblur7,robust,0.675781,2.2968,2.27,4.5668
Flickr8K,52,4096,clean,robust,1.0,2.2948,2.272,4.5668
Flickr8K,52,4096,png,robust,1.0,2.2948,2.2694,4.5641
Flickr8K,52,4096,jpeg90,robust,1.0,2.2948,2.2704,4.5651
Flickr8K,52,4096,jpeg70,robust,0.708252,2.2948,2.265,4.5598
Flickr8K,52,4096,jpeg50,robust,0.685547,2.2948,2.2729,4.5677
Flickr8K,52,4096,resize0.5,robust,1.0,2.2948,2.2762,4.571
Flickr8K,52,4096,resize0.75,robust,1.0,2.2948,2.2694,4.5641
Flickr8K,52,4096,resize1.25,robust,1.0,2.2948,2.2649,4.5597
Flickr8K,52,4096,resize1.5,robust,1.0,2.2948,2.2673,4.562
Flickr8K,52,4096,gnoise01,robust,1.0,2.2948,2.2791,4.5739
Flickr8K,52,4096,gnoise05,robust,0.632568,2.2948,2.2715,4.5662
Flickr8K,52,4096,gnoise10,robust,0.589355,2.2948,2.2734,4.5682
Flickr8K,52,4096,gblur3,robust,1.0,2.2948,2.2756,4.5704
Flickr8K,52,4096,gblur5,robust,0.70166,2.2948,2.2671,4.5619
Flickr8K,52,4096,gblur7,robust,0.666016,2.2948,2.2722,4.5669
Flickr8K,52,4096,mblur3,robust,1.0,2.2948,2.2732,4.568
Flickr8K,52,4096,mblur5,robust,0.705078,2.2948,2.2754,4.5702
Flickr8K,52,4096,mblur7,robust,0.678711,2.2948,2.2678,4.5625
Flickr8K,53,4096,clean,robust,1.0,2.2986,2.2708,4.5694
Flickr8K,53,4096,png,robust,1.0,2.2986,2.2738,4.5724
Flickr8K,53,4096,jpeg90,robust,1.0,2.2986,2.2704,4.5689
Flickr8K,53,4096,jpeg70,robust,1.0,2.2986,2.2704,4.569
Flickr8K,53,4096,jpeg50,robust,1.0,2.2986,2.274,4.5725
Flickr8K,53,4096,resize0.5,robust,1.0,2.2986,2.2685,4.5671
Flickr8K,53,4096,resize0.75,robust,1.0,2.2986,2.2681,4.5666
Flickr8K,53,4096,resize1.25,robust,1.0,2.2986,2.2658,4.5644
Flickr8K,53,4096,resize1.5,robust,1.0,2.2986,2.2688,4.5674
Flickr8K,53,4096,gnoise01,robust,1.0,2.2986,2.2733,4.5719
Flickr8K,53,4096,gnoise05,robust,1.0,2.2986,2.2692,4.5677
Flickr8K,53,4096,gnoise10,robust,0.709473,2.2986,2.2645,4.563
Flickr8K,53,4096,gblur3,robust,1.0,2.2986,2.2682,4.5668
Flickr8K,53,4096,gblur5,robust,0.708008,2.2986,2.2661,4.5647
Flickr8K,53,4096,gblur7,robust,0.672607,2.2986,2.2788,4.5774
Flickr8K,53,4096,mblur3,robust,1.0,2.2986,2.2812,4.5798
Flickr8K,53,4096,mblur5,robust,0.709229,2.2986,2.275,4.5736
Flickr8K,53,4096,mblur7,robust,0.693604,2.2986,2.2723,4.5709
Flickr8K,54,4096,clean,robust,1.0,2.301,2.2692,4.5702
Flickr8K,54,4096,png,robust,1.0,2.301,2.2805,4.5815
Flickr8K,54,4096,jpeg90,robust,1.0,2.301,2.2721,4.5731
Flickr8K,54,4096,jpeg70,robust,1.0,2.301,2.2692,4.5702
Flickr8K,54,4096,jpeg50,robust,1.0,2.301,2.2717,4.5727
Flickr8K,54,4096,resize0.5,robust,1.0,2.301,2.2769,4.5779
Flickr8K,54,4096,resize0.75,robust,1.0,2.301,2.2704,4.5714
Flickr8K,54,4096,resize1.25,robust,1.0,2.301,2.2727,4.5737
Flickr8K,54,4096,resize1.5,robust,1.0,2.301,2.2657,4.5667
Flickr8K,54,4096,gnoise01,robust,1.0,2.301,2.2672,4.5682
Flickr8K,54,4096,gnoise05,robust,0.700684,2.301,2.2671,4.5681
Flickr8K,54,4096,gnoise10,robust,0.641113,2.301,2.2684,4.5694
Flickr8K,54,4096,gblur3,robust,1.0,2.301,2.2737,4.5747
Flickr8K,54,4096,gblur5,robust,0.715332,2.301,2.2684,4.5694
Flickr8K,54,4096,gblur7,robust,0.683594,2.301,2.2644,4.5654
Flickr8K,54,4096,mblur3,robust,1.0,2.301,2.2649,4.5659
Flickr8K,54,4096,mblur5,robust,1.0,2.301,2.2711,4.5721
Flickr8K,54,4096,mblur7,robust,0.693604,2.301,2.2696,4.5706
Flickr8K,55,4096,clean,robust,1.0,2.2952,2.2733,4.5686
Flickr8K,55,4096,png,robust,1.0,2.2952,2.2692,4.5644
Flickr8K,55,4096,jpeg90,robust,1.0,2.2952,2.2753,4.5705
Flickr8K,55,4096,jpeg70,robust,0.718018,2.2952,2.266,4.5613
Flickr8K,55,4096,jpeg50,robust,0.715576,2.2952,2.2681,4.5634
Flickr8K,55,4096,resize0.5,robust,1.0,2.2952,2.2805,4.5758
Flickr8K,55,4096,resize0.75,robust,1.0,2.2952,2.2817,4.577
Flickr8K,55,4096,resize1.25,robust,1.0,2.2952,2.2743,4.5696
Flickr8K,55,4096,resize1.5,robust,1.0,2.2952,2.2728,4.568
Flickr8K,55,4096,gnoise01,robust,1.0,2.2952,2.2745,4.5697
Flickr8K,55,4096,gnoise05,robust,0.694336,2.2952,2.2733,4.5685
Flickr8K,55,4096,gnoise10,robust,0.663818,2.2952,2.2684,4.5637
Flickr8K,55,4096,gblur3,robust,1.0,2.2952,2.2733,4.5685
Flickr8K,55,4096,gblur5,robust,0.691162,2.2952,2.2649,4.5601
Flickr8K,55,4096,gblur7,robust,0.651855,2.2952,2.2654,4.5606
Flickr8K,55,4096,mblur3,robust,1.0,2.2952,2.2757,4.571
Flickr8K,55,4096,mblur5,robust,0.710938,2.2952,2.2712,4.5664
Flickr8K,55,4096,mblur7,robust,0.692383,2.2952,2.2667,4.5619
Flickr8K,56,4096,clean,robust,1.0,2.2953,2.2683,4.5636
Flickr8K,56,4096,png,robust,1.0,2.2953,2.2671,4.5624
Flickr8K,56,4096,jpeg90,robust,0.710205,2.2953,2.2734,4.5686
Flickr8K,56,4096,jpeg70,robust,0.670166,2.2953,2.271,4.5663
Flickr8K,56,4096,jpeg50,robust,0.642578,2.2953,2.265,4.5603
Flickr8K,56,4096,resize0.5,robust,1.0,2.2953,2.2711,4.5664
Flickr8K,56,4096,resize0.75,robust,1.0,2.2953,2.2702,4.5655
Flickr8K,56,4096,resize1.25,robust,1.0,2.2953,2.2664,4.5617
Flickr8K,56,4096,resize1.5,robust,1.0,2.2953,2.2721,4.5674
Flickr8K,56,4096,gnoise01,robust,0.71167,2.2953,2.2722,4.5675
Flickr8K,56,4096,gnoise05,robust,0.620361,2.2953,2.2646,4.5598
Flickr8K,56,4096,gnoise10,robust,0.577393,2.2953,2.2648,4.5601
Flickr8K,56,4096,gblur3,robust,1.0,2.2953,2.2705,4.5658
Flickr8K,56,4096,gblur5,robust,0.700684,2.2953,2.2676,4.5629
Flickr8K,56,4096,gblur7,robust,0.672119,2.2953,2.2753,4.5706
Flickr8K,56,4096,mblur3,robust,1.0,2.2953,2.2736,4.5689
Flickr8K,56,4096,mblur5,robust,0.700195,2.2953,2.2689,4.5642
Flickr8K,56,4096,mblur7,robust,0.687256,2.2953,2.2674,4.5627
Flickr8K,57,4096,clean,robust,1.0,2.2981,2.2776,4.5757
Flickr8K,57,4096,png,robust,1.0,2.2981,2.2786,4.5767
Flickr8K,57,4096,jpeg90,robust,0.708252,2.2981,2.2686,4.5667
Flickr8K,57,4096,jpeg70,robust,0.690186,2.2981,2.2663,4.5644
Flickr8K,57,4096,jpeg50,robust,0.669922,2.2981,2.2643,4.5624
Flickr8K,57,4096,resize0.5,robust,0.70752,2.2981,2.2654,4.5635
Flickr8K,57,4096,resize0.75,robust,1.0,2.2981,2.2767,4.5748
Flickr8K,57,4096,resize1.25,robust,1.0,2.2981,2.2772,4.5753
Flickr8K,57,4096,resize1.5,robust,1.0,2.2981,2.2731,4.5712
Flickr8K,57,4096,gnoise01,robust,0.701904,2.2981,2.2731,4.5712
Flickr8K,57,4096,gnoise05,robust,0.635742,2.2981,2.2688,4.5669
Flickr8K,57,4096,gnoise10,robust,0.609131,2.2981,2.2649,4.563
Flickr8K,57,4096,gblur3,robust,0.710693,2.2981,2.2706,4.5687
Flickr8K,57,4096,gblur5,robust,0.694092,2.2981,2.2691,4.5672
Flickr8K,57,4096,gblur7,robust,0.653076,2.2981,2.2683,4.5664
Flickr8K,57,4096,mblur3,robust,0.706787,2.2981,2.2657,4.5638
Flickr8K,57,4096,mblur5,robust,0.700195,2.2981,2.2664,4.5645
Flickr8K,57,4096,mblur7,robust,0.681152,2.2981,2.2703,4.5683
Flickr8K,58,4096,clean,robust,1.0,2.2965,2.2676,4.5641
Flickr8K,58,4096,png,robust,1.0,2.2965,2.2676,4.5641
Flickr8K,58,4096,jpeg90,robust,1.0,2.2965,2.2656,4.5621
Flickr8K,58,4096,jpeg70,robust,1.0,2.2965,2.2753,4.5718
Flickr8K,58,4096,jpeg50,robust,1.0,2.2965,2.2769,4.5734
Flickr8K,58,4096,resize0.5,robust,1.0,2.2965,2.274,4.5705
Flickr8K,58,4096,resize0.75,robust,1.0,2.2965,2.2695,4.566
Flickr8K,58,4096,resize1.25,robust,1.0,2.2965,2.2661,4.5626
Flickr8K,58,4096,resize1.5,robust,1.0,2.2965,2.265,4.5615
Flickr8K,58,4096,gnoise01,robust,1.0,2.2965,2.2693,4.5658
Flickr8K,58,4096,gnoise05,robust,0.716064,2.2965,2.2713,4.5678
Flickr8K,58,4096,gnoise10,robust,0.689697,2.2965,2.2664,4.5629
Flickr8K,58,4096,gblur3,robust,1.0,2.2965,2.2662,4.5627
Flickr8K,58,4096,gblur5,robust,0.716553,2.2965,2.2641,4.5606
Flickr8K,58,4096,gblur7,robust,0.684326,2.2965,2.2684,4.5649
Flickr8K,58,4096,mblur3,robust,1.0,2.2965,2.2719,4.5684
Flickr8K,58,4096,mblur5,robust,0.717285,2.2965,2.2719,4.5684
Flickr8K,58,4096,mblur7,robust,0.694824,2.2965,2.2685,4.565
Flickr8K,59,4096,clean,robust,1.0,2.3,2.2705,4.5705
Flickr8K,59,4096,png,robust,1.0,2.3,2.2701,4.5701
Flickr8K,59,4096,jpeg90,robust,1.0,2.3,2.2758,4.5758
Flickr8K,59,4096,jpeg70,robust,1.0,2.3,2.2775,4.5775
Flickr8K,59,4096,jpeg50,robust,1.0,2.3,2.272,4.572
Flickr8K,59,4096,resize0.5,robust,1.0,2.3,2.2749,4.5749
Flickr8K,59,4096,resize0.75,robust,1.0,2.3,2.2682,4.5682
Flickr8K,59,4096,resize1.25,robust,1.0,2.3,2.2673,4.5673
Flickr8K,59,4096,resize1.5,robust,1.0,2.3,2.2746,4.5745
Flickr8K,59,4096,gnoise01,robust,1.0,2.3,2.2708,4.5708
Flickr8K,59,4096,gnoise05,robust,0.70752,2.3,2.2649,4.5649
Flickr8K,59,4096,gnoise10,robust,0.661621,2.3,2.2687,4.5687
Flickr8K,59,4096,gblur3,robust,1.0,2.3,2.2752,4.5752
Flickr8K,59,4096,gblur5,robust,0.700195,2.3,2.2662,4.5661
Flickr8K,59,4096,gblur7,robust,0.66333,2.3,2.2755,4.5755
Flickr8K,59,4096,mblur3,robust,1.0,2.3,2.2682,4.5682
Flickr8K,59,4096,mblur5,robust,0.710938,2.3,2.2668,4.5668
Flickr8K,59,4096,mblur7,robust,0.680664,2.3,2.2703,4.5703
Flickr8K,60,4096,clean,robust,1.0,2.3011,2.2699,4.571
Flickr8K,60,4096,png,robust,1.0,2.3011,2.2737,4.5748
Flickr8K,60,4096,jpeg90,robust,1.0,2.3011,2.2735,4.5746
Flickr8K,60,4096,jpeg70,robust,1.0,2.3011,2.2674,4.5685
Flickr8K,60,4096,jpeg50,robust,1.0,2.3011,2.2727,4.5738
Flickr8K,60,4096,resize0.5,robust,1.0,2.3011,2.2733,4.5744
Flickr8K,60,4096,resize0.75,robust,1.0,2.3011,2.2713,4.5724
Flickr8K,60,4096,resize1.25,robust,1.0,2.3011,2.2689,4.5701
Flickr8K,60,4096,resize1.5,robust,1.0,2.3011,2.2661,4.5672
Flickr8K,60,4096,gnoise01,robust,1.0,2.3011,2.2649,4.566
Flickr8K,60,4096,gnoise05,robust,1.0,2.3011,2.2703,4.5714
Flickr8K,60,4096,gnoise10,robust,0.710693,2.3011,2.2657,4.5668
Flickr8K,60,4096,gblur3,robust,1.0,2.3011,2.2711,4.5723
Flickr8K,60,4096,gblur5,robust,0.725342,2.3011,2.2719,4.573
Flickr8K,60,4096,gblur7,robust,0.702881,2.3011,2.2648,4.5659
Flickr8K,60,4096,mblur3,robust,1.0,2.3011,2.2693,4.5704
Flickr8K,60,4096,mblur5,robust,1.0,2.3011,2.2746,4.5757
Flickr8K,60,4096,mblur7,robust,0.707031,2.3011,2.2738,4.5749
Flickr8K,61,4096,clean,robust,1.0,2.2963,2.2787,4.575
Flickr8K,61,4096,png,robust,1.0,2.2963,2.2777,4.5741
Flickr8K,61,4096,jpeg90,robust,0.720947,2.2963,2.2648,4.5611
Flickr8K,61,4096,jpeg70,robust,0.713623,2.2963,2.2668,4.5632
Flickr8K,61,4096,jpeg50,robust,0.704102,2.2963,2.2706,4.567
Flickr8K,61,4096,resize0.5,robust,0.720703,2.2963,2.2713,4.5676
Flickr8K,61,4096,resize0.75,robust,1.0,2.2963,2.2744,4.5707
Flickr8K,61,4096,resize1.25,robust,1.0,2.2963,2.2756,4.5719
Flickr8K,61,4096,resize1.5,robust,1.0,2.2963,2.2714,4.5678
Flickr8K,61,4096,gnoise01,robust,0.720703,2.2963,2.2659,4.5622
Flickr8K,61,4096,gnoise05,robust,0.682373,2.2963,2.2705,4.5669
Flickr8K,61,4096,gnoise10,robust,0.644531,2.2963,2.2683,4.5646
Flickr8K,61,4096,gblur3,robust,0.721191,2.2963,2.2716,4.5679
Flickr8K,61,4096,gblur5,robust,0.699707,2.2963,2.2667,4.563
Flickr8K,61,4096,gblur7,robust,0.654541,2.2963,2.2649,4.5612
Flickr8K,61,4096,mblur3,robust,0.720459,2.2963,2.2704,4.5667
Flickr8K,61,4096,mblur5,robust,0.706787,2.2963,2.2681,4.5645
Flickr8K,61,4096,mblur7,robust,0.675293,2.2963,2.2666,4.5629
Flickr8K,62,4096,clean,robust,1.0,2.2989,2.2659,4.5647
Flickr8K,62,4096,png,robust,1.0,2.2989,2.267,4.5658
Flickr8K,62,4096,jpeg90,robust,1.0,2.2989,2.2682,4.5671
Flickr8K,62,4096,jpeg70,robust,1.0,2.2989,2.2691,4.5679
Flickr8K,62,4096,jpeg50,robust,1.0,2.2989,2.2665,4.5654
Flickr8K,62,4096,resize0.5,robust,1.0,2.2989,2.2659,4.5647
Flickr8K,62,4096,resize0.75,robust,1.0,2.2989,2.2674,4.5662
Flickr8K,62,4096,resize1.25,robust,1.0,2.2989,2.2687,4.5676
Flickr8K,62,4096,resize1.5,robust,1.0,2.2989,2.2748,4.5737
Flickr8K,62,4096,gnoise01,robust,1.0,2.2989,2.2757,4.5746
Flickr8K,62,4096,gnoise05,robust,1.0,2.2989,2.2669,4.5658
Flickr8K,62,4096,gnoise10,robust,0.710205,2.2989,2.2661,4.565
Flickr8K,62,4096,gblur3,robust,1.0,2.2989,2.2669,4.5658
Flickr8K,62,4096,gblur5,robust,1.0,2.2989,2.2739,4.5728
Flickr8K,62,4096,gblur7,robust,0.693604,2.2989,2.269,4.5679
Flickr8K,62,4096,mblur3,robust,1.0,2.2989,2.2668,4.5656
Flickr8K,62,4096,mblur5,robust,1.0,2.2989,2.2713,4.5701
Flickr8K,62,4096,mblur7,robust,0.708008,2.2989,2.2633,4.5621
Flickr8K,63,4096,clean,robust,1.0,2.2972,2.2683,4.5655
Flickr8K,63,4096,png,robust,1.0,2.2972,2.2696,4.5668
Flickr8K,63,4096,jpeg90,robust,1.0,2.2972,2.2651,4.5623
Flickr8K,63,4096,jpeg70,robust,1.0,2.2972,2.2694,4.5667
Flickr8K,63,4096,jpeg50,robust,1.0,2.2972,2.2717,4.5689
Flickr8K,63,4096,resize0.5,robust,1.0,2.2972,2.2719,4.5691
Flickr8K,63,4096,resize0.75,robust,1.0,2.2972,2.2722,4.5695
Flickr8K,63,4096,resize1.25,robust,1.0,2.2972,2.2692,4.5665
Flickr8K,63,4096,resize1.5,robust,1.0,2.2972,2.2659,4.5632
Flickr8K,63,4096,gnoise01,robust,1.0,2.2972,2.2668,4.5641
Flickr8K,63,4096,gnoise05,robust,1.0,2.2972,2.2666,4.5638
Flickr8K,63,4096,gnoise10,robust,0.71167,2.2972,2.2695,4.5667
Flickr8K,63,4096,gblur3,robust,1.0,2.2972,2.2732,4.5704
Flickr8K,63,4096,gblur5,robust,0.712158,2.2972,2.265,4.5622
Flickr8K,63,4096,gblur7,robust,0.689941,2.2972,2.2663,4.5635
Flickr8K,63,4096,mblur3,robust,1.0,2.2972,2.2691,4.5663
Flickr8K,63,4096,mblur5,robust,0.712402,2.2972,2.2777,4.5749
Flickr8K,63,4096,mblur7,robust,0.69458,2.2972,2.2745,4.5717
Flickr8K,64,4096,clean,robust,1.0,2.3009,2.2686,4.5695
Flickr8K,64,4096,png,robust,1.0,2.3009,2.2666,4.5675
Flickr8K,64,4096,jpeg90,robust,1.0,2.3009,2.2663,4.5671
Flickr8K,64,4096,jpeg70,robust,1.0,2.3009,2.2661,4.567
Flickr8K,64,4096,jpeg50,robust,1.0,2.3009,2.273,4.5739
Flickr8K,64,4096,resize0.5,robust,1.0,2.3009,2.2697,4.5706
Flickr8K,64,4096,resize0.75,robust,1.0,2.3009,2.2715,4.5724
Flickr8K,64,4096,resize1.25,robust,1.0,2.3009,2.2737,4.5746
Flickr8K,64,4096,resize1.5,robust,1.0,2.3009,2.2665,4.5674
Flickr8K,64,4096,gnoise01,robust,1.0,2.3009,2.2671,4.568
Flickr8K,64,4096,gnoise05,robust,1.0,2.3009,2.2701,4.5709
Flickr8K,64,4096,gnoise10,robust,1.0,2.3009,2.2729,4.5738
Flickr8K,64,4096,gblur3,robust,1.0,2.3009,2.2693,4.5701
Flickr8K,64,4096,gblur5,robust,0.698242,2.3009,2.2686,4.5694
Flickr8K,64,4096,gblur7,robust,0.671875,2.3009,2.2705,4.5714
Flickr8K,64,4096,mblur3,robust,1.0,2.3009,2.2739,4.5748
Flickr8K,64,4096,mblur5,robust,1.0,2.3009,2.2729,4.5738
Flickr8K,64,4096,mblur7,robust,0.6875,2.3009,2.2672,4.5681
Flickr8K,65,4096,clean,robust,1.0,2.3024,2.2677,4.5701
Flickr8K,65,4096,png,robust,1.0,2.3024,2.266,4.5683
Flickr8K,65,4096,jpeg90,robust,1.0,2.3024,2.2706,4.573
Flickr8K,65,4096,jpeg70,robust,1.0,2.3024,2.2709,4.5732
Flickr8K,65,4096,jpeg50,robust,1.0,2.3024,2.2707,4.5731
Flickr8K,65,4096,resize0.5,robust,1.0,2.3024,2.2693,4.5717
Flickr8K,65,4096,resize0.75,robust,1.0,2.3024,2.2735,4.5759
Flickr8K,65,4096,resize1.25,robust,1.0,2.3024,2.2709,4.5732
Flickr8K,65,4096,resize1.5,robust,1.0,2.3024,2.2742,4.5766
Flickr8K,65,4096,gnoise01,robust,1.0,2.3024,2.2658,4.5681
Flickr8K,65,4096,gnoise05,robust,1.0,2.3024,2.2675,4.5698
Flickr8K,65,4096,gnoise10,robust,0.713867,2.3024,2.2676,4.57
Flickr8K,65,4096,gblur3,robust,1.0,2.3024,2.2663,4.5686
Flickr8K,65,4096,gblur5,robust,0.7146,2.3024,2.2731,4.5754
Flickr8K,65,4096,gblur7,robust,0.696289,2.3024,2.2715,4.5738
Flickr8K,65,4096,mblur3,robust,1.0,2.3024,2.268,4.5704
Flickr8K,65,4096,mblur5,robust,1.0,2.3024,2.2704,4.5727
Flickr8K,65,4096,mblur7,robust,0.693604,2.3024,2.2628,4.5651
Flickr8K,66,4096,clean,robust,1.0,2.2972,2.2694,4.5666
Flickr8K,66,4096,png,robust,1.0,2.2972,2.268,4.5652
Flickr8K,66,4096,jpeg90,robust,1.0,2.2972,2.2651,4.5623
Flickr8K,66,4096,jpeg70,robust,1.0,2.2972,2.2682,4.5654
Flickr8K,66,4096,jpeg50,robust,1.0,2.2972,2.2682,4.5654
Flickr8K,66,4096,resize0.5,robust,1.0,2.2972,2.267,4.5642
Flickr8K,66,4096,resize0.75,robust,1.0,2.2972,2.2767,4.5739
Flickr8K,66,4096,resize1.25,robust,1.0,2.2972,2.2739,4.5711
Flickr8K,66,4096,resize1.5,robust,1.0,2.2972,2.2664,4.5636
Flickr8K,66,4096,gnoise01,robust,1.0,2.2972,2.2692,4.5664
Flickr8K,66,4096,gnoise05,robust,1.0,2.2972,2.2706,4.5678
Flickr8K,66,4096,gnoise10,robust,0.697998,2.2972,2.2707,4.5679
Flickr8K,66,4096,gblur3,robust,1.0,2.2972,2.2749,4.5721
Flickr8K,66,4096,gblur5,robust,0.713867,2.2972,2.2678,4.565
Flickr8K,66,4096,gblur7,robust,0.686768,2.2972,2.2753,4.5725
Flickr8K,66,4096,mblur3,robust,1.0,2.2972,2.2721,4.5693
Flickr8K,66,4096,mblur5,robust,0.713867,2.2972,2.2696,4.5668
Flickr8K,66,4096,mblur7,robust,0.691406,2.2972,2.2689,4.5661
Flickr8K,67,4096,clean,robust,1.0,2.2971,2.2706,4.5678
Flickr8K,67,4096,png,robust,1.0,2.2971,2.2677,4.5649
Flickr8K,67,4096,jpeg90,robust,1.0,2.2971,2.2678,4.5649
Flickr8K,67,4096,jpeg70,robust,1.0,2.2971,2.271,4.5682
Flickr8K,67,4096,jpeg50,robust,1.0,2.2971,2.2817,4.5788
Flickr8K,67,4096,resize0.5,robust,1.0,2.2971,2.2659,4.5631
Flickr8K,67,4096,resize0.75,robust,1.0,2.2971,2.2675,4.5647
Flickr8K,67,4096,resize1.25,robust,1.0,2.2971,2.2675,4.5646
Flickr8K,67,4096,resize1.5,robust,1.0,2.2971,2.2661,4.5632
Flickr8K,67,4096,gnoise01,robust,1.0,2.2971,2.2702,4.5673
Flickr8K,67,4096,gnoise05,robust,0.699951,2.2971,2.2671,4.5642
Flickr8K,67,4096,gnoise10,robust,0.681641,2.2971,2.2648,4.5619
Flickr8K,67,4096,gblur3,robust,1.0,2.2971,2.2682,4.5653
Flickr8K,67,4096,gblur5,robust,0.701172,2.2971,2.2643,4.5614
Flickr8K,67,4096,gblur7,robust,0.67749,2.2971,2.2669,4.5641
Flickr8K,67,4096,mblur3,robust,1.0,2.2971,2.2716,4.5688
Flickr8K,67,4096,mblur5,robust,1.0,2.2971,2.2728,4.5699
Flickr8K,67,4096,mblur7,robust,0.696533,2.2971,2.2686,4.5658
Flickr8K,68,4096,clean,robust,1.0,2.3026,2.2699,4.5725
Flickr8K,68,4096,png,robust,1.0,2.3026,2.2762,4.5788
Flickr8K,68,4096,jpeg90,robust,1.0,2.3026,2.2797,4.5823
Flickr8K,68,4096,jpeg70,robust,1.0,2.3026,2.2839,4.5865
Flickr8K,68,4096,jpeg50,robust,1.0,2.3026,2.2734,4.576
Flickr8K,68,4096,resize0.5,robust,1.0,2.3026,2.2684,4.571
Flickr8K,68,4096,resize0.75,robust,1.0,2.3026,2.2655,4.5681
Flickr8K,68,4096,resize1.25,robust,1.0,2.3026,2.2705,4.5731
Flickr8K,68,4096,resize1.5,robust,1.0,2.3026,2.2687,4.5713
Flickr8K,68,4096,gnoise01,robust,1.0,2.3026,2.2662,4.5689
Flickr8K,68,4096,gnoise05,robust,1.0,2.3026,2.2716,4.5743
Flickr8K,68,4096,gnoise10,robust,0.698486,2.3026,2.2647,4.5673
Flickr8K,68,4096,gblur3,robust,1.0,2.3026,2.2765,4.5792
Flickr8K,68,4096,gblur5,robust,1.0,2.3026,2.2816,4.5842
Flickr8K,68,4096,gblur7,robust,0.702393,2.3026,2.2679,4.5705
Flickr8K,68,4096,mblur3,robust,1.0,2.3026,2.2714,4.574
Flickr8K,68,4096,mblur5,robust,1.0,2.3026,2.2727,4.5753
Flickr8K,68,4096,mblur7,robust,0.715576,2.3026,2.2681,4.5708
Flickr8K,69,4096,clean,robust,1.0,2.3043,2.2729,4.5772
Flickr8K,69,4096,png,robust,1.0,2.3043,2.2709,4.5752
Flickr8K,69,4096,jpeg90,robust,1.0,2.3043,2.2659,4.5703
Flickr8K,69,4096,jpeg70,robust,1.0,2.3043,2.27,4.5744
Flickr8K,69,4096,jpeg50,robust,1.0,2.3043,2.2724,4.5767
Flickr8K,69,4096,resize0.5,robust,1.0,2.3043,2.2714,4.5758
Flickr8K,69,4096,resize0.75,robust,1.0,2.3043,2.2742,4.5785
Flickr8K,69,4096,resize1.25,robust,1.0,2.3043,2.2665,4.5709
Flickr8K,69,4096,resize1.5,robust,1.0,2.3043,2.2693,4.5736
Flickr8K,69,4096,gnoise01,robust,1.0,2.3043,2.2676,4.5719
Flickr8K,69,4096,gnoise05,robust,1.0,2.3043,2.2742,4.5785
Flickr8K,69,4096,gnoise10,robust,0.688232,2.3043,2.287,4.5913
Flickr8K,69,4096,gblur3,robust,1.0,2.3043,2.2731,4.5774
Flickr8K,69,4096,gblur5,robust,0.714355,2.3043,2.2652,4.5696
Flickr8K,69,4096,gblur7,robust,0.694824,2.3043,2.2664,4.5708
Flickr8K,69,4096,mblur3,robust,1.0,2.3043,2.2696,4.5739
Flickr8K,69,4096,mblur5,robust,0.715088,2.3043,2.2709,4.5752
Flickr8K,69,4096,mblur7,robust,0.695557,2.3043,2.2684,4.5727
Flickr8K,70,4096,clean,robust,1.0,2.3065,2.266,4.5725
Flickr8K,70,4096,png,robust,1.0,2.3065,2.2654,4.5719
Flickr8K,70,4096,jpeg90,robust,1.0,2.3065,2.2649,4.5714
Flickr8K,70,4096,jpeg70,robust,1.0,2.3065,2.2749,4.5814
Flickr8K,70,4096,jpeg50,robust,1.0,2.3065,2.2793,4.5858
Flickr8K,70,4096,resize0.5,robust,1.0,2.3065,2.2677,4.5742
Flickr8K,70,4096,resize0.75,robust,1.0,2.3065,2.2689,4.5753
Flickr8K,70,4096,resize1.25,robust,1.0,2.3065,2.2659,4.5724
Flickr8K,70,4096,resize1.5,robust,1.0,2.3065,2.2648,4.5713
Flickr8K,70,4096,gnoise01,robust,1.0,2.3065,2.2726,4.579
Flickr8K,70,4096,gnoise05,robust,1.0,2.3065,2.2715,4.578
Flickr8K,70,4096,gnoise10,robust,0.708496,2.3065,2.2647,4.5712
Flickr8K,70,4096,gblur3,robust,1.0,2.3065,2.2657,4.5722
Flickr8K,70,4096,gblur5,robust,0.718262,2.3065,2.2716,4.5781
Flickr8K,70,4096,gblur7,robust,0.689941,2.3065,2.2667,4.5732
Flickr8K,70,4096,mblur3,robust,1.0,2.3065,2.2743,4.5808
Flickr8K,70,4096,mblur5,robust,1.0,2.3065,2.2702,4.5767
Flickr8K,70,4096,mblur7,robust,0.708008,2.3065,2.2658,4.5723
Flickr8K,71,4096,clean,robust,1.0,2.299,2.2698,4.5688
Flickr8K,71,4096,png,robust,1.0,2.299,2.2716,4.5706
Flickr8K,71,4096,jpeg90,robust,1.0,2.299,2.2721,4.5711
Flickr8K,71,4096,jpeg70,robust,1.0,2.299,2.2728,4.5718
Flickr8K,71,4096,jpeg50,robust,0.717041,2.299,2.2698,4.5688
Flickr8K,71,4096,resize0.5,robust,1.0,2.299,2.2677,4.5667
Flickr8K,71,4096,resize0.75,robust,1.0,2.299,2.2663,4.5653
Flickr8K,71,4096,resize1.25,robust,1.0,2.299,2.2709,4.5699
Flickr8K,71,4096,resize1.5,robust,1.0,2.299,2.2687,4.5677
Flickr8K,71,4096,gnoise01,robust,1.0,2.299,2.2657,4.5647
Flickr8K,71,4096,gnoise05,robust,0.712158,2.299,2.2642,4.5632
Flickr8K,71,4096,gnoise10,robust,0.665527,2.299,2.267,4.566
Flickr8K,71,4096,gblur3,robust,1.0,2.299,2.2689,4.5679
Flickr8K,71,4096,gblur5,robust,0.712891,2.299,2.2716,4.5706
Flickr8K,71,4096,gblur7,robust,0.685547,2.299,2.2663,4.5653
Flickr8K,71,4096,mblur3,robust,1.0,2.299,2.2738,4.5728
Flickr8K,71,4096,mblur5,robust,0.7146,2.299,2.2671,4.5661
Flickr8K,71,4096,mblur7,robust,0.697754,2.299,2.2661,4.5651
Flickr8K,72,4096,clean,robust,1.0,2.2957,2.2709,4.5666
Flickr8K,72,4096,png,robust,1.0,2.2957,2.2664,4.5621
Flickr8K,72,4096,jpeg90,robust,1.0,2.2957,2.266,4.5617
Flickr8K,72,4096,jpeg70,robust,1.0,2.2957,2.2654,4.5611
Flickr8K,72,4096,jpeg50,robust,1.0,2.2957,2.2684,4.5641
Flickr8K,72,4096,resize0.5,robust,1.0,2.2957,2.273,4.5687
Flickr8K,72,4096,resize0.75,robust,1.0,2.2957,2.2705,4.5662
Flickr8K,72,4096,resize1.25,robust,1.0,2.2957,2.2658,4.5615
Flickr8K,72,4096,resize1.5,robust,1.0,2.2957,2.2698,4.5655
Flickr8K,72,4096,gnoise01,robust,1.0,2.2957,2.2714,4.5671
Flickr8K,72,4096,gnoise05,robust,1.0,2.2957,2.2723,4.568
Flickr8K,72,4096,gnoise10,robust,0.704102,2.2957,2.2734,4.5691
Flickr8K,72,4096,gblur3,robust,1.0,2.2957,2.272,4.5677
Flickr8K,72,4096,gblur5,robust,1.0,2.2957,2.2721,4.5678
Flickr8K,72,4096,gblur7,robust,0.709961,2.2957,2.2654,4.5611
Flickr8K,72,4096,mblur3,robust,1.0,2.2957,2.2694,4.5651
Flickr8K,72,4096,mblur5,robust,1.0,2.2957,2.279,4.5747
Flickr8K,72,4096,mblur7,robust,0.712646,2.2957,2.2685,4.5642
Flickr8K,73,4096,clean,robust,1.0,2.297,2.268,4.565
Flickr8K,73,4096,png,robust,1.0,2.297,2.2687,4.5657
Flickr8K,73,4096,jpeg90,robust,1.0,2.297,2.2702,4.5671
Flickr8K,73,4096,jpeg70,robust,1.0,2.297,2.2727,4.5697
Flickr8K,73,4096,jpeg50,robust,1.0,2.297,2.2769,4.5739
Flickr8K,73,4096,resize0.5,robust,1.0,2.297,2.2654,4.5624
Flickr8K,73,4096,resize0.75,robust,1.0,2.297,2.2663,4.5633
Flickr8K,73,4096,resize1.25,robust,1.0,2.297,2.2695,4.5665
Flickr8K,73,4096,resize1.5,robust,1.0,2.297,2.2701,4.5671
Flickr8K,73,4096,gnoise01,robust,1.0,2.297,2.2735,4.5704
Flickr8K,73,4096,gnoise05,robust,0.70166,2.297,2.2677,4.5647
Flickr8K,73,4096,gnoise10,robust,0.67041,2.297,2.2673,4.5642
Flickr8K,73,4096,gblur3,robust,1.0,2.297,2.2689,4.5658
Flickr8K,73,4096,gblur5,robust,0.701172,2.297,2.2685,4.5655
Flickr8K,73,4096,gblur7,robust,0.673828,2.297,2.2684,4.5653
Flickr8K,73,4096,mblur3,robust,1.0,2.297,2.2708,4.5678
Flickr8K,73,4096,mblur5,robust,1.0,2.297,2.2827,4.5797
Flickr8K,73,4096,mblur7,robust,0.684326,2.297,2.2681,4.5651
Flickr8K,74,4096,clean,robust,1.0,2.2953,2.2687,4.564
Flickr8K,74,4096,png,robust,1.0,2.2953,2.2703,4.5655
Flickr8K,74,4096,jpeg90,robust,1.0,2.2953,2.2702,4.5655
Flickr8K,74,4096,jpeg70,robust,1.0,2.2953,2.2728,4.5681
Flickr8K,74,4096,jpeg50,robust,0.710693,2.2953,2.2681,4.5634
Flickr8K,74,4096,resize0.5,robust,1.0,2.2953,2.2708,4.5661
Flickr8K,74,4096,resize0.75,robust,1.0,2.2953,2.2662,4.5615
Flickr8K,74,4096,resize1.25,robust,1.0,2.2953,2.2726,4.5679
Flickr8K,74,4096,resize1.5,robust,1.0,2.2953,2.2682,4.5635
Flickr8K,74,4096,gnoise01,robust,1.0,2.2953,2.2667,4.562
Flickr8K,74,4096,gnoise05,robust,0.702881,2.2953,2.2676,4.5629
Flickr8K,74,4096,gnoise10,robust,0.651855,2.2953,2.2653,4.5606
Flickr8K,74,4096,gblur3,robust,1.0,2.2953,2.2728,4.5681
Flickr8K,74,4096,gblur5,robust,1.0,2.2953,2.2775,4.5728
Flickr8K,74,4096,gblur7,robust,0.694336,2.2953,2.2655,4.5607
Flickr8K,74,4096,mblur3,robust,1.0,2.2953,2.2694,4.5647
Flickr8K,74,4096,mblur5,robust,1.0,2.2953,2.2727,4.5679
Flickr8K,74,4096,mblur7,robust,0.706299,2.2953,2.2726,4.5679
Flickr8K,75,4096,clean,robust,1.0,2.2986,2.2734,4.572
Flickr8K,75,4096,png,robust,1.0,2.2986,2.2668,4.5654
Flickr8K,75,4096,jpeg90,robust,1.0,2.2986,2.2697,4.5683
Flickr8K,75,4096,jpeg70,robust,1.0,2.2986,2.2702,4.5689
Flickr8K,75,4096,jpeg50,robust,1.0,2.2986,2.2721,4.5707
Flickr8K,75,4096,resize0.5,robust,1.0,2.2986,2.276,4.5747
Flickr8K,75,4096,resize0.75,robust,1.0,2.2986,2.2768,4.5754
Flickr8K,75,4096,resize1.25,robust,1.0,2.2986,2.27,4.5687
Flickr8K,75,4096,resize1.5,robust,1.0,2.2986,2.2673,4.5659
Flickr8K,75,4096,gnoise01,robust,1.0,2.2986,2.2692,4.5678
Flickr8K,75,4096,gnoise05,robust,0.710693,2.2986,2.2704,4.569
Flickr8K,75,4096,gnoise10,robust,0.671631,2.2986,2.2712,4.5699
Flickr8K,75,4096,gblur3,robust,1.0,2.2986,2.2682,4.5669
Flickr8K,75,4096,gblur5,robust,0.701416,2.2986,2.2689,4.5675
Flickr8K,75,4096,gblur7,robust,0.671631,2.2986,2.2687,4.5674
Flickr8K,75,4096,mblur3,robust,1.0,2.2986,2.271,4.5696
Flickr8K,75,4096,mblur5,robust,0.711914,2.2986,2.2757,4.5743
Flickr8K,75,4096,mblur7,robust,0.679932,2.2986,2.2672,4.5658
Flickr8K,76,4096,clean,robust,1.0,2.3016,2.2699,4.5715
Flickr8K,76,4096,png,robust,1.0,2.3016,2.2696,4.5712
Flickr8K,76,4096,jpeg90,robust,1.0,2.3016,2.2711,4.5727
Flickr8K,76,4096,jpeg70,robust,0.70459,2.3016,2.2771,4.5787
Flickr8K,76,4096,jpeg50,robust,0.689941,2.3016,2.2713,4.573
Flickr8K,76,4096,resize0.5,robust,1.0,2.3016,2.271,4.5726
Flickr8K,76,4096,resize0.75,robust,1.0,2.3016,2.2692,4.5708
Flickr8K,76,4096,resize1.25,robust,1.0,2.3016,2.2676,4.5692
Flickr8K,76,4096,resize1.5,robust,1.0,2.3016,2.2707,4.5723
Flickr8K,76,4096,gnoise01,robust,0.711914,2.3016,2.2734,4.575
Flickr8K,76,4096,gnoise05,robust,0.646973,2.3016,2.2722,4.5738
Flickr8K,76,4096,gnoise10,robust,0.609375,2.3016,2.2661,4.5677
Flickr8K,76,4096,gblur3,robust,1.0,2.3016,2.271,4.5726
Flickr8K,76,4096,gblur5,robust,0.700928,2.3016,2.2719,4.5736
Flickr8K,76,4096,gblur7,robust,0.667969,2.3016,2.2773,4.579
Flickr8K,76,4096,mblur3,robust,1.0,2.3016,2.2732,4.5749
Flickr8K,76,4096,mblur5,robust,0.711914,2.3016,2.2662,4.5678
Flickr8K,76,4096,mblur7,robust,0.69751,2.3016,2.2674,4.569
Flickr8K,77,4096,clean,robust,1.0,2.2952,2.2711,4.5663
Flickr8K,77,4096,png,robust,1.0,2.2952,2.2715,4.5666
Flickr8K,77,4096,jpeg90,robust,1.0,2.2952,2.2745,4.5696
Flickr8K,77,4096,jpeg70,robust,1.0,2.2952,2.269,4.5642
Flickr8K,77,4096,jpeg50,robust,1.0,2.2952,2.2696,4.5648
Flickr8K,77,4096,resize0.5,robust,1.0,2.2952,2.2712,4.5663
Flickr8K,77,4096,resize0.75,robust,1.0,2.2952,2.2704,4.5655
Flickr8K,77,4096,resize1.25,robust,1.0,2.2952,2.2815,4.5767
Flickr8K,77,4096,resize1.5,robust,1.0,2.2952,2.2794,4.5746
Flickr8K,77,4096,gnoise01,robust,1.0,2.2952,2.2688,4.564
Flickr8K,77,4096,gnoise05,robust,1.0,2.2952,2.2816,4.5767
Flickr8K,77,4096,gnoise10,robust,0.673096,2.2952,2.2662,4.5613
Flickr8K,77,4096,gblur3,robust,1.0,2.2952,2.2755,4.5707
Flickr8K,77,4096,gblur5,robust,0.707764,2.2952,2.2796,4.5747
Flickr8K,77,4096,gblur7,robust,0.682861,2.2952,2.2676,4.5627
Flickr8K,77,4096,mblur3,robust,1.0,2.2952,2.2681,4.5632
Flickr8K,77,4096,mblur5,robust,1.0,2.2952,2.2736,4.5688
Flickr8K,77,4096,mblur7,robust,0.682861,2.2952,2.2715,4.5666
Flickr8K,78,4096,clean,robust,1.0,2.297,2.2767,4.5736
Flickr8K,78,4096,png,robust,1.0,2.297,2.2691,4.566
Flickr8K,78,4096,jpeg90,robust,1.0,2.297,2.2685,4.5654
Flickr8K,78,4096,jpeg70,robust,1.0,2.297,2.277,4.5739
Flickr8K,78,4096,jpeg50,robust,1.0,2.297,2.2763,4.5732
Flickr8K,78,4096,resize0.5,robust,1.0,2.297,2.2786,4.5755
Flickr8K,78,4096,resize0.75,robust,1.0,2.297,2.2727,4.5697
Flickr8K,78,4096,resize1.25,robust,1.0,2.297,2.2713,4.5682
Flickr8K,78,4096,resize1.5,robust,1.0,2.297,2.2652,4.5622
Flickr8K,78,4096,gnoise01,robust,1.0,2.297,2.2692,4.5661
Flickr8K,78,4096,gnoise05,robust,0.70874,2.297,2.2684,4.5654
Flickr8K,78,4096,gnoise10,robust,0.661133,2.297,2.2739,4.5709
Flickr8K,78,4096,gblur3,robust,1.0,2.297,2.2689,4.5659
Flickr8K,78,4096,gblur5,robust,0.712891,2.297,2.2655,4.5625
Flickr8K,78,4096,gblur7,robust,0.689209,2.297,2.2692,4.5662
Flickr8K,78,4096,mblur3,robust,1.0,2.297,2.2677,4.5646
Flickr8K,78,4096,mblur5,robust,1.0,2.297,2.2894,4.5863
Flickr8K,78,4096,mblur7,robust,0.701904,2.297,2.2724,4.5693
Flickr8K,79,4096,clean,robust,1.0,2.2992,2.2684,4.5676
Flickr8K,79,4096,png,robust,1.0,2.2992,2.27,4.5692
Flickr8K,79,4096,jpeg90,robust,1.0,2.2992,2.268,4.5672
Flickr8K,79,4096,jpeg70,robust,1.0,2.2992,2.2799,4.5791
Flickr8K,79,4096,jpeg50,robust,1.0,2.2992,2.2792,4.5784
Flickr8K,79,4096,resize0.5,robust,1.0,2.2992,2.2685,4.5677
Flickr8K,79,4096,resize0.75,robust,1.0,2.2992,2.2686,4.5678
Flickr8K,79,4096,resize1.25,robust,1.0,2.2992,2.2673,4.5665
Flickr8K,79,4096,resize1.5,robust,1.0,2.2992,2.2735,4.5727
Flickr8K,79,4096,gnoise01,robust,1.0,2.2992,2.2783,4.5775
Flickr8K,79,4096,gnoise05,robust,0.718994,2.2992,2.2691,4.5683
Flickr8K,79,4096,gnoise10,robust,0.688721,2.2992,2.2779,4.5772
Flickr8K,79,4096,gblur3,robust,1.0,2.2992,2.2729,4.5721
Flickr8K,79,4096,gblur5,robust,1.0,2.2992,2.2795,4.5787
Flickr8K,79,4096,gblur7,robust,0.698975,2.2992,2.2776,4.5768
Flickr8K,79,4096,mblur3,robust,1.0,2.2992,2.2731,4.5723
Flickr8K,79,4096,mblur5,robust,1.0,2.2992,2.2757,4.5749
Flickr8K,79,4096,mblur7,robust,0.711182,2.2992,2.2682,4.5674
Flickr8K,80,4096,clean,robust,1.0,2.2953,2.2693,4.5646
Flickr8K,80,4096,png,robust,1.0,2.2953,2.2782,4.5735
Flickr8K,80,4096,jpeg90,robust,1.0,2.2953,2.2735,4.5688
Flickr8K,80,4096,jpeg70,robust,1.0,2.2953,2.272,4.5674
Flickr8K,80,4096,jpeg50,robust,1.0,2.2953,2.274,4.5693
Flickr8K,80,4096,resize0.5,robust,1.0,2.2953,2.273,4.5683
Flickr8K,80,4096,resize0.75,robust,1.0,2.2953,2.2743,4.5696
Flickr8K,80,4096,resize1.25,robust,1.0,2.2953,2.2767,4.572
Flickr8K,80,4096,resize1.5,robust,1.0,2.2953,2.2697,4.565
Flickr8K,80,4096,gnoise01,robust,1.0,2.2953,2.2692,4.5645
Flickr8K,80,4096,gnoise05,robust,0.706543,2.2953,2.2675,4.5628
Flickr8K,80,4096,gnoise10,robust,0.671631,2.2953,2.267,4.5623
Flickr8K,80,4096,gblur3,robust,1.0,2.2953,2.2801,4.5754
Flickr8K,80,4096,gblur5,robust,0.703613,2.2953,2.2708,4.5661
Flickr8K,80,4096,gblur7,robust,0.678467,2.2953,2.2651,4.5604
Flickr8K,80,4096,mblur3,robust,1.0,2.2953,2.2681,4.5634
Flickr8K,80,4096,mblur5,robust,0.707275,2.2953,2.2658,4.5611
Flickr8K,80,4096,mblur7,robust,0.68457,2.2953,2.2704,4.5657
Flickr8K,81,4096,clean,robust,1.0,2.303,2.277,4.5801
Flickr8K,81,4096,png,robust,1.0,2.303,2.2752,4.5783
Flickr8K,81,4096,jpeg90,robust,1.0,2.303,2.2725,4.5756
Flickr8K,81,4096,jpeg70,robust,0.713379,2.303,2.2676,4.5706
Flickr8K,81,4096,jpeg50,robust,0.709717,2.303,2.2695,4.5726
Flickr8K,81,4096,resize0.5,robust,1.0,2.303,2.2859,4.589
Flickr8K,81,4096,resize0.75,robust,1.0,2.303,2.2725,4.5755
Flickr8K,81,4096,resize1.25,robust,1.0,2.303,2.2708,4.5738
Flickr8K,81,4096,resize1.5,robust,1.0,2.303,2.27,4.5731
Flickr8K,81,4096,gnoise01,robust,1.0,2.303,2.2748,4.5778
Flickr8K,81,4096,gnoise05,robust,0.709961,2.303,2.2744,4.5774
Flickr8K,81,4096,gnoise10,robust,0.696045,2.303,2.2732,4.5762
Flickr8K,81,4096,gblur3,robust,1.0,2.303,2.2726,4.5757
Flickr8K,81,4096,gblur5,robust,0.710205,2.303,2.2678,4.5708
Flickr8K,81,4096,gblur7,robust,0.679932,2.303,2.2686,4.5716
Flickr8K,81,4096,mblur3,robust,1.0,2.303,2.2787,4.5817
Flickr8K,81,4096,mblur5,robust,0.715576,2.303,2.2808,4.5838
Flickr8K,81,4096,mblur7,robust,0.687744,2.303,2.2668,4.5699
Flickr8K,82,4096,clean,robust,1.0,2.3001,2.2723,4.5724
Flickr8K,82,4096,png,robust,1.0,2.3001,2.2725,4.5726
Flickr8K,82,4096,jpeg90,robust,1.0,2.3001,2.2714,4.5714
Flickr8K,82,4096,jpeg70,robust,0.713379,2.3001,2.2757,4.5758
Flickr8K,82,4096,jpeg50,robust,0.704346,2.3001,2.2703,4.5703
Flickr8K,82,4096,resize0.5,robust,1.0,2.3001,2.2784,4.5784
Flickr8K,82,4096,resize0.75,robust,1.0,2.3001,2.2796,4.5797
Flickr8K,82,4096,resize1.25,robust,1.0,2.3001,2.2782,4.5782
Flickr8K,82,4096,resize1.5,robust,1.0,2.3001,2.2881,4.5882
Flickr8K,82,4096,gnoise01,robust,1.0,2.3001,2.2854,4.5854
Flickr8K,82,4096,gnoise05,robust,0.688721,2.3001,2.269,4.5691
Flickr8K,82,4096,gnoise10,robust,0.657471,2.3001,2.27,4.5701
Flickr8K,82,4096,gblur3,robust,1.0,2.3001,2.2718,4.5719
Flickr8K,82,4096,gblur5,robust,0.709961,2.3001,2.2694,4.5694
Flickr8K,82,4096,gblur7,robust,0.684814,2.3001,2.2775,4.5776
Flickr8K,82,4096,mblur3,robust,1.0,2.3001,2.2716,4.5717
Flickr8K,82,4096,mblur5,robust,1.0,2.3001,2.2752,4.5753
Flickr8K,82,4096,mblur7,robust,0.693848,2.3001,2.2678,4.5679
Flickr8K,83,4096,clean,robust,1.0,2.2986,2.2691,4.5677
Flickr8K,83,4096,png,robust,1.0,2.2986,2.2793,4.578
Flickr8K,83,4096,jpeg90,robust,1.0,2.2986,2.2756,4.5743
Flickr8K,83,4096,jpeg70,robust,1.0,2.2986,2.2733,4.5719
Flickr8K,83,4096,jpeg50,robust,1.0,2.2986,2.2744,4.573
Flickr8K,83,4096,resize0.5,robust,1.0,2.2986,2.271,4.5696
Flickr8K,83,4096,resize0.75,robust,1.0,2.2986,2.2785,4.5771
Flickr8K,83,4096,resize1.25,robust,1.0,2.2986,2.2771,4.5757
Flickr8K,83,4096,resize1.5,robust,1.0,2.2986,2.2709,4.5695
Flickr8K,83,4096,gnoise01,robust,1.0,2.2986,2.272,4.5706
Flickr8K,83,4096,gnoise05,robust,1.0,2.2986,2.2733,4.572
Flickr8K,83,4096,gnoise10,robust,0.710449,2.2986,2.2747,4.5733
Flickr8K,83,4096,gblur3,robust,1.0,2.2986,2.2762,4.5748
Flickr8K,83,4096,gblur5,robust,0.710693,2.2986,2.2708,4.5695
Flickr8K,83,4096,gblur7,robust,0.696289,2.2986,2.2666,4.5652
Flickr8K,83,4096,mblur3,robust,1.0,2.2986,2.2725,4.5712
Flickr8K,83,4096,mblur5,robust,0.715576,2.2986,2.2772,4.5758
Flickr8K,83,4096,mblur7,robust,0.698242,2.2986,2.275,4.5736
Flickr8K,84,4096,clean,robust,1.0,2.2961,2.2757,4.5718
Flickr8K,84,4096,png,robust,1.0,2.2961,2.2726,4.5687
Flickr8K,84,4096,jpeg90,robust,1.0,2.2961,2.2734,4.5695
Flickr8K,84,4096,jpeg70,robust,0.718262,2.2961,2.266,4.5621
Flickr8K,84,4096,jpeg50,robust,0.706787,2.2961,2.2754,4.5715
Flickr8K,84,4096,resize0.5,robust,1.0,2.2961,2.2862,4.5823
Flickr8K,84,4096,resize0.75,robust,1.0,2.2961,2.2733,4.5694
Flickr8K,84,4096,resize1.25,robust,1.0,2.2961,2.2766,4.5727
Flickr8K,84,4096,resize1.5,robust,1.0,2.2961,2.2773,4.5734
Flickr8K,84,4096,gnoise01,robust,1.0,2.2961,2.2716,4.5677
Flickr8K,84,4096,gnoise05,robust,0.704102,2.2961,2.277,4.573
Flickr8K,84,4096,gnoise10,robust,0.669189,2.2961,2.2711,4.5672
Flickr8K,84,4096,gblur3,robust,1.0,2.2961,2.2754,4.5714
Flickr8K,84,4096,gblur5,robust,0.698975,2.2961,2.2681,4.5642
Flickr8K,84,4096,gblur7,robust,0.671875,2.2961,2.2689,4.565
Flickr8K,84,4096,mblur3,robust,1.0,2.2961,2.2805,4.5766
Flickr8K,84,4096,mblur5,robust,0.707031,2.2961,2.2726,4.5687
Flickr8K,84,4096,mblur7,robust,0.693848,2.2961,2.2669,4.563
Flickr8K,85,4096,clean,robust,1.0,2.2966,2.2665,4.5632
Flickr8K,85,4096,png,robust,1.0,2.2966,2.2671,4.5637
Flickr8K,85,4096,jpeg90,robust,1.0,2.2966,2.273,4.5696
Flickr8K,85,4096,jpeg70,robust,1.0,2.2966,2.2833,4.5799
Flickr8K,85,4096,jpeg50,robust,1.0,2.2966,2.2746,4.5713
Flickr8K,85,4096,resize0.5,robust,1.0,2.2966,2.2775,4.5742
Flickr8K,85,4096,resize0.75,robust,1.0,2.2966,2.2715,4.5681
Flickr8K,85,4096,resize1.25,robust,1.0,2.2966,2.2686,4.5652
Flickr8K,85,4096,resize1.5,robust,1.0,2.2966,2.2765,4.5731
Flickr8K,85,4096,gnoise01,robust,1.0,2.2966,2.2718,4.5685
Flickr8K,85,4096,gnoise05,robust,1.0,2.2966,2.2729,4.5695
Flickr8K,85,4096,gnoise10,robust,0.693115,2.2966,2.2659,4.5626
Flickr8K,85,4096,gblur3,robust,1.0,2.2966,2.2698,4.5665
Flickr8K,85,4096,gblur5,robust,0.701416,2.2966,2.2696,4.5663
Flickr8K,85,4096,gblur7,robust,0.657959,2.2966,2.2754,4.572
Flickr8K,85,4096,mblur3,robust,1.0,2.2966,2.2723,4.5689
Flickr8K,85,4096,mblur5,robust,0.710449,2.2966,2.2712,4.5679
Flickr8K,85,4096,mblur7,robust,0.674316,2.2966,2.2713,4.5679
Flickr8K,86,4096,clean,robust,1.0,2.2993,2.2738,4.5732
Flickr8K,86,4096,png,robust,1.0,2.2993,2.2762,4.5755
Flickr8K,86,4096,jpeg90,robust,1.0,2.2993,2.2661,4.5655
Flickr8K,86,4096,jpeg70,robust,1.0,2.2993,2.2655,4.5648
Flickr8K,86,4096,jpeg50,robust,1.0,2.2993,2.2719,4.5713
Flickr8K,86,4096,resize0.5,robust,1.0,2.2993,2.2677,4.567
Flickr8K,86,4096,resize0.75,robust,1.0,2.2993,2.2754,4.5748
Flickr8K,86,4096,resize1.25,robust,1.0,2.2993,2.2708,4.5702
Flickr8K,86,4096,resize1.5,robust,1.0,2.2993,2.2655,4.5648
Flickr8K,86,4096,gnoise01,robust,1.0,2.2993,2.2685,4.5678
Flickr8K,86,4096,gnoise05,robust,1.0,2.2993,2.2704,4.5697
Flickr8K,86,4096,gnoise10,robust,0.696289,2.2993,2.2667,4.5661
Flickr8K,86,4096,gblur3,robust,1.0,2.2993,2.2741,4.5734
Flickr8K,86,4096,gblur5,robust,0.704102,2.2993,2.2749,4.5743
Flickr8K,86,4096,gblur7,robust,0.687012,2.2993,2.2702,4.5696
Flickr8K,86,4096,mblur3,robust,1.0,2.2993,2.2677,4.5671
Flickr8K,86,4096,mblur5,robust,1.0,2.2993,2.2735,4.5729
Flickr8K,86,4096,mblur7,robust,0.695312,2.2993,2.2737,4.5731
Flickr8K,87,4096,clean,robust,1.0,2.2992,2.2689,4.5681
Flickr8K,87,4096,png,robust,1.0,2.2992,2.2682,4.5674
Flickr8K,87,4096,jpeg90,robust,1.0,2.2992,2.2705,4.5697
Flickr8K,87,4096,jpeg70,robust,1.0,2.2992,2.2683,4.5675
Flickr8K,87,4096,jpeg50,robust,1.0,2.2992,2.2782,4.5774
Flickr8K,87,4096,resize0.5,robust,1.0,2.2992,2.277,4.5762
Flickr8K,87,4096,resize0.75,robust,1.0,2.2992,2.2719,4.5711
Flickr8K,87,4096,resize1.25,robust,1.0,2.2992,2.2683,4.5675
Flickr8K,87,4096,resize1.5,robust,1.0,2.2992,2.2694,4.5686
Flickr8K,87,4096,gnoise01,robust,1.0,2.2992,2.2735,4.5727
Flickr8K,87,4096,gnoise05,robust,1.0,2.2992,2.2898,4.589
Flickr8K,87,4096,gnoise10,robust,0.705566,2.2992,2.2662,4.5654
Flickr8K,87,4096,gblur3,robust,1.0,2.2992,2.2721,4.5713
Flickr8K,87,4096,gblur5,robust,0.720459,2.2992,2.271,4.5702
Flickr8K,87,4096,gblur7,robust,0.687988,2.2992,2.2649,4.5641
Flickr8K,87,4096,mblur3,robust,1.0,2.2992,2.2716,4.5708
Flickr8K,87,4096,mblur5,robust,1.0,2.2992,2.2729,4.572
Flickr8K,87,4096,mblur7,robust,0.706055,2.2992,2.266,4.5652
Flickr8K,88,4096,clean,robust,1.0,2.2951,2.2668,4.5619
Flickr8K,88,4096,png,robust,1.0,2.2951,2.2672,4.5623
Flickr8K,88,4096,jpeg90,robust,1.0,2.2951,2.2743,4.5694
Flickr8K,88,4096,jpeg70,robust,1.0,2.2951,2.2804,4.5755
Flickr8K,88,4096,jpeg50,robust,1.0,2.2951,2.2714,4.5665
Flickr8K,88,4096,resize0.5,robust,1.0,2.2951,2.2801,4.5751
Flickr8K,88,4096,resize0.75,robust,1.0,2.2951,2.268,4.5631
Flickr8K,88,4096,resize1.25,robust,1.0,2.2951,2.2662,4.5613
Flickr8K,88,4096,resize1.5,robust,1.0,2.2951,2.2732,4.5683
Flickr8K,88,4096,gnoise01,robust,1.0,2.2951,2.2666,4.5616
Flickr8K,88,4096,gnoise05,robust,1.0,2.2951,2.2717,4.5668
Flickr8K,88,4096,gnoise10,robust,0.697754,2.2951,2.2644,4.5595
Flickr8K,88,4096,gblur3,robust,1.0,2.2951,2.2672,4.5623
Flickr8K,88,4096,gblur5,robust,0.708008,2.2951,2.2681,4.5632
Flickr8K,88,4096,gblur7,robust,0.698486,2.2951,2.27,4.5651
Flickr8K,88,4096,mblur3,robust,1.0,2.2951,2.2675,4.5625
Flickr8K,88,4096,mblur5,robust,1.0,2.2951,2.2728,4.5679
Flickr8K,88,4096,mblur7,robust,0.697021,2.2951,2.2671,4.5621
Flickr8K,89,4096,clean,robust,1.0,2.2951,2.2696,4.5647
Flickr8K,89,4096,png,robust,1.0,2.2951,2.2785,4.5736
Flickr8K,89,4096,jpeg90,robust,1.0,2.2951,2.2702,4.5653
Flickr8K,89,4096,jpeg70,robust,1.0,2.2951,2.2725,4.5676
Flickr8K,89,4096,jpeg50,robust,1.0,2.2951,2.2713,4.5664
Flickr8K,89,4096,resize0.5,robust,1.0,2.2951,2.2714,4.5665
Flickr8K,89,4096,resize0.75,robust,1.0,2.2951,2.2698,4.565
Flickr8K,89,4096,resize1.25,robust,1.0,2.2951,2.27,4.5651
Flickr8K,89,4096,resize1.5,robust,1.0,2.2951,2.267,4.5621
Flickr8K,89,4096,gnoise01,robust,1.0,2.2951,2.2695,4.5646
Flickr8K,89,4096,gnoise05,robust,1.0,2.2951,2.2763,4.5714
Flickr8K,89,4096,gnoise10,robust,0.705811,2.2951,2.271,4.5661
Flickr8K,89,4096,gblur3,robust,1.0,2.2951,2.2733,4.5684
Flickr8K,89,4096,gblur5,robust,0.712158,2.2951,2.2704,4.5655
Flickr8K,89,4096,gblur7,robust,0.6875,2.2951,2.2657,4.5608
Flickr8K,89,4096,mblur3,robust,1.0,2.2951,2.2705,4.5656
Flickr8K,89,4096,mblur5,robust,1.0,2.2951,2.274,4.5691
Flickr8K,89,4096,mblur7,robust,0.699707,2.2951,2.2726,4.5677
Flickr8K,90,4096,clean,robust,1.0,2.2968,2.2657,4.5625
Flickr8K,90,4096,png,robust,1.0,2.2968,2.266,4.5628
Flickr8K,90,4096,jpeg90,robust,1.0,2.2968,2.2652,4.562
Flickr8K,90,4096,jpeg70,robust,1.0,2.2968,2.2704,4.5672
Flickr8K,90,4096,jpeg50,robust,0.716309,2.2968,2.2751,4.5719
Flickr8K,90,4096,resize0.5,robust,1.0,2.2968,2.2701,4.5669
Flickr8K,90,4096,resize0.75,robust,1.0,2.2968,2.2668,4.5636
Flickr8K,90,4096,resize1.25,robust,1.0,2.2968,2.2669,4.5637
Flickr8K,90,4096,resize1.5,robust,1.0,2.2968,2.2688,4.5656
Flickr8K,90,4096,gnoise01,robust,1.0,2.2968,2.27,4.5668
Flickr8K,90,4096,gnoise05,robust,0.712402,2.2968,2.269,4.5658
Flickr8K,90,4096,gnoise10,robust,0.679199,2.2968,2.2708,4.5676
Flickr8K,90,4096,gblur3,robust,1.0,2.2968,2.2708,4.5676
Flickr8K,90,4096,gblur5,robust,0.713867,2.2968,2.2661,4.5629
Flickr8K,90,4096,gblur7,robust,0.68042,2.2968,2.2646,4.5614
Flickr8K,90,4096,mblur3,robust,1.0,2.2968,2.275,4.5717
Flickr8K,90,4096,mblur5,robust,0.71582,2.2968,2.2681,4.5649
Flickr8K,90,4096,mblur7,robust,0.688477,2.2968,2.2668,4.5636
Flickr8K,91,4096,clean,robust,1.0,2.2949,2.2764,4.5713
Flickr8K,91,4096,png,robust,1.0,2.2949,2.2697,4.5646
Flickr8K,91,4096,jpeg90,robust,1.0,2.2949,2.2758,4.5707
Flickr8K,91,4096,jpeg70,robust,1.0,2.2949,2.2756,4.5705
Flickr8K,91,4096,jpeg50,robust,0.708252,2.2949,2.2675,4.5624
Flickr8K,91,4096,resize0.5,robust,1.0,2.2949,2.2692,4.564
Flickr8K,91,4096,resize0.75,robust,1.0,2.2949,2.2673,4.5622
Flickr8K,91,4096,resize1.25,robust,1.0,2.2949,2.2697,4.5646
Flickr8K,91,4096,resize1.5,robust,1.0,2.2949,2.2737,4.5686
Flickr8K,91,4096,gnoise01,robust,1.0,2.2949,2.2726,4.5675
Flickr8K,91,4096,gnoise05,robust,0.686035,2.2949,2.2651,4.5599
Flickr8K,91,4096,gnoise10,robust,0.637695,2.2949,2.2653,4.5602
Flickr8K,91,4096,gblur3,robust,1.0,2.2949,2.27,4.5649
Flickr8K,91,4096,gblur5,robust,0.706299,2.2949,2.2703,4.5651
Flickr8K,91,4096,gblur7,robust,0.674805,2.2949,2.2768,4.5716
Flickr8K,91,4096,mblur3,robust,1.0,2.2949,2.2697,4.5646
Flickr8K,91,4096,mblur5,robust,0.70166,2.2949,2.2708,4.5656
Flickr8K,91,4096,mblur7,robust,0.67041,2.2949,2.2689,4.5638
Flickr8K,92,4096,clean,robust,1.0,2.3012,2.271,4.5722
Flickr8K,92,4096,png,robust,1.0,2.3012,2.2768,4.578
Flickr8K,92,4096,jpeg90,robust,1.0,2.3012,2.2702,4.5713
Flickr8K,92,4096,jpeg70,robust,1.0,2.3012,2.2736,4.5748
Flickr8K,92,4096,jpeg50,robust,1.0,2.3012,2.2772,4.5784
Flickr8K,92,4096,resize0.5,robust,1.0,2.3012,2.2715,4.5726
Flickr8K,92,4096,resize0.75,robust,1.0,2.3012,2.2745,4.5757
Flickr8K,92,4096,resize1.25,robust,1.0,2.3012,2.2754,4.5766
Flickr8K,92,4096,resize1.5,robust,1.0,2.3012,2.2746,4.5758
Flickr8K,92,4096,gnoise01,robust,1.0,2.3012,2.2672,4.5684
Flickr8K,92,4096,gnoise05,robust,0.694336,2.3012,2.2684,4.5696
Flickr8K,92,4096,gnoise10,robust,0.651367,2.3012,2.2696,4.5708
Flickr8K,92,4096,gblur3,robust,1.0,2.3012,2.2747,4.5759
Flickr8K,92,4096,gblur5,robust,0.695801,2.3012,2.2652,4.5664
Flickr8K,92,4096,gblur7,robust,0.665283,2.3012,2.2653,4.5665
Flickr8K,92,4096,mblur3,robust,1.0,2.3012,2.2726,4.5738
Flickr8K,92,4096,mblur5,robust,0.683594,2.3012,2.2667,4.5679
Flickr8K,92,4096,mblur7,robust,0.656006,2.3012,2.2741,4.5753
Flickr8K,93,4096,clean,robust,1.0,2.2997,2.2749,4.5746
Flickr8K,93,4096,png,robust,1.0,2.2997,2.2694,4.569
Flickr8K,93,4096,jpeg90,robust,1.0,2.2997,2.2693,4.569
Flickr8K,93,4096,jpeg70,robust,0.712646,2.2997,2.2663,4.566
Flickr8K,93,4096,jpeg50,robust,0.699707,2.2997,2.2695,4.5692
Flickr8K,93,4096,resize0.5,robust,1.0,2.2997,2.2723,4.572
Flickr8K,93,4096,resize0.75,robust,1.0,2.2997,2.2705,4.5702
Flickr8K,93,4096,resize1.25,robust,1.0,2.2997,2.2694,4.5691
Flickr8K,93,4096,resize1.5,robust,1.0,2.2997,2.2672,4.5669
Flickr8K,93,4096,gnoise01,robust,1.0,2.2997,2.2754,4.5751
Flickr8K,93,4096,gnoise05,robust,0.627686,2.2997,2.273,4.5727
Flickr8K,93,4096,gnoise10,robust,0.571045,2.2997,2.2761,4.5758
Flickr8K,93,4096,gblur3,robust,1.0,2.2997,2.2778,4.5775
Flickr8K,93,4096,gblur5,robust,0.697266,2.2997,2.2684,4.5681
Flickr8K,93,4096,gblur7,robust,0.655762,2.2997,2.266,4.5657
Flickr8K,93,4096,mblur3,robust,1.0,2.2997,2.2815,4.5812
Flickr8K,93,4096,mblur5,robust,0.705566,2.2997,2.2747,4.5744
Flickr8K,93,4096,mblur7,robust,0.661133,2.2997,2.2673,4.567
Flickr8K,94,4096,clean,robust,1.0,2.3007,2.2699,4.5706
Flickr8K,94,4096,png,robust,1.0,2.3007,2.2698,4.5705
Flickr8K,94,4096,jpeg90,robust,1.0,2.3007,2.2715,4.5722
Flickr8K,94,4096,jpeg70,robust,1.0,2.3007,2.2757,4.5764
Flickr8K,94,4096,jpeg50,robust,1.0,2.3007,2.2717,4.5724
Flickr8K,94,4096,resize0.5,robust,1.0,2.3007,2.2686,4.5693
Flickr8K,94,4096,resize0.75,robust,1.0,2.3007,2.267,4.5677
Flickr8K,94,4096,resize1.25,robust,1.0,2.3007,2.272,4.5728
Flickr8K,94,4096,resize1.5,robust,1.0,2.3007,2.2697,4.5704
Flickr8K,94,4096,gnoise01,robust,1.0,2.3007,2.2679,4.5686
Flickr8K,94,4096,gnoise05,robust,0.716064,2.3007,2.2794,4.5802
Flickr8K,94,4096,gnoise10,robust,0.691162,2.3007,2.2658,4.5666
Flickr8K,94,4096,gblur3,robust,1.0,2.3007,2.266,4.5668
Flickr8K,94,4096,gblur5,robust,0.715576,2.3007,2.2696,4.5704
Flickr8K,94,4096,gblur7,robust,0.693604,2.3007,2.2677,4.5684
Flickr8K,94,4096,mblur3,robust,1.0,2.3007,2.268,4.5688
Flickr8K,94,4096,mblur5,robust,0.71582,2.3007,2.2724,4.5732
Flickr8K,94,4096,mblur7,robust,0.701904,2.3007,2.2674,4.5681
Flickr8K,95,4096,clean,robust,1.0,2.2973,2.2762,4.5735
Flickr8K,95,4096,png,robust,1.0,2.2973,2.2723,4.5696
Flickr8K,95,4096,jpeg90,robust,0.711914,2.2973,2.2669,4.5642
Flickr8K,95,4096,jpeg70,robust,0.69458,2.2973,2.265,4.5623
Flickr8K,95,4096,jpeg50,robust,0.674316,2.2973,2.2662,4.5634
Flickr8K,95,4096,resize0.5,robust,0.715576,2.2973,2.2825,4.5798
Flickr8K,95,4096,resize0.75,robust,1.0,2.2973,2.2803,4.5776
Flickr8K,95,4096,resize1.25,robust,1.0,2.2973,2.2769,4.5742
Flickr8K,95,4096,resize1.5,robust,1.0,2.2973,2.2736,4.5709
Flickr8K,95,4096,gnoise01,robust,0.707275,2.2973,2.2673,4.5646
Flickr8K,95,4096,gnoise05,robust,0.656982,2.2973,2.2793,4.5766
Flickr8K,95,4096,gnoise10,robust,0.609375,2.2973,2.2753,4.5726
Flickr8K,95,4096,gblur3,robust,0.713379,2.2973,2.2694,4.5667
Flickr8K,95,4096,gblur5,robust,0.693848,2.2973,2.2655,4.5628
Flickr8K,95,4096,gblur7,robust,0.66333,2.2973,2.2672,4.5645
Flickr8K,95,4096,mblur3,robust,0.713623,2.2973,2.2674,4.5647
Flickr8K,95,4096,mblur5,robust,0.69458,2.2973,2.2695,4.5667
Flickr8K,95,4096,mblur7,robust,0.667725,2.2973,2.2708,4.5681
Flickr8K,96,4096,clean,robust,1.0,2.3024,2.2718,4.5742
Flickr8K,96,4096,png,robust,1.0,2.3024,2.2746,4.577
Flickr8K,96,4096,jpeg90,robust,0.713379,2.3024,2.2727,4.575
Flickr8K,96,4096,jpeg70,robust,0.685059,2.3024,2.2695,4.5719
Flickr8K,96,4096,jpeg50,robust,0.648926,2.3024,2.2714,4.5737
Flickr8K,96,4096,resize0.5,robust,0.708984,2.3024,2.2657,4.568
Flickr8K,96,4096,resize0.75,robust,1.0,2.3024,2.2702,4.5725
Flickr8K,96,4096,resize1.25,robust,1.0,2.3024,2.271,4.5733
Flickr8K,96,4096,resize1.5,robust,1.0,2.3024,2.2758,4.5782
Flickr8K,96,4096,gnoise01,robust,0.706055,2.3024,2.2712,4.5736
Flickr8K,96,4096,gnoise05,robust,0.60376,2.3024,2.2762,4.5785
Flickr8K,96,4096,gnoise10,robust,0.571289,2.3024,2.2761,4.5784
Flickr8K,96,4096,gblur3,robust,1.0,2.3024,2.2832,4.5856
Flickr8K,96,4096,gblur5,robust,0.686279,2.3024,2.2771,4.5795
Flickr8K,96,4096,gblur7,robust,0.64624,2.3024,2.2719,4.5742
Flickr8K,96,4096,mblur3,robust,0.712402,2.3024,2.2723,4.5747
Flickr8K,96,4096,mblur5,robust,0.681396,2.3024,2.2686,4.571
Flickr8K,96,4096,mblur7,robust,0.650879,2.3024,2.2703,4.5726
Flickr8K,97,4096,clean,robust,1.0,2.3057,2.2691,4.5748
Flickr8K,97,4096,png,robust,1.0,2.3057,2.2695,4.5752
Flickr8K,97,4096,jpeg90,robust,1.0,2.3057,2.2753,4.581
Flickr8K,97,4096,jpeg70,robust,0.712158,2.3057,2.2696,4.5753
Flickr8K,97,4096,jpeg50,robust,0.694824,2.3057,2.2656,4.5713
Flickr8K,97,4096,resize0.5,robust,1.0,2.3057,2.2755,4.5812
Flickr8K,97,4096,resize0.75,robust,1.0,2.3057,2.2694,4.5751
Flickr8K,97,4096,resize1.25,robust,1.0,2.3057,2.275,4.5807
Flickr8K,97,4096,resize1.5,robust,1.0,2.3057,2.2766,4.5823
Flickr8K,97,4096,gnoise01,robust,1.0,2.3057,2.2688,4.5745
Flickr8K,97,4096,gnoise05,robust,0.666748,2.3057,2.2653,4.5711
Flickr8K,97,4096,gnoise10,robust,0.611328,2.3057,2.2675,4.5733
Flickr8K,97,4096,gblur3,robust,1.0,2.3057,2.2755,4.5813
Flickr8K,97,4096,gblur5,robust,0.709961,2.3057,2.2805,4.5862
Flickr8K,97,4096,gblur7,robust,0.682617,2.3057,2.2659,4.5716
Flickr8K,97,4096,mblur3,robust,1.0,2.3057,2.2741,4.5798
Flickr8K,97,4096,mblur5,robust,0.716309,2.3057,2.2731,4.5788
Flickr8K,97,4096,mblur7,robust,0.695068,2.3057,2.2736,4.5793
Flickr8K,98,4096,clean,robust,1.0,2.3099,2.2821,4.5919
Flickr8K,98,4096,png,robust,1.0,2.3099,2.2746,4.5844
Flickr8K,98,4096,jpeg90,robust,0.718506,2.3099,2.2815,4.5913
Flickr8K,98,4096,jpeg70,robust,0.690186,2.3099,2.2702,4.58
Flickr8K,98,4096,jpeg50,robust,0.658936,2.3099,2.2639,4.5737
Flickr8K,98,4096,resize0.5,robust,0.721191,2.3099,2.2764,4.5863
Flickr8K,98,4096,resize0.75,robust,1.0,2.3099,2.2764,4.5863
Flickr8K,98,4096,resize1.25,robust,1.0,2.3099,2.2711,4.5809
Flickr8K,98,4096,resize1.5,robust,1.0,2.3099,2.2736,4.5834
Flickr8K,98,4096,gnoise01,robust,0.71167,2.3099,2.2684,4.5782
Flickr8K,98,4096,gnoise05,robust,0.64209,2.3099,2.2689,4.5787
Flickr8K,98,4096,gnoise10,robust,0.612549,2.3099,2.2757,4.5856
Flickr8K,98,4096,gblur3,robust,1.0,2.3099,2.2722,4.5821
Flickr8K,98,4096,gblur5,robust,0.703369,2.3099,2.2696,4.5795
Flickr8K,98,4096,gblur7,robust,0.659912,2.3099,2.267,4.5769
Flickr8K,98,4096,mblur3,robust,1.0,2.3099,2.2779,4.5877
Flickr8K,98,4096,mblur5,robust,0.715576,2.3099,2.271,4.5808
Flickr8K,98,4096,mblur7,robust,0.697021,2.3099,2.2714,4.5812
Flickr8K,99,4096,clean,robust,1.0,2.2972,2.2684,4.5656
Flickr8K,99,4096,png,robust,1.0,2.2972,2.2682,4.5654
Flickr8K,99,4096,jpeg90,robust,1.0,2.2972,2.2681,4.5653
Flickr8K,99,4096,jpeg70,robust,1.0,2.2972,2.2748,4.572
Flickr8K,99,4096,jpeg50,robust,1.0,2.2972,2.2788,4.576
Flickr8K,99,4096,resize0.5,robust,1.0,2.2972,2.2725,4.5697
Flickr8K,99,4096,resize0.75,robust,1.0,2.2972,2.2673,4.5645
Flickr8K,99,4096,resize1.25,robust,1.0,2.2972,2.2778,4.575
Flickr8K,99,4096,resize1.5,robust,1.0,2.2972,2.2737,4.5709
Flickr8K,99,4096,gnoise01,robust,1.0,2.2972,2.2743,4.5715
Flickr8K,99,4096,gnoise05,robust,0.706299,2.2972,2.2746,4.5718
Flickr8K,99,4096,gnoise10,robust,0.688477,2.2972,2.2681,4.5653
Flickr8K,99,4096,gblur3,robust,1.0,2.2972,2.2687,4.5659
Flickr8K,99,4096,gblur5,robust,0.698242,2.2972,2.2666,4.5638
Flickr8K,99,4096,gblur7,robust,0.664307,2.2972,2.2732,4.5704
Flickr8K,99,4096,mblur3,robust,1.0,2.2972,2.275,4.5722
Flickr8K,99,4096,mblur5,robust,0.704834,2.2972,2.2669,4.5641
Flickr8K,99,4096,mblur7,robust,0.678223,2.2972,2.2677,4.5649
