dataset,sample,payload,attack,mode_used,accuracy,encode_time,decode_time,total_time
COCO,0,1024,clean,robust,1.0,2.3593,2.2652,4.6246
COCO,0,1024,png,robust,1.0,2.3593,2.267,4.6263
COCO,0,1024,jpeg90,robust,1.0,2.3593,2.2711,4.6304
COCO,0,1024,jpeg70,robust,1.0,2.3593,2.2696,4.6289
COCO,0,1024,jpeg50,robust,1.0,2.3593,2.2658,4.6251
COCO,0,1024,resize0.5,robust,1.0,2.3593,2.2745,4.6338
COCO,0,1024,resize0.75,robust,1.0,2.3593,2.2689,4.6282
COCO,0,1024,resize1.25,robust,1.0,2.3593,2.2696,4.6289
COCO,0,1024,resize1.5,robust,1.0,2.3593,2.275,4.6343
COCO,0,1024,gnoise01,robust,1.0,2.3593,2.264,4.6233
COCO,0,1024,gnoise05,robust,1.0,2.3593,2.2642,4.6235
COCO,0,1024,gnoise10,robust,1.0,2.3593,2.2647,4.624
COCO,0,1024,gblur3,robust,1.0,2.3593,2.2644,4.6237
COCO,0,1024,gblur5,robust,1.0,2.3593,2.2778,4.6372
COCO,0,1024,gblur7,robust,0.963867,2.3593,2.271,4.6304
COCO,0,1024,mblur3,robust,1.0,2.3593,2.2661,4.6255
COCO,0,1024,mblur5,robust,1.0,2.3593,2.2684,4.6277
COCO,0,1024,mblur7,robust,0.979492,2.3593,2.2659,4.6252
COCO,1,1024,clean,robust,1.0,2.3121,2.2703,4.5824
COCO,1,1024,png,robust,1.0,2.3121,2.2691,4.5812
COCO,1,1024,jpeg90,robust,1.0,2.3121,2.2654,4.5775
COCO,1,1024,jpeg70,robust,1.0,2.3121,2.2637,4.5758
COCO,1,1024,jpeg50,robust,1.0,2.3121,2.2638,4.5759
COCO,1,1024,resize0.5,robust,1.0,2.3121,2.2664,4.5784
COCO,1,1024,resize0.75,robust,1.0,2.3121,2.269,4.5811
COCO,1,1024,resize1.25,robust,1.0,2.3121,2.2639,4.576
COCO,1,1024,resize1.5,robust,1.0,2.3121,2.2638,4.5759
COCO,1,1024,gnoise01,robust,1.0,2.3121,2.2632,4.5753
COCO,1,1024,gnoise05,robust,1.0,2.3121,2.2644,4.5765
COCO,1,1024,gnoise10,robust,0.969727,2.3121,2.2693,4.5814
COCO,1,1024,gblur3,robust,1.0,2.3121,2.2662,4.5783
COCO,1,1024,gblur5,robust,1.0,2.3121,2.2672,4.5793
COCO,1,1024,gblur7,robust,0.945312,2.3121,2.2636,4.5757
COCO,1,1024,mblur3,robust,1.0,2.3121,2.2658,4.5779
COCO,1,1024,mblur5,robust,1.0,2.3121,2.2731,4.5851
COCO,1,1024,mblur7,robust,1.0,2.3121,2.2695,4.5816
COCO,2,1024,clean,robust,1.0,2.2953,2.2642,4.5596
COCO,2,1024,png,robust,1.0,2.2953,2.2661,4.5615
COCO,2,1024,jpeg90,robust,1.0,2.2953,2.2668,4.5622
COCO,2,1024,jpeg70,robust,1.0,2.2953,2.2746,4.57
COCO,2,1024,jpeg50,robust,1.0,2.2953,2.2708,4.5661
COCO,2,1024,resize0.5,robust,1.0,2.2953,2.2649,4.5603
COCO,2,1024,resize0.75,robust,1.0,2.2953,2.2647,4.5601
COCO,2,1024,resize1.25,robust,1.0,2.2953,2.2629,4.5583
COCO,2,1024,resize1.5,robust,1.0,2.2953,2.2648,4.5601
COCO,2,1024,gnoise01,robust,1.0,2.2953,2.2711,4.5664
COCO,2,1024,gnoise05,robust,0.958008,2.2953,2.2682,4.5636
COCO,2,1024,gnoise10,robust,0.856445,2.2953,2.2653,4.5607
COCO,2,1024,gblur3,robust,1.0,2.2953,2.2665,4.5618
COCO,2,1024,gblur5,robust,0.973633,2.2953,2.2648,4.5601
COCO,2,1024,gblur7,robust,0.890625,2.2953,2.2678,4.5631
COCO,2,1024,mblur3,robust,1.0,2.2953,2.272,4.5674
COCO,2,1024,mblur5,robust,1.0,2.2953,2.2657,4.5611
COCO,2,1024,mblur7,robust,0.947266,2.2953,2.2645,4.5599
COCO,3,1024,clean,robust,1.0,2.2974,2.2648,4.5622
COCO,3,1024,png,robust,1.0,2.2974,2.2655,4.5628
COCO,3,1024,jpeg90,robust,1.0,2.2974,2.2697,4.567
COCO,3,1024,jpeg70,robust,0.954102,2.2974,2.2727,4.57
COCO,3,1024,jpeg50,robust,0.908203,2.2974,2.2641,4.5615
COCO,3,1024,resize0.5,robust,1.0,2.2974,2.2648,4.5621
COCO,3,1024,resize0.75,robust,1.0,2.2974,2.2643,4.5616
COCO,3,1024,resize1.25,robust,1.0,2.2974,2.2696,4.5669
COCO,3,1024,resize1.5,robust,1.0,2.2974,2.2722,4.5696
COCO,3,1024,gnoise01,robust,0.984375,2.2974,2.2665,4.5639
COCO,3,1024,gnoise05,robust,0.865234,2.2974,2.2705,4.5678
COCO,3,1024,gnoise10,robust,0.787109,2.2974,2.2705,4.5678
COCO,3,1024,gblur3,robust,1.0,2.2974,2.2647,4.5621
COCO,3,1024,gblur5,robust,0.967773,2.2974,2.2753,4.5727
COCO,3,1024,gblur7,robust,0.90332,2.2974,2.2767,4.5741
COCO,3,1024,mblur3,robust,1.0,2.2974,2.266,4.5634
COCO,3,1024,mblur5,robust,0.975586,2.2974,2.2664,4.5638
COCO,3,1024,mblur7,robust,0.929688,2.2974,2.2656,4.5629
COCO,4,1024,clean,robust,1.0,2.2975,2.2703,4.5678
COCO,4,1024,png,robust,1.0,2.2975,2.2688,4.5663
COCO,4,1024,jpeg90,robust,1.0,2.2975,2.2654,4.563
COCO,4,1024,jpeg70,robust,0.983398,2.2975,2.2653,4.5629
COCO,4,1024,jpeg50,robust,0.944336,2.2975,2.2679,4.5655
COCO,4,1024,resize0.5,robust,1.0,2.2975,2.2686,4.5661
COCO,4,1024,resize0.75,robust,1.0,2.2975,2.269,4.5665
COCO,4,1024,resize1.25,robust,1.0,2.2975,2.2658,4.5633
COCO,4,1024,resize1.5,robust,1.0,2.2975,2.2631,4.5606
COCO,4,1024,gnoise01,robust,1.0,2.2975,2.2655,4.563
COCO,4,1024,gnoise05,robust,0.87793,2.2975,2.264,4.5616
COCO,4,1024,gnoise10,robust,0.791992,2.2975,2.2731,4.5706
COCO,4,1024,gblur3,robust,1.0,2.2975,2.2691,4.5666
COCO,4,1024,gblur5,robust,0.973633,2.2975,2.2689,4.5664
COCO,4,1024,gblur7,robust,0.885742,2.2975,2.2651,4.5626
COCO,4,1024,mblur3,robust,1.0,2.2975,2.2696,4.5671
COCO,4,1024,mblur5,robust,0.978516,2.2975,2.2735,4.5711
COCO,4,1024,mblur7,robust,0.93457,2.2975,2.278,4.5755
COCO,5,1024,clean,robust,1.0,2.3009,2.2773,4.5782
COCO,5,1024,png,robust,1.0,2.3009,2.2701,4.571
COCO,5,1024,jpeg90,robust,1.0,2.3009,2.2642,4.5651
COCO,5,1024,jpeg70,robust,0.987305,2.3009,2.2652,4.5661
COCO,5,1024,jpeg50,robust,0.943359,2.3009,2.2711,4.572
COCO,5,1024,resize0.5,robust,1.0,2.3009,2.2679,4.5689
COCO,5,1024,resize0.75,robust,1.0,2.3009,2.2625,4.5634
COCO,5,1024,resize1.25,robust,1.0,2.3009,2.261,4.5619
COCO,5,1024,resize1.5,robust,1.0,2.3009,2.2616,4.5625
COCO,5,1024,gnoise01,robust,1.0,2.3009,2.2652,4.5662
COCO,5,1024,gnoise05,robust,0.886719,2.3009,2.265,4.566
COCO,5,1024,gnoise10,robust,0.748047,2.3009,2.2604,4.5613
COCO,5,1024,gblur3,robust,1.0,2.3009,2.2615,4.5624
COCO,5,1024,gblur5,robust,0.986328,2.3009,2.2631,4.564
COCO,5,1024,gblur7,robust,0.924805,2.3009,2.2678,4.5687
COCO,5,1024,mblur3,robust,1.0,2.3009,2.2718,4.5728
COCO,5,1024,mblur5,robust,1.0,2.3009,2.268,4.569
COCO,5,1024,mblur7,robust,0.959961,2.3009,2.2667,4.5676
COCO,6,1024,clean,robust,1.0,2.2988,2.2655,4.5643
COCO,6,1024,png,robust,1.0,2.2988,2.2686,4.5674
COCO,6,1024,jpeg90,robust,1.0,2.2988,2.2742,4.5731
COCO,6,1024,jpeg70,robust,1.0,2.2988,2.2694,4.5682
COCO,6,1024,jpeg50,robust,0.985352,2.2988,2.2645,4.5634
COCO,6,1024,resize0.5,robust,1.0,2.2988,2.2648,4.5637
COCO,6,1024,resize0.75,robust,1.0,2.2988,2.2659,4.5647
COCO,6,1024,resize1.25,robust,1.0,2.2988,2.2681,4.5669
COCO,6,1024,resize1.5,robust,1.0,2.2988,2.2782,4.5771
COCO,6,1024,gnoise01,robust,1.0,2.2988,2.2666,4.5655
COCO,6,1024,gnoise05,robust,0.980469,2.2988,2.2693,4.5681
COCO,6,1024,gnoise10,robust,0.931641,2.2988,2.2668,4.5656
COCO,6,1024,gblur3,robust,1.0,2.2988,2.2691,4.568
COCO,6,1024,gblur5,robust,1.0,2.2988,2.2708,4.5697
COCO,6,1024,gblur7,robust,0.960938,2.2988,2.2677,4.5666
COCO,6,1024,mblur3,robust,1.0,2.2988,2.2642,4.563
COCO,6,1024,mblur5,robust,1.0,2.2988,2.267,4.5658
COCO,6,1024,mblur7,robust,0.980469,2.2988,2.2682,4.567
COCO,7,1024,clean,robust,1.0,2.301,2.2701,4.5711
COCO,7,1024,png,robust,1.0,2.301,2.2691,4.5701
COCO,7,1024,jpeg90,robust,1.0,2.301,2.2652,4.5662
COCO,7,1024,jpeg70,robust,1.0,2.301,2.2648,4.5658
COCO,7,1024,jpeg50,robust,1.0,2.301,2.2669,4.5679
COCO,7,1024,resize0.5,robust,1.0,2.301,2.2685,4.5695
COCO,7,1024,resize0.75,robust,1.0,2.301,2.273,4.574
COCO,7,1024,resize1.25,robust,1.0,2.301,2.2654,4.5664
COCO,7,1024,resize1.5,robust,1.0,2.301,2.264,4.565
COCO,7,1024,gnoise01,robust,1.0,2.301,2.2624,4.5634
COCO,7,1024,gnoise05,robust,1.0,2.301,2.2654,4.5664
COCO,7,1024,gnoise10,robust,0.969727,2.301,2.268,4.569
COCO,7,1024,gblur3,robust,1.0,2.301,2.2669,4.5679
COCO,7,1024,gblur5,robust,1.0,2.301,2.2656,4.5666
COCO,7,1024,gblur7,robust,0.933594,2.301,2.2676,4.5686
COCO,7,1024,mblur3,robust,1.0,2.301,2.2656,4.5666
COCO,7,1024,mblur5,robust,1.0,2.301,2.2745,4.5755
COCO,7,1024,mblur7,robust,0.980469,2.301,2.2672,4.5682
COCO,8,1024,clean,robust,1.0,2.2936,2.2632,4.5569
COCO,8,1024,png,robust,1.0,2.2936,2.266,4.5596
COCO,8,1024,jpeg90,robust,1.0,2.2936,2.2667,4.5603
COCO,8,1024,jpeg70,robust,0.966797,2.2936,2.2656,4.5592
COCO,8,1024,jpeg50,robust,0.924805,2.2936,2.2675,4.5612
COCO,8,1024,resize0.5,robust,0.985352,2.2936,2.2654,4.559
COCO,8,1024,resize0.75,robust,1.0,2.2936,2.2637,4.5574
COCO,8,1024,resize1.25,robust,1.0,2.2936,2.2636,4.5572
COCO,8,1024,resize1.5,robust,1.0,2.2936,2.2622,4.5559
COCO,8,1024,gnoise01,robust,1.0,2.2936,2.2658,4.5594
COCO,8,1024,gnoise05,robust,0.889648,2.2936,2.2695,4.5632
COCO,8,1024,gnoise10,robust,0.763672,2.2936,2.2638,4.5574
COCO,8,1024,gblur3,robust,1.0,2.2936,2.2678,4.5615
COCO,8,1024,gblur5,robust,0.924805,2.2936,2.2634,4.5571
COCO,8,1024,gblur7,robust,0.849609,2.2936,2.265,4.5586
COCO,8,1024,mblur3,robust,1.0,2.2936,2.2716,4.5653
COCO,8,1024,mblur5,robust,0.927734,2.2936,2.2698,4.5634
COCO,8,1024,mblur7,robust,0.889648,2.2936,2.2675,4.5612
COCO,9,1024,clean,robust,1.0,2.2927,2.2648,4.5575
COCO,9,1024,png,robust,1.0,2.2927,2.2722,4.5649
COCO,9,1024,jpeg90,robust,1.0,2.2927,2.2699,4.5626
COCO,9,1024,jpeg70,robust,0.9375,2.2927,2.2674,4.5601
COCO,9,1024,jpeg50,robust,0.883789,2.2927,2.2648,4.5575
COCO,9,1024,resize0.5,robust,0.983398,2.2927,2.2682,4.5609
COCO,9,1024,resize0.75,robust,1.0,2.2927,2.2703,4.563
COCO,9,1024,resize1.25,robust,1.0,2.2927,2.2672,4.5599
COCO,9,1024,resize1.5,robust,1.0,2.2927,2.2712,4.564
COCO,9,1024,gnoise01,robust,1.0,2.2927,2.2653,4.558
COCO,9,1024,gnoise05,robust,0.814453,2.2927,2.2634,4.5561
COCO,9,1024,gnoise10,robust,0.705078,2.2927,2.2642,4.557
COCO,9,1024,gblur3,robust,0.984375,2.2927,2.2646,4.5573
COCO,9,1024,gblur5,robust,0.924805,2.2927,2.2682,4.5609
COCO,9,1024,gblur7,robust,0.851562,2.2927,2.268,4.5607
COCO,9,1024,mblur3,robust,0.97168,2.2927,2.2641,4.5568
COCO,9,1024,mblur5,robust,0.916016,2.2927,2.2674,4.5601
COCO,9,1024,mblur7,robust,0.893555,2.2927,2.2646,4.5573
COCO,10,1024,clean,robust,1.0,2.3028,2.2689,4.5717
COCO,10,1024,png,robust,1.0,2.3028,2.2678,4.5706
COCO,10,1024,jpeg90,robust,1.0,2.3028,2.2628,4.5656
COCO,10,1024,jpeg70,robust,1.0,2.3028,2.2651,4.568
COCO,10,1024,jpeg50,robust,1.0,2.3028,2.264,4.5668
COCO,10,1024,resize0.5,robust,1.0,2.3028,2.2672,4.57
COCO,10,1024,resize0.75,robust,1.0,2.3028,2.2717,4.5745
COCO,10,1024,resize1.25,robust,1.0,2.3028,2.2643,4.5671
COCO,10,1024,resize1.5,robust,1.0,2.3028,2.2646,4.5674
COCO,10,1024,gnoise01,robust,1.0,2.3028,2.2709,4.5737
COCO,10,1024,gnoise05,robust,1.0,2.3028,2.2647,4.5675
COCO,10,1024,gnoise10,robust,0.950195,2.3028,2.2702,4.5731
COCO,10,1024,gblur3,robust,1.0,2.3028,2.2714,4.5742
COCO,10,1024,gblur5,robust,0.985352,2.3028,2.2709,4.5737
COCO,10,1024,gblur7,robust,0.929688,2.3028,2.2671,4.5699
COCO,10,1024,mblur3,robust,1.0,2.3028,2.2644,4.5672
COCO,10,1024,mblur5,robust,1.0,2.3028,2.2686,4.5715
COCO,10,1024,mblur7,robust,0.955078,2.3028,2.2698,4.5727
COCO,11,1024,clean,robust,1.0,2.2955,2.2639,4.5594
COCO,11,1024,png,robust,1.0,2.2955,2.2645,4.56
COCO,11,1024,jpeg90,robust,1.0,2.2955,2.2638,4.5593
COCO,11,1024,jpeg70,robust,1.0,2.2955,2.2666,4.5621
COCO,11,1024,jpeg50,robust,0.954102,2.2955,2.2732,4.5687
COCO,11,1024,resize0.5,robust,1.0,2.2955,2.2681,4.5636
COCO,11,1024,resize0.75,robust,1.0,2.2955,2.2638,4.5593
COCO,11,1024,resize1.25,robust,1.0,2.2955,2.2681,4.5636
COCO,11,1024,resize1.5,robust,1.0,2.2955,2.2654,4.5609
COCO,11,1024,gnoise01,robust,1.0,2.2955,2.2682,4.5637
COCO,11,1024,gnoise05,robust,0.922852,2.2955,2.2681,4.5636
COCO,11,1024,gnoise10,robust,0.797852,2.2955,2.2658,4.5613
COCO,11,1024,gblur3,robust,1.0,2.2955,2.2658,4.5613
COCO,11,1024,gblur5,robust,0.947266,2.2955,2.2651,4.5606
COCO,11,1024,gblur7,robust,0.90918,2.2955,2.2677,4.5632
COCO,11,1024,mblur3,robust,1.0,2.2955,2.2737,4.5692
COCO,11,1024,mblur5,robust,0.964844,2.2955,2.2645,4.56
COCO,11,1024,mblur7,robust,0.925781,2.2955,2.2684,4.5639
COCO,12,1024,clean,robust,1.0,2.3043,2.2666,4.5709
COCO,12,1024,png,robust,1.0,2.3043,2.2674,4.5716
COCO,12,1024,jpeg90,robust,1.0,2.3043,2.2731,4.5774
COCO,12,1024,jpeg70,robust,1.0,2.3043,2.2759,4.5801
COCO,12,1024,jpeg50,robust,1.0,2.3043,2.2638,4.568
COCO,12,1024,resize0.5,robust,1.0,2.3043,2.2655,4.5698
COCO,12,1024,resize0.75,robust,1.0,2.3043,2.265,4.5693
COCO,12,1024,resize1.25,robust,1.0,2.3043,2.2721,4.5763
COCO,12,1024,resize1.5,robust,1.0,2.3043,2.2662,4.5705
COCO,12,1024,gnoise01,robust,1.0,2.3043,2.26,4.5642
COCO,12,1024,gnoise05,robust,1.0,2.3043,2.2604,4.5647
COCO,12,1024,gnoise10,robust,0.967773,2.3043,2.2614,4.5657
COCO,12,1024,gblur3,robust,1.0,2.3043,2.2619,4.5662
COCO,12,1024,gblur5,robust,1.0,2.3043,2.2697,4.5739
COCO,12,1024,gblur7,robust,0.97168,2.3043,2.2731,4.5774
COCO,12,1024,mblur3,robust,1.0,2.3043,2.2659,4.5701
COCO,12,1024,mblur5,robust,1.0,2.3043,2.265,4.5693
COCO,12,1024,mblur7,robust,1.0,2.3043,2.2658,4.5701
COCO,13,1024,clean,robust,1.0,2.296,2.2686,4.5645
COCO,13,1024,png,robust,1.0,2.296,2.2671,4.563
COCO,13,1024,jpeg90,robust,1.0,2.296,2.266,4.5619
COCO,13,1024,jpeg70,robust,0.958984,2.296,2.2655,4.5614
COCO,13,1024,jpeg50,robust,0.910156,2.296,2.2638,4.5597
COCO,13,1024,resize0.5,robust,1.0,2.296,2.2675,4.5634
COCO,13,1024,resize0.75,robust,1.0,2.296,2.2694,4.5653
COCO,13,1024,resize1.25,robust,1.0,2.296,2.2679,4.5638
COCO,13,1024,resize1.5,robust,1.0,2.296,2.2645,4.5605
COCO,13,1024,gnoise01,robust,1.0,2.296,2.2647,4.5606
COCO,13,1024,gnoise05,robust,0.839844,2.296,2.2671,4.5631
COCO,13,1024,gnoise10,robust,0.734375,2.296,2.2753,4.5713
COCO,13,1024,gblur3,robust,1.0,2.296,2.2715,4.5674
COCO,13,1024,gblur5,robust,0.957031,2.296,2.2649,4.5609
COCO,13,1024,gblur7,robust,0.90918,2.296,2.2654,4.5613
COCO,13,1024,mblur3,robust,1.0,2.296,2.2669,4.5628
COCO,13,1024,mblur5,robust,0.973633,2.296,2.2695,4.5655
COCO,13,1024,mblur7,robust,0.919922,2.296,2.2706,4.5665
COCO,14,1024,clean,robust,1.0,2.2975,2.2627,4.5602
COCO,14,1024,png,robust,1.0,2.2975,2.2649,4.5623
COCO,14,1024,jpeg90,robust,1.0,2.2975,2.2645,4.562
COCO,14,1024,jpeg70,robust,0.949219,2.2975,2.2659,4.5634
COCO,14,1024,jpeg50,robust,0.90918,2.2975,2.2695,4.567
COCO,14,1024,resize0.5,robust,1.0,2.2975,2.263,4.5605
COCO,14,1024,resize0.75,robust,1.0,2.2975,2.2665,4.564
COCO,14,1024,resize1.25,robust,1.0,2.2975,2.2665,4.5639
COCO,14,1024,resize1.5,robust,1.0,2.2975,2.2665,4.5639
COCO,14,1024,gnoise01,robust,0.972656,2.2975,2.2701,4.5676
COCO,14,1024,gnoise05,robust,0.847656,2.2975,2.2706,4.568
COCO,14,1024,gnoise10,robust,0.800781,2.2975,2.2676,4.5651
COCO,14,1024,gblur3,robust,1.0,2.2975,2.2647,4.5622
COCO,14,1024,gblur5,robust,1.0,2.2975,2.2663,4.5638
COCO,14,1024,gblur7,robust,0.948242,2.2975,2.2664,4.5639
COCO,14,1024,mblur3,robust,1.0,2.2975,2.271,4.5685
COCO,14,1024,mblur5,robust,1.0,2.2975,2.2686,4.5661
COCO,14,1024,mblur7,robust,0.96582,2.2975,2.269,4.5664
COCO,15,1024,clean,robust,1.0,2.2996,2.2677,4.5673
COCO,15,1024,png,robust,1.0,2.2996,2.2712,4.5709
COCO,15,1024,jpeg90,robust,1.0,2.2996,2.2689,4.5685
COCO,15,1024,jpeg70,robust,1.0,2.2996,2.2676,4.5673
COCO,15,1024,jpeg50,robust,1.0,2.2996,2.2664,4.5661
COCO,15,1024,resize0.5,robust,1.0,2.2996,2.2633,4.5629
COCO,15,1024,resize0.75,robust,1.0,2.2996,2.2632,4.5629
COCO,15,1024,resize1.25,robust,1.0,2.2996,2.2658,4.5654
COCO,15,1024,resize1.5,robust,1.0,2.2996,2.2736,4.5733
COCO,15,1024,gnoise01,robust,1.0,2.2996,2.2624,4.562
COCO,15,1024,gnoise05,robust,1.0,2.2996,2.2633,4.563
COCO,15,1024,gnoise10,robust,0.964844,2.2996,2.2656,4.5652
COCO,15,1024,gblur3,robust,1.0,2.2996,2.2618,4.5614
COCO,15,1024,gblur5,robust,1.0,2.2996,2.2688,4.5685
COCO,15,1024,gblur7,robust,0.951172,2.2996,2.2658,4.5654
COCO,15,1024,mblur3,robust,1.0,2.2996,2.2648,4.5645
COCO,15,1024,mblur5,robust,1.0,2.2996,2.2651,4.5647
COCO,15,1024,mblur7,robust,0.970703,2.2996,2.267,4.5667
COCO,16,1024,clean,robust,1.0,2.2945,2.2712,4.5657
COCO,16,1024,png,robust,1.0,2.2945,2.267,4.5614
COCO,16,1024,jpeg90,robust,1.0,2.2945,2.2624,4.5568
COCO,16,1024,jpeg70,robust,1.0,2.2945,2.2641,4.5586
COCO,16,1024,jpeg50,robust,1.0,2.2945,2.2687,4.5632
COCO,16,1024,resize0.5,robust,1.0,2.2945,2.2685,4.5629
COCO,16,1024,resize0.75,robust,1.0,2.2945,2.2773,4.5718
COCO,16,1024,resize1.25,robust,1.0,2.2945,2.2653,4.5598
COCO,16,1024,resize1.5,robust,1.0,2.2945,2.2709,4.5654
COCO,16,1024,gnoise01,robust,1.0,2.2945,2.2661,4.5606
COCO,16,1024,gnoise05,robust,0.961914,2.2945,2.2719,4.5664
COCO,16,1024,gnoise10,robust,0.868164,2.2945,2.2692,4.5637
COCO,16,1024,gblur3,robust,1.0,2.2945,2.2652,4.5596
COCO,16,1024,gblur5,robust,1.0,2.2945,2.2651,4.5596
COCO,16,1024,gblur7,robust,0.938477,2.2945,2.266,4.5605
COCO,16,1024,mblur3,robust,1.0,2.2945,2.2647,4.5592
COCO,16,1024,mblur5,robust,1.0,2.2945,2.2689,4.5634
COCO,16,1024,mblur7,robust,0.962891,2.2945,2.2696,4.5641
COCO,17,1024,clean,robust,1.0,2.3016,2.2641,4.5657
COCO,17,1024,png,robust,1.0,2.3016,2.2641,4.5658
COCO,17,1024,jpeg90,robust,1.0,2.3016,2.2658,4.5674
COCO,17,1024,jpeg70,robust,1.0,2.3016,2.2669,4.5685
COCO,17,1024,jpeg50,robust,0.979492,2.3016,2.2693,4.5709
COCO,17,1024,resize0.5,robust,1.0,2.3016,2.266,4.5676
COCO,17,1024,resize0.75,robust,1.0,2.3016,2.2635,4.5651
COCO,17,1024,resize1.25,robust,1.0,2.3016,2.264,4.5657
COCO,17,1024,resize1.5,robust,1.0,2.3016,2.2646,4.5662
COCO,17,1024,gnoise01,robust,1.0,2.3016,2.2721,4.5738
COCO,17,1024,gnoise05,robust,0.950195,2.3016,2.2699,4.5715
COCO,17,1024,gnoise10,robust,0.829102,2.3016,2.2666,4.5682
COCO,17,1024,gblur3,robust,1.0,2.3016,2.2645,4.5661
COCO,17,1024,gblur5,robust,0.932617,2.3016,2.2651,4.5667
COCO,17,1024,gblur7,robust,0.866211,2.3016,2.2652,4.5668
COCO,17,1024,mblur3,robust,1.0,2.3016,2.2791,4.5808
COCO,17,1024,mblur5,robust,0.926758,2.3016,2.2763,4.5779
COCO,17,1024,mblur7,robust,0.860352,2.3016,2.2662,4.5678
COCO,18,1024,clean,robust,1.0,2.3446,2.265,4.6096
COCO,18,1024,png,robust,1.0,2.3446,2.266,4.6105
COCO,18,1024,jpeg90,robust,1.0,2.3446,2.2716,4.6162
COCO,18,1024,jpeg70,robust,0.956055,2.3446,2.2674,4.612
COCO,18,1024,jpeg50,robust,0.918945,2.3446,2.2633,4.6079
COCO,18,1024,resize0.5,robust,0.987305,2.3446,2.267,4.6116
COCO,18,1024,resize0.75,robust,1.0,2.3446,2.2674,4.6119
COCO,18,1024,resize1.25,robust,1.0,2.3446,2.2721,4.6167
COCO,18,1024,resize1.5,robust,1.0,2.3446,2.2677,4.6123
COCO,18,1024,gnoise01,robust,1.0,2.3446,2.2658,4.6103
COCO,18,1024,gnoise05,robust,0.892578,2.3446,2.2654,4.6099
COCO,18,1024,gnoise10,robust,0.825195,2.3446,2.263,4.6076
COCO,18,1024,gblur3,robust,1.0,2.3446,2.2658,4.6104
COCO,18,1024,gblur5,robust,0.949219,2.3446,2.2698,4.6144
COCO,18,1024,gblur7,robust,0.881836,2.3446,2.2675,4.6121
COCO,18,1024,mblur3,robust,1.0,2.3446,2.2696,4.6141
COCO,18,1024,mblur5,robust,0.928711,2.3446,2.2654,4.61
COCO,18,1024,mblur7,robust,0.888672,2.3446,2.264,4.6085
COCO,19,1024,clean,robust,1.0,2.2975,2.2686,4.5661
COCO,19,1024,png,robust,1.0,2.2975,2.2658,4.5633
COCO,19,1024,jpeg90,robust,1.0,2.2975,2.2677,4.5652
COCO,19,1024,jpeg70,robust,1.0,2.2975,2.2767,4.5742
COCO,19,1024,jpeg50,robust,0.986328,2.2975,2.2759,4.5734
COCO,19,1024,resize0.5,robust,1.0,2.2975,2.2797,4.5772
COCO,19,1024,resize0.75,robust,1.0,2.2975,2.2788,4.5763
COCO,19,1024,resize1.25,robust,1.0,2.2975,2.2596,4.5571
COCO,19,1024,resize1.5,robust,1.0,2.2975,2.2652,4.5627
COCO,19,1024,gnoise01,robust,1.0,2.2975,2.2619,4.5594
COCO,19,1024,gnoise05,robust,0.957031,2.2975,2.2649,4.5624
COCO,19,1024,gnoise10,robust,0.852539,2.2975,2.2726,4.5701
COCO,19,1024,gblur3,robust,1.0,2.2975,2.2644,4.5619
COCO,19,1024,gblur5,robust,1.0,2.2975,2.2706,4.5681
COCO,19,1024,gblur7,robust,0.917969,2.2975,2.2643,4.5618
COCO,19,1024,mblur3,robust,1.0,2.2975,2.2637,4.5612
COCO,19,1024,mblur5,robust,1.0,2.2975,2.2699,4.5674
COCO,19,1024,mblur7,robust,0.960938,2.2975,2.2706,4.5681
COCO,20,1024,clean,robust,1.0,2.2956,2.2628,4.5584
COCO,20,1024,png,robust,1.0,2.2956,2.2634,4.5591
COCO,20,1024,jpeg90,robust,1.0,2.2956,2.2676,4.5632
COCO,20,1024,jpeg70,robust,1.0,2.2956,2.2657,4.5613
COCO,20,1024,jpeg50,robust,1.0,2.2956,2.2717,4.5673
COCO,20,1024,resize0.5,robust,1.0,2.2956,2.2662,4.5618
COCO,20,1024,resize0.75,robust,1.0,2.2956,2.2676,4.5632
COCO,20,1024,resize1.25,robust,1.0,2.2956,2.2663,4.5619
COCO,20,1024,resize1.5,robust,1.0,2.2956,2.267,4.5627
COCO,20,1024,gnoise01,robust,1.0,2.2956,2.2689,4.5645
COCO,20,1024,gnoise05,robust,0.973633,2.2956,2.2664,4.5621
COCO,20,1024,gnoise10,robust,0.942383,2.2956,2.2689,4.5646
COCO,20,1024,gblur3,robust,1.0,2.2956,2.2667,4.5624
COCO,20,1024,gblur5,robust,0.974609,2.2956,2.2789,4.5746
COCO,20,1024,gblur7,robust,0.936523,2.2956,2.2704,4.566
COCO,20,1024,mblur3,robust,1.0,2.2956,2.2698,4.5654
COCO,20,1024,mblur5,robust,1.0,2.2956,2.2671,4.5627
COCO,20,1024,mblur7,robust,0.948242,2.2956,2.2645,4.5602
COCO,21,1024,clean,robust,1.0,2.2972,2.2639,4.5612
COCO,21,1024,png,robust,1.0,2.2972,2.2656,4.5629
COCO,21,1024,jpeg90,robust,1.0,2.2972,2.2696,4.5668
COCO,21,1024,jpeg70,robust,1.0,2.2972,2.2685,4.5657
COCO,21,1024,jpeg50,robust,1.0,2.2972,2.2663,4.5635
COCO,21,1024,resize0.5,robust,1.0,2.2972,2.2655,4.5628
COCO,21,1024,resize0.75,robust,1.0,2.2972,2.2655,4.5627
COCO,21,1024,resize1.25,robust,1.0,2.2972,2.2705,4.5678
COCO,21,1024,resize1.5,robust,1.0,2.2972,2.2701,4.5673
COCO,21,1024,gnoise01,robust,1.0,2.2972,2.2671,4.5643
COCO,21,1024,gnoise05,robust,1.0,2.2972,2.2722,4.5695
COCO,21,1024,gnoise10,robust,0.984375,2.2972,2.2632,4.5604
COCO,21,1024,gblur3,robust,1.0,2.2972,2.2644,4.5616
COCO,21,1024,gblur5,robust,1.0,2.2972,2.2726,4.5699
COCO,21,1024,gblur7,robust,0.958984,2.2972,2.2695,4.5667
COCO,21,1024,mblur3,robust,1.0,2.2972,2.2633,4.5605
COCO,21,1024,mblur5,robust,1.0,2.2972,2.2652,4.5624
COCO,21,1024,mblur7,robust,0.976562,2.2972,2.2666,4.5638
COCO,22,1024,clean,robust,1.0,2.2983,2.2713,4.5697
COCO,22,1024,png,robust,1.0,2.2983,2.2721,4.5704
COCO,22,1024,jpeg90,robust,1.0,2.2983,2.2649,4.5632
COCO,22,1024,jpeg70,robust,1.0,2.2983,2.277,4.5753
COCO,22,1024,jpeg50,robust,0.97168,2.2983,2.2654,4.5637
COCO,22,1024,resize0.5,robust,1.0,2.2983,2.2729,4.5712
COCO,22,1024,resize0.75,robust,1.0,2.2983,2.2697,4.568
COCO,22,1024,resize1.25,robust,1.0,2.2983,2.2666,4.565
COCO,22,1024,resize1.5,robust,1.0,2.2983,2.2667,4.565
COCO,22,1024,gnoise01,robust,1.0,2.2983,2.2642,4.5625
COCO,22,1024,gnoise05,robust,0.931641,2.2983,2.2628,4.5611
COCO,22,1024,gnoise10,robust,0.818359,2.2983,2.269,4.5673
COCO,22,1024,gblur3,robust,1.0,2.2983,2.2714,4.5698
COCO,22,1024,gblur5,robust,0.97168,2.2983,2.2648,4.5631
COCO,22,1024,gblur7,robust,0.908203,2.2983,2.2667,4.565
COCO,22,1024,mblur3,robust,1.0,2.2983,2.2661,4.5645
COCO,22,1024,mblur5,robust,0.982422,2.2983,2.2699,4.5682
COCO,22,1024,mblur7,robust,0.927734,2.2983,2.2691,4.5674
COCO,23,1024,clean,robust,1.0,2.2997,2.2648,4.5645
COCO,23,1024,png,robust,1.0,2.2997,2.2662,4.5659
COCO,23,1024,jpeg90,robust,1.0,2.2997,2.2672,4.5669
COCO,23,1024,jpeg70,robust,1.0,2.2997,2.2742,4.5739
COCO,23,1024,jpeg50,robust,1.0,2.2997,2.2758,4.5755
COCO,23,1024,resize0.5,robust,1.0,2.2997,2.2666,4.5663
COCO,23,1024,resize0.75,robust,1.0,2.2997,2.263,4.5627
COCO,23,1024,resize1.25,robust,1.0,2.2997,2.2694,4.5691
COCO,23,1024,resize1.5,robust,1.0,2.2997,2.2663,4.566
COCO,23,1024,gnoise01,robust,1.0,2.2997,2.2699,4.5696
COCO,23,1024,gnoise05,robust,1.0,2.2997,2.2777,4.5774
COCO,23,1024,gnoise10,robust,0.960938,2.2997,2.2704,4.5701
COCO,23,1024,gblur3,robust,1.0,2.2997,2.2673,4.567
COCO,23,1024,gblur5,robust,1.0,2.2997,2.2688,4.5685
COCO,23,1024,gblur7,robust,0.972656,2.2997,2.2677,4.5674
COCO,23,1024,mblur3,robust,1.0,2.2997,2.2715,4.5712
COCO,23,1024,mblur5,robust,1.0,2.2997,2.269,4.5687
COCO,23,1024,mblur7,robust,0.980469,2.2997,2.2668,4.5665
COCO,24,1024,clean,robust,1.0,2.2972,2.2641,4.5614
COCO,24,1024,png,robust,1.0,2.2972,2.2661,4.5633
COCO,24,1024,jpeg90,robust,1.0,2.2972,2.2728,4.57
COCO,24,1024,jpeg70,robust,1.0,2.2972,2.2662,4.5635
COCO,24,1024,jpeg50,robust,1.0,2.2972,2.2634,4.5606
COCO,24,1024,resize0.5,robust,1.0,2.2972,2.265,4.5623
COCO,24,1024,resize0.75,robust,1.0,2.2972,2.2637,4.5609
COCO,24,1024,resize1.25,robust,1.0,2.2972,2.2698,4.567
COCO,24,1024,resize1.5,robust,1.0,2.2972,2.2678,4.565
COCO,24,1024,gnoise01,robust,1.0,2.2972,2.2642,4.5614
COCO,24,1024,gnoise05,robust,1.0,2.2972,2.2718,4.5691
COCO,24,1024,gnoise10,robust,0.979492,2.2972,2.2681,4.5653
COCO,24,1024,gblur3,robust,1.0,2.2972,2.2675,4.5648
COCO,24,1024,gblur5,robust,1.0,2.2972,2.2702,4.5675
COCO,24,1024,gblur7,robust,0.949219,2.2972,2.2647,4.562
COCO,24,1024,mblur3,robust,1.0,2.2972,2.2643,4.5616
COCO,24,1024,mblur5,robust,1.0,2.2972,2.2745,4.5718
COCO,24,1024,mblur7,robust,0.972656,2.2972,2.2665,4.5638
COCO,25,1024,clean,robust,1.0,2.2946,2.2746,4.5691
COCO,25,1024,png,robust,1.0,2.2946,2.2695,4.5641
COCO,25,1024,jpeg90,robust,1.0,2.2946,2.2665,4.5611
COCO,25,1024,jpeg70,robust,1.0,2.2946,2.2646,4.5592
COCO,25,1024,jpeg50,robust,1.0,2.2946,2.2679,4.5625
COCO,25,1024,resize0.5,robust,1.0,2.2946,2.2712,4.5658
COCO,25,1024,resize0.75,robust,1.0,2.2946,2.2662,4.5608
COCO,25,1024,resize1.25,robust,1.0,2.2946,2.2672,4.5618
COCO,25,1024,resize1.5,robust,1.0,2.2946,2.2692,4.5638
COCO,25,1024,gnoise01,robust,1.0,2.2946,2.2636,4.5582
COCO,25,1024,gnoise05,robust,0.964844,2.2946,2.2668,4.5613
COCO,25,1024,gnoise10,robust,0.859375,2.2946,2.2716,4.5662
COCO,25,1024,gblur3,robust,1.0,2.2946,2.2649,4.5595
COCO,25,1024,gblur5,robust,1.0,2.2946,2.268,4.5626
COCO,25,1024,gblur7,robust,0.943359,2.2946,2.2644,4.559
COCO,25,1024,mblur3,robust,1.0,2.2946,2.2644,4.559
COCO,25,1024,mblur5,robust,0.980469,2.2946,2.2704,4.565
COCO,25,1024,mblur7,robust,0.952148,2.2946,2.2678,4.5624
COCO,26,1024,clean,robust,1.0,2.3022,2.2654,4.5676
COCO,26,1024,png,robust,1.0,2.3022,2.2654,4.5676
COCO,26,1024,jpeg90,robust,1.0,2.3022,2.2641,4.5663
COCO,26,1024,jpeg70,robust,1.0,2.3022,2.2691,4.5713
COCO,26,1024,jpeg50,robust,0.974609,2.3022,2.2714,4.5736
COCO,26,1024,resize0.5,robust,1.0,2.3022,2.2656,4.5678
COCO,26,1024,resize0.75,robust,1.0,2.3022,2.2679,4.5701
COCO,26,1024,resize1.25,robust,1.0,2.3022,2.2655,4.5677
COCO,26,1024,resize1.5,robust,1.0,2.3022,2.2739,4.5761
COCO,26,1024,gnoise01,robust,1.0,2.3022,2.2753,4.5775
COCO,26,1024,gnoise05,robust,0.949219,2.3022,2.2681,4.5704
COCO,26,1024,gnoise10,robust,0.847656,2.3022,2.2662,4.5684
COCO,26,1024,gblur3,robust,1.0,2.3022,2.2658,4.568
COCO,26,1024,gblur5,robust,1.0,2.3022,2.2653,4.5675
COCO,26,1024,gblur7,robust,0.922852,2.3022,2.268,4.5702
COCO,26,1024,mblur3,robust,1.0,2.3022,2.2681,4.5703
COCO,26,1024,mblur5,robust,1.0,2.3022,2.2648,4.567
COCO,26,1024,mblur7,robust,0.978516,2.3022,2.2681,4.5703
COCO,27,1024,clean,robust,1.0,2.2956,2.267,4.5626
COCO,27,1024,png,robust,1.0,2.2956,2.2671,4.5628
COCO,27,1024,jpeg90,robust,1.0,2.2956,2.27,4.5656
COCO,27,1024,jpeg70,robust,1.0,2.2956,2.2696,4.5652
COCO,27,1024,jpeg50,robust,0.972656,2.2956,2.2656,4.5612
COCO,27,1024,resize0.5,robust,1.0,2.2956,2.2636,4.5593
COCO,27,1024,resize0.75,robust,1.0,2.2956,2.2642,4.5598
COCO,27,1024,resize1.25,robust,1.0,2.2956,2.2693,4.565
COCO,27,1024,resize1.5,robust,1.0,2.2956,2.2716,4.5672
COCO,27,1024,gnoise01,robust,1.0,2.2956,2.267,4.5626
COCO,27,1024,gnoise05,robust,0.954102,2.2956,2.2651,4.5607
COCO,27,1024,gnoise10,robust,0.854492,2.2956,2.2661,4.5618
COCO,27,1024,gblur3,robust,1.0,2.2956,2.2683,4.5639
COCO,27,1024,gblur5,robust,1.0,2.2956,2.2873,4.5829
COCO,27,1024,gblur7,robust,0.956055,2.2956,2.2673,4.5629
COCO,27,1024,mblur3,robust,1.0,2.2956,2.2681,4.5638
COCO,27,1024,mblur5,robust,1.0,2.2956,2.2755,4.5711
COCO,27,1024,mblur7,robust,0.954102,2.2956,2.266,4.5617
COCO,28,1024,clean,robust,1.0,2.2996,2.2723,4.5719
COCO,28,1024,png,robust,1.0,2.2996,2.273,4.5726
COCO,28,1024,jpeg90,robust,1.0,2.2996,2.2661,4.5657
COCO,28,1024,jpeg70,robust,1.0,2.2996,2.2678,4.5674
COCO,28,1024,jpeg50,robust,1.0,2.2996,2.2653,4.5648
COCO,28,1024,resize0.5,robust,1.0,2.2996,2.2701,4.5696
COCO,28,1024,resize0.75,robust,1.0,2.2996,2.2668,4.5664
COCO,28,1024,resize1.25,robust,1.0,2.2996,2.2653,4.5649
COCO,28,1024,resize1.5,robust,1.0,2.2996,2.2631,4.5626
COCO,28,1024,gnoise01,robust,1.0,2.2996,2.2648,4.5644
COCO,28,1024,gnoise05,robust,0.986328,2.2996,2.2661,4.5656
COCO,28,1024,gnoise10,robust,0.939453,2.2996,2.2722,4.5718
COCO,28,1024,gblur3,robust,1.0,2.2996,2.2663,4.5658
COCO,28,1024,gblur5,robust,1.0,2.2996,2.2645,4.5641
COCO,28,1024,gblur7,robust,0.979492,2.2996,2.2647,4.5642
COCO,28,1024,mblur3,robust,1.0,2.2996,2.2639,4.5634
COCO,28,1024,mblur5,robust,1.0,2.2996,2.2712,4.5708
COCO,28,1024,mblur7,robust,1.0,2.2996,2.2723,4.5719
COCO,29,1024,clean,robust,1.0,2.2981,2.2646,4.5627
COCO,29,1024,png,robust,1.0,2.2981,2.265,4.5631
COCO,29,1024,jpeg90,robust,1.0,2.2981,2.2645,4.5626
COCO,29,1024,jpeg70,robust,1.0,2.2981,2.2757,4.5738
COCO,29,1024,jpeg50,robust,0.97168,2.2981,2.2715,4.5696
COCO,29,1024,resize0.5,robust,1.0,2.2981,2.2711,4.5692
COCO,29,1024,resize0.75,robust,1.0,2.2981,2.2758,4.5739
COCO,29,1024,resize1.25,robust,1.0,2.2981,2.2686,4.5667
COCO,29,1024,resize1.5,robust,1.0,2.2981,2.2647,4.5628
COCO,29,1024,gnoise01,robust,1.0,2.2981,2.2756,4.5737
COCO,29,1024,gnoise05,robust,0.953125,2.2981,2.2675,4.5656
COCO,29,1024,gnoise10,robust,0.886719,2.2981,2.2639,4.562
COCO,29,1024,gblur3,robust,1.0,2.2981,2.265,4.5631
COCO,29,1024,gblur5,robust,0.984375,2.2981,2.2644,4.5625
COCO,29,1024,gblur7,robust,0.93457,2.2981,2.2778,4.5759
COCO,29,1024,mblur3,robust,1.0,2.2981,2.2762,4.5743
COCO,29,1024,mblur5,robust,1.0,2.2981,2.2692,4.5673
COCO,29,1024,mblur7,robust,0.972656,2.2981,2.2652,4.5633
COCO,30,1024,clean,robust,1.0,2.2945,2.2678,4.5624
COCO,30,1024,png,robust,1.0,2.2945,2.2667,4.5613
COCO,30,1024,jpeg90,robust,1.0,2.2945,2.2729,4.5674
COCO,30,1024,jpeg70,robust,1.0,2.2945,2.2663,4.5608
COCO,30,1024,jpeg50,robust,1.0,2.2945,2.2636,4.5582
COCO,30,1024,resize0.5,robust,1.0,2.2945,2.2682,4.5628
COCO,30,1024,resize0.75,robust,1.0,2.2945,2.2632,4.5577
COCO,30,1024,resize1.25,robust,1.0,2.2945,2.2684,4.5629
COCO,30,1024,resize1.5,robust,1.0,2.2945,2.2661,4.5607
COCO,30,1024,gnoise01,robust,1.0,2.2945,2.2626,4.5571
COCO,30,1024,gnoise05,robust,1.0,2.2945,2.2644,4.559
COCO,30,1024,gnoise10,robust,0.985352,2.2945,2.2644,4.5589
COCO,30,1024,gblur3,robust,1.0,2.2945,2.2653,4.5599
COCO,30,1024,gblur5,robust,0.960938,2.2945,2.2728,4.5674
COCO,30,1024,gblur7,robust,0.902344,2.2945,2.271,4.5655
COCO,30,1024,mblur3,robust,1.0,2.2945,2.2666,4.5612
COCO,30,1024,mblur5,robust,1.0,2.2945,2.2673,4.5618
COCO,30,1024,mblur7,robust,0.96875,2.2945,2.2695,4.564
COCO,31,1024,clean,robust,1.0,2.2963,2.2683,4.5646
COCO,31,1024,png,robust,1.0,2.2963,2.2673,4.5637
COCO,31,1024,jpeg90,robust,1.0,2.2963,2.2639,4.5602
COCO,31,1024,jpeg70,robust,1.0,2.2963,2.2644,4.5608
COCO,31,1024,jpeg50,robust,1.0,2.2963,2.263,4.5593
COCO,31,1024,resize0.5,robust,1.0,2.2963,2.263,4.5594
COCO,31,1024,resize0.75,robust,1.0,2.2963,2.2641,4.5604
COCO,31,1024,resize1.25,robust,1.0,2.2963,2.2596,4.5559
COCO,31,1024,resize1.5,robust,1.0,2.2963,2.2598,4.5561
COCO,31,1024,gnoise01,robust,1.0,2.2963,2.2608,4.5572
COCO,31,1024,gnoise05,robust,0.974609,2.2963,2.2593,4.5556
COCO,31,1024,gnoise10,robust,0.910156,2.2963,2.2699,4.5662
COCO,31,1024,gblur3,robust,1.0,2.2963,2.2686,4.565
COCO,31,1024,gblur5,robust,1.0,2.2963,2.2669,4.5633
COCO,31,1024,gblur7,robust,0.959961,2.2963,2.2661,4.5624
COCO,31,1024,mblur3,robust,1.0,2.2963,2.2648,4.5611
COCO,31,1024,mblur5,robust,1.0,2.2963,2.269,4.5653
COCO,31,1024,mblur7,robust,0.978516,2.2963,2.2678,4.5641
COCO,32,1024,clean,robust,1.0,2.2948,2.2636,4.5584
COCO,32,1024,png,robust,1.0,2.2948,2.2631,4.5579
COCO,32,1024,jpeg90,robust,1.0,2.2948,2.2645,4.5593
COCO,32,1024,jpeg70,robust,1.0,2.2948,2.2746,4.5693
COCO,32,1024,jpeg50,robust,1.0,2.2948,2.2758,4.5705
COCO,32,1024,resize0.5,robust,1.0,2.2948,2.2626,4.5573
COCO,32,1024,resize0.75,robust,1.0,2.2948,2.2632,4.5579
COCO,32,1024,resize1.25,robust,1.0,2.2948,2.2628,4.5576
COCO,32,1024,resize1.5,robust,1.0,2.2948,2.2702,4.565
COCO,32,1024,gnoise01,robust,1.0,2.2948,2.2764,4.5711
COCO,32,1024,gnoise05,robust,1.0,2.2948,2.2668,4.5615
COCO,32,1024,gnoise10,robust,1.0,2.2948,2.2646,4.5594
COCO,32,1024,gblur3,robust,1.0,2.2948,2.2634,4.5582
COCO,32,1024,gblur5,robust,1.0,2.2948,2.2651,4.5599
COCO,32,1024,gblur7,robust,0.963867,2.2948,2.2689,4.5637
COCO,32,1024,mblur3,robust,1.0,2.2948,2.2702,4.565
COCO,32,1024,mblur5,robust,1.0,2.2948,2.2652,4.56
COCO,32,1024,mblur7,robust,1.0,2.2948,2.2651,4.5599
COCO,33,1024,clean,robust,1.0,2.2984,2.2635,4.5619
COCO,33,1024,png,robust,1.0,2.2984,2.2651,4.5634
COCO,33,1024,jpeg90,robust,1.0,2.2984,2.27,4.5683
COCO,33,1024,jpeg70,robust,1.0,2.2984,2.2652,4.5636
COCO,33,1024,jpeg50,robust,0.960938,2.2984,2.268,4.5664
COCO,33,1024,resize0.5,robust,1.0,2.2984,2.2645,4.5629
COCO,33,1024,resize0.75,robust,1.0,2.2984,2.2656,4.564
COCO,33,1024,resize1.25,robust,1.0,2.2984,2.2684,4.5668
COCO,33,1024,resize1.5,robust,1.0,2.2984,2.2795,4.5779
COCO,33,1024,gnoise01,robust,1.0,2.2984,2.2739,4.5723
COCO,33,1024,gnoise05,robust,0.916016,2.2984,2.2734,4.5718
COCO,33,1024,gnoise10,robust,0.84375,2.2984,2.2727,4.5711
COCO,33,1024,gblur3,robust,1.0,2.2984,2.2664,4.5648
COCO,33,1024,gblur5,robust,0.973633,2.2984,2.272,4.5703
COCO,33,1024,gblur7,robust,0.945312,2.2984,2.2636,4.5619
COCO,33,1024,mblur3,robust,1.0,2.2984,2.2643,4.5626
COCO,33,1024,mblur5,robust,0.982422,2.2984,2.2667,4.565
COCO,33,1024,mblur7,robust,0.96582,2.2984,2.2695,4.5679
COCO,34,1024,clean,robust,1.0,2.3015,2.2745,4.576
COCO,34,1024,png,robust,1.0,2.3015,2.271,4.5724
COCO,34,1024,jpeg90,robust,1.0,2.3015,2.2647,4.5662
COCO,34,1024,jpeg70,robust,1.0,2.3015,2.2644,4.5659
COCO,34,1024,jpeg50,robust,1.0,2.3015,2.2671,4.5685
COCO,34,1024,resize0.5,robust,1.0,2.3015,2.2719,4.5734
COCO,34,1024,resize0.75,robust,1.0,2.3015,2.2703,4.5718
COCO,34,1024,resize1.25,robust,1.0,2.3015,2.2642,4.5656
COCO,34,1024,resize1.5,robust,1.0,2.3015,2.2634,4.5649
COCO,34,1024,gnoise01,robust,1.0,2.3015,2.2633,4.5648
COCO,34,1024,gnoise05,robust,0.977539,2.3015,2.2637,4.5651
COCO,34,1024,gnoise10,robust,0.884766,2.3015,2.2696,4.5711
COCO,34,1024,gblur3,robust,1.0,2.3015,2.2702,4.5717
COCO,34,1024,gblur5,robust,0.970703,2.3015,2.2638,4.5653
COCO,34,1024,gblur7,robust,0.902344,2.3015,2.2634,4.5649
COCO,34,1024,mblur3,robust,1.0,2.3015,2.2663,4.5678
COCO,34,1024,mblur5,robust,0.976562,2.3015,2.2717,4.5732
COCO,34,1024,mblur7,robust,0.897461,2.3015,2.2682,4.5697
COCO,35,1024,clean,robust,1.0,2.2942,2.2685,4.5628
COCO,35,1024,png,robust,1.0,2.2942,2.2678,4.562
COCO,35,1024,jpeg90,robust,1.0,2.2942,2.2627,4.557
COCO,35,1024,jpeg70,robust,1.0,2.2942,2.2667,4.5609
COCO,35,1024,jpeg50,robust,1.0,2.2942,2.2686,4.5628
COCO,35,1024,resize0.5,robust,1.0,2.2942,2.2635,4.5577
COCO,35,1024,resize0.75,robust,1.0,2.2942,2.2626,4.5568
COCO,35,1024,resize1.25,robust,1.0,2.2942,2.2706,4.5648
COCO,35,1024,resize1.5,robust,1.0,2.2942,2.2637,4.5579
COCO,35,1024,gnoise01,robust,1.0,2.2942,2.2681,4.5623
COCO,35,1024,gnoise05,robust,1.0,2.2942,2.2674,4.5616
COCO,35,1024,gnoise10,robust,1.0,2.2942,2.2659,4.5601
COCO,35,1024,gblur3,robust,1.0,2.2942,2.2677,4.5619
COCO,35,1024,gblur5,robust,1.0,2.2942,2.2629,4.5571
COCO,35,1024,gblur7,robust,1.0,2.2942,2.2689,4.5631
COCO,35,1024,mblur3,robust,1.0,2.2942,2.2702,4.5644
COCO,35,1024,mblur5,robust,1.0,2.2942,2.2648,4.559
COCO,35,1024,mblur7,robust,1.0,2.2942,2.2662,4.5604
COCO,36,1024,clean,robust,1.0,2.2938,2.2716,4.5654
COCO,36,1024,png,robust,1.0,2.2938,2.271,4.5647
COCO,36,1024,jpeg90,robust,1.0,2.2938,2.2735,4.5673
COCO,36,1024,jpeg70,robust,1.0,2.2938,2.2646,4.5583
COCO,36,1024,jpeg50,robust,1.0,2.2938,2.2639,4.5577
COCO,36,1024,resize0.5,robust,1.0,2.2938,2.2653,4.5591
COCO,36,1024,resize0.75,robust,1.0,2.2938,2.2653,4.559
COCO,36,1024,resize1.25,robust,1.0,2.2938,2.2725,4.5662
COCO,36,1024,resize1.5,robust,1.0,2.2938,2.2759,4.5696
COCO,36,1024,gnoise01,robust,1.0,2.2938,2.2672,4.561
COCO,36,1024,gnoise05,robust,1.0,2.2938,2.2672,4.5609
COCO,36,1024,gnoise10,robust,0.976562,2.2938,2.2647,4.5585
COCO,36,1024,gblur3,robust,1.0,2.2938,2.2664,4.5601
COCO,36,1024,gblur5,robust,1.0,2.2938,2.271,4.5648
COCO,36,1024,gblur7,robust,0.9375,2.2938,2.266,4.5598
COCO,36,1024,mblur3,robust,1.0,2.2938,2.2667,4.5605
COCO,36,1024,mblur5,robust,1.0,2.2938,2.2663,4.56
COCO,36,1024,mblur7,robust,0.948242,2.2938,2.2663,4.5601
COCO,37,1024,clean,robust,1.0,2.2963,2.2727,4.5691
COCO,37,1024,png,robust,1.0,2.2963,2.2667,4.5631
COCO,37,1024,jpeg90,robust,1.0,2.2963,2.2644,4.5607
COCO,37,1024,jpeg70,robust,1.0,2.2963,2.2683,4.5647
COCO,37,1024,jpeg50,robust,1.0,2.2963,2.2678,4.5642
COCO,37,1024,resize0.5,robust,1.0,2.2963,2.2674,4.5637
COCO,37,1024,resize0.75,robust,1.0,2.2963,2.2702,4.5665
COCO,37,1024,resize1.25,robust,1.0,2.2963,2.2643,4.5606
COCO,37,1024,resize1.5,robust,1.0,2.2963,2.2657,4.562
COCO,37,1024,gnoise01,robust,1.0,2.2963,2.2634,4.5597
COCO,37,1024,gnoise05,robust,1.0,2.2963,2.2645,4.5608
COCO,37,1024,gnoise10,robust,0.980469,2.2963,2.27,4.5664
COCO,37,1024,gblur3,robust,1.0,2.2963,2.2652,4.5616
COCO,37,1024,gblur5,robust,1.0,2.2963,2.2655,4.5619
COCO,37,1024,gblur7,robust,0.964844,2.2963,2.2637,4.56
COCO,37,1024,mblur3,robust,1.0,2.2963,2.2639,4.5602
COCO,37,1024,mblur5,robust,1.0,2.2963,2.2797,4.576
COCO,37,1024,mblur7,robust,1.0,2.2963,2.2697,4.566
COCO,38,1024,clean,robust,1.0,2.2964,2.2662,4.5626
COCO,38,1024,png,robust,1.0,2.2964,2.2649,4.5613
COCO,38,1024,jpeg90,robust,1.0,2.2964,2.2648,4.5612
COCO,38,1024,jpeg70,robust,0.983398,2.2964,2.2657,4.5621
COCO,38,1024,jpeg50,robust,0.958984,2.2964,2.2702,4.5666
COCO,38,1024,resize0.5,robust,1.0,2.2964,2.2667,4.5632
COCO,38,1024,resize0.75,robust,1.0,2.2964,2.2637,4.5601
COCO,38,1024,resize1.25,robust,1.0,2.2964,2.2663,4.5627
COCO,38,1024,resize1.5,robust,1.0,2.2964,2.2641,4.5605
COCO,38,1024,gnoise01,robust,1.0,2.2964,2.27,4.5664
COCO,38,1024,gnoise05,robust,0.947266,2.2964,2.2658,4.5622
COCO,38,1024,gnoise10,robust,0.875977,2.2964,2.2631,4.5595
COCO,38,1024,gblur3,robust,1.0,2.2964,2.2648,4.5612
COCO,38,1024,gblur5,robust,0.962891,2.2964,2.265,4.5614
COCO,38,1024,gblur7,robust,0.879883,2.2964,2.2695,4.5659
COCO,38,1024,mblur3,robust,1.0,2.2964,2.271,4.5674
COCO,38,1024,mblur5,robust,0.964844,2.2964,2.2687,4.5652
COCO,38,1024,mblur7,robust,0.926758,2.2964,2.2681,4.5645
COCO,39,1024,clean,robust,1.0,2.3027,2.2626,4.5653
COCO,39,1024,png,robust,1.0,2.3027,2.2655,4.5682
COCO,39,1024,jpeg90,robust,1.0,2.3027,2.2709,4.5736
COCO,39,1024,jpeg70,robust,1.0,2.3027,2.2657,4.5685
COCO,39,1024,jpeg50,robust,0.975586,2.3027,2.2647,4.5674
COCO,39,1024,resize0.5,robust,1.0,2.3027,2.2692,4.5719
COCO,39,1024,resize0.75,robust,1.0,2.3027,2.2689,4.5716
COCO,39,1024,resize1.25,robust,1.0,2.3027,2.2725,4.5753
COCO,39,1024,resize1.5,robust,1.0,2.3027,2.2716,4.5743
COCO,39,1024,gnoise01,robust,1.0,2.3027,2.2681,4.5708
COCO,39,1024,gnoise05,robust,0.96875,2.3027,2.266,4.5687
COCO,39,1024,gnoise10,robust,0.938477,2.3027,2.2681,4.5708
COCO,39,1024,gblur3,robust,1.0,2.3027,2.2697,4.5724
COCO,39,1024,gblur5,robust,1.0,2.3027,2.2749,4.5777
COCO,39,1024,gblur7,robust,0.960938,2.3027,2.2675,4.5702
COCO,39,1024,mblur3,robust,1.0,2.3027,2.2692,4.5719
COCO,39,1024,mblur5,robust,1.0,2.3027,2.2702,4.5729
COCO,39,1024,mblur7,robust,0.96582,2.3027,2.2695,4.5722
COCO,40,1024,clean,robust,1.0,2.2965,2.2714,4.5679
COCO,40,1024,png,robust,1.0,2.2965,2.2646,4.561
COCO,40,1024,jpeg90,robust,1.0,2.2965,2.2658,4.5622
COCO,40,1024,jpeg70,robust,1.0,2.2965,2.2645,4.5609
COCO,40,1024,jpeg50,robust,1.0,2.2965,2.2652,4.5617
COCO,40,1024,resize0.5,robust,1.0,2.2965,2.2686,4.565
COCO,40,1024,resize0.75,robust,1.0,2.2965,2.2722,4.5687
COCO,40,1024,resize1.25,robust,1.0,2.2965,2.2682,4.5647
COCO,40,1024,resize1.5,robust,1.0,2.2965,2.2636,4.56
COCO,40,1024,gnoise01,robust,1.0,2.2965,2.2636,4.5601
COCO,40,1024,gnoise05,robust,1.0,2.2965,2.2662,4.5627
COCO,40,1024,gnoise10,robust,0.957031,2.2965,2.2716,4.5681
COCO,40,1024,gblur3,robust,1.0,2.2965,2.265,4.5615
COCO,40,1024,gblur5,robust,1.0,2.2965,2.2697,4.5661
COCO,40,1024,gblur7,robust,0.961914,2.2965,2.2707,4.5672
COCO,40,1024,mblur3,robust,1.0,2.2965,2.2637,4.5602
COCO,40,1024,mblur5,robust,1.0,2.2965,2.2714,4.5679
COCO,40,1024,mblur7,robust,0.978516,2.2965,2.2671,4.5636
COCO,41,1024,clean,robust,1.0,2.2963,2.2643,4.5606
COCO,41,1024,png,robust,1.0,2.2963,2.2659,4.5622
COCO,41,1024,jpeg90,robust,1.0,2.2963,2.266,4.5623
COCO,41,1024,jpeg70,robust,1.0,2.2963,2.2694,4.5656
COCO,41,1024,jpeg50,robust,1.0,2.2963,2.2727,4.569
COCO,41,1024,resize0.5,robust,1.0,2.2963,2.267,4.5633
COCO,41,1024,resize0.75,robust,1.0,2.2963,2.2683,4.5646
COCO,41,1024,resize1.25,robust,1.0,2.2963,2.2644,4.5607
COCO,41,1024,resize1.5,robust,1.0,2.2963,2.2629,4.5592
COCO,41,1024,gnoise01,robust,1.0,2.2963,2.277,4.5733
COCO,41,1024,gnoise05,robust,0.96875,2.2963,2.2676,4.5639
COCO,41,1024,gnoise10,robust,0.911133,2.2963,2.264,4.5603
COCO,41,1024,gblur3,robust,1.0,2.2963,2.2629,4.5592
COCO,41,1024,gblur5,robust,0.980469,2.2963,2.2638,4.5601
COCO,41,1024,gblur7,robust,0.94043,2.2963,2.2705,4.5668
COCO,41,1024,mblur3,robust,1.0,2.2963,2.2751,4.5714
COCO,41,1024,mblur5,robust,1.0,2.2963,2.2694,4.5657
COCO,41,1024,mblur7,robust,0.969727,2.2963,2.2679,4.5642
COCO,42,1024,clean,robust,1.0,2.2953,2.2647,4.56
COCO,42,1024,png,robust,1.0,2.2953,2.2691,4.5643
COCO,42,1024,jpeg90,robust,1.0,2.2953,2.277,4.5722
COCO,42,1024,jpeg70,robust,0.984375,2.2953,2.2758,4.5711
COCO,42,1024,jpeg50,robust,0.935547,2.2953,2.2647,4.5599
COCO,42,1024,resize0.5,robust,1.0,2.2953,2.2652,4.5604
COCO,42,1024,resize0.75,robust,1.0,2.2953,2.2637,4.559
COCO,42,1024,resize1.25,robust,1.0,2.2953,2.2695,4.5647
COCO,42,1024,resize1.5,robust,1.0,2.2953,2.2667,4.562
COCO,42,1024,gnoise01,robust,1.0,2.2953,2.2637,4.5589
COCO,42,1024,gnoise05,robust,0.798828,2.2953,2.2654,4.5606
COCO,42,1024,gnoise10,robust,0.709961,2.2953,2.2634,4.5587
COCO,42,1024,gblur3,robust,1.0,2.2953,2.2732,4.5685
COCO,42,1024,gblur5,robust,0.97168,2.2953,2.2777,4.573
COCO,42,1024,gblur7,robust,0.87207,2.2953,2.2647,4.5599
COCO,42,1024,mblur3,robust,1.0,2.2953,2.2686,4.5639
COCO,42,1024,mblur5,robust,1.0,2.2953,2.2697,4.5649
COCO,42,1024,mblur7,robust,0.941406,2.2953,2.2695,4.5647
COCO,43,1024,clean,robust,1.0,2.2948,2.2731,4.5679
COCO,43,1024,png,robust,1.0,2.2948,2.2642,4.559
COCO,43,1024,jpeg90,robust,1.0,2.2948,2.2637,4.5585
COCO,43,1024,jpeg70,robust,1.0,2.2948,2.2633,4.5582
COCO,43,1024,jpeg50,robust,1.0,2.2948,2.2672,4.5621
COCO,43,1024,resize0.5,robust,1.0,2.2948,2.2709,4.5657
COCO,43,1024,resize0.75,robust,1.0,2.2948,2.2671,4.5619
COCO,43,1024,resize1.25,robust,1.0,2.2948,2.2637,4.5585
COCO,43,1024,resize1.5,robust,1.0,2.2948,2.2653,4.5601
COCO,43,1024,gnoise01,robust,1.0,2.2948,2.2663,4.5611
COCO,43,1024,gnoise05,robust,0.986328,2.2948,2.2659,4.5607
COCO,43,1024,gnoise10,robust,0.938477,2.2948,2.2754,4.5702
COCO,43,1024,gblur3,robust,1.0,2.2948,2.2707,4.5655
COCO,43,1024,gblur5,robust,1.0,2.2948,2.2713,4.5661
COCO,43,1024,gblur7,robust,0.941406,2.2948,2.265,4.5599
COCO,43,1024,mblur3,robust,1.0,2.2948,2.2634,4.5582
COCO,43,1024,mblur5,robust,1.0,2.2948,2.2718,4.5667
COCO,43,1024,mblur7,robust,0.978516,2.2948,2.2694,4.5642
COCO,44,1024,clean,robust,1.0,2.2978,2.2654,4.5632
COCO,44,1024,png,robust,1.0,2.2978,2.2659,4.5636
COCO,44,1024,jpeg90,robust,1.0,2.2978,2.2683,4.566
COCO,44,1024,jpeg70,robust,1.0,2.2978,2.2797,4.5775
COCO,44,1024,jpeg50,robust,1.0,2.2978,2.2732,4.571
COCO,44,1024,resize0.5,robust,1.0,2.2978,2.2716,4.5694
COCO,44,1024,resize0.75,robust,1.0,2.2978,2.2657,4.5634
COCO,44,1024,resize1.25,robust,1.0,2.2978,2.2698,4.5675
COCO,44,1024,resize1.5,robust,1.0,2.2978,2.2625,4.5602
COCO,44,1024,gnoise01,robust,1.0,2.2978,2.2702,4.568
COCO,44,1024,gnoise05,robust,1.0,2.2978,2.2747,4.5725
COCO,44,1024,gnoise10,robust,0.964844,2.2978,2.265,4.5627
COCO,44,1024,gblur3,robust,1.0,2.2978,2.2685,4.5662
COCO,44,1024,gblur5,robust,1.0,2.2978,2.2681,4.5659
COCO,44,1024,gblur7,robust,0.951172,2.2978,2.2687,4.5665
COCO,44,1024,mblur3,robust,1.0,2.2978,2.2698,4.5676
COCO,44,1024,mblur5,robust,1.0,2.2978,2.2687,4.5664
COCO,44,1024,mblur7,robust,0.970703,2.2978,2.266,4.5637
COCO,45,1024,clean,robust,1.0,2.3015,2.2714,4.5728
COCO,45,1024,png,robust,1.0,2.3015,2.2741,4.5756
COCO,45,1024,jpeg90,robust,1.0,2.3015,2.2749,4.5763
COCO,45,1024,jpeg70,robust,1.0,2.3015,2.2654,4.5669
COCO,45,1024,jpeg50,robust,1.0,2.3015,2.2622,4.5637
COCO,45,1024,resize0.5,robust,1.0,2.3015,2.2649,4.5664
COCO,45,1024,resize0.75,robust,1.0,2.3015,2.2631,4.5645
COCO,45,1024,resize1.25,robust,1.0,2.3015,2.2736,4.5751
COCO,45,1024,resize1.5,robust,1.0,2.3015,2.2648,4.5662
COCO,45,1024,gnoise01,robust,1.0,2.3015,2.2629,4.5643
COCO,45,1024,gnoise05,robust,1.0,2.3015,2.2636,4.565
COCO,45,1024,gnoise10,robust,0.983398,2.3015,2.2668,4.5683
COCO,45,1024,gblur3,robust,1.0,2.3015,2.266,4.5675
COCO,45,1024,gblur5,robust,1.0,2.3015,2.2694,4.5709
COCO,45,1024,gblur7,robust,0.958984,2.3015,2.2655,4.5669
COCO,45,1024,mblur3,robust,1.0,2.3015,2.2692,4.5707
COCO,45,1024,mblur5,robust,1.0,2.3015,2.2675,4.569
COCO,45,1024,mblur7,robust,0.982422,2.3015,2.2711,4.5726
COCO,46,1024,clean,robust,1.0,2.2973,2.2729,4.5702
COCO,46,1024,png,robust,1.0,2.2973,2.2659,4.5632
COCO,46,1024,jpeg90,robust,1.0,2.2973,2.266,4.5633
COCO,46,1024,jpeg70,robust,0.952148,2.2973,2.2716,4.5689
COCO,46,1024,jpeg50,robust,0.881836,2.2973,2.2632,4.5605
COCO,46,1024,resize0.5,robust,0.986328,2.2973,2.2705,4.5678
COCO,46,1024,resize0.75,robust,1.0,2.2973,2.2672,4.5645
COCO,46,1024,resize1.25,robust,1.0,2.2973,2.2706,4.5679
COCO,46,1024,resize1.5,robust,1.0,2.2973,2.2706,4.5679
COCO,46,1024,gnoise01,robust,1.0,2.2973,2.2667,4.564
COCO,46,1024,gnoise05,robust,0.801758,2.2973,2.2703,4.5676
COCO,46,1024,gnoise10,robust,0.708008,2.2973,2.2714,4.5687
COCO,46,1024,gblur3,robust,1.0,2.2973,2.2669,4.5642
COCO,46,1024,gblur5,robust,0.956055,2.2973,2.2644,4.5617
COCO,46,1024,gblur7,robust,0.892578,2.2973,2.2633,4.5606
COCO,46,1024,mblur3,robust,0.987305,2.2973,2.2643,4.5616
COCO,46,1024,mblur5,robust,0.938477,2.2973,2.2675,4.5648
COCO,46,1024,mblur7,robust,0.869141,2.2973,2.2659,4.5632
COCO,47,1024,clean,robust,1.0,2.2968,2.2636,4.5604
COCO,47,1024,png,robust,1.0,2.2968,2.2686,4.5655
COCO,47,1024,jpeg90,robust,1.0,2.2968,2.2635,4.5603
COCO,47,1024,jpeg70,robust,1.0,2.2968,2.2744,4.5713
COCO,47,1024,jpeg50,robust,0.963867,2.2968,2.2646,4.5614
COCO,47,1024,resize0.5,robust,1.0,2.2968,2.2597,4.5565
COCO,47,1024,resize0.75,robust,1.0,2.2968,2.2609,4.5577
COCO,47,1024,resize1.25,robust,1.0,2.2968,2.2626,4.5594
COCO,47,1024,resize1.5,robust,1.0,2.2968,2.2641,4.5609
COCO,47,1024,gnoise01,robust,1.0,2.2968,2.2657,4.5625
COCO,47,1024,gnoise05,robust,0.897461,2.2968,2.2629,4.5597
COCO,47,1024,gnoise10,robust,0.794922,2.2968,2.262,4.5588
COCO,47,1024,gblur3,robust,1.0,2.2968,2.2622,4.559
COCO,47,1024,gblur5,robust,0.976562,2.2968,2.2679,4.5647
COCO,47,1024,gblur7,robust,0.933594,2.2968,2.2803,4.5772
COCO,47,1024,mblur3,robust,1.0,2.2968,2.287,4.5838
COCO,47,1024,mblur5,robust,1.0,2.2968,2.278,4.5748
COCO,47,1024,mblur7,robust,0.954102,2.2968,2.2677,4.5645
COCO,48,1024,clean,robust,1.0,2.2963,2.2667,4.5629
COCO,48,1024,png,robust,1.0,2.2963,2.2658,4.5621
COCO,48,1024,jpeg90,robust,1.0,2.2963,2.2705,4.5667
COCO,48,1024,jpeg70,robust,1.0,2.2963,2.2665,4.5628
COCO,48,1024,jpeg50,robust,1.0,2.2963,2.2666,4.5629
COCO,48,1024,resize0.5,robust,1.0,2.2963,2.2675,4.5637
COCO,48,1024,resize0.75,robust,1.0,2.2963,2.2656,4.5619
COCO,48,1024,resize1.25,robust,1.0,2.2963,2.2678,4.5641
COCO,48,1024,resize1.5,robust,1.0,2.2963,2.2653,4.5615
COCO,48,1024,gnoise01,robust,1.0,2.2963,2.2636,4.5599
COCO,48,1024,gnoise05,robust,1.0,2.2963,2.2654,4.5617
COCO,48,1024,gnoise10,robust,0.981445,2.2963,2.2732,4.5695
COCO,48,1024,gblur3,robust,1.0,2.2963,2.2656,4.5619
COCO,48,1024,gblur5,robust,1.0,2.2963,2.2717,4.568
COCO,48,1024,gblur7,robust,0.939453,2.2963,2.2645,4.5608
COCO,48,1024,mblur3,robust,1.0,2.2963,2.263,4.5593
COCO,48,1024,mblur5,robust,1.0,2.2963,2.2736,4.5698
COCO,48,1024,mblur7,robust,0.960938,2.2963,2.2708,4.5671
COCO,49,1024,clean,robust,1.0,2.2966,2.2726,4.5692
COCO,49,1024,png,robust,1.0,2.2966,2.2682,4.5648
COCO,49,1024,jpeg90,robust,1.0,2.2966,2.2655,4.5621
COCO,49,1024,jpeg70,robust,1.0,2.2966,2.2651,4.5617
COCO,49,1024,jpeg50,robust,1.0,2.2966,2.2656,4.5622
COCO,49,1024,resize0.5,robust,1.0,2.2966,2.2745,4.5711
COCO,49,1024,resize0.75,robust,1.0,2.2966,2.2692,4.5658
COCO,49,1024,resize1.25,robust,1.0,2.2966,2.265,4.5616
COCO,49,1024,resize1.5,robust,1.0,2.2966,2.2648,4.5614
COCO,49,1024,gnoise01,robust,1.0,2.2966,2.2627,4.5593
COCO,49,1024,gnoise05,robust,1.0,2.2966,2.2717,4.5683
COCO,49,1024,gnoise10,robust,1.0,2.2966,2.269,4.5656
COCO,49,1024,gblur3,robust,1.0,2.2966,2.263,4.5596
COCO,49,1024,gblur5,robust,1.0,2.2966,2.2675,4.5641
COCO,49,1024,gblur7,robust,0.949219,2.2966,2.267,4.5636
COCO,49,1024,mblur3,robust,1.0,2.2966,2.2684,4.565
COCO,49,1024,mblur5,robust,1.0,2.2966,2.2731,4.5697
COCO,49,1024,mblur7,robust,0.955078,2.2966,2.2669,4.5635
COCO,50,1024,clean,robust,1.0,2.3004,2.2739,4.5743
COCO,50,1024,png,robust,1.0,2.3004,2.2667,4.5671
COCO,50,1024,jpeg90,robust,1.0,2.3004,2.265,4.5654
COCO,50,1024,jpeg70,robust,0.983398,2.3004,2.2678,4.5682
COCO,50,1024,jpeg50,robust,0.927734,2.3004,2.2699,4.5703
COCO,50,1024,resize0.5,robust,1.0,2.3004,2.265,4.5654
COCO,50,1024,resize0.75,robust,1.0,2.3004,2.2668,4.5672
COCO,50,1024,resize1.25,robust,1.0,2.3004,2.264,4.5644
COCO,50,1024,resize1.5,robust,1.0,2.3004,2.2668,4.5672
COCO,50,1024,gnoise01,robust,1.0,2.3004,2.2688,4.5692
COCO,50,1024,gnoise05,robust,0.858398,2.3004,2.2673,4.5677
COCO,50,1024,gnoise10,robust,0.708008,2.3004,2.2666,4.567
COCO,50,1024,gblur3,robust,1.0,2.3004,2.2643,4.5647
COCO,50,1024,gblur5,robust,0.914062,2.3004,2.2705,4.5709
COCO,50,1024,gblur7,robust,0.848633,2.3004,2.2747,4.5751
COCO,50,1024,mblur3,robust,0.985352,2.3004,2.2691,4.5695
COCO,50,1024,mblur5,robust,0.865234,2.3004,2.2645,4.5649
COCO,50,1024,mblur7,robust,0.8125,2.3004,2.2658,4.5662
COCO,51,1024,clean,robust,1.0,2.2956,2.2647,4.5603
COCO,51,1024,png,robust,1.0,2.2956,2.2699,4.5655
COCO,51,1024,jpeg90,robust,1.0,2.2956,2.2673,4.5629
COCO,51,1024,jpeg70,robust,1.0,2.2956,2.2645,4.5601
COCO,51,1024,jpeg50,robust,1.0,2.2956,2.2651,4.5607
COCO,51,1024,resize0.5,robust,1.0,2.2956,2.2663,4.5619
COCO,51,1024,resize0.75,robust,1.0,2.2956,2.2686,4.5642
COCO,51,1024,resize1.25,robust,1.0,2.2956,2.2728,4.5684
COCO,51,1024,resize1.5,robust,1.0,2.2956,2.2707,4.5663
COCO,51,1024,gnoise01,robust,1.0,2.2956,2.2686,4.5642
COCO,51,1024,gnoise05,robust,1.0,2.2956,2.2658,4.5614
COCO,51,1024,gnoise10,robust,0.938477,2.2956,2.2671,4.5627
COCO,51,1024,gblur3,robust,1.0,2.2956,2.2672,4.5628
COCO,51,1024,gblur5,robust,0.978516,2.2956,2.2694,4.565
COCO,51,1024,gblur7,robust,0.930664,2.2956,2.2647,4.5603
COCO,51,1024,mblur3,robust,1.0,2.2956,2.2674,4.563
COCO,51,1024,mblur5,robust,0.986328,2.2956,2.2679,4.5636
COCO,51,1024,mblur7,robust,0.949219,2.2956,2.2685,4.5641
COCO,52,1024,clean,robust,1.0,2.3041,2.2705,4.5746
COCO,52,1024,png,robust,1.0,2.3041,2.2648,4.5689
COCO,52,1024,jpeg90,robust,1.0,2.3041,2.2668,4.5709
COCO,52,1024,jpeg70,robust,1.0,2.3041,2.2728,4.5769
COCO,52,1024,jpeg50,robust,1.0,2.3041,2.2642,4.5683
COCO,52,1024,resize0.5,robust,1.0,2.3041,2.2706,4.5747
COCO,52,1024,resize0.75,robust,1.0,2.3041,2.2684,4.5725
COCO,52,1024,resize1.25,robust,1.0,2.3041,2.2645,4.5686
COCO,52,1024,resize1.5,robust,1.0,2.3041,2.2653,4.5694
COCO,52,1024,gnoise01,robust,1.0,2.3041,2.2632,4.5673
COCO,52,1024,gnoise05,robust,1.0,2.3041,2.2696,4.5736
COCO,52,1024,gnoise10,robust,0.978516,2.3041,2.2736,4.5777
COCO,52,1024,gblur3,robust,1.0,2.3041,2.268,4.5721
COCO,52,1024,gblur5,robust,1.0,2.3041,2.2666,4.5706
COCO,52,1024,gblur7,robust,0.946289,2.3041,2.2643,4.5684
COCO,52,1024,mblur3,robust,1.0,2.3041,2.266,4.5701
COCO,52,1024,mblur5,robust,1.0,2.3041,2.2749,4.579
COCO,52,1024,mblur7,robust,0.979492,2.3041,2.2685,4.5725
COCO,53,1024,clean,robust,1.0,2.2979,2.2638,4.5617
COCO,53,1024,png,robust,1.0,2.2979,2.2643,4.5622
COCO,53,1024,jpeg90,robust,1.0,2.2979,2.2651,4.563
COCO,53,1024,jpeg70,robust,0.980469,2.2979,2.2692,4.5671
COCO,53,1024,jpeg50,robust,0.946289,2.2979,2.2679,4.5658
COCO,53,1024,resize0.5,robust,1.0,2.2979,2.265,4.5629
COCO,53,1024,resize0.75,robust,1.0,2.2979,2.2644,4.5623
COCO,53,1024,resize1.25,robust,1.0,2.2979,2.2666,4.5645
COCO,53,1024,resize1.5,robust,1.0,2.2979,2.2702,4.5681
COCO,53,1024,gnoise01,robust,1.0,2.2979,2.2721,4.57
COCO,53,1024,gnoise05,robust,0.887695,2.2979,2.2688,4.5667
COCO,53,1024,gnoise10,robust,0.807617,2.2979,2.2743,4.5722
COCO,53,1024,gblur3,robust,1.0,2.2979,2.2678,4.5657
COCO,53,1024,gblur5,robust,0.978516,2.2979,2.271,4.5689
COCO,53,1024,gblur7,robust,0.907227,2.2979,2.2698,4.5677
COCO,53,1024,mblur3,robust,1.0,2.2979,2.2688,4.5667
COCO,53,1024,mblur5,robust,1.0,2.2979,2.2656,4.5635
COCO,53,1024,mblur7,robust,0.980469,2.2979,2.265,4.5629
COCO,54,1024,clean,robust,1.0,2.2947,2.2644,4.559
COCO,54,1024,png,robust,1.0,2.2947,2.2669,4.5615
COCO,54,1024,jpeg90,robust,1.0,2.2947,2.2697,4.5643
COCO,54,1024,jpeg70,robust,1.0,2.2947,2.2645,4.5591
COCO,54,1024,jpeg50,robust,0.953125,2.2947,2.2642,4.5588
COCO,54,1024,resize0.5,robust,1.0,2.2947,2.2638,4.5585
COCO,54,1024,resize0.75,robust,1.0,2.2947,2.2634,4.5581
COCO,54,1024,resize1.25,robust,1.0,2.2947,2.273,4.5677
COCO,54,1024,resize1.5,robust,1.0,2.2947,2.2683,4.5629
COCO,54,1024,gnoise01,robust,1.0,2.2947,2.2653,4.56
COCO,54,1024,gnoise05,robust,0.883789,2.2947,2.2656,4.5602
COCO,54,1024,gnoise10,robust,0.786133,2.2947,2.2641,4.5587
COCO,54,1024,gblur3,robust,1.0,2.2947,2.2676,4.5623
COCO,54,1024,gblur5,robust,0.979492,2.2947,2.2715,4.5662
COCO,54,1024,gblur7,robust,0.927734,2.2947,2.2677,4.5624
COCO,54,1024,mblur3,robust,1.0,2.2947,2.2666,4.5613
COCO,54,1024,mblur5,robust,1.0,2.2947,2.2691,4.5637
COCO,54,1024,mblur7,robust,0.970703,2.2947,2.2699,4.5646
COCO,55,1024,clean,robust,1.0,2.3034,2.2736,4.577
COCO,55,1024,png,robust,1.0,2.3034,2.2677,4.5711
COCO,55,1024,jpeg90,robust,1.0,2.3034,2.2671,4.5705
COCO,55,1024,jpeg70,robust,1.0,2.3034,2.2655,4.5689
COCO,55,1024,jpeg50,robust,1.0,2.3034,2.2665,4.5699
COCO,55,1024,resize0.5,robust,1.0,2.3034,2.2785,4.5819
COCO,55,1024,resize0.75,robust,1.0,2.3034,2.2651,4.5685
COCO,55,1024,resize1.25,robust,1.0,2.3034,2.2635,4.5669
COCO,55,1024,resize1.5,robust,1.0,2.3034,2.2635,4.5669
COCO,55,1024,gnoise01,robust,1.0,2.3034,2.2634,4.5668
COCO,55,1024,gnoise05,robust,0.96582,2.3034,2.2655,4.5689
COCO,55,1024,gnoise10,robust,0.888672,2.3034,2.2698,4.5732
COCO,55,1024,gblur3,robust,1.0,2.3034,2.2637,4.567
COCO,55,1024,gblur5,robust,0.985352,2.3034,2.2634,4.5668
COCO,55,1024,gblur7,robust,0.918945,2.3034,2.2635,4.5669
COCO,55,1024,mblur3,robust,1.0,2.3034,2.266,4.5694
COCO,55,1024,mblur5,robust,1.0,2.3034,2.2777,4.5811
COCO,55,1024,mblur7,robust,0.97168,2.3034,2.2654,4.5688
COCO,56,1024,clean,robust,1.0,2.2979,2.2655,4.5633
COCO,56,1024,png,robust,1.0,2.2979,2.2666,4.5645
COCO,56,1024,jpeg90,robust,1.0,2.2979,2.2651,4.563
COCO,56,1024,jpeg70,robust,1.0,2.2979,2.2686,4.5665
COCO,56,1024,jpeg50,robust,1.0,2.2979,2.267,4.5648
COCO,56,1024,resize0.5,robust,1.0,2.2979,2.2648,4.5627
COCO,56,1024,resize0.75,robust,1.0,2.2979,2.2642,4.5621
COCO,56,1024,resize1.25,robust,1.0,2.2979,2.2634,4.5613
COCO,56,1024,resize1.5,robust,1.0,2.2979,2.269,4.5669
COCO,56,1024,gnoise01,robust,1.0,2.2979,2.2718,4.5697
COCO,56,1024,gnoise05,robust,0.972656,2.2979,2.2672,4.5651
COCO,56,1024,gnoise10,robust,0.878906,2.2979,2.2631,4.561
COCO,56,1024,gblur3,robust,1.0,2.2979,2.2626,4.5605
COCO,56,1024,gblur5,robust,1.0,2.2979,2.2682,4.5661
COCO,56,1024,gblur7,robust,0.958984,2.2979,2.2685,4.5663
COCO,56,1024,mblur3,robust,1.0,2.2979,2.2723,4.5702
COCO,56,1024,mblur5,robust,1.0,2.2979,2.2686,4.5664
COCO,56,1024,mblur7,robust,0.974609,2.2979,2.2685,4.5664
COCO,57,1024,clean,robust,1.0,2.2944,2.2634,4.5578
COCO,57,1024,png,robust,1.0,2.2944,2.2669,4.5613
COCO,57,1024,jpeg90,robust,1.0,2.2944,2.2669,4.5613
COCO,57,1024,jpeg70,robust,1.0,2.2944,2.2637,4.5581
COCO,57,1024,jpeg50,robust,1.0,2.2944,2.265,4.5594
COCO,57,1024,resize0.5,robust,1.0,2.2944,2.2662,4.5606
COCO,57,1024,resize0.75,robust,1.0,2.2944,2.2633,4.5577
COCO,57,1024,resize1.25,robust,1.0,2.2944,2.2699,4.5643
COCO,57,1024,resize1.5,robust,1.0,2.2944,2.2651,4.5595
COCO,57,1024,gnoise01,robust,1.0,2.2944,2.2654,4.5598
COCO,57,1024,gnoise05,robust,1.0,2.2944,2.266,4.5604
COCO,57,1024,gnoise10,robust,0.985352,2.2944,2.2698,4.5642
COCO,57,1024,gblur3,robust,1.0,2.2944,2.2706,4.565
COCO,57,1024,gblur5,robust,1.0,2.2944,2.2712,4.5656
COCO,57,1024,gblur7,robust,0.967773,2.2944,2.2656,4.56
COCO,57,1024,mblur3,robust,1.0,2.2944,2.2646,4.559
COCO,57,1024,mblur5,robust,1.0,2.2944,2.2732,4.5676
COCO,57,1024,mblur7,robust,0.987305,2.2944,2.2668,4.5612
COCO,58,1024,clean,robust,1.0,2.2933,2.2676,4.5609
COCO,58,1024,png,robust,1.0,2.2933,2.2639,4.5572
COCO,58,1024,jpeg90,robust,1.0,2.2933,2.2619,4.5552
COCO,58,1024,jpeg70,robust,1.0,2.2933,2.2648,4.5581
COCO,58,1024,jpeg50,robust,1.0,2.2933,2.2637,4.557
COCO,58,1024,resize0.5,robust,1.0,2.2933,2.2689,4.5622
COCO,58,1024,resize0.75,robust,1.0,2.2933,2.2671,4.5604
COCO,58,1024,resize1.25,robust,1.0,2.2933,2.2703,4.5636
COCO,58,1024,resize1.5,robust,1.0,2.2933,2.2652,4.5585
COCO,58,1024,gnoise01,robust,1.0,2.2933,2.2674,4.5607
COCO,58,1024,gnoise05,robust,1.0,2.2933,2.2672,4.5605
COCO,58,1024,gnoise10,robust,0.932617,2.2933,2.2717,4.565
COCO,58,1024,gblur3,robust,1.0,2.2933,2.265,4.5583
COCO,58,1024,gblur5,robust,1.0,2.2933,2.264,4.5573
COCO,58,1024,gblur7,robust,0.954102,2.2933,2.269,4.5623
COCO,58,1024,mblur3,robust,1.0,2.2933,2.2648,4.5581
COCO,58,1024,mblur5,robust,1.0,2.2933,2.2708,4.564
COCO,58,1024,mblur7,robust,0.967773,2.2933,2.2618,4.555
COCO,59,1024,clean,robust,1.0,2.2928,2.2623,4.5551
COCO,59,1024,png,robust,1.0,2.2928,2.2622,4.5551
COCO,59,1024,jpeg90,robust,1.0,2.2928,2.2652,4.558
COCO,59,1024,jpeg70,robust,1.0,2.2928,2.2735,4.5664
COCO,59,1024,jpeg50,robust,1.0,2.2928,2.2719,4.5647
COCO,59,1024,resize0.5,robust,1.0,2.2928,2.2716,4.5644
COCO,59,1024,resize0.75,robust,1.0,2.2928,2.2702,4.563
COCO,59,1024,resize1.25,robust,1.0,2.2928,2.2638,4.5566
COCO,59,1024,resize1.5,robust,1.0,2.2928,2.2647,4.5576
COCO,59,1024,gnoise01,robust,1.0,2.2928,2.2687,4.5615
COCO,59,1024,gnoise05,robust,0.987305,2.2928,2.2653,4.5581
COCO,59,1024,gnoise10,robust,0.90332,2.2928,2.2638,4.5567
COCO,59,1024,gblur3,robust,1.0,2.2928,2.2681,4.5609
COCO,59,1024,gblur5,robust,1.0,2.2928,2.2659,4.5587
COCO,59,1024,gblur7,robust,0.93457,2.2928,2.2727,4.5655
COCO,59,1024,mblur3,robust,1.0,2.2928,2.2678,4.5606
COCO,59,1024,mblur5,robust,0.981445,2.2928,2.2649,4.5578
COCO,59,1024,mblur7,robust,0.948242,2.2928,2.2691,4.5619
COCO,60,1024,clean,robust,1.0,2.2937,2.2677,4.5614
COCO,60,1024,png,robust,1.0,2.2937,2.2709,4.5645
COCO,60,1024,jpeg90,robust,1.0,2.2937,2.2707,4.5643
COCO,60,1024,jpeg70,robust,1.0,2.2937,2.2672,4.5608
COCO,60,1024,jpeg50,robust,1.0,2.2937,2.2718,4.5654
COCO,60,1024,resize0.5,robust,1.0,2.2937,2.2673,4.5609
COCO,60,1024,resize0.75,robust,1.0,2.2937,2.2666,4.5603
COCO,60,1024,resize1.25,robust,1.0,2.2937,2.2767,4.5703
COCO,60,1024,resize1.5,robust,1.0,2.2937,2.2683,4.5619
COCO,60,1024,gnoise01,robust,1.0,2.2937,2.2643,4.558
COCO,60,1024,gnoise05,robust,1.0,2.2937,2.2683,4.5619
COCO,60,1024,gnoise10,robust,0.922852,2.2937,2.2655,4.5591
COCO,60,1024,gblur3,robust,1.0,2.2937,2.2682,4.5618
COCO,60,1024,gblur5,robust,1.0,2.2937,2.277,4.5706
COCO,60,1024,gblur7,robust,0.951172,2.2937,2.2696,4.5633
COCO,60,1024,mblur3,robust,1.0,2.2937,2.2654,4.559
COCO,60,1024,mblur5,robust,1.0,2.2937,2.2665,4.5602
COCO,60,1024,mblur7,robust,0.979492,2.2937,2.2678,4.5615
COCO,61,1024,clean,robust,1.0,2.3029,2.2713,4.5742
COCO,61,1024,png,robust,1.0,2.3029,2.2645,4.5674
COCO,61,1024,jpeg90,robust,1.0,2.3029,2.264,4.5669
COCO,61,1024,jpeg70,robust,1.0,2.3029,2.2671,4.57
COCO,61,1024,jpeg50,robust,0.943359,2.3029,2.2636,4.5665
COCO,61,1024,resize0.5,robust,1.0,2.3029,2.2706,4.5735
COCO,61,1024,resize0.75,robust,1.0,2.3029,2.2664,4.5693
COCO,61,1024,resize1.25,robust,1.0,2.3029,2.2638,4.5667
COCO,61,1024,resize1.5,robust,1.0,2.3029,2.2641,4.567
COCO,61,1024,gnoise01,robust,1.0,2.3029,2.2667,4.5696
COCO,61,1024,gnoise05,robust,0.873047,2.3029,2.2676,4.5705
COCO,61,1024,gnoise10,robust,0.760742,2.3029,2.2697,4.5726
COCO,61,1024,gblur3,robust,1.0,2.3029,2.2634,4.5663
COCO,61,1024,gblur5,robust,0.980469,2.3029,2.2673,4.5702
COCO,61,1024,gblur7,robust,0.90332,2.3029,2.2642,4.5671
COCO,61,1024,mblur3,robust,1.0,2.3029,2.2628,4.5657
COCO,61,1024,mblur5,robust,1.0,2.3029,2.2712,4.5741
COCO,61,1024,mblur7,robust,0.959961,2.3029,2.2648,4.5677
COCO,62,1024,clean,robust,1.0,2.2991,2.2742,4.5732
COCO,62,1024,png,robust,1.0,2.2991,2.2727,4.5717
COCO,62,1024,jpeg90,robust,1.0,2.2991,2.2746,4.5737
COCO,62,1024,jpeg70,robust,1.0,2.2991,2.2788,4.5779
COCO,62,1024,jpeg50,robust,1.0,2.2991,2.27,4.5691
COCO,62,1024,resize0.5,robust,1.0,2.2991,2.2641,4.5631
COCO,62,1024,resize0.75,robust,1.0,2.2991,2.2641,4.5632
COCO,62,1024,resize1.25,robust,1.0,2.2991,2.2649,4.564
COCO,62,1024,resize1.5,robust,1.0,2.2991,2.2643,4.5634
COCO,62,1024,gnoise01,robust,1.0,2.2991,2.2705,4.5696
COCO,62,1024,gnoise05,robust,1.0,2.2991,2.264,4.5631
COCO,62,1024,gnoise10,robust,0.945312,2.2991,2.2645,4.5636
COCO,62,1024,gblur3,robust,1.0,2.2991,2.2644,4.5635
COCO,62,1024,gblur5,robust,1.0,2.2991,2.2648,4.5639
COCO,62,1024,gblur7,robust,0.953125,2.2991,2.2696,4.5687
COCO,62,1024,mblur3,robust,1.0,2.2991,2.2672,4.5662
COCO,62,1024,mblur5,robust,1.0,2.2991,2.2675,4.5665
COCO,62,1024,mblur7,robust,0.973633,2.2991,2.2639,4.563
COCO,63,1024,clean,robust,1.0,2.2917,2.2642,4.5558
COCO,63,1024,png,robust,1.0,2.2917,2.269,4.5607
COCO,63,1024,jpeg90,robust,1.0,2.2917,2.2689,4.5606
COCO,63,1024,jpeg70,robust,1.0,2.2917,2.2742,4.5659
COCO,63,1024,jpeg50,robust,1.0,2.2917,2.2652,4.5568
COCO,63,1024,resize0.5,robust,1.0,2.2917,2.2636,4.5553
COCO,63,1024,resize0.75,robust,1.0,2.2917,2.2652,4.5568
COCO,63,1024,resize1.25,robust,1.0,2.2917,2.2705,4.5622
COCO,63,1024,resize1.5,robust,1.0,2.2917,2.2648,4.5564
COCO,63,1024,gnoise01,robust,1.0,2.2917,2.2639,4.5555
COCO,63,1024,gnoise05,robust,0.974609,2.2917,2.2646,4.5563
COCO,63,1024,gnoise10,robust,0.890625,2.2917,2.2728,4.5644
COCO,63,1024,gblur3,robust,1.0,2.2917,2.2677,4.5594
COCO,63,1024,gblur5,robust,0.986328,2.2917,2.2679,4.5596
COCO,63,1024,gblur7,robust,0.935547,2.2917,2.2637,4.5554
COCO,63,1024,mblur3,robust,1.0,2.2917,2.2634,4.5551
COCO,63,1024,mblur5,robust,1.0,2.2917,2.2665,4.5581
COCO,63,1024,mblur7,robust,0.967773,2.2917,2.2681,4.5598
COCO,64,1024,clean,robust,1.0,2.2953,2.2676,4.5629
COCO,64,1024,png,robust,1.0,2.2953,2.2649,4.5602
COCO,64,1024,jpeg90,robust,1.0,2.2953,2.262,4.5573
COCO,64,1024,jpeg70,robust,1.0,2.2953,2.2647,4.56
COCO,64,1024,jpeg50,robust,0.960938,2.2953,2.2631,4.5584
COCO,64,1024,resize0.5,robust,1.0,2.2953,2.2698,4.5651
COCO,64,1024,resize0.75,robust,1.0,2.2953,2.265,4.5603
COCO,64,1024,resize1.25,robust,1.0,2.2953,2.2653,4.5606
COCO,64,1024,resize1.5,robust,1.0,2.2953,2.2629,4.5582
COCO,64,1024,gnoise01,robust,1.0,2.2953,2.2649,4.5602
COCO,64,1024,gnoise05,robust,0.901367,2.2953,2.2671,4.5624
COCO,64,1024,gnoise10,robust,0.807617,2.2953,2.2721,4.5674
COCO,64,1024,gblur3,robust,1.0,2.2953,2.2684,4.5637
COCO,64,1024,gblur5,robust,1.0,2.2953,2.2644,4.5597
COCO,64,1024,gblur7,robust,0.949219,2.2953,2.2651,4.5604
COCO,64,1024,mblur3,robust,1.0,2.2953,2.2633,4.5586
COCO,64,1024,mblur5,robust,1.0,2.2953,2.2708,4.5661
COCO,64,1024,mblur7,robust,1.0,2.2953,2.2687,4.564
COCO,65,1024,clean,robust,1.0,2.2955,2.271,4.5665
COCO,65,1024,png,robust,1.0,2.2955,2.2698,4.5653
COCO,65,1024,jpeg90,robust,1.0,2.2955,2.2639,4.5593
COCO,65,1024,jpeg70,robust,0.984375,2.2955,2.2687,4.5641
COCO,65,1024,jpeg50,robust,0.967773,2.2955,2.2663,4.5617
COCO,65,1024,resize0.5,robust,1.0,2.2955,2.2642,4.5596
COCO,65,1024,resize0.75,robust,1.0,2.2955,2.2649,4.5604
COCO,65,1024,resize1.25,robust,1.0,2.2955,2.2637,4.5591
COCO,65,1024,resize1.5,robust,1.0,2.2955,2.2688,4.5642
COCO,65,1024,gnoise01,robust,1.0,2.2955,2.2733,4.5688
COCO,65,1024,gnoise05,robust,0.951172,2.2955,2.2638,4.5592
COCO,65,1024,gnoise10,robust,0.878906,2.2955,2.2638,4.5592
COCO,65,1024,gblur3,robust,1.0,2.2955,2.2642,4.5596
COCO,65,1024,gblur5,robust,0.981445,2.2955,2.2641,4.5595
COCO,65,1024,gblur7,robust,0.926758,2.2955,2.2694,4.5649
COCO,65,1024,mblur3,robust,1.0,2.2955,2.2674,4.5628
COCO,65,1024,mblur5,robust,0.978516,2.2955,2.2639,4.5593
COCO,65,1024,mblur7,robust,0.930664,2.2955,2.2641,4.5595
COCO,66,1024,clean,robust,1.0,2.2969,2.2632,4.56
COCO,66,1024,png,robust,1.0,2.2969,2.2692,4.566
COCO,66,1024,jpeg90,robust,1.0,2.2969,2.2672,4.564
COCO,66,1024,jpeg70,robust,1.0,2.2969,2.2635,4.5603
COCO,66,1024,jpeg50,robust,1.0,2.2969,2.2711,4.5679
COCO,66,1024,resize0.5,robust,1.0,2.2969,2.2659,4.5628
COCO,66,1024,resize0.75,robust,1.0,2.2969,2.2704,4.5672
COCO,66,1024,resize1.25,robust,1.0,2.2969,2.2785,4.5754
COCO,66,1024,resize1.5,robust,1.0,2.2969,2.2742,4.571
COCO,66,1024,gnoise01,robust,1.0,2.2969,2.2683,4.5651
COCO,66,1024,gnoise05,robust,1.0,2.2969,2.2631,4.56
COCO,66,1024,gnoise10,robust,0.982422,2.2969,2.2643,4.5611
COCO,66,1024,gblur3,robust,1.0,2.2969,2.2667,4.5635
COCO,66,1024,gblur5,robust,1.0,2.2969,2.2694,4.5663
COCO,66,1024,gblur7,robust,0.950195,2.2969,2.2634,4.5603
COCO,66,1024,mblur3,robust,1.0,2.2969,2.2691,4.5659
COCO,66,1024,mblur5,robust,1.0,2.2969,2.2652,4.562
COCO,66,1024,mblur7,robust,0.975586,2.2969,2.268,4.5648
COCO,67,1024,clean,robust,1.0,2.3007,2.2728,4.5735
COCO,67,1024,png,robust,1.0,2.3007,2.2698,4.5704
COCO,67,1024,jpeg90,robust,1.0,2.3007,2.2643,4.565
COCO,67,1024,jpeg70,robust,0.985352,2.3007,2.263,4.5636
COCO,67,1024,jpeg50,robust,0.947266,2.3007,2.2634,4.564
COCO,67,1024,resize0.5,robust,1.0,2.3007,2.2694,4.57
COCO,67,1024,resize0.75,robust,1.0,2.3007,2.2668,4.5675
COCO,67,1024,resize1.25,robust,1.0,2.3007,2.2642,4.5649
COCO,67,1024,resize1.5,robust,1.0,2.3007,2.2635,4.5641
COCO,67,1024,gnoise01,robust,1.0,2.3007,2.2637,4.5644
COCO,67,1024,gnoise05,robust,0.884766,2.3007,2.2713,4.5719
COCO,67,1024,gnoise10,robust,0.794922,2.3007,2.2689,4.5695
COCO,67,1024,gblur3,robust,1.0,2.3007,2.2637,4.5644
COCO,67,1024,gblur5,robust,0.969727,2.3007,2.2636,4.5643
COCO,67,1024,gblur7,robust,0.916992,2.3007,2.2659,4.5666
COCO,67,1024,mblur3,robust,1.0,2.3007,2.2661,4.5668
COCO,67,1024,mblur5,robust,0.985352,2.3007,2.2775,4.5782
COCO,67,1024,mblur7,robust,0.951172,2.3007,2.2639,4.5646
COCO,68,1024,clean,robust,1.0,2.2929,2.2705,4.5635
COCO,68,1024,png,robust,1.0,2.2929,2.2653,4.5583
COCO,68,1024,jpeg90,robust,1.0,2.2929,2.2651,4.558
COCO,68,1024,jpeg70,robust,1.0,2.2929,2.2707,4.5636
COCO,68,1024,jpeg50,robust,0.953125,2.2929,2.2666,4.5595
COCO,68,1024,resize0.5,robust,1.0,2.2929,2.266,4.559
COCO,68,1024,resize0.75,robust,1.0,2.2929,2.2638,4.5568
COCO,68,1024,resize1.25,robust,1.0,2.2929,2.263,4.5559
COCO,68,1024,resize1.5,robust,1.0,2.2929,2.2656,4.5586
COCO,68,1024,gnoise01,robust,1.0,2.2929,2.2712,4.5642
COCO,68,1024,gnoise05,robust,0.878906,2.2929,2.2653,4.5582
COCO,68,1024,gnoise10,robust,0.78418,2.2929,2.2668,4.5598
COCO,68,1024,gblur3,robust,1.0,2.2929,2.2683,4.5612
COCO,68,1024,gblur5,robust,0.974609,2.2929,2.2652,4.5582
COCO,68,1024,gblur7,robust,0.904297,2.2929,2.27,4.5629
COCO,68,1024,mblur3,robust,1.0,2.2929,2.2694,4.5623
COCO,68,1024,mblur5,robust,0.983398,2.2929,2.266,4.5589
COCO,68,1024,mblur7,robust,0.914062,2.2929,2.2652,4.5581
COCO,69,1024,clean,robust,1.0,2.2923,2.2688,4.5611
COCO,69,1024,png,robust,1.0,2.2923,2.2709,4.5632
COCO,69,1024,jpeg90,robust,1.0,2.2923,2.2672,4.5595
COCO,69,1024,jpeg70,robust,1.0,2.2923,2.2656,4.5579
COCO,69,1024,jpeg50,robust,1.0,2.2923,2.2662,4.5585
COCO,69,1024,resize0.5,robust,1.0,2.2923,2.2641,4.5564
COCO,69,1024,resize0.75,robust,1.0,2.2923,2.2716,4.5639
COCO,69,1024,resize1.25,robust,1.0,2.2923,2.2743,4.5666
COCO,69,1024,resize1.5,robust,1.0,2.2923,2.2664,4.5587
COCO,69,1024,gnoise01,robust,1.0,2.2923,2.2633,4.5556
COCO,69,1024,gnoise05,robust,1.0,2.2923,2.2684,4.5607
COCO,69,1024,gnoise10,robust,0.980469,2.2923,2.2635,4.5558
COCO,69,1024,gblur3,robust,1.0,2.2923,2.2679,4.5601
COCO,69,1024,gblur5,robust,1.0,2.2923,2.2682,4.5604
COCO,69,1024,gblur7,robust,0.953125,2.2923,2.2701,4.5624
COCO,69,1024,mblur3,robust,1.0,2.2923,2.2652,4.5575
COCO,69,1024,mblur5,robust,1.0,2.2923,2.2684,4.5607
COCO,69,1024,mblur7,robust,0.983398,2.2923,2.2676,4.5599
COCO,70,1024,clean,robust,1.0,2.2991,2.2666,4.5656
COCO,70,1024,png,robust,1.0,2.2991,2.2633,4.5623
COCO,70,1024,jpeg90,robust,1.0,2.2991,2.2684,4.5674
COCO,70,1024,jpeg70,robust,0.984375,2.2991,2.2677,4.5667
COCO,70,1024,jpeg50,robust,0.956055,2.2991,2.2661,4.5651
COCO,70,1024,resize0.5,robust,1.0,2.2991,2.2705,4.5696
COCO,70,1024,resize0.75,robust,1.0,2.2991,2.2654,4.5644
COCO,70,1024,resize1.25,robust,1.0,2.2991,2.2621,4.5612
COCO,70,1024,resize1.5,robust,1.0,2.2991,2.2665,4.5656
COCO,70,1024,gnoise01,robust,1.0,2.2991,2.2671,4.5662
COCO,70,1024,gnoise05,robust,0.897461,2.2991,2.2699,4.569
COCO,70,1024,gnoise10,robust,0.795898,2.2991,2.2678,4.5669
COCO,70,1024,gblur3,robust,1.0,2.2991,2.2642,4.5633
COCO,70,1024,gblur5,robust,0.966797,2.2991,2.2677,4.5668
COCO,70,1024,gblur7,robust,0.888672,2.2991,2.2705,4.5695
COCO,70,1024,mblur3,robust,1.0,2.2991,2.2648,4.5639
COCO,70,1024,mblur5,robust,0.96582,2.2991,2.276,4.5751
COCO,70,1024,mblur7,robust,0.907227,2.2991,2.2659,4.565
COCO,71,1024,clean,robust,1.0,2.294,2.2649,4.559
COCO,71,1024,png,robust,1.0,2.294,2.2629,4.5569
COCO,71,1024,jpeg90,robust,1.0,2.294,2.2631,4.5571
COCO,71,1024,jpeg70,robust,0.986328,2.294,2.2691,4.5631
COCO,71,1024,jpeg50,robust,0.951172,2.294,2.2699,4.5639
COCO,71,1024,resize0.5,robust,1.0,2.294,2.2647,4.5588
COCO,71,1024,resize0.75,robust,1.0,2.294,2.263,4.5571
COCO,71,1024,resize1.25,robust,1.0,2.294,2.2654,4.5595
COCO,71,1024,resize1.5,robust,1.0,2.294,2.2663,4.5603
COCO,71,1024,gnoise01,robust,1.0,2.294,2.2782,4.5722
COCO,71,1024,gnoise05,robust,0.90918,2.294,2.2648,4.5588
COCO,71,1024,gnoise10,robust,0.798828,2.294,2.2633,4.5574
COCO,71,1024,gblur3,robust,1.0,2.294,2.2652,4.5592
COCO,71,1024,gblur5,robust,0.981445,2.294,2.2665,4.5605
COCO,71,1024,gblur7,robust,0.941406,2.294,2.2732,4.5672
COCO,71,1024,mblur3,robust,1.0,2.294,2.2689,4.5629
COCO,71,1024,mblur5,robust,1.0,2.294,2.2668,4.5608
COCO,71,1024,mblur7,robust,0.943359,2.294,2.2703,4.5643
COCO,72,1024,clean,robust,1.0,2.3005,2.264,4.5645
COCO,72,1024,png,robust,1.0,2.3005,2.2699,4.5704
COCO,72,1024,jpeg90,robust,1.0,2.3005,2.2727,4.5732
COCO,72,1024,jpeg70,robust,1.0,2.3005,2.2776,4.5781
COCO,72,1024,jpeg50,robust,1.0,2.3005,2.2625,4.563
COCO,72,1024,resize0.5,robust,1.0,2.3005,2.2662,4.5667
COCO,72,1024,resize0.75,robust,1.0,2.3005,2.2672,4.5677
COCO,72,1024,resize1.25,robust,1.0,2.3005,2.2689,4.5694
COCO,72,1024,resize1.5,robust,1.0,2.3005,2.2626,4.5631
COCO,72,1024,gnoise01,robust,1.0,2.3005,2.2683,4.5688
COCO,72,1024,gnoise05,robust,1.0,2.3005,2.2666,4.567
COCO,72,1024,gnoise10,robust,0.975586,2.3005,2.2654,4.5659
COCO,72,1024,gblur3,robust,1.0,2.3005,2.2684,4.5689
COCO,72,1024,gblur5,robust,1.0,2.3005,2.2666,4.5671
COCO,72,1024,gblur7,robust,0.976562,2.3005,2.2646,4.5651
COCO,72,1024,mblur3,robust,1.0,2.3005,2.2635,4.564
COCO,72,1024,mblur5,robust,1.0,2.3005,2.266,4.5665
COCO,72,1024,mblur7,robust,1.0,2.3005,2.2713,4.5718
COCO,73,1024,clean,robust,1.0,2.2972,2.2697,4.5669
COCO,73,1024,png,robust,1.0,2.2972,2.2643,4.5615
COCO,73,1024,jpeg90,robust,1.0,2.2972,2.2685,4.5657
COCO,73,1024,jpeg70,robust,1.0,2.2972,2.2645,4.5617
COCO,73,1024,jpeg50,robust,0.985352,2.2972,2.2659,4.5631
COCO,73,1024,resize0.5,robust,1.0,2.2972,2.2751,4.5723
COCO,73,1024,resize0.75,robust,1.0,2.2972,2.2661,4.5633
COCO,73,1024,resize1.25,robust,1.0,2.2972,2.2692,4.5664
COCO,73,1024,resize1.5,robust,1.0,2.2972,2.2685,4.5657
COCO,73,1024,gnoise01,robust,1.0,2.2972,2.2643,4.5614
COCO,73,1024,gnoise05,robust,0.960938,2.2972,2.2742,4.5714
COCO,73,1024,gnoise10,robust,0.90332,2.2972,2.2782,4.5754
COCO,73,1024,gblur3,robust,1.0,2.2972,2.2674,4.5645
COCO,73,1024,gblur5,robust,0.979492,2.2972,2.2678,4.5649
COCO,73,1024,gblur7,robust,0.912109,2.2972,2.2646,4.5618
COCO,73,1024,mblur3,robust,1.0,2.2972,2.2684,4.5656
COCO,73,1024,mblur5,robust,0.978516,2.2972,2.2763,4.5734
COCO,73,1024,mblur7,robust,0.923828,2.2972,2.2654,4.5626
COCO,74,1024,clean,robust,1.0,2.2952,2.2653,4.5606
COCO,74,1024,png,robust,1.0,2.2952,2.2675,4.5627
COCO,74,1024,jpeg90,robust,1.0,2.2952,2.2723,4.5675
COCO,74,1024,jpeg70,robust,1.0,2.2952,2.2805,4.5757
COCO,74,1024,jpeg50,robust,0.949219,2.2952,2.2672,4.5624
COCO,74,1024,resize0.5,robust,1.0,2.2952,2.2662,4.5614
COCO,74,1024,resize0.75,robust,1.0,2.2952,2.2657,4.5609
COCO,74,1024,resize1.25,robust,1.0,2.2952,2.2642,4.5594
COCO,74,1024,resize1.5,robust,1.0,2.2952,2.2723,4.5675
COCO,74,1024,gnoise01,robust,1.0,2.2952,2.2713,4.5666
COCO,74,1024,gnoise05,robust,0.883789,2.2952,2.2666,4.5618
COCO,74,1024,gnoise10,robust,0.765625,2.2952,2.2655,4.5607
COCO,74,1024,gblur3,robust,1.0,2.2952,2.2686,4.5638
COCO,74,1024,gblur5,robust,0.952148,2.2952,2.2677,4.5629
COCO,74,1024,gblur7,robust,0.866211,2.2952,2.2785,4.5737
COCO,74,1024,mblur3,robust,1.0,2.2952,2.2686,4.5638
COCO,74,1024,mblur5,robust,0.951172,2.2952,2.2713,4.5665
COCO,74,1024,mblur7,robust,0.875,2.2952,2.2683,4.5636
COCO,75,1024,clean,robust,1.0,2.2955,2.2719,4.5675
COCO,75,1024,png,robust,1.0,2.2955,2.2801,4.5756
COCO,75,1024,jpeg90,robust,1.0,2.2955,2.2682,4.5637
COCO,75,1024,jpeg70,robust,1.0,2.2955,2.2684,4.5639
COCO,75,1024,jpeg50,robust,0.970703,2.2955,2.2659,4.5614
COCO,75,1024,resize0.5,robust,1.0,2.2955,2.2655,4.5611
COCO,75,1024,resize0.75,robust,1.0,2.2955,2.2734,4.569
COCO,75,1024,resize1.25,robust,1.0,2.2955,2.2715,4.567
COCO,75,1024,resize1.5,robust,1.0,2.2955,2.2662,4.5617
COCO,75,1024,gnoise01,robust,1.0,2.2955,2.2665,4.5621
COCO,75,1024,gnoise05,robust,0.974609,2.2955,2.2669,4.5624
COCO,75,1024,gnoise10,robust,0.897461,2.2955,2.271,4.5666
COCO,75,1024,gblur3,robust,1.0,2.2955,2.2772,4.5727
COCO,75,1024,gblur5,robust,0.978516,2.2955,2.2714,4.5669
COCO,75,1024,gblur7,robust,0.916992,2.2955,2.2643,4.5599
COCO,75,1024,mblur3,robust,0.955078,2.2955,2.2664,4.5619
COCO,75,1024,mblur5,robust,0.904297,2.2955,2.2667,4.5623
COCO,75,1024,mblur7,robust,0.863281,2.2955,2.2764,4.572
COCO,76,1024,clean,robust,1.0,2.2977,2.2705,4.5682
COCO,76,1024,png,robust,1.0,2.2977,2.2668,4.5645
COCO,76,1024,jpeg90,robust,1.0,2.2977,2.2662,4.5639
COCO,76,1024,jpeg70,robust,0.981445,2.2977,2.2629,4.5606
COCO,76,1024,jpeg50,robust,0.953125,2.2977,2.2666,4.5643
COCO,76,1024,resize0.5,robust,1.0,2.2977,2.2747,4.5724
COCO,76,1024,resize0.75,robust,1.0,2.2977,2.2815,4.5792
COCO,76,1024,resize1.25,robust,1.0,2.2977,2.2803,4.578
COCO,76,1024,resize1.5,robust,1.0,2.2977,2.276,4.5737
COCO,76,1024,gnoise01,robust,1.0,2.2977,2.2752,4.5729
COCO,76,1024,gnoise05,robust,0.928711,2.2977,2.2745,4.5722
COCO,76,1024,gnoise10,robust,0.858398,2.2977,2.2668,4.5645
COCO,76,1024,gblur3,robust,1.0,2.2977,2.2649,4.5626
COCO,76,1024,gblur5,robust,0.963867,2.2977,2.2657,4.5633
COCO,76,1024,gblur7,robust,0.900391,2.2977,2.2638,4.5615
COCO,76,1024,mblur3,robust,1.0,2.2977,2.2713,4.569
COCO,76,1024,mblur5,robust,0.970703,2.2977,2.2702,4.5679
COCO,76,1024,mblur7,robust,0.925781,2.2977,2.2657,4.5634
COCO,77,1024,clean,robust,1.0,2.3013,2.2636,4.565
COCO,77,1024,png,robust,1.0,2.3013,2.2685,4.5698
COCO,77,1024,jpeg90,robust,1.0,2.3013,2.2687,4.5701
COCO,77,1024,jpeg70,robust,1.0,2.3013,2.2757,4.5771
COCO,77,1024,jpeg50,robust,1.0,2.3013,2.2679,4.5692
COCO,77,1024,resize0.5,robust,1.0,2.3013,2.2667,4.568
COCO,77,1024,resize0.75,robust,1.0,2.3013,2.2656,4.567
COCO,77,1024,resize1.25,robust,1.0,2.3013,2.264,4.5654
COCO,77,1024,resize1.5,robust,1.0,2.3013,2.2745,4.5759
COCO,77,1024,gnoise01,robust,1.0,2.3013,2.2686,4.57
COCO,77,1024,gnoise05,robust,1.0,2.3013,2.2661,4.5674
COCO,77,1024,gnoise10,robust,0.948242,2.3013,2.2656,4.567
COCO,77,1024,gblur3,robust,1.0,2.3013,2.2661,4.5674
COCO,77,1024,gblur5,robust,1.0,2.3013,2.2718,4.5731
COCO,77,1024,gblur7,robust,0.957031,2.3013,2.2701,4.5714
COCO,77,1024,mblur3,robust,1.0,2.3013,2.2636,4.5649
COCO,77,1024,mblur5,robust,1.0,2.3013,2.2735,4.5748
COCO,77,1024,mblur7,robust,0.972656,2.3013,2.2637,4.5651
COCO,78,1024,clean,robust,1.0,2.3096,2.2669,4.5765
COCO,78,1024,png,robust,1.0,2.3096,2.2742,4.5838
COCO,78,1024,jpeg90,robust,1.0,2.3096,2.2628,4.5724
COCO,78,1024,jpeg70,robust,1.0,2.3096,2.2662,4.5758
COCO,78,1024,jpeg50,robust,0.974609,2.3096,2.2616,4.5712
COCO,78,1024,resize0.5,robust,1.0,2.3096,2.2653,4.5749
COCO,78,1024,resize0.75,robust,1.0,2.3096,2.2754,4.585
COCO,78,1024,resize1.25,robust,1.0,2.3096,2.275,4.5846
COCO,78,1024,resize1.5,robust,1.0,2.3096,2.2655,4.5751
COCO,78,1024,gnoise01,robust,1.0,2.3096,2.2668,4.5764
COCO,78,1024,gnoise05,robust,0.960938,2.3096,2.2641,4.5737
COCO,78,1024,gnoise10,robust,0.908203,2.3096,2.2663,4.5759
COCO,78,1024,gblur3,robust,1.0,2.3096,2.279,4.5886
COCO,78,1024,gblur5,robust,0.980469,2.3096,2.2644,4.574
COCO,78,1024,gblur7,robust,0.926758,2.3096,2.2676,4.5772
COCO,78,1024,mblur3,robust,1.0,2.3096,2.2669,4.5765
COCO,78,1024,mblur5,robust,0.985352,2.3096,2.2719,4.5814
COCO,78,1024,mblur7,robust,0.947266,2.3096,2.2765,4.5861
COCO,79,1024,clean,robust,1.0,2.2973,2.2656,4.5629
COCO,79,1024,png,robust,1.0,2.2973,2.2648,4.5622
COCO,79,1024,jpeg90,robust,1.0,2.2973,2.2762,4.5735
COCO,79,1024,jpeg70,robust,0.977539,2.2973,2.2853,4.5827
COCO,79,1024,jpeg50,robust,0.961914,2.2973,2.2728,4.5701
COCO,79,1024,resize0.5,robust,1.0,2.2973,2.2833,4.5806
COCO,79,1024,resize0.75,robust,1.0,2.2973,2.2771,4.5745
COCO,79,1024,resize1.25,robust,1.0,2.2973,2.2659,4.5632
COCO,79,1024,resize1.5,robust,1.0,2.2973,2.273,4.5703
COCO,79,1024,gnoise01,robust,1.0,2.2973,2.2672,4.5646
COCO,79,1024,gnoise05,robust,0.935547,2.2973,2.2777,4.575
COCO,79,1024,gnoise10,robust,0.871094,2.2973,2.271,4.5683
COCO,79,1024,gblur3,robust,1.0,2.2973,2.2644,4.5617
COCO,79,1024,gblur5,robust,0.972656,2.2973,2.2683,4.5656
COCO,79,1024,gblur7,robust,0.899414,2.2973,2.2658,4.5632
COCO,79,1024,mblur3,robust,1.0,2.2973,2.276,4.5734
COCO,79,1024,mblur5,robust,0.987305,2.2973,2.2728,4.5701
COCO,79,1024,mblur7,robust,0.935547,2.2973,2.2661,4.5634
COCO,80,1024,clean,robust,1.0,2.2998,2.2652,4.5649
COCO,80,1024,png,robust,1.0,2.2998,2.2654,4.5651
COCO,80,1024,jpeg90,robust,1.0,2.2998,2.2695,4.5693
COCO,80,1024,jpeg70,robust,0.981445,2.2998,2.2743,4.5741
COCO,80,1024,jpeg50,robust,0.970703,2.2998,2.2629,4.5627
COCO,80,1024,resize0.5,robust,1.0,2.2998,2.2658,4.5656
COCO,80,1024,resize0.75,robust,1.0,2.2998,2.2673,4.567
COCO,80,1024,resize1.25,robust,1.0,2.2998,2.2691,4.5689
COCO,80,1024,resize1.5,robust,1.0,2.2998,2.2733,4.573
COCO,80,1024,gnoise01,robust,1.0,2.2998,2.2721,4.5719
COCO,80,1024,gnoise05,robust,0.93457,2.2998,2.2676,4.5674
COCO,80,1024,gnoise10,robust,0.856445,2.2998,2.2662,4.566
COCO,80,1024,gblur3,robust,1.0,2.2998,2.2678,4.5676
COCO,80,1024,gblur5,robust,0.973633,2.2998,2.2809,4.5806
COCO,80,1024,gblur7,robust,0.907227,2.2998,2.2781,4.5779
COCO,80,1024,mblur3,robust,1.0,2.2998,2.2648,4.5645
COCO,80,1024,mblur5,robust,0.984375,2.2998,2.2664,4.5662
COCO,80,1024,mblur7,robust,0.951172,2.2998,2.2666,4.5663
COCO,81,1024,clean,robust,1.0,2.2941,2.2702,4.5643
COCO,81,1024,png,robust,1.0,2.2941,2.2705,4.5646
COCO,81,1024,jpeg90,robust,1.0,2.2941,2.2675,4.5616
COCO,81,1024,jpeg70,robust,0.966797,2.2941,2.2682,4.5623
COCO,81,1024,jpeg50,robust,0.93457,2.2941,2.2672,4.5613
COCO,81,1024,resize0.5,robust,1.0,2.2941,2.266,4.5601
COCO,81,1024,resize0.75,robust,1.0,2.2941,2.2713,4.5655
COCO,81,1024,resize1.25,robust,1.0,2.2941,2.2676,4.5618
COCO,81,1024,resize1.5,robust,1.0,2.2941,2.2639,4.558
COCO,81,1024,gnoise01,robust,1.0,2.2941,2.265,4.5592
COCO,81,1024,gnoise05,robust,0.874023,2.2941,2.2649,4.559
COCO,81,1024,gnoise10,robust,0.768555,2.2941,2.2642,4.5583
COCO,81,1024,gblur3,robust,1.0,2.2941,2.2718,4.5659
COCO,81,1024,gblur5,robust,0.96582,2.2941,2.2671,4.5612
COCO,81,1024,gblur7,robust,0.898438,2.2941,2.2656,4.5597
COCO,81,1024,mblur3,robust,1.0,2.2941,2.2688,4.563
COCO,81,1024,mblur5,robust,0.984375,2.2941,2.2682,4.5623
COCO,81,1024,mblur7,robust,0.957031,2.2941,2.2747,4.5688
COCO,82,1024,clean,robust,1.0,2.2995,2.2685,4.568
COCO,82,1024,png,robust,1.0,2.2995,2.2649,4.5644
COCO,82,1024,jpeg90,robust,1.0,2.2995,2.2655,4.565
COCO,82,1024,jpeg70,robust,1.0,2.2995,2.2729,4.5724
COCO,82,1024,jpeg50,robust,1.0,2.2995,2.2748,4.5744
COCO,82,1024,resize0.5,robust,1.0,2.2995,2.2685,4.568
COCO,82,1024,resize0.75,robust,1.0,2.2995,2.2644,4.5639
COCO,82,1024,resize1.25,robust,1.0,2.2995,2.2636,4.5631
COCO,82,1024,resize1.5,robust,1.0,2.2995,2.2644,4.5639
COCO,82,1024,gnoise01,robust,1.0,2.2995,2.2649,4.5644
COCO,82,1024,gnoise05,robust,0.958008,2.2995,2.2691,4.5686
COCO,82,1024,gnoise10,robust,0.871094,2.2995,2.2665,4.5661
COCO,82,1024,gblur3,robust,1.0,2.2995,2.2642,4.5637
COCO,82,1024,gblur5,robust,1.0,2.2995,2.2713,4.5708
COCO,82,1024,gblur7,robust,0.944336,2.2995,2.2672,4.5668
COCO,82,1024,mblur3,robust,1.0,2.2995,2.2689,4.5684
COCO,82,1024,mblur5,robust,1.0,2.2995,2.2732,4.5728
COCO,82,1024,mblur7,robust,0.963867,2.2995,2.2688,4.5684
COCO,83,1024,clean,robust,1.0,2.305,2.2657,4.5706
COCO,83,1024,png,robust,1.0,2.305,2.2656,4.5706
COCO,83,1024,jpeg90,robust,1.0,2.305,2.2739,4.5789
COCO,83,1024,jpeg70,robust,1.0,2.305,2.2725,4.5775
COCO,83,1024,jpeg50,robust,0.97168,2.305,2.2658,4.5708
COCO,83,1024,resize0.5,robust,0.957031,2.305,2.2652,4.5702
COCO,83,1024,resize0.75,robust,1.0,2.305,2.2633,4.5682
COCO,83,1024,resize1.25,robust,1.0,2.305,2.2655,4.5705
COCO,83,1024,resize1.5,robust,1.0,2.305,2.2741,4.5791
COCO,83,1024,gnoise01,robust,1.0,2.305,2.2675,4.5725
COCO,83,1024,gnoise05,robust,0.981445,2.305,2.2675,4.5725
COCO,83,1024,gnoise10,robust,0.881836,2.305,2.2776,4.5826
COCO,83,1024,gblur3,robust,0.978516,2.305,2.2747,4.5797
COCO,83,1024,gblur5,robust,0.866211,2.305,2.2684,4.5734
COCO,83,1024,gblur7,robust,0.831055,2.305,2.2725,4.5775
COCO,83,1024,mblur3,robust,0.936523,2.305,2.2694,4.5744
COCO,83,1024,mblur5,robust,0.855469,2.305,2.2661,4.5711
COCO,83,1024,mblur7,robust,0.795898,2.305,2.2648,4.5698
COCO,84,1024,clean,robust,1.0,2.2959,2.2684,4.5643
COCO,84,1024,png,robust,1.0,2.2959,2.2695,4.5655
COCO,84,1024,jpeg90,robust,1.0,2.2959,2.2657,4.5616
COCO,84,1024,jpeg70,robust,0.960938,2.2959,2.2697,4.5656
COCO,84,1024,jpeg50,robust,0.922852,2.2959,2.2698,4.5657
COCO,84,1024,resize0.5,robust,1.0,2.2959,2.2681,4.5641
COCO,84,1024,resize0.75,robust,1.0,2.2959,2.2728,4.5687
COCO,84,1024,resize1.25,robust,1.0,2.2959,2.2674,4.5634
COCO,84,1024,resize1.5,robust,1.0,2.2959,2.2652,4.5612
COCO,84,1024,gnoise01,robust,1.0,2.2959,2.2725,4.5684
COCO,84,1024,gnoise05,robust,0.865234,2.2959,2.264,4.5599
COCO,84,1024,gnoise10,robust,0.805664,2.2959,2.2674,4.5634
COCO,84,1024,gblur3,robust,1.0,2.2959,2.2692,4.5651
COCO,84,1024,gblur5,robust,0.96875,2.2959,2.2653,4.5612
COCO,84,1024,gblur7,robust,0.895508,2.2959,2.2642,4.5602
COCO,84,1024,mblur3,robust,1.0,2.2959,2.2669,4.5628
COCO,84,1024,mblur5,robust,0.96875,2.2959,2.2677,4.5636
COCO,84,1024,mblur7,robust,0.910156,2.2959,2.274,4.57
COCO,85,1024,clean,robust,1.0,2.2934,2.2699,4.5634
COCO,85,1024,png,robust,1.0,2.2934,2.2708,4.5642
COCO,85,1024,jpeg90,robust,1.0,2.2934,2.2689,4.5623
COCO,85,1024,jpeg70,robust,1.0,2.2934,2.2684,4.5618
COCO,85,1024,jpeg50,robust,1.0,2.2934,2.2754,4.5688
COCO,85,1024,resize0.5,robust,1.0,2.2934,2.2708,4.5643
COCO,85,1024,resize0.75,robust,1.0,2.2934,2.2641,4.5576
COCO,85,1024,resize1.25,robust,1.0,2.2934,2.2652,4.5586
COCO,85,1024,resize1.5,robust,1.0,2.2934,2.2649,4.5583
COCO,85,1024,gnoise01,robust,1.0,2.2934,2.2657,4.5591
COCO,85,1024,gnoise05,robust,0.979492,2.2934,2.2685,4.5619
COCO,85,1024,gnoise10,robust,0.913086,2.2934,2.2668,4.5602
COCO,85,1024,gblur3,robust,1.0,2.2934,2.2666,4.5601
COCO,85,1024,gblur5,robust,1.0,2.2934,2.2652,4.5586
COCO,85,1024,gblur7,robust,0.94043,2.2934,2.2667,4.5601
COCO,85,1024,mblur3,robust,1.0,2.2934,2.2725,4.5659
COCO,85,1024,mblur5,robust,1.0,2.2934,2.271,4.5644
COCO,85,1024,mblur7,robust,0.985352,2.2934,2.2664,4.5598
COCO,86,1024,clean,robust,1.0,2.298,2.2671,4.5652
COCO,86,1024,png,robust,1.0,2.298,2.2654,4.5635
COCO,86,1024,jpeg90,robust,1.0,2.298,2.2694,4.5674
COCO,86,1024,jpeg70,robust,1.0,2.298,2.2694,4.5674
COCO,86,1024,jpeg50,robust,1.0,2.298,2.2664,4.5644
COCO,86,1024,resize0.5,robust,1.0,2.298,2.2678,4.5659
COCO,86,1024,resize0.75,robust,1.0,2.298,2.2684,4.5665
COCO,86,1024,resize1.25,robust,1.0,2.298,2.2663,4.5643
COCO,86,1024,resize1.5,robust,1.0,2.298,2.2725,4.5705
COCO,86,1024,gnoise01,robust,1.0,2.298,2.2769,4.575
COCO,86,1024,gnoise05,robust,0.980469,2.298,2.2647,4.5627
COCO,86,1024,gnoise10,robust,0.90918,2.298,2.2662,4.5643
COCO,86,1024,gblur3,robust,1.0,2.298,2.2634,4.5615
COCO,86,1024,gblur5,robust,1.0,2.298,2.2705,4.5685
COCO,86,1024,gblur7,robust,0.924805,2.298,2.2712,4.5693
COCO,86,1024,mblur3,robust,1.0,2.298,2.2628,4.5609
COCO,86,1024,mblur5,robust,1.0,2.298,2.2692,4.5672
COCO,86,1024,mblur7,robust,0.964844,2.298,2.2694,4.5674
COCO,87,1024,clean,robust,1.0,2.2937,2.267,4.5607
COCO,87,1024,png,robust,1.0,2.2937,2.2738,4.5675
COCO,87,1024,jpeg90,robust,1.0,2.2937,2.2677,4.5615
COCO,87,1024,jpeg70,robust,1.0,2.2937,2.2648,4.5585
COCO,87,1024,jpeg50,robust,1.0,2.2937,2.2666,4.5603
COCO,87,1024,resize0.5,robust,1.0,2.2937,2.2654,4.5591
COCO,87,1024,resize0.75,robust,1.0,2.2937,2.2702,4.5639
COCO,87,1024,resize1.25,robust,1.0,2.2937,2.2668,4.5606
COCO,87,1024,resize1.5,robust,1.0,2.2937,2.2687,4.5624
COCO,87,1024,gnoise01,robust,1.0,2.2937,2.2661,4.5598
COCO,87,1024,gnoise05,robust,0.982422,2.2937,2.2645,4.5582
COCO,87,1024,gnoise10,robust,0.941406,2.2937,2.2676,4.5613
COCO,87,1024,gblur3,robust,1.0,2.2937,2.2697,4.5634
COCO,87,1024,gblur5,robust,1.0,2.2937,2.2732,4.5669
COCO,87,1024,gblur7,robust,0.941406,2.2937,2.268,4.5617
COCO,87,1024,mblur3,robust,1.0,2.2937,2.2739,4.5676
COCO,87,1024,mblur5,robust,1.0,2.2937,2.2773,4.571
COCO,87,1024,mblur7,robust,0.957031,2.2937,2.2701,4.5638
COCO,88,1024,clean,robust,1.0,2.2987,2.2627,4.5614
COCO,88,1024,png,robust,1.0,2.2987,2.2681,4.5668
COCO,88,1024,jpeg90,robust,1.0,2.2987,2.2618,4.5606
COCO,88,1024,jpeg70,robust,1.0,2.2987,2.2648,4.5636
COCO,88,1024,jpeg50,robust,0.97168,2.2987,2.2692,4.5679
COCO,88,1024,resize0.5,robust,1.0,2.2987,2.2702,4.569
COCO,88,1024,resize0.75,robust,1.0,2.2987,2.2646,4.5633
COCO,88,1024,resize1.25,robust,1.0,2.2987,2.2641,4.5628
COCO,88,1024,resize1.5,robust,1.0,2.2987,2.2646,4.5633
COCO,88,1024,gnoise01,robust,1.0,2.2987,2.2668,4.5655
COCO,88,1024,gnoise05,robust,0.915039,2.2987,2.2701,4.5688
COCO,88,1024,gnoise10,robust,0.823242,2.2987,2.2647,4.5634
COCO,88,1024,gblur3,robust,1.0,2.2987,2.2627,4.5615
COCO,88,1024,gblur5,robust,1.0,2.2987,2.2653,4.564
COCO,88,1024,gblur7,robust,0.944336,2.2987,2.2637,4.5624
COCO,88,1024,mblur3,robust,1.0,2.2987,2.2673,4.566
COCO,88,1024,mblur5,robust,1.0,2.2987,2.2656,4.5643
COCO,88,1024,mblur7,robust,0.978516,2.2987,2.2666,4.5653
COCO,89,1024,clean,robust,1.0,2.3007,2.2669,4.5676
COCO,89,1024,png,robust,1.0,2.3007,2.2656,4.5663
COCO,89,1024,jpeg90,robust,1.0,2.3007,2.2693,4.57
COCO,89,1024,jpeg70,robust,0.973633,2.3007,2.2668,4.5674
COCO,89,1024,jpeg50,robust,0.953125,2.3007,2.2639,4.5646
COCO,89,1024,resize0.5,robust,1.0,2.3007,2.2643,4.565
COCO,89,1024,resize0.75,robust,1.0,2.3007,2.272,4.5726
COCO,89,1024,resize1.25,robust,1.0,2.3007,2.2653,4.566
COCO,89,1024,resize1.5,robust,1.0,2.3007,2.2696,4.5702
COCO,89,1024,gnoise01,robust,1.0,2.3007,2.2662,4.5669
COCO,89,1024,gnoise05,robust,0.939453,2.3007,2.2668,4.5675
COCO,89,1024,gnoise10,robust,0.870117,2.3007,2.2638,4.5645
COCO,89,1024,gblur3,robust,1.0,2.3007,2.2629,4.5636
COCO,89,1024,gblur5,robust,1.0,2.3007,2.2715,4.5721
COCO,89,1024,gblur7,robust,0.951172,2.3007,2.2705,4.5712
COCO,89,1024,mblur3,robust,1.0,2.3007,2.2676,4.5683
COCO,89,1024,mblur5,robust,1.0,2.3007,2.2705,4.5712
COCO,89,1024,mblur7,robust,0.953125,2.3007,2.2684,4.5691
COCO,90,1024,clean,robust,1.0,2.2993,2.2701,4.5693
COCO,90,1024,png,robust,1.0,2.2993,2.2687,4.5679
COCO,90,1024,jpeg90,robust,1.0,2.2993,2.2625,4.5618
COCO,90,1024,jpeg70,robust,1.0,2.2993,2.2637,4.563
COCO,90,1024,jpeg50,robust,1.0,2.2993,2.2643,4.5635
COCO,90,1024,resize0.5,robust,1.0,2.2993,2.264,4.5633
COCO,90,1024,resize0.75,robust,1.0,2.2993,2.2706,4.5699
COCO,90,1024,resize1.25,robust,1.0,2.2993,2.2636,4.5628
COCO,90,1024,resize1.5,robust,1.0,2.2993,2.2622,4.5615
COCO,90,1024,gnoise01,robust,1.0,2.2993,2.2628,4.5621
COCO,90,1024,gnoise05,robust,1.0,2.2993,2.2649,4.5641
COCO,90,1024,gnoise10,robust,0.979492,2.2993,2.279,4.5783
COCO,90,1024,gblur3,robust,1.0,2.2993,2.2758,4.5751
COCO,90,1024,gblur5,robust,1.0,2.2993,2.2764,4.5757
COCO,90,1024,gblur7,robust,0.945312,2.2993,2.2748,4.5741
COCO,90,1024,mblur3,robust,1.0,2.2993,2.2656,4.5649
COCO,90,1024,mblur5,robust,1.0,2.2993,2.2713,4.5705
COCO,90,1024,mblur7,robust,0.976562,2.2993,2.2698,4.569
COCO,91,1024,clean,robust,1.0,2.2986,2.2637,4.5624
COCO,91,1024,png,robust,1.0,2.2986,2.2643,4.5629
COCO,91,1024,jpeg90,robust,1.0,2.2986,2.2637,4.5623
COCO,91,1024,jpeg70,robust,0.94043,2.2986,2.2653,4.5639
COCO,91,1024,jpeg50,robust,0.887695,2.2986,2.2684,4.567
COCO,91,1024,resize0.5,robust,1.0,2.2986,2.2636,4.5622
COCO,91,1024,resize0.75,robust,1.0,2.2986,2.2696,4.5682
COCO,91,1024,resize1.25,robust,1.0,2.2986,2.2705,4.5691
COCO,91,1024,resize1.5,robust,1.0,2.2986,2.2662,4.5649
COCO,91,1024,gnoise01,robust,1.0,2.2986,2.2686,4.5672
COCO,91,1024,gnoise05,robust,0.839844,2.2986,2.2672,4.5659
COCO,91,1024,gnoise10,robust,0.708984,2.2986,2.2639,4.5626
COCO,91,1024,gblur3,robust,1.0,2.2986,2.2637,4.5624
COCO,91,1024,gblur5,robust,0.976562,2.2986,2.2643,4.5629
COCO,91,1024,gblur7,robust,0.910156,2.2986,2.2644,4.563
COCO,91,1024,mblur3,robust,1.0,2.2986,2.2703,4.5689
COCO,91,1024,mblur5,robust,0.967773,2.2986,2.2655,4.5641
COCO,91,1024,mblur7,robust,0.921875,2.2986,2.2715,4.5701
COCO,92,1024,clean,robust,1.0,2.2936,2.2645,4.558
COCO,92,1024,png,robust,1.0,2.2936,2.2653,4.5589
COCO,92,1024,jpeg90,robust,1.0,2.2936,2.2698,4.5634
COCO,92,1024,jpeg70,robust,1.0,2.2936,2.2732,4.5668
COCO,92,1024,jpeg50,robust,1.0,2.2936,2.2712,4.5647
COCO,92,1024,resize0.5,robust,1.0,2.2936,2.2638,4.5574
COCO,92,1024,resize0.75,robust,1.0,2.2936,2.2665,4.5601
COCO,92,1024,resize1.25,robust,1.0,2.2936,2.265,4.5586
COCO,92,1024,resize1.5,robust,1.0,2.2936,2.2707,4.5642
COCO,92,1024,gnoise01,robust,1.0,2.2936,2.2648,4.5584
COCO,92,1024,gnoise05,robust,0.954102,2.2936,2.263,4.5566
COCO,92,1024,gnoise10,robust,0.904297,2.2936,2.2654,4.559
COCO,92,1024,gblur3,robust,1.0,2.2936,2.2646,4.5582
COCO,92,1024,gblur5,robust,1.0,2.2936,2.272,4.5656
COCO,92,1024,gblur7,robust,0.928711,2.2936,2.2684,4.5619
COCO,92,1024,mblur3,robust,1.0,2.2936,2.2631,4.5567
COCO,92,1024,mblur5,robust,1.0,2.2936,2.2649,4.5584
COCO,92,1024,mblur7,robust,0.986328,2.2936,2.2676,4.5611
COCO,93,1024,clean,robust,1.0,2.2949,2.2696,4.5644
COCO,93,1024,png,robust,1.0,2.2949,2.2677,4.5626
COCO,93,1024,jpeg90,robust,1.0,2.2949,2.263,4.5579
COCO,93,1024,jpeg70,robust,1.0,2.2949,2.2646,4.5595
COCO,93,1024,jpeg50,robust,1.0,2.2949,2.2654,4.5602
COCO,93,1024,resize0.5,robust,1.0,2.2949,2.2672,4.5621
COCO,93,1024,resize0.75,robust,1.0,2.2949,2.2687,4.5636
COCO,93,1024,resize1.25,robust,1.0,2.2949,2.2637,4.5585
COCO,93,1024,resize1.5,robust,1.0,2.2949,2.2648,4.5597
COCO,93,1024,gnoise01,robust,1.0,2.2949,2.2656,4.5605
COCO,93,1024,gnoise05,robust,0.966797,2.2949,2.2651,4.5599
COCO,93,1024,gnoise10,robust,0.865234,2.2949,2.2762,4.571
COCO,93,1024,gblur3,robust,1.0,2.2949,2.2682,4.5631
COCO,93,1024,gblur5,robust,1.0,2.2949,2.2711,4.566
COCO,93,1024,gblur7,robust,0.946289,2.2949,2.2667,4.5616
COCO,93,1024,mblur3,robust,1.0,2.2949,2.2646,4.5595
COCO,93,1024,mblur5,robust,0.987305,2.2949,2.2681,4.5629
COCO,93,1024,mblur7,robust,0.926758,2.2949,2.2706,4.5655
COCO,94,1024,clean,robust,1.0,2.3052,2.2627,4.5679
COCO,94,1024,png,robust,1.0,2.3052,2.2631,4.5683
COCO,94,1024,jpeg90,robust,1.0,2.3052,2.2626,4.5678
COCO,94,1024,jpeg70,robust,1.0,2.3052,2.2653,4.5705
COCO,94,1024,jpeg50,robust,1.0,2.3052,2.2802,4.5854
COCO,94,1024,resize0.5,robust,1.0,2.3052,2.2697,4.5748
COCO,94,1024,resize0.75,robust,1.0,2.3052,2.2636,4.5688
COCO,94,1024,resize1.25,robust,1.0,2.3052,2.2642,4.5693
COCO,94,1024,resize1.5,robust,1.0,2.3052,2.2639,4.5691
COCO,94,1024,gnoise01,robust,1.0,2.3052,2.2696,4.5748
COCO,94,1024,gnoise05,robust,0.947266,2.3052,2.2706,4.5757
COCO,94,1024,gnoise10,robust,0.807617,2.3052,2.2657,4.5709
COCO,94,1024,gblur3,robust,1.0,2.3052,2.2641,4.5693
COCO,94,1024,gblur5,robust,0.976562,2.3052,2.2648,4.57
COCO,94,1024,gblur7,robust,0.932617,2.3052,2.2666,4.5718
COCO,94,1024,mblur3,robust,1.0,2.3052,2.2773,4.5825
COCO,94,1024,mblur5,robust,1.0,2.3052,2.2695,4.5747
COCO,94,1024,mblur7,robust,0.954102,2.3052,2.2652,4.5704
COCO,95,1024,clean,robust,1.0,2.2965,2.2656,4.5622
COCO,95,1024,png,robust,1.0,2.2965,2.2741,4.5706
COCO,95,1024,jpeg90,robust,1.0,2.2965,2.2695,4.566
COCO,95,1024,jpeg70,robust,1.0,2.2965,2.269,4.5656
COCO,95,1024,jpeg50,robust,0.983398,2.2965,2.266,4.5625
COCO,95,1024,resize0.5,robust,1.0,2.2965,2.2644,4.561
COCO,95,1024,resize0.75,robust,1.0,2.2965,2.2701,4.5666
COCO,95,1024,resize1.25,robust,1.0,2.2965,2.269,4.5656
COCO,95,1024,resize1.5,robust,1.0,2.2965,2.2658,4.5624
COCO,95,1024,gnoise01,robust,1.0,2.2965,2.2627,4.5592
COCO,95,1024,gnoise05,robust,0.928711,2.2965,2.2637,4.5603
COCO,95,1024,gnoise10,robust,0.837891,2.2965,2.2625,4.559
COCO,95,1024,gblur3,robust,1.0,2.2965,2.2649,4.5614
COCO,95,1024,gblur5,robust,0.982422,2.2965,2.2703,4.5668
COCO,95,1024,gblur7,robust,0.925781,2.2965,2.2663,4.5628
COCO,95,1024,mblur3,robust,1.0,2.2965,2.2686,4.5651
COCO,95,1024,mblur5,robust,0.969727,2.2965,2.2643,4.5608
COCO,95,1024,mblur7,robust,0.90332,2.2965,2.2647,4.5612
COCO,96,1024,clean,robust,1.0,2.2968,2.2753,4.5721
COCO,96,1024,png,robust,1.0,2.2968,2.2694,4.5662
COCO,96,1024,jpeg90,robust,1.0,2.2968,2.2671,4.5639
COCO,96,1024,jpeg70,robust,0.980469,2.2968,2.2638,4.5606
COCO,96,1024,jpeg50,robust,0.967773,2.2968,2.2632,4.56
COCO,96,1024,resize0.5,robust,1.0,2.2968,2.2664,4.5632
COCO,96,1024,resize0.75,robust,1.0,2.2968,2.2703,4.5671
COCO,96,1024,resize1.25,robust,1.0,2.2968,2.2651,4.5619
COCO,96,1024,resize1.5,robust,1.0,2.2968,2.2696,4.5665
COCO,96,1024,gnoise01,robust,1.0,2.2968,2.271,4.5678
COCO,96,1024,gnoise05,robust,0.930664,2.2968,2.2657,4.5626
COCO,96,1024,gnoise10,robust,0.894531,2.2968,2.2745,4.5713
COCO,96,1024,gblur3,robust,1.0,2.2968,2.2662,4.563
COCO,96,1024,gblur5,robust,0.983398,2.2968,2.2649,4.5617
COCO,96,1024,gblur7,robust,0.916992,2.2968,2.2658,4.5626
COCO,96,1024,mblur3,robust,1.0,2.2968,2.2702,4.567
COCO,96,1024,mblur5,robust,0.985352,2.2968,2.2763,4.5731
COCO,96,1024,mblur7,robust,0.961914,2.2968,2.2673,4.5641
COCO,97,1024,clean,robust,1.0,2.2961,2.2656,4.5617
COCO,97,1024,png,robust,1.0,2.2961,2.2651,4.5612
COCO,97,1024,jpeg90,robust,1.0,2.2961,2.2679,4.564
COCO,97,1024,jpeg70,robust,1.0,2.2961,2.2671,4.5632
COCO,97,1024,jpeg50,robust,1.0,2.2961,2.2702,4.5663
COCO,97,1024,resize0.5,robust,1.0,2.2961,2.2639,4.56
COCO,97,1024,resize0.75,robust,1.0,2.2961,2.2683,4.5643
COCO,97,1024,resize1.25,robust,1.0,2.2961,2.265,4.5611
COCO,97,1024,resize1.5,robust,1.0,2.2961,2.2637,4.5598
COCO,97,1024,gnoise01,robust,1.0,2.2961,2.2698,4.5659
COCO,97,1024,gnoise05,robust,0.975586,2.2961,2.2687,4.5648
COCO,97,1024,gnoise10,robust,0.911133,2.2961,2.2675,4.5636
COCO,97,1024,gblur3,robust,1.0,2.2961,2.2683,4.5644
COCO,97,1024,gblur5,robust,1.0,2.2961,2.268,4.564
COCO,97,1024,gblur7,robust,0.931641,2.2961,2.2712,4.5673
COCO,97,1024,mblur3,robust,1.0,2.2961,2.2723,4.5684
COCO,97,1024,mblur5,robust,1.0,2.2961,2.2759,4.572
COCO,97,1024,mblur7,robust,1.0,2.2961,2.2733,4.5694
COCO,98,1024,clean,robust,1.0,2.296,2.2671,4.5631
COCO,98,1024,png,robust,1.0,2.296,2.2713,4.5673
COCO,98,1024,jpeg90,robust,1.0,2.296,2.2704,4.5663
COCO,98,1024,jpeg70,robust,0.986328,2.296,2.2736,4.5695
COCO,98,1024,jpeg50,robust,0.957031,2.296,2.2676,4.5636
COCO,98,1024,resize0.5,robust,1.0,2.296,2.2683,4.5643
COCO,98,1024,resize0.75,robust,1.0,2.296,2.2728,4.5688
COCO,98,1024,resize1.25,robust,1.0,2.296,2.2708,4.5667
COCO,98,1024,resize1.5,robust,1.0,2.296,2.2705,4.5665
COCO,98,1024,gnoise01,robust,1.0,2.296,2.2669,4.5629
COCO,98,1024,gnoise05,robust,0.895508,2.296,2.2695,4.5655
COCO,98,1024,gnoise10,robust,0.801758,2.296,2.2649,4.5608
COCO,98,1024,gblur3,robust,1.0,2.296,2.2687,4.5646
COCO,98,1024,gblur5,robust,0.972656,2.296,2.2689,4.5649
COCO,98,1024,gblur7,robust,0.925781,2.296,2.2642,4.5602
COCO,98,1024,mblur3,robust,1.0,2.296,2.2659,4.5619
COCO,98,1024,mblur5,robust,1.0,2.296,2.2666,4.5625
COCO,98,1024,mblur7,robust,0.94043,2.296,2.2691,4.5651
COCO,99,1024,clean,robust,1.0,2.2989,2.271,4.5699
COCO,99,1024,png,robust,1.0,2.2989,2.2678,4.5667
COCO,99,1024,jpeg90,robust,1.0,2.2989,2.2652,4.5641
COCO,99,1024,jpeg70,robust,1.0,2.2989,2.2707,4.5697
COCO,99,1024,jpeg50,robust,1.0,2.2989,2.2679,4.5668
COCO,99,1024,resize0.5,robust,1.0,2.2989,2.2721,4.5711
COCO,99,1024,resize0.75,robust,1.0,2.2989,2.2764,4.5753
COCO,99,1024,resize1.25,robust,1.0,2.2989,2.2664,4.5654
COCO,99,1024,resize1.5,robust,1.0,2.2989,2.2649,4.5638
COCO,99,1024,gnoise01,robust,1.0,2.2989,2.2655,4.5645
COCO,99,1024,gnoise05,robust,0.959961,2.2989,2.2689,4.5678
COCO,99,1024,gnoise10,robust,0.828125,2.2989,2.2683,4.5672
COCO,99,1024,gblur3,robust,1.0,2.2989,2.2656,4.5646
COCO,99,1024,gblur5,robust,0.982422,2.2989,2.2659,4.5648
COCO,99,1024,gblur7,robust,0.917969,2.2989,2.2721,4.5711
COCO,99,1024,mblur3,robust,1.0,2.2989,2.2703,4.5692
COCO,99,1024,mblur5,robust,1.0,2.2989,2.2801,4.579
COCO,99,1024,mblur7,robust,0.955078,2.2989,2.2706,4.5695
COCO,0,2048,clean,robust,1.0,2.2988,2.2732,4.572
COCO,0,2048,png,robust,1.0,2.2988,2.269,4.5679
COCO,0,2048,jpeg90,robust,1.0,2.2988,2.2677,4.5665
COCO,0,2048,jpeg70,robust,0.89209,2.2988,2.2686,4.5674
COCO,0,2048,jpeg50,robust,0.848145,2.2988,2.2786,4.5775
COCO,0,2048,resize0.5,robust,1.0,2.2988,2.2711,4.5699
COCO,0,2048,resize0.75,robust,1.0,2.2988,2.2681,4.5669
COCO,0,2048,resize1.25,robust,1.0,2.2988,2.272,4.5708
COCO,0,2048,resize1.5,robust,1.0,2.2988,2.2676,4.5664
COCO,0,2048,gnoise01,robust,1.0,2.2988,2.2749,4.5738
COCO,0,2048,gnoise05,robust,0.84082,2.2988,2.2692,4.5681
COCO,0,2048,gnoise10,robust,0.79834,2.2988,2.2687,4.5675
COCO,0,2048,gblur3,robust,1.0,2.2988,2.2709,4.5697
COCO,0,2048,gblur5,robust,0.916992,2.2988,2.2704,4.5692
COCO,0,2048,gblur7,robust,0.842285,2.2988,2.2748,4.5736
COCO,0,2048,mblur3,robust,1.0,2.2988,2.2706,4.5694
COCO,0,2048,mblur5,robust,0.925293,2.2988,2.2644,4.5632
COCO,0,2048,mblur7,robust,0.879883,2.2988,2.2659,4.5647
COCO,1,2048,clean,robust,1.0,2.2949,2.264,4.5589
COCO,1,2048,png,robust,1.0,2.2949,2.2684,4.5633
COCO,1,2048,jpeg90,robust,1.0,2.2949,2.2688,4.5638
COCO,1,2048,jpeg70,robust,1.0,2.2949,2.2656,4.5606
COCO,1,2048,jpeg50,robust,1.0,2.2949,2.271,4.5659
COCO,1,2048,resize0.5,robust,1.0,2.2949,2.2663,4.5612
COCO,1,2048,resize0.75,robust,1.0,2.2949,2.2689,4.5638
COCO,1,2048,resize1.25,robust,1.0,2.2949,2.271,4.566
COCO,1,2048,resize1.5,robust,1.0,2.2949,2.269,4.5639
COCO,1,2048,gnoise01,robust,1.0,2.2949,2.2658,4.5607
COCO,1,2048,gnoise05,robust,1.0,2.2949,2.269,4.5639
COCO,1,2048,gnoise10,robust,0.924805,2.2949,2.2682,4.5632
COCO,1,2048,gblur3,robust,1.0,2.2949,2.2688,4.5637
COCO,1,2048,gblur5,robust,1.0,2.2949,2.2739,4.5688
COCO,1,2048,gblur7,robust,0.884277,2.2949,2.2663,4.5612
COCO,1,2048,mblur3,robust,1.0,2.2949,2.2657,4.5606
COCO,1,2048,mblur5,robust,1.0,2.2949,2.2678,4.5627
COCO,1,2048,mblur7,robust,0.922852,2.2949,2.2695,4.5645
COCO,2,2048,clean,robust,1.0,2.2955,2.2699,4.5654
COCO,2,2048,png,robust,1.0,2.2955,2.2662,4.5618
COCO,2,2048,jpeg90,robust,1.0,2.2955,2.2684,4.5639
COCO,2,2048,jpeg70,robust,1.0,2.2955,2.2723,4.5678
COCO,2,2048,jpeg50,robust,1.0,2.2955,2.2731,4.5686
COCO,2,2048,resize0.5,robust,1.0,2.2955,2.2739,4.5694
COCO,2,2048,resize0.75,robust,1.0,2.2955,2.2713,4.5668
COCO,2,2048,resize1.25,robust,1.0,2.2955,2.2685,4.5641
COCO,2,2048,resize1.5,robust,1.0,2.2955,2.2653,4.5608
COCO,2,2048,gnoise01,robust,1.0,2.2955,2.2663,4.5618
COCO,2,2048,gnoise05,robust,0.893066,2.2955,2.2682,4.5637
COCO,2,2048,gnoise10,robust,0.83252,2.2955,2.2726,4.5681
COCO,2,2048,gblur3,robust,1.0,2.2955,2.2694,4.5649
COCO,2,2048,gblur5,robust,0.92334,2.2955,2.2691,4.5646
COCO,2,2048,gblur7,robust,0.854492,2.2955,2.2698,4.5653
COCO,2,2048,mblur3,robust,1.0,2.2955,2.269,4.5645
COCO,2,2048,mblur5,robust,1.0,2.2955,2.2741,4.5696
COCO,2,2048,mblur7,robust,0.895508,2.2955,2.2676,4.5631
COCO,3,2048,clean,robust,1.0,2.2972,2.2673,4.5645
COCO,3,2048,png,robust,1.0,2.2972,2.2668,4.564
COCO,3,2048,jpeg90,robust,0.924316,2.2972,2.267,4.5642
COCO,3,2048,jpeg70,robust,0.880371,2.2972,2.2735,4.5707
COCO,3,2048,jpeg50,robust,0.842285,2.2972,2.2698,4.567
COCO,3,2048,resize0.5,robust,0.91748,2.2972,2.2694,4.5665
COCO,3,2048,resize0.75,robust,1.0,2.2972,2.2684,4.5656
COCO,3,2048,resize1.25,robust,1.0,2.2972,2.2695,4.5667
COCO,3,2048,resize1.5,robust,1.0,2.2972,2.2703,4.5674
COCO,3,2048,gnoise01,robust,0.917969,2.2972,2.2714,4.5685
COCO,3,2048,gnoise05,robust,0.801758,2.2972,2.2692,4.5664
COCO,3,2048,gnoise10,robust,0.722168,2.2972,2.2727,4.5699
COCO,3,2048,gblur3,robust,1.0,2.2972,2.2711,4.5682
COCO,3,2048,gblur5,robust,0.895508,2.2972,2.2669,4.564
COCO,3,2048,gblur7,robust,0.836914,2.2972,2.2719,4.5691
COCO,3,2048,mblur3,robust,1.0,2.2972,2.2722,4.5693
COCO,3,2048,mblur5,robust,0.911133,2.2972,2.2678,4.565
COCO,3,2048,mblur7,robust,0.884277,2.2972,2.2683,4.5655
COCO,4,2048,clean,robust,1.0,2.3064,2.2681,4.5744
COCO,4,2048,png,robust,1.0,2.3064,2.2729,4.5792
COCO,4,2048,jpeg90,robust,0.924316,2.3064,2.2728,4.5792
COCO,4,2048,jpeg70,robust,0.881348,2.3064,2.2712,4.5775
COCO,4,2048,jpeg50,robust,0.834473,2.3064,2.2687,4.575
COCO,4,2048,resize0.5,robust,1.0,2.3064,2.2724,4.5788
COCO,4,2048,resize0.75,robust,1.0,2.3064,2.2665,4.5728
COCO,4,2048,resize1.25,robust,1.0,2.3064,2.2713,4.5777
COCO,4,2048,resize1.5,robust,1.0,2.3064,2.2664,4.5728
COCO,4,2048,gnoise01,robust,0.914551,2.3064,2.2647,4.571
COCO,4,2048,gnoise05,robust,0.799316,2.3064,2.265,4.5713
COCO,4,2048,gnoise10,robust,0.705566,2.3064,2.2648,4.5711
COCO,4,2048,gblur3,robust,1.0,2.3064,2.2694,4.5758
COCO,4,2048,gblur5,robust,0.908203,2.3064,2.2718,4.5781
COCO,4,2048,gblur7,robust,0.837402,2.3064,2.268,4.5744
COCO,4,2048,mblur3,robust,1.0,2.3064,2.2704,4.5768
COCO,4,2048,mblur5,robust,0.919922,2.3064,2.2734,4.5798
COCO,4,2048,mblur7,robust,0.890625,2.3064,2.2755,4.5819
COCO,5,2048,clean,robust,1.0,2.3087,2.2778,4.5865
COCO,5,2048,png,robust,1.0,2.3087,2.2768,4.5856
COCO,5,2048,jpeg90,robust,1.0,2.3087,2.2811,4.5898
COCO,5,2048,jpeg70,robust,0.887695,2.3087,2.2694,4.5782
COCO,5,2048,jpeg50,robust,0.835449,2.3087,2.2666,4.5753
COCO,5,2048,resize0.5,robust,1.0,2.3087,2.2715,4.5803
COCO,5,2048,resize0.75,robust,1.0,2.3087,2.2699,4.5786
COCO,5,2048,resize1.25,robust,1.0,2.3087,2.265,4.5738
COCO,5,2048,resize1.5,robust,1.0,2.3087,2.2647,4.5734
COCO,5,2048,gnoise01,robust,0.915039,2.3087,2.2686,4.5773
COCO,5,2048,gnoise05,robust,0.769531,2.3087,2.2701,4.5788
COCO,5,2048,gnoise10,robust,0.692871,2.3087,2.2759,4.5847
COCO,5,2048,gblur3,robust,1.0,2.3087,2.2689,4.5776
COCO,5,2048,gblur5,robust,0.913086,2.3087,2.2681,4.5769
COCO,5,2048,gblur7,robust,0.854492,2.3087,2.269,4.5777
COCO,5,2048,mblur3,robust,1.0,2.3087,2.2684,4.5771
COCO,5,2048,mblur5,robust,1.0,2.3087,2.2747,4.5834
COCO,5,2048,mblur7,robust,0.899414,2.3087,2.2672,4.576
COCO,6,2048,clean,robust,1.0,2.2966,2.2663,4.5629
COCO,6,2048,png,robust,1.0,2.2966,2.2659,4.5625
COCO,6,2048,jpeg90,robust,1.0,2.2966,2.2692,4.5658
COCO,6,2048,jpeg70,robust,0.926758,2.2966,2.2693,4.5659
COCO,6,2048,jpeg50,robust,0.910156,2.2966,2.2695,4.5661
COCO,6,2048,resize0.5,robust,1.0,2.2966,2.2687,4.5653
COCO,6,2048,resize0.75,robust,1.0,2.2966,2.2707,4.5673
COCO,6,2048,resize1.25,robust,1.0,2.2966,2.2686,4.5652
COCO,6,2048,resize1.5,robust,1.0,2.2966,2.2722,4.5688
COCO,6,2048,gnoise01,robust,1.0,2.2966,2.2801,4.5767
COCO,6,2048,gnoise05,robust,0.884277,2.2966,2.2702,4.5668
COCO,6,2048,gnoise10,robust,0.823242,2.2966,2.2671,4.5637
COCO,6,2048,gblur3,robust,1.0,2.2966,2.2691,4.5657
COCO,6,2048,gblur5,robust,0.915039,2.2966,2.2695,4.5661
COCO,6,2048,gblur7,robust,0.859375,2.2966,2.2716,4.5682
COCO,6,2048,mblur3,robust,1.0,2.2966,2.2722,4.5688
COCO,6,2048,mblur5,robust,1.0,2.2966,2.2687,4.5653
COCO,6,2048,mblur7,robust,0.90918,2.2966,2.2691,4.5657
COCO,7,2048,clean,robust,1.0,2.2953,2.2684,4.5637
COCO,7,2048,png,robust,1.0,2.2953,2.2728,4.5682
COCO,7,2048,jpeg90,robust,1.0,2.2953,2.2773,4.5726
COCO,7,2048,jpeg70,robust,0.912109,2.2953,2.2694,4.5648
COCO,7,2048,jpeg50,robust,0.864258,2.2953,2.2656,4.5609
COCO,7,2048,resize0.5,robust,1.0,2.2953,2.2677,4.563
COCO,7,2048,resize0.75,robust,1.0,2.2953,2.2653,4.5606
COCO,7,2048,resize1.25,robust,1.0,2.2953,2.27,4.5653
COCO,7,2048,resize1.5,robust,1.0,2.2953,2.2669,4.5623
COCO,7,2048,gnoise01,robust,1.0,2.2953,2.2664,4.5617
COCO,7,2048,gnoise05,robust,0.76416,2.2953,2.2653,4.5607
COCO,7,2048,gnoise10,robust,0.678223,2.2953,2.2638,4.5591
COCO,7,2048,gblur3,robust,1.0,2.2953,2.2701,4.5654
COCO,7,2048,gblur5,robust,0.916016,2.2953,2.2697,4.565
COCO,7,2048,gblur7,robust,0.868652,2.2953,2.2671,4.5624
COCO,7,2048,mblur3,robust,1.0,2.2953,2.2675,4.5628
COCO,7,2048,mblur5,robust,0.921387,2.2953,2.2704,4.5657
COCO,7,2048,mblur7,robust,0.871582,2.2953,2.2717,4.567
COCO,8,2048,clean,robust,1.0,2.2965,2.2713,4.5679
COCO,8,2048,png,robust,1.0,2.2965,2.2646,4.5611
COCO,8,2048,jpeg90,robust,1.0,2.2965,2.2637,4.5602
COCO,8,2048,jpeg70,robust,1.0,2.2965,2.2682,4.5647
COCO,8,2048,jpeg50,robust,1.0,2.2965,2.2666,4.5632
COCO,8,2048,resize0.5,robust,1.0,2.2965,2.2692,4.5658
COCO,8,2048,resize0.75,robust,1.0,2.2965,2.267,4.5636
COCO,8,2048,resize1.25,robust,1.0,2.2965,2.266,4.5625
COCO,8,2048,resize1.5,robust,1.0,2.2965,2.2679,4.5645
COCO,8,2048,gnoise01,robust,1.0,2.2965,2.2656,4.5621
COCO,8,2048,gnoise05,robust,0.917969,2.2965,2.2714,4.5679
COCO,8,2048,gnoise10,robust,0.848633,2.2965,2.2705,4.567
COCO,8,2048,gblur3,robust,1.0,2.2965,2.2687,4.5652
COCO,8,2048,gblur5,robust,0.915039,2.2965,2.2668,4.5634
COCO,8,2048,gblur7,robust,0.859863,2.2965,2.264,4.5606
COCO,8,2048,mblur3,robust,1.0,2.2965,2.2655,4.5621
COCO,8,2048,mblur5,robust,1.0,2.2965,2.2717,4.5683
COCO,8,2048,mblur7,robust,0.896484,2.2965,2.2683,4.5649
COCO,9,2048,clean,robust,1.0,2.2985,2.2677,4.5662
COCO,9,2048,png,robust,1.0,2.2985,2.2653,4.5638
COCO,9,2048,jpeg90,robust,1.0,2.2985,2.2653,4.5638
COCO,9,2048,jpeg70,robust,0.930176,2.2985,2.2709,4.5694
COCO,9,2048,jpeg50,robust,0.913086,2.2985,2.2668,4.5653
COCO,9,2048,resize0.5,robust,0.927734,2.2985,2.2727,4.5712
COCO,9,2048,resize0.75,robust,1.0,2.2985,2.2706,4.5691
COCO,9,2048,resize1.25,robust,1.0,2.2985,2.274,4.5725
COCO,9,2048,resize1.5,robust,1.0,2.2985,2.2713,4.5698
COCO,9,2048,gnoise01,robust,1.0,2.2985,2.271,4.5695
COCO,9,2048,gnoise05,robust,0.86377,2.2985,2.2633,4.5618
COCO,9,2048,gnoise10,robust,0.735352,2.2985,2.2628,4.5613
COCO,9,2048,gblur3,robust,1.0,2.2985,2.2656,4.5641
COCO,9,2048,gblur5,robust,0.871094,2.2985,2.2634,4.5619
COCO,9,2048,gblur7,robust,0.825684,2.2985,2.27,4.5685
COCO,9,2048,mblur3,robust,0.933594,2.2985,2.2672,4.5657
COCO,9,2048,mblur5,robust,0.868164,2.2985,2.2656,4.5641
COCO,9,2048,mblur7,robust,0.818359,2.2985,2.2692,4.5677
COCO,10,2048,clean,robust,1.0,2.3012,2.2683,4.5695
COCO,10,2048,png,robust,1.0,2.3012,2.2746,4.5758
COCO,10,2048,jpeg90,robust,0.922852,2.3012,2.2661,4.5673
COCO,10,2048,jpeg70,robust,0.866211,2.3012,2.2659,4.5671
COCO,10,2048,jpeg50,robust,0.785645,2.3012,2.2661,4.5673
COCO,10,2048,resize0.5,robust,1.0,2.3012,2.2677,4.5689
COCO,10,2048,resize0.75,robust,1.0,2.3012,2.2673,4.5685
COCO,10,2048,resize1.25,robust,1.0,2.3012,2.2701,4.5713
COCO,10,2048,resize1.5,robust,1.0,2.3012,2.2652,4.5664
COCO,10,2048,gnoise01,robust,0.899414,2.3012,2.2638,4.565
COCO,10,2048,gnoise05,robust,0.691406,2.3012,2.2652,4.5664
COCO,10,2048,gnoise10,robust,0.635254,2.3012,2.2669,4.5681
COCO,10,2048,gblur3,robust,1.0,2.3012,2.2715,4.5727
COCO,10,2048,gblur5,robust,0.909668,2.3012,2.2709,4.5721
COCO,10,2048,gblur7,robust,0.864746,2.3012,2.2754,4.5766
COCO,10,2048,mblur3,robust,1.0,2.3012,2.2701,4.5713
COCO,10,2048,mblur5,robust,0.92041,2.3012,2.2692,4.5704
COCO,10,2048,mblur7,robust,0.862793,2.3012,2.2694,4.5706
COCO,11,2048,clean,robust,1.0,2.2965,2.2678,4.5644
COCO,11,2048,png,robust,1.0,2.2965,2.267,4.5635
COCO,11,2048,jpeg90,robust,1.0,2.2965,2.2703,4.5668
COCO,11,2048,jpeg70,robust,1.0,2.2965,2.2639,4.5604
COCO,11,2048,jpeg50,robust,1.0,2.2965,2.2647,4.5613
COCO,11,2048,resize0.5,robust,1.0,2.2965,2.275,4.5715
COCO,11,2048,resize0.75,robust,1.0,2.2965,2.2704,4.5669
COCO,11,2048,resize1.25,robust,1.0,2.2965,2.2636,4.5601
COCO,11,2048,resize1.5,robust,1.0,2.2965,2.2696,4.5662
COCO,11,2048,gnoise01,robust,1.0,2.2965,2.266,4.5625
COCO,11,2048,gnoise05,robust,0.932617,2.2965,2.2703,4.5669
COCO,11,2048,gnoise10,robust,0.896973,2.2965,2.2693,4.5658
COCO,11,2048,gblur3,robust,1.0,2.2965,2.2654,4.5619
COCO,11,2048,gblur5,robust,1.0,2.2965,2.2691,4.5656
COCO,11,2048,gblur7,robust,0.897949,2.2965,2.2685,4.565
COCO,11,2048,mblur3,robust,1.0,2.2965,2.2732,4.5697
COCO,11,2048,mblur5,robust,1.0,2.2965,2.276,4.5725
COCO,11,2048,mblur7,robust,0.919434,2.2965,2.2663,4.5629
COCO,12,2048,clean,robust,1.0,2.2929,2.2642,4.5571
COCO,12,2048,png,robust,1.0,2.2929,2.2669,4.5598
COCO,12,2048,jpeg90,robust,1.0,2.2929,2.2651,4.558
COCO,12,2048,jpeg70,robust,1.0,2.2929,2.2771,4.57
COCO,12,2048,jpeg50,robust,1.0,2.2929,2.2692,4.562
COCO,12,2048,resize0.5,robust,1.0,2.2929,2.2643,4.5572
COCO,12,2048,resize0.75,robust,1.0,2.2929,2.2653,4.5582
COCO,12,2048,resize1.25,robust,1.0,2.2929,2.2675,4.5604
COCO,12,2048,resize1.5,robust,1.0,2.2929,2.266,4.5589
COCO,12,2048,gnoise01,robust,1.0,2.2929,2.2708,4.5637
COCO,12,2048,gnoise05,robust,1.0,2.2929,2.267,4.5599
COCO,12,2048,gnoise10,robust,0.921875,2.2929,2.2667,4.5596
COCO,12,2048,gblur3,robust,1.0,2.2929,2.2644,4.5573
COCO,12,2048,gblur5,robust,1.0,2.2929,2.2663,4.5592
COCO,12,2048,gblur7,robust,0.899902,2.2929,2.2713,4.5642
COCO,12,2048,mblur3,robust,1.0,2.2929,2.2674,4.5603
COCO,12,2048,mblur5,robust,1.0,2.2929,2.2675,4.5604
COCO,12,2048,mblur7,robust,0.919922,2.2929,2.2681,4.5609
COCO,13,2048,clean,robust,1.0,2.2946,2.2672,4.5618
COCO,13,2048,png,robust,1.0,2.2946,2.2699,4.5645
COCO,13,2048,jpeg90,robust,1.0,2.2946,2.2669,4.5615
COCO,13,2048,jpeg70,robust,0.935059,2.2946,2.2653,4.5598
COCO,13,2048,jpeg50,robust,0.911621,2.2946,2.2636,4.5582
COCO,13,2048,resize0.5,robust,1.0,2.2946,2.2666,4.5612
COCO,13,2048,resize0.75,robust,1.0,2.2946,2.27,4.5646
COCO,13,2048,resize1.25,robust,1.0,2.2946,2.2697,4.5642
COCO,13,2048,resize1.5,robust,1.0,2.2946,2.2663,4.5609
COCO,13,2048,gnoise01,robust,1.0,2.2946,2.2672,4.5618
COCO,13,2048,gnoise05,robust,0.865234,2.2946,2.265,4.5595
COCO,13,2048,gnoise10,robust,0.778809,2.2946,2.2703,4.5649
COCO,13,2048,gblur3,robust,1.0,2.2946,2.2763,4.5709
COCO,13,2048,gblur5,robust,0.901367,2.2946,2.2673,4.5619
COCO,13,2048,gblur7,robust,0.818359,2.2946,2.2657,4.5603
COCO,13,2048,mblur3,robust,1.0,2.2946,2.2677,4.5623
COCO,13,2048,mblur5,robust,0.909668,2.2946,2.2658,4.5604
COCO,13,2048,mblur7,robust,0.853516,2.2946,2.2697,4.5643
COCO,14,2048,clean,robust,1.0,2.2935,2.2678,4.5613
COCO,14,2048,png,robust,1.0,2.2935,2.2683,4.5618
COCO,14,2048,jpeg90,robust,0.917969,2.2935,2.2694,4.5629
COCO,14,2048,jpeg70,robust,0.844727,2.2935,2.2733,4.5668
COCO,14,2048,jpeg50,robust,0.759766,2.2935,2.2708,4.5643
COCO,14,2048,resize0.5,robust,1.0,2.2935,2.2772,4.5706
COCO,14,2048,resize0.75,robust,1.0,2.2935,2.2657,4.5592
COCO,14,2048,resize1.25,robust,1.0,2.2935,2.269,4.5624
COCO,14,2048,resize1.5,robust,1.0,2.2935,2.2738,4.5672
COCO,14,2048,gnoise01,robust,0.884766,2.2935,2.2656,4.5591
COCO,14,2048,gnoise05,robust,0.70166,2.2935,2.2713,4.5648
COCO,14,2048,gnoise10,robust,0.62207,2.2935,2.2703,4.5638
COCO,14,2048,gblur3,robust,1.0,2.2935,2.2718,4.5652
COCO,14,2048,gblur5,robust,0.909668,2.2935,2.2654,4.5589
COCO,14,2048,gblur7,robust,0.86084,2.2935,2.2719,4.5654
COCO,14,2048,mblur3,robust,1.0,2.2935,2.2729,4.5664
COCO,14,2048,mblur5,robust,0.918945,2.2935,2.2748,4.5682
COCO,14,2048,mblur7,robust,0.869629,2.2935,2.2693,4.5628
COCO,15,2048,clean,robust,1.0,2.2979,2.2722,4.5702
COCO,15,2048,png,robust,1.0,2.2979,2.2718,4.5697
COCO,15,2048,jpeg90,robust,1.0,2.2979,2.2652,4.5631
COCO,15,2048,jpeg70,robust,1.0,2.2979,2.2701,4.5681
COCO,15,2048,jpeg50,robust,1.0,2.2979,2.2671,4.5651
COCO,15,2048,resize0.5,robust,1.0,2.2979,2.2651,4.563
COCO,15,2048,resize0.75,robust,1.0,2.2979,2.2644,4.5623
COCO,15,2048,resize1.25,robust,1.0,2.2979,2.264,4.5619
COCO,15,2048,resize1.5,robust,1.0,2.2979,2.2692,4.5671
COCO,15,2048,gnoise01,robust,1.0,2.2979,2.271,4.5689
COCO,15,2048,gnoise05,robust,1.0,2.2979,2.2675,4.5654
COCO,15,2048,gnoise10,robust,0.916504,2.2979,2.2662,4.5641
COCO,15,2048,gblur3,robust,1.0,2.2979,2.2679,4.5658
COCO,15,2048,gblur5,robust,0.924805,2.2979,2.2703,4.5683
COCO,15,2048,gblur7,robust,0.869141,2.2979,2.2754,4.5733
COCO,15,2048,mblur3,robust,1.0,2.2979,2.2669,4.5648
COCO,15,2048,mblur5,robust,1.0,2.2979,2.2682,4.5662
COCO,15,2048,mblur7,robust,0.904297,2.2979,2.2651,4.563
COCO,16,2048,clean,robust,1.0,2.301,2.2637,4.5647
COCO,16,2048,png,robust,1.0,2.301,2.2728,4.5738
COCO,16,2048,jpeg90,robust,1.0,2.301,2.265,4.5659
COCO,16,2048,jpeg70,robust,1.0,2.301,2.2637,4.5646
COCO,16,2048,jpeg50,robust,1.0,2.301,2.2655,4.5665
COCO,16,2048,resize0.5,robust,1.0,2.301,2.2633,4.5643
COCO,16,2048,resize0.75,robust,1.0,2.301,2.2704,4.5714
COCO,16,2048,resize1.25,robust,1.0,2.301,2.2696,4.5705
COCO,16,2048,resize1.5,robust,1.0,2.301,2.2671,4.5681
COCO,16,2048,gnoise01,robust,1.0,2.301,2.2747,4.5756
COCO,16,2048,gnoise05,robust,0.919434,2.301,2.2661,4.5671
COCO,16,2048,gnoise10,robust,0.85498,2.301,2.2699,4.5708
COCO,16,2048,gblur3,robust,1.0,2.301,2.2716,4.5726
COCO,16,2048,gblur5,robust,0.921387,2.301,2.2655,4.5665
COCO,16,2048,gblur7,robust,0.860352,2.301,2.2643,4.5652
COCO,16,2048,mblur3,robust,1.0,2.301,2.2638,4.5648
COCO,16,2048,mblur5,robust,0.926758,2.301,2.2649,4.5659
COCO,16,2048,mblur7,robust,0.885742,2.301,2.272,4.5729
COCO,17,2048,clean,robust,1.0,2.2952,2.267,4.5623
COCO,17,2048,png,robust,1.0,2.2952,2.2653,4.5606
COCO,17,2048,jpeg90,robust,1.0,2.2952,2.2668,4.5621
COCO,17,2048,jpeg70,robust,0.926758,2.2952,2.2681,4.5633
COCO,17,2048,jpeg50,robust,0.916504,2.2952,2.2694,4.5647
COCO,17,2048,resize0.5,robust,1.0,2.2952,2.2735,4.5687
COCO,17,2048,resize0.75,robust,1.0,2.2952,2.2718,4.5671
COCO,17,2048,resize1.25,robust,1.0,2.2952,2.2683,4.5635
COCO,17,2048,resize1.5,robust,1.0,2.2952,2.264,4.5593
COCO,17,2048,gnoise01,robust,1.0,2.2952,2.2673,4.5626
COCO,17,2048,gnoise05,robust,0.902344,2.2952,2.2719,4.5671
COCO,17,2048,gnoise10,robust,0.836914,2.2952,2.271,4.5662
COCO,17,2048,gblur3,robust,1.0,2.2952,2.2674,4.5627
COCO,17,2048,gblur5,robust,0.912109,2.2952,2.2648,4.5601
COCO,17,2048,gblur7,robust,0.878418,2.2952,2.2665,4.5617
COCO,17,2048,mblur3,robust,1.0,2.2952,2.2747,4.57
COCO,17,2048,mblur5,robust,0.914062,2.2952,2.2772,4.5725
COCO,17,2048,mblur7,robust,0.871582,2.2952,2.2703,4.5655
COCO,18,2048,clean,robust,1.0,2.3018,2.267,4.5688
COCO,18,2048,png,robust,1.0,2.3018,2.2719,4.5737
COCO,18,2048,jpeg90,robust,1.0,2.3018,2.2786,4.5804
COCO,18,2048,jpeg70,robust,0.896973,2.3018,2.27,4.5718
COCO,18,2048,jpeg50,robust,0.856445,2.3018,2.2652,4.567
COCO,18,2048,resize0.5,robust,1.0,2.3018,2.2685,4.5703
COCO,18,2048,resize0.75,robust,1.0,2.3018,2.2656,4.5674
COCO,18,2048,resize1.25,robust,1.0,2.3018,2.2659,4.5677
COCO,18,2048,resize1.5,robust,1.0,2.3018,2.2688,4.5706
COCO,18,2048,gnoise01,robust,1.0,2.3018,2.2699,4.5717
COCO,18,2048,gnoise05,robust,0.817871,2.3018,2.2652,4.567
COCO,18,2048,gnoise10,robust,0.758789,2.3018,2.2673,4.5691
COCO,18,2048,gblur3,robust,1.0,2.3018,2.2665,4.5683
COCO,18,2048,gblur5,robust,0.913574,2.3018,2.2672,4.569
COCO,18,2048,gblur7,robust,0.866699,2.3018,2.2761,4.5779
COCO,18,2048,mblur3,robust,1.0,2.3018,2.2681,4.5699
COCO,18,2048,mblur5,robust,0.92041,2.3018,2.2664,4.5682
COCO,18,2048,mblur7,robust,0.88623,2.3018,2.2647,4.5665
COCO,19,2048,clean,robust,1.0,2.3001,2.2657,4.5658
COCO,19,2048,png,robust,1.0,2.3001,2.2681,4.5682
COCO,19,2048,jpeg90,robust,1.0,2.3001,2.2633,4.5634
COCO,19,2048,jpeg70,robust,1.0,2.3001,2.2719,4.572
COCO,19,2048,jpeg50,robust,0.924805,2.3001,2.2733,4.5734
COCO,19,2048,resize0.5,robust,1.0,2.3001,2.2752,4.5753
COCO,19,2048,resize0.75,robust,1.0,2.3001,2.2809,4.581
COCO,19,2048,resize1.25,robust,1.0,2.3001,2.273,4.5731
COCO,19,2048,resize1.5,robust,1.0,2.3001,2.2648,4.5649
COCO,19,2048,gnoise01,robust,1.0,2.3001,2.2681,4.5682
COCO,19,2048,gnoise05,robust,0.916016,2.3001,2.2638,4.5639
COCO,19,2048,gnoise10,robust,0.871582,2.3001,2.2695,4.5696
COCO,19,2048,gblur3,robust,1.0,2.3001,2.2711,4.5712
COCO,19,2048,gblur5,robust,1.0,2.3001,2.2698,4.5699
COCO,19,2048,gblur7,robust,0.90918,2.3001,2.2648,4.5649
COCO,19,2048,mblur3,robust,1.0,2.3001,2.2652,4.5653
COCO,19,2048,mblur5,robust,1.0,2.3001,2.2684,4.5685
COCO,19,2048,mblur7,robust,0.91748,2.3001,2.2746,4.5747
COCO,20,2048,clean,robust,1.0,2.2973,2.2688,4.5661
COCO,20,2048,png,robust,1.0,2.2973,2.2678,4.5651
COCO,20,2048,jpeg90,robust,1.0,2.2973,2.2698,4.5671
COCO,20,2048,jpeg70,robust,1.0,2.2973,2.2674,4.5646
COCO,20,2048,jpeg50,robust,0.921387,2.2973,2.2729,4.5702
COCO,20,2048,resize0.5,robust,1.0,2.2973,2.2735,4.5708
COCO,20,2048,resize0.75,robust,1.0,2.2973,2.264,4.5612
COCO,20,2048,resize1.25,robust,1.0,2.2973,2.2646,4.5618
COCO,20,2048,resize1.5,robust,1.0,2.2973,2.2679,4.5651
COCO,20,2048,gnoise01,robust,1.0,2.2973,2.2679,4.5651
COCO,20,2048,gnoise05,robust,0.866211,2.2973,2.2755,4.5727
COCO,20,2048,gnoise10,robust,0.728516,2.2973,2.2684,4.5657
COCO,20,2048,gblur3,robust,1.0,2.2973,2.2659,4.5632
COCO,20,2048,gblur5,robust,0.914551,2.2973,2.2678,4.565
COCO,20,2048,gblur7,robust,0.876465,2.2973,2.2748,4.5721
COCO,20,2048,mblur3,robust,1.0,2.2973,2.2734,4.5706
COCO,20,2048,mblur5,robust,0.926758,2.2973,2.2686,4.5659
COCO,20,2048,mblur7,robust,0.888184,2.2973,2.265,4.5622
COCO,21,2048,clean,robust,1.0,2.3027,2.2639,4.5666
COCO,21,2048,png,robust,1.0,2.3027,2.2641,4.5668
COCO,21,2048,jpeg90,robust,1.0,2.3027,2.2698,4.5725
COCO,21,2048,jpeg70,robust,1.0,2.3027,2.2703,4.573
COCO,21,2048,jpeg50,robust,1.0,2.3027,2.2695,4.5722
COCO,21,2048,resize0.5,robust,1.0,2.3027,2.2683,4.571
COCO,21,2048,resize0.75,robust,1.0,2.3027,2.2664,4.5691
COCO,21,2048,resize1.25,robust,1.0,2.3027,2.2687,4.5715
COCO,21,2048,resize1.5,robust,1.0,2.3027,2.2701,4.5728
COCO,21,2048,gnoise01,robust,1.0,2.3027,2.2655,4.5682
COCO,21,2048,gnoise05,robust,1.0,2.3027,2.2647,4.5674
COCO,21,2048,gnoise10,robust,1.0,2.3027,2.2662,4.569
COCO,21,2048,gblur3,robust,1.0,2.3027,2.265,4.5677
COCO,21,2048,gblur5,robust,1.0,2.3027,2.2708,4.5735
COCO,21,2048,gblur7,robust,0.907227,2.3027,2.2689,4.5717
COCO,21,2048,mblur3,robust,1.0,2.3027,2.2669,4.5696
COCO,21,2048,mblur5,robust,1.0,2.3027,2.2698,4.5725
COCO,21,2048,mblur7,robust,0.924805,2.3027,2.2674,4.5701
COCO,22,2048,clean,robust,0.916992,2.3001,2.272,4.5721
COCO,22,2048,png,robust,0.916504,2.3001,2.2831,4.5832
COCO,22,2048,jpeg90,robust,0.912598,2.3001,2.2679,4.568
COCO,22,2048,jpeg70,robust,0.88916,2.3001,2.2715,4.5716
COCO,22,2048,jpeg50,robust,0.864746,2.3001,2.273,4.5731
COCO,22,2048,resize0.5,robust,0.851562,2.3001,2.2662,4.5663
COCO,22,2048,resize0.75,robust,0.910156,2.3001,2.2709,4.571
COCO,22,2048,resize1.25,robust,0.916016,2.3001,2.2679,4.568
COCO,22,2048,resize1.5,robust,0.913574,2.3001,2.264,4.5641
COCO,22,2048,gnoise01,robust,0.92041,2.3001,2.2649,4.565
COCO,22,2048,gnoise05,robust,0.845215,2.3001,2.2641,4.5642
COCO,22,2048,gnoise10,robust,0.741211,2.3001,2.267,4.5671
COCO,22,2048,gblur3,robust,0.863281,2.3001,2.2707,4.5708
COCO,22,2048,gblur5,robust,0.762695,2.3001,2.2649,4.565
COCO,22,2048,gblur7,robust,0.750488,2.3001,2.2692,4.5693
COCO,22,2048,mblur3,robust,0.787109,2.3001,2.2681,4.5682
COCO,22,2048,mblur5,robust,0.716309,2.3001,2.2657,4.5658
COCO,22,2048,mblur7,robust,0.673828,2.3001,2.2719,4.572
COCO,23,2048,clean,robust,1.0,2.293,2.2642,4.5572
COCO,23,2048,png,robust,1.0,2.293,2.2647,4.5577
COCO,23,2048,jpeg90,robust,1.0,2.293,2.2648,4.5578
COCO,23,2048,jpeg70,robust,0.915527,2.293,2.2714,4.5644
COCO,23,2048,jpeg50,robust,0.893066,2.293,2.2725,4.5655
COCO,23,2048,resize0.5,robust,1.0,2.293,2.2715,4.5645
COCO,23,2048,resize0.75,robust,1.0,2.293,2.2649,4.5579
COCO,23,2048,resize1.25,robust,1.0,2.293,2.2638,4.5568
COCO,23,2048,resize1.5,robust,1.0,2.293,2.2633,4.5563
COCO,23,2048,gnoise01,robust,1.0,2.293,2.2726,4.5656
COCO,23,2048,gnoise05,robust,0.818359,2.293,2.2728,4.5658
COCO,23,2048,gnoise10,robust,0.714844,2.293,2.2729,4.5659
COCO,23,2048,gblur3,robust,1.0,2.293,2.2698,4.5628
COCO,23,2048,gblur5,robust,0.909668,2.293,2.2658,4.5588
COCO,23,2048,gblur7,robust,0.836914,2.293,2.2658,4.5588
COCO,23,2048,mblur3,robust,1.0,2.293,2.2757,4.5687
COCO,23,2048,mblur5,robust,0.920898,2.293,2.269,4.562
COCO,23,2048,mblur7,robust,0.875,2.293,2.2668,4.5598
COCO,24,2048,clean,robust,1.0,2.295,2.2651,4.5601
COCO,24,2048,png,robust,1.0,2.295,2.2674,4.5624
COCO,24,2048,jpeg90,robust,1.0,2.295,2.2687,4.5637
COCO,24,2048,jpeg70,robust,1.0,2.295,2.2712,4.5662
COCO,24,2048,jpeg50,robust,1.0,2.295,2.27,4.565
COCO,24,2048,resize0.5,robust,1.0,2.295,2.2685,4.5635
COCO,24,2048,resize0.75,robust,1.0,2.295,2.2695,4.5645
COCO,24,2048,resize1.25,robust,1.0,2.295,2.271,4.566
COCO,24,2048,resize1.5,robust,1.0,2.295,2.2717,4.5667
COCO,24,2048,gnoise01,robust,1.0,2.295,2.2644,4.5594
COCO,24,2048,gnoise05,robust,0.929688,2.295,2.2658,4.5608
COCO,24,2048,gnoise10,robust,0.879883,2.295,2.2664,4.5614
COCO,24,2048,gblur3,robust,1.0,2.295,2.264,4.559
COCO,24,2048,gblur5,robust,1.0,2.295,2.2706,4.5656
COCO,24,2048,gblur7,robust,0.898926,2.295,2.267,4.562
COCO,24,2048,mblur3,robust,1.0,2.295,2.2635,4.5585
COCO,24,2048,mblur5,robust,1.0,2.295,2.2685,4.5635
COCO,24,2048,mblur7,robust,0.91748,2.295,2.2662,4.5612
COCO,25,2048,clean,robust,1.0,2.2938,2.272,4.5658
COCO,25,2048,png,robust,1.0,2.2938,2.2776,4.5714
COCO,25,2048,jpeg90,robust,1.0,2.2938,2.2667,4.5606
COCO,25,2048,jpeg70,robust,1.0,2.2938,2.2704,4.5643
COCO,25,2048,jpeg50,robust,0.891602,2.2938,2.2659,4.5597
COCO,25,2048,resize0.5,robust,1.0,2.2938,2.2668,4.5606
COCO,25,2048,resize0.75,robust,1.0,2.2938,2.2701,4.5639
COCO,25,2048,resize1.25,robust,1.0,2.2938,2.2675,4.5613
COCO,25,2048,resize1.5,robust,1.0,2.2938,2.2646,4.5585
COCO,25,2048,gnoise01,robust,1.0,2.2938,2.2696,4.5635
COCO,25,2048,gnoise05,robust,0.833984,2.2938,2.2688,4.5627
COCO,25,2048,gnoise10,robust,0.751953,2.2938,2.2701,4.5639
COCO,25,2048,gblur3,robust,1.0,2.2938,2.2748,4.5686
COCO,25,2048,gblur5,robust,0.92334,2.2938,2.2665,4.5604
COCO,25,2048,gblur7,robust,0.884766,2.2938,2.2702,4.564
COCO,25,2048,mblur3,robust,1.0,2.2938,2.2642,4.558
COCO,25,2048,mblur5,robust,1.0,2.2938,2.2688,4.5627
COCO,25,2048,mblur7,robust,0.911133,2.2938,2.2717,4.5656
COCO,26,2048,clean,robust,0.931152,2.3037,2.2692,4.5729
COCO,26,2048,png,robust,0.930664,2.3037,2.2687,4.5724
COCO,26,2048,jpeg90,robust,0.930176,2.3037,2.2683,4.572
COCO,26,2048,jpeg70,robust,0.914551,2.3037,2.2633,4.567
COCO,26,2048,jpeg50,robust,0.895996,2.3037,2.2703,4.574
COCO,26,2048,resize0.5,robust,0.92627,2.3037,2.2659,4.5696
COCO,26,2048,resize0.75,robust,0.930176,2.3037,2.269,4.5728
COCO,26,2048,resize1.25,robust,1.0,2.3037,2.268,4.5717
COCO,26,2048,resize1.5,robust,1.0,2.3037,2.2707,4.5744
COCO,26,2048,gnoise01,robust,0.92627,2.3037,2.2798,4.5835
COCO,26,2048,gnoise05,robust,0.880371,2.3037,2.2709,4.5746
COCO,26,2048,gnoise10,robust,0.79834,2.3037,2.2664,4.5701
COCO,26,2048,gblur3,robust,0.925293,2.3037,2.2718,4.5756
COCO,26,2048,gblur5,robust,0.889648,2.3037,2.267,4.5707
COCO,26,2048,gblur7,robust,0.821289,2.3037,2.2722,4.576
COCO,26,2048,mblur3,robust,0.929688,2.3037,2.2756,4.5794
COCO,26,2048,mblur5,robust,0.917969,2.3037,2.266,4.5697
COCO,26,2048,mblur7,robust,0.880371,2.3037,2.2653,4.569
COCO,27,2048,clean,robust,1.0,2.3021,2.2645,4.5666
COCO,27,2048,png,robust,1.0,2.3021,2.2687,4.5708
COCO,27,2048,jpeg90,robust,1.0,2.3021,2.2695,4.5716
COCO,27,2048,jpeg70,robust,1.0,2.3021,2.2682,4.5703
COCO,27,2048,jpeg50,robust,1.0,2.3021,2.2681,4.5702
COCO,27,2048,resize0.5,robust,1.0,2.3021,2.2648,4.5668
COCO,27,2048,resize0.75,robust,1.0,2.3021,2.264,4.566
COCO,27,2048,resize1.25,robust,1.0,2.3021,2.2661,4.5682
COCO,27,2048,resize1.5,robust,1.0,2.3021,2.2692,4.5713
COCO,27,2048,gnoise01,robust,1.0,2.3021,2.2669,4.5689
COCO,27,2048,gnoise05,robust,1.0,2.3021,2.2686,4.5706
COCO,27,2048,gnoise10,robust,0.883301,2.3021,2.2674,4.5694
COCO,27,2048,gblur3,robust,1.0,2.3021,2.2637,4.5658
COCO,27,2048,gblur5,robust,1.0,2.3021,2.2706,4.5727
COCO,27,2048,gblur7,robust,0.894531,2.3021,2.2709,4.573
COCO,27,2048,mblur3,robust,1.0,2.3021,2.2693,4.5714
COCO,27,2048,mblur5,robust,1.0,2.3021,2.2772,4.5793
COCO,27,2048,mblur7,robust,0.90625,2.3021,2.2694,4.5715
COCO,28,2048,clean,robust,1.0,2.3041,2.2719,4.5759
COCO,28,2048,png,robust,1.0,2.3041,2.2705,4.5746
COCO,28,2048,jpeg90,robust,1.0,2.3041,2.2637,4.5678
COCO,28,2048,jpeg70,robust,1.0,2.3041,2.2679,4.572
COCO,28,2048,jpeg50,robust,0.921387,2.3041,2.266,4.57
COCO,28,2048,resize0.5,robust,1.0,2.3041,2.2716,4.5757
COCO,28,2048,resize0.75,robust,1.0,2.3041,2.2747,4.5788
COCO,28,2048,resize1.25,robust,1.0,2.3041,2.2685,4.5726
COCO,28,2048,resize1.5,robust,1.0,2.3041,2.2653,4.5694
COCO,28,2048,gnoise01,robust,1.0,2.3041,2.2713,4.5754
COCO,28,2048,gnoise05,robust,0.903809,2.3041,2.2653,4.5694
COCO,28,2048,gnoise10,robust,0.837891,2.3041,2.2701,4.5742
COCO,28,2048,gblur3,robust,1.0,2.3041,2.269,4.573
COCO,28,2048,gblur5,robust,0.910156,2.3041,2.2641,4.5682
COCO,28,2048,gblur7,robust,0.839844,2.3041,2.2634,4.5674
COCO,28,2048,mblur3,robust,1.0,2.3041,2.2651,4.5691
COCO,28,2048,mblur5,robust,0.912109,2.3041,2.2657,4.5697
COCO,28,2048,mblur7,robust,0.875,2.3041,2.2714,4.5754
COCO,29,2048,clean,robust,1.0,2.3052,2.2691,4.5744
COCO,29,2048,png,robust,1.0,2.3052,2.2723,4.5776
COCO,29,2048,jpeg90,robust,1.0,2.3052,2.2694,4.5747
COCO,29,2048,jpeg70,robust,0.891602,2.3052,2.2645,4.5697
COCO,29,2048,jpeg50,robust,0.848633,2.3052,2.2726,4.5778
COCO,29,2048,resize0.5,robust,1.0,2.3052,2.2693,4.5746
COCO,29,2048,resize0.75,robust,1.0,2.3052,2.2743,4.5795
COCO,29,2048,resize1.25,robust,1.0,2.3052,2.2706,4.5758
COCO,29,2048,resize1.5,robust,1.0,2.3052,2.2669,4.5721
COCO,29,2048,gnoise01,robust,0.921387,2.3052,2.2696,4.5748
COCO,29,2048,gnoise05,robust,0.787598,2.3052,2.2687,4.5739
COCO,29,2048,gnoise10,robust,0.716309,2.3052,2.2647,4.5699
COCO,29,2048,gblur3,robust,1.0,2.3052,2.2674,4.5727
COCO,29,2048,gblur5,robust,0.903809,2.3052,2.2647,4.57
COCO,29,2048,gblur7,robust,0.849609,2.3052,2.2653,4.5705
COCO,29,2048,mblur3,robust,1.0,2.3052,2.2765,4.5817
COCO,29,2048,mblur5,robust,0.903809,2.3052,2.2682,4.5735
COCO,29,2048,mblur7,robust,0.870605,2.3052,2.2671,4.5723
COCO,30,2048,clean,robust,1.0,2.3039,2.2645,4.5683
COCO,30,2048,png,robust,1.0,2.3039,2.2664,4.5703
COCO,30,2048,jpeg90,robust,1.0,2.3039,2.2715,4.5753
COCO,30,2048,jpeg70,robust,1.0,2.3039,2.2689,4.5728
COCO,30,2048,jpeg50,robust,1.0,2.3039,2.2655,4.5694
COCO,30,2048,resize0.5,robust,1.0,2.3039,2.2637,4.5676
COCO,30,2048,resize0.75,robust,1.0,2.3039,2.2645,4.5683
COCO,30,2048,resize1.25,robust,1.0,2.3039,2.2658,4.5696
COCO,30,2048,resize1.5,robust,1.0,2.3039,2.2688,4.5727
COCO,30,2048,gnoise01,robust,1.0,2.3039,2.2725,4.5764
COCO,30,2048,gnoise05,robust,1.0,2.3039,2.2676,4.5714
COCO,30,2048,gnoise10,robust,0.908691,2.3039,2.2698,4.5737
COCO,30,2048,gblur3,robust,1.0,2.3039,2.2675,4.5714
COCO,30,2048,gblur5,robust,0.919434,2.3039,2.2731,4.5769
COCO,30,2048,gblur7,robust,0.864258,2.3039,2.2775,4.5814
COCO,30,2048,mblur3,robust,1.0,2.3039,2.2656,4.5695
COCO,30,2048,mblur5,robust,1.0,2.3039,2.2706,4.5745
COCO,30,2048,mblur7,robust,0.913574,2.3039,2.2652,4.5691
COCO,31,2048,clean,robust,1.0,2.302,2.2676,4.5696
COCO,31,2048,png,robust,1.0,2.302,2.266,4.568
COCO,31,2048,jpeg90,robust,1.0,2.302,2.2638,4.5658
COCO,31,2048,jpeg70,robust,1.0,2.302,2.2628,4.5648
COCO,31,2048,jpeg50,robust,1.0,2.302,2.265,4.5669
COCO,31,2048,resize0.5,robust,1.0,2.302,2.2652,4.5672
COCO,31,2048,resize0.75,robust,1.0,2.302,2.2703,4.5723
COCO,31,2048,resize1.25,robust,1.0,2.302,2.2642,4.5662
COCO,31,2048,resize1.5,robust,1.0,2.302,2.2663,4.5683
COCO,31,2048,gnoise01,robust,1.0,2.302,2.2649,4.5668
COCO,31,2048,gnoise05,robust,1.0,2.302,2.2663,4.5682
COCO,31,2048,gnoise10,robust,0.92041,2.302,2.2692,4.5712
COCO,31,2048,gblur3,robust,1.0,2.302,2.2702,4.5722
COCO,31,2048,gblur5,robust,1.0,2.302,2.2658,4.5678
COCO,31,2048,gblur7,robust,0.912109,2.302,2.2652,4.5672
COCO,31,2048,mblur3,robust,1.0,2.302,2.2667,4.5686
COCO,31,2048,mblur5,robust,1.0,2.302,2.2713,4.5733
COCO,31,2048,mblur7,robust,0.930176,2.302,2.2693,4.5713
COCO,32,2048,clean,robust,1.0,2.298,2.2641,4.5621
COCO,32,2048,png,robust,1.0,2.298,2.2646,4.5626
COCO,32,2048,jpeg90,robust,1.0,2.298,2.2637,4.5617
COCO,32,2048,jpeg70,robust,1.0,2.298,2.27,4.5679
COCO,32,2048,jpeg50,robust,1.0,2.298,2.2753,4.5733
COCO,32,2048,resize0.5,robust,1.0,2.298,2.2684,4.5664
COCO,32,2048,resize0.75,robust,1.0,2.298,2.2648,4.5627
COCO,32,2048,resize1.25,robust,1.0,2.298,2.2638,4.5618
COCO,32,2048,resize1.5,robust,1.0,2.298,2.264,4.562
COCO,32,2048,gnoise01,robust,1.0,2.298,2.2681,4.5661
COCO,32,2048,gnoise05,robust,1.0,2.298,2.2659,4.5639
COCO,32,2048,gnoise10,robust,0.927734,2.298,2.2629,4.5609
COCO,32,2048,gblur3,robust,1.0,2.298,2.2632,4.5612
COCO,32,2048,gblur5,robust,1.0,2.298,2.2657,4.5637
COCO,32,2048,gblur7,robust,0.92334,2.298,2.2667,4.5647
COCO,32,2048,mblur3,robust,1.0,2.298,2.271,4.569
COCO,32,2048,mblur5,robust,1.0,2.298,2.2668,4.5648
COCO,32,2048,mblur7,robust,0.921875,2.298,2.2675,4.5655
COCO,33,2048,clean,robust,1.0,2.3001,2.2681,4.5681
COCO,33,2048,png,robust,1.0,2.3001,2.2679,4.568
COCO,33,2048,jpeg90,robust,1.0,2.3001,2.2721,4.5722
COCO,33,2048,jpeg70,robust,1.0,2.3001,2.2669,4.567
COCO,33,2048,jpeg50,robust,0.931641,2.3001,2.2642,4.5643
COCO,33,2048,resize0.5,robust,1.0,2.3001,2.2672,4.5672
COCO,33,2048,resize0.75,robust,1.0,2.3001,2.2706,4.5707
COCO,33,2048,resize1.25,robust,1.0,2.3001,2.2761,4.5762
COCO,33,2048,resize1.5,robust,1.0,2.3001,2.2707,4.5708
COCO,33,2048,gnoise01,robust,1.0,2.3001,2.2729,4.573
COCO,33,2048,gnoise05,robust,0.914062,2.3001,2.2743,4.5744
COCO,33,2048,gnoise10,robust,0.864258,2.3001,2.2743,4.5744
COCO,33,2048,gblur3,robust,1.0,2.3001,2.2789,4.579
COCO,33,2048,gblur5,robust,0.911621,2.3001,2.271,4.5711
COCO,33,2048,gblur7,robust,0.842285,2.3001,2.2687,4.5688
COCO,33,2048,mblur3,robust,1.0,2.3001,2.2689,4.569
COCO,33,2048,mblur5,robust,0.919922,2.3001,2.2692,4.5693
COCO,33,2048,mblur7,robust,0.870605,2.3001,2.2656,4.5656
COCO,34,2048,clean,robust,1.0,2.2966,2.2704,4.567
COCO,34,2048,png,robust,1.0,2.2966,2.2666,4.5631
COCO,34,2048,jpeg90,robust,1.0,2.2966,2.2668,4.5634
COCO,34,2048,jpeg70,robust,1.0,2.2966,2.2683,4.5648
COCO,34,2048,jpeg50,robust,1.0,2.2966,2.2688,4.5653
COCO,34,2048,resize0.5,robust,1.0,2.2966,2.2704,4.5669
COCO,34,2048,resize0.75,robust,1.0,2.2966,2.2718,4.5684
COCO,34,2048,resize1.25,robust,1.0,2.2966,2.2701,4.5667
COCO,34,2048,resize1.5,robust,1.0,2.2966,2.2646,4.5611
COCO,34,2048,gnoise01,robust,1.0,2.2966,2.2669,4.5635
COCO,34,2048,gnoise05,robust,0.922852,2.2966,2.2665,4.5631
COCO,34,2048,gnoise10,robust,0.881836,2.2966,2.2724,4.569
COCO,34,2048,gblur3,robust,1.0,2.2966,2.2699,4.5665
COCO,34,2048,gblur5,robust,0.905273,2.2966,2.269,4.5655
COCO,34,2048,gblur7,robust,0.845703,2.2966,2.2656,4.5622
COCO,34,2048,mblur3,robust,1.0,2.2966,2.268,4.5646
COCO,34,2048,mblur5,robust,0.91748,2.2966,2.2733,4.5698
COCO,34,2048,mblur7,robust,0.876953,2.2966,2.2738,4.5704
COCO,35,2048,clean,robust,1.0,2.2963,2.2671,4.5634
COCO,35,2048,png,robust,1.0,2.2963,2.2754,4.5717
COCO,35,2048,jpeg90,robust,1.0,2.2963,2.2662,4.5625
COCO,35,2048,jpeg70,robust,1.0,2.2963,2.2677,4.564
COCO,35,2048,jpeg50,robust,1.0,2.2963,2.2705,4.5668
COCO,35,2048,resize0.5,robust,1.0,2.2963,2.2654,4.5617
COCO,35,2048,resize0.75,robust,1.0,2.2963,2.266,4.5623
COCO,35,2048,resize1.25,robust,1.0,2.2963,2.2653,4.5616
COCO,35,2048,resize1.5,robust,1.0,2.2963,2.2659,4.5622
COCO,35,2048,gnoise01,robust,1.0,2.2963,2.2694,4.5657
COCO,35,2048,gnoise05,robust,1.0,2.2963,2.2679,4.5642
COCO,35,2048,gnoise10,robust,1.0,2.2963,2.2684,4.5647
COCO,35,2048,gblur3,robust,1.0,2.2963,2.2664,4.5627
COCO,35,2048,gblur5,robust,1.0,2.2963,2.2671,4.5634
COCO,35,2048,gblur7,robust,0.912109,2.2963,2.2691,4.5654
COCO,35,2048,mblur3,robust,1.0,2.2963,2.2705,4.5668
COCO,35,2048,mblur5,robust,1.0,2.2963,2.2657,4.562
COCO,35,2048,mblur7,robust,0.918457,2.2963,2.2667,4.563
COCO,36,2048,clean,robust,1.0,2.2951,2.27,4.5651
COCO,36,2048,png,robust,1.0,2.2951,2.2679,4.563
COCO,36,2048,jpeg90,robust,1.0,2.2951,2.2708,4.5659
COCO,36,2048,jpeg70,robust,1.0,2.2951,2.2666,4.5617
COCO,36,2048,jpeg50,robust,1.0,2.2951,2.2657,4.5608
COCO,36,2048,resize0.5,robust,1.0,2.2951,2.2637,4.5588
COCO,36,2048,resize0.75,robust,1.0,2.2951,2.27,4.5651
COCO,36,2048,resize1.25,robust,1.0,2.2951,2.2712,4.5663
COCO,36,2048,resize1.5,robust,1.0,2.2951,2.2692,4.5643
COCO,36,2048,gnoise01,robust,1.0,2.2951,2.2767,4.5718
COCO,36,2048,gnoise05,robust,1.0,2.2951,2.2673,4.5624
COCO,36,2048,gnoise10,robust,0.905273,2.2951,2.2641,4.5592
COCO,36,2048,gblur3,robust,1.0,2.2951,2.2668,4.5619
COCO,36,2048,gblur5,robust,0.926758,2.2951,2.2691,4.5642
COCO,36,2048,gblur7,robust,0.894531,2.2951,2.2646,4.5597
COCO,36,2048,mblur3,robust,1.0,2.2951,2.2641,4.5592
COCO,36,2048,mblur5,robust,1.0,2.2951,2.268,4.5631
COCO,36,2048,mblur7,robust,0.917969,2.2951,2.2705,4.5656
COCO,37,2048,clean,robust,1.0,2.2951,2.2722,4.5673
COCO,37,2048,png,robust,1.0,2.2951,2.2659,4.561
COCO,37,2048,jpeg90,robust,1.0,2.2951,2.2658,4.5609
COCO,37,2048,jpeg70,robust,1.0,2.2951,2.2668,4.5619
COCO,37,2048,jpeg50,robust,1.0,2.2951,2.2686,4.5638
COCO,37,2048,resize0.5,robust,1.0,2.2951,2.2718,4.5669
COCO,37,2048,resize0.75,robust,1.0,2.2951,2.2703,4.5654
COCO,37,2048,resize1.25,robust,1.0,2.2951,2.2646,4.5597
COCO,37,2048,resize1.5,robust,1.0,2.2951,2.2643,4.5594
COCO,37,2048,gnoise01,robust,1.0,2.2951,2.2659,4.561
COCO,37,2048,gnoise05,robust,0.918457,2.2951,2.2716,4.5667
COCO,37,2048,gnoise10,robust,0.871582,2.2951,2.2703,4.5654
COCO,37,2048,gblur3,robust,1.0,2.2951,2.2664,4.5615
COCO,37,2048,gblur5,robust,0.914551,2.2951,2.2658,4.561
COCO,37,2048,gblur7,robust,0.87793,2.2951,2.2719,4.567
COCO,37,2048,mblur3,robust,1.0,2.2951,2.2681,4.5632
COCO,37,2048,mblur5,robust,1.0,2.2951,2.2752,4.5703
COCO,37,2048,mblur7,robust,0.915039,2.2951,2.2731,4.5683
COCO,38,2048,clean,robust,1.0,2.3001,2.2681,4.5682
COCO,38,2048,png,robust,1.0,2.3001,2.2688,4.5689
COCO,38,2048,jpeg90,robust,1.0,2.3001,2.268,4.5681
COCO,38,2048,jpeg70,robust,1.0,2.3001,2.2709,4.571
COCO,38,2048,jpeg50,robust,0.921875,2.3001,2.2701,4.5701
COCO,38,2048,resize0.5,robust,1.0,2.3001,2.2665,4.5666
COCO,38,2048,resize0.75,robust,1.0,2.3001,2.2663,4.5664
COCO,38,2048,resize1.25,robust,1.0,2.3001,2.2655,4.5656
COCO,38,2048,resize1.5,robust,1.0,2.3001,2.2642,4.5643
COCO,38,2048,gnoise01,robust,1.0,2.3001,2.2759,4.576
COCO,38,2048,gnoise05,robust,0.925781,2.3001,2.2731,4.5732
COCO,38,2048,gnoise10,robust,0.886719,2.3001,2.2653,4.5654
COCO,38,2048,gblur3,robust,1.0,2.3001,2.2667,4.5668
COCO,38,2048,gblur5,robust,0.903809,2.3001,2.2686,4.5687
COCO,38,2048,gblur7,robust,0.84668,2.3001,2.2699,4.57
COCO,38,2048,mblur3,robust,1.0,2.3001,2.2763,4.5764
COCO,38,2048,mblur5,robust,0.921875,2.3001,2.2651,4.5652
COCO,38,2048,mblur7,robust,0.887695,2.3001,2.2664,4.5664
COCO,39,2048,clean,robust,1.0,2.2989,2.2643,4.5633
COCO,39,2048,png,robust,1.0,2.2989,2.2676,4.5666
COCO,39,2048,jpeg90,robust,1.0,2.2989,2.2808,4.5797
COCO,39,2048,jpeg70,robust,1.0,2.2989,2.2666,4.5655
COCO,39,2048,jpeg50,robust,1.0,2.2989,2.2669,4.5658
COCO,39,2048,resize0.5,robust,1.0,2.2989,2.2713,4.5702
COCO,39,2048,resize0.75,robust,1.0,2.2989,2.2743,4.5732
COCO,39,2048,resize1.25,robust,1.0,2.2989,2.2765,4.5754
COCO,39,2048,resize1.5,robust,1.0,2.2989,2.2811,4.58
COCO,39,2048,gnoise01,robust,1.0,2.2989,2.2642,4.5631
COCO,39,2048,gnoise05,robust,1.0,2.2989,2.2714,4.5703
COCO,39,2048,gnoise10,robust,0.905762,2.2989,2.2656,4.5646
COCO,39,2048,gblur3,robust,1.0,2.2989,2.2675,4.5665
COCO,39,2048,gblur5,robust,1.0,2.2989,2.2762,4.5751
COCO,39,2048,gblur7,robust,0.900879,2.2989,2.2645,4.5635
COCO,39,2048,mblur3,robust,1.0,2.2989,2.2652,4.5641
COCO,39,2048,mblur5,robust,1.0,2.2989,2.2662,4.5651
COCO,39,2048,mblur7,robust,0.916992,2.2989,2.269,4.568
COCO,40,2048,clean,robust,1.0,2.2968,2.2697,4.5665
COCO,40,2048,png,robust,1.0,2.2968,2.2754,4.5721
COCO,40,2048,jpeg90,robust,1.0,2.2968,2.2691,4.5659
COCO,40,2048,jpeg70,robust,0.929199,2.2968,2.2688,4.5656
COCO,40,2048,jpeg50,robust,0.914551,2.2968,2.2664,4.5632
COCO,40,2048,resize0.5,robust,1.0,2.2968,2.2742,4.571
COCO,40,2048,resize0.75,robust,1.0,2.2968,2.2672,4.564
COCO,40,2048,resize1.25,robust,1.0,2.2968,2.2651,4.5618
COCO,40,2048,resize1.5,robust,1.0,2.2968,2.2639,4.5607
COCO,40,2048,gnoise01,robust,1.0,2.2968,2.2661,4.5629
COCO,40,2048,gnoise05,robust,0.868164,2.2968,2.2663,4.5631
COCO,40,2048,gnoise10,robust,0.794434,2.2968,2.2704,4.5672
COCO,40,2048,gblur3,robust,1.0,2.2968,2.2678,4.5646
COCO,40,2048,gblur5,robust,0.92334,2.2968,2.2719,4.5687
COCO,40,2048,gblur7,robust,0.859863,2.2968,2.2722,4.569
COCO,40,2048,mblur3,robust,1.0,2.2968,2.2679,4.5646
COCO,40,2048,mblur5,robust,0.929199,2.2968,2.276,4.5728
COCO,40,2048,mblur7,robust,0.893555,2.2968,2.2686,4.5654
COCO,41,2048,clean,robust,1.0,2.3008,2.2663,4.5671
COCO,41,2048,png,robust,1.0,2.3008,2.2654,4.5662
COCO,41,2048,jpeg90,robust,1.0,2.3008,2.2678,4.5686
COCO,41,2048,jpeg70,robust,1.0,2.3008,2.2735,4.5743
COCO,41,2048,jpeg50,robust,0.907715,2.3008,2.2708,4.5717
COCO,41,2048,resize0.5,robust,1.0,2.3008,2.267,4.5679
COCO,41,2048,resize0.75,robust,1.0,2.3008,2.2682,4.569
COCO,41,2048,resize1.25,robust,1.0,2.3008,2.2688,4.5697
COCO,41,2048,resize1.5,robust,1.0,2.3008,2.2677,4.5686
COCO,41,2048,gnoise01,robust,1.0,2.3008,2.2725,4.5733
COCO,41,2048,gnoise05,robust,0.883789,2.3008,2.266,4.5668
COCO,41,2048,gnoise10,robust,0.822266,2.3008,2.2677,4.5686
COCO,41,2048,gblur3,robust,1.0,2.3008,2.2656,4.5664
COCO,41,2048,gblur5,robust,0.92334,2.3008,2.269,4.5698
COCO,41,2048,gblur7,robust,0.876465,2.3008,2.2701,4.5709
COCO,41,2048,mblur3,robust,1.0,2.3008,2.2692,4.57
COCO,41,2048,mblur5,robust,1.0,2.3008,2.267,4.5678
COCO,41,2048,mblur7,robust,0.910645,2.3008,2.2665,4.5673
COCO,42,2048,clean,robust,1.0,2.2941,2.2646,4.5587
COCO,42,2048,png,robust,1.0,2.2941,2.271,4.5651
COCO,42,2048,jpeg90,robust,1.0,2.2941,2.2696,4.5637
COCO,42,2048,jpeg70,robust,1.0,2.2941,2.2792,4.5733
COCO,42,2048,jpeg50,robust,0.922852,2.2941,2.2723,4.5664
COCO,42,2048,resize0.5,robust,1.0,2.2941,2.2716,4.5657
COCO,42,2048,resize0.75,robust,1.0,2.2941,2.2664,4.5605
COCO,42,2048,resize1.25,robust,1.0,2.2941,2.2725,4.5666
COCO,42,2048,resize1.5,robust,1.0,2.2941,2.268,4.5621
COCO,42,2048,gnoise01,robust,1.0,2.2941,2.2665,4.5606
COCO,42,2048,gnoise05,robust,0.854492,2.2941,2.2652,4.5593
COCO,42,2048,gnoise10,robust,0.757324,2.2941,2.2678,4.5619
COCO,42,2048,gblur3,robust,1.0,2.2941,2.2701,4.5642
COCO,42,2048,gblur5,robust,0.900391,2.2941,2.2747,4.5688
COCO,42,2048,gblur7,robust,0.835938,2.2941,2.2687,4.5628
COCO,42,2048,mblur3,robust,1.0,2.2941,2.2676,4.5617
COCO,42,2048,mblur5,robust,0.928223,2.2941,2.2663,4.5604
COCO,42,2048,mblur7,robust,0.865234,2.2941,2.2697,4.5638
COCO,43,2048,clean,robust,1.0,2.2991,2.2726,4.5716
COCO,43,2048,png,robust,1.0,2.2991,2.2667,4.5657
COCO,43,2048,jpeg90,robust,1.0,2.2991,2.2659,4.565
COCO,43,2048,jpeg70,robust,1.0,2.2991,2.2694,4.5684
COCO,43,2048,jpeg50,robust,0.928711,2.2991,2.2677,4.5668
COCO,43,2048,resize0.5,robust,0.932129,2.2991,2.2732,4.5723
COCO,43,2048,resize0.75,robust,1.0,2.2991,2.2697,4.5687
COCO,43,2048,resize1.25,robust,1.0,2.2991,2.2648,4.5639
COCO,43,2048,resize1.5,robust,1.0,2.2991,2.2664,4.5655
COCO,43,2048,gnoise01,robust,1.0,2.2991,2.2673,4.5664
COCO,43,2048,gnoise05,robust,0.914551,2.2991,2.2691,4.5681
COCO,43,2048,gnoise10,robust,0.85498,2.2991,2.2746,4.5736
COCO,43,2048,gblur3,robust,1.0,2.2991,2.273,4.5721
COCO,43,2048,gblur5,robust,0.897461,2.2991,2.2724,4.5714
COCO,43,2048,gblur7,robust,0.815918,2.2991,2.2662,4.5652
COCO,43,2048,mblur3,robust,1.0,2.2991,2.2685,4.5676
COCO,43,2048,mblur5,robust,0.910645,2.2991,2.271,4.57
COCO,43,2048,mblur7,robust,0.859863,2.2991,2.2673,4.5664
COCO,44,2048,clean,robust,1.0,2.3029,2.265,4.568
COCO,44,2048,png,robust,1.0,2.3029,2.2667,4.5696
COCO,44,2048,jpeg90,robust,1.0,2.3029,2.2694,4.5723
COCO,44,2048,jpeg70,robust,1.0,2.3029,2.2712,4.5741
COCO,44,2048,jpeg50,robust,1.0,2.3029,2.2741,4.577
COCO,44,2048,resize0.5,robust,1.0,2.3029,2.2671,4.5701
COCO,44,2048,resize0.75,robust,1.0,2.3029,2.2665,4.5694
COCO,44,2048,resize1.25,robust,1.0,2.3029,2.2665,4.5694
COCO,44,2048,resize1.5,robust,1.0,2.3029,2.268,4.5709
COCO,44,2048,gnoise01,robust,1.0,2.3029,2.2722,4.5752
COCO,44,2048,gnoise05,robust,1.0,2.3029,2.267,4.57
COCO,44,2048,gnoise10,robust,0.901855,2.3029,2.2671,4.57
COCO,44,2048,gblur3,robust,1.0,2.3029,2.2661,4.5691
COCO,44,2048,gblur5,robust,1.0,2.3029,2.2662,4.5692
COCO,44,2048,gblur7,robust,0.899902,2.3029,2.2711,4.5741
COCO,44,2048,mblur3,robust,1.0,2.3029,2.2707,4.5737
COCO,44,2048,mblur5,robust,1.0,2.3029,2.2669,4.5699
COCO,44,2048,mblur7,robust,0.914062,2.3029,2.2671,4.57
COCO,45,2048,clean,robust,1.0,2.2989,2.2658,4.5647
COCO,45,2048,png,robust,1.0,2.2989,2.2785,4.5774
COCO,45,2048,jpeg90,robust,1.0,2.2989,2.2736,4.5725
COCO,45,2048,jpeg70,robust,1.0,2.2989,2.2714,4.5703
COCO,45,2048,jpeg50,robust,1.0,2.2989,2.2664,4.5653
COCO,45,2048,resize0.5,robust,1.0,2.2989,2.265,4.5639
COCO,45,2048,resize0.75,robust,1.0,2.2989,2.266,4.5649
COCO,45,2048,resize1.25,robust,1.0,2.2989,2.2698,4.5687
COCO,45,2048,resize1.5,robust,1.0,2.2989,2.2643,4.5632
COCO,45,2048,gnoise01,robust,1.0,2.2989,2.2722,4.5711
COCO,45,2048,gnoise05,robust,1.0,2.2989,2.2662,4.5651
COCO,45,2048,gnoise10,robust,1.0,2.2989,2.2693,4.5682
COCO,45,2048,gblur3,robust,1.0,2.2989,2.2695,4.5684
COCO,45,2048,gblur5,robust,1.0,2.2989,2.2759,4.5748
COCO,45,2048,gblur7,robust,0.905762,2.2989,2.2653,4.5643
COCO,45,2048,mblur3,robust,1.0,2.2989,2.2658,4.5647
COCO,45,2048,mblur5,robust,1.0,2.2989,2.2655,4.5644
COCO,45,2048,mblur7,robust,0.923828,2.2989,2.2694,4.5683
COCO,46,2048,clean,robust,1.0,2.2978,2.2692,4.567
COCO,46,2048,png,robust,1.0,2.2978,2.267,4.5649
COCO,46,2048,jpeg90,robust,1.0,2.2978,2.267,4.5648
COCO,46,2048,jpeg70,robust,0.915527,2.2978,2.2682,4.5661
COCO,46,2048,jpeg50,robust,0.89502,2.2978,2.2662,4.5641
COCO,46,2048,resize0.5,robust,0.921875,2.2978,2.2697,4.5675
COCO,46,2048,resize0.75,robust,1.0,2.2978,2.269,4.5668
COCO,46,2048,resize1.25,robust,1.0,2.2978,2.2701,4.568
COCO,46,2048,resize1.5,robust,1.0,2.2978,2.2697,4.5675
COCO,46,2048,gnoise01,robust,0.925781,2.2978,2.271,4.5689
COCO,46,2048,gnoise05,robust,0.860352,2.2978,2.2768,4.5747
COCO,46,2048,gnoise10,robust,0.775391,2.2978,2.2685,4.5664
COCO,46,2048,gblur3,robust,1.0,2.2978,2.2665,4.5643
COCO,46,2048,gblur5,robust,0.883301,2.2978,2.2629,4.5608
COCO,46,2048,gblur7,robust,0.815918,2.2978,2.2635,4.5613
COCO,46,2048,mblur3,robust,0.918457,2.2978,2.267,4.5649
COCO,46,2048,mblur5,robust,0.87793,2.2978,2.2711,4.5689
COCO,46,2048,mblur7,robust,0.829102,2.2978,2.2674,4.5653
COCO,47,2048,clean,robust,1.0,2.2965,2.2662,4.5626
COCO,47,2048,png,robust,1.0,2.2965,2.2663,4.5628
COCO,47,2048,jpeg90,robust,1.0,2.2965,2.2702,4.5667
COCO,47,2048,jpeg70,robust,0.931641,2.2965,2.2754,4.5719
COCO,47,2048,jpeg50,robust,0.925293,2.2965,2.2725,4.5689
COCO,47,2048,resize0.5,robust,1.0,2.2965,2.2694,4.5659
COCO,47,2048,resize0.75,robust,1.0,2.2965,2.2661,4.5625
COCO,47,2048,resize1.25,robust,1.0,2.2965,2.2673,4.5638
COCO,47,2048,resize1.5,robust,1.0,2.2965,2.2676,4.564
COCO,47,2048,gnoise01,robust,1.0,2.2965,2.2713,4.5678
COCO,47,2048,gnoise05,robust,0.896973,2.2965,2.2655,4.562
COCO,47,2048,gnoise10,robust,0.839355,2.2965,2.2652,4.5617
COCO,47,2048,gblur3,robust,1.0,2.2965,2.2653,4.5618
COCO,47,2048,gblur5,robust,0.921387,2.2965,2.2663,4.5628
COCO,47,2048,gblur7,robust,0.859863,2.2965,2.2782,4.5747
COCO,47,2048,mblur3,robust,1.0,2.2965,2.2802,4.5767
COCO,47,2048,mblur5,robust,0.929688,2.2965,2.2742,4.5706
COCO,47,2048,mblur7,robust,0.910645,2.2965,2.2738,4.5703
COCO,48,2048,clean,robust,1.0,2.2982,2.2675,4.5657
COCO,48,2048,png,robust,1.0,2.2982,2.2753,4.5735
COCO,48,2048,jpeg90,robust,1.0,2.2982,2.2698,4.568
COCO,48,2048,jpeg70,robust,1.0,2.2982,2.2661,4.5643
COCO,48,2048,jpeg50,robust,1.0,2.2982,2.2664,4.5646
COCO,48,2048,resize0.5,robust,1.0,2.2982,2.2706,4.5688
COCO,48,2048,resize0.75,robust,1.0,2.2982,2.2689,4.5671
COCO,48,2048,resize1.25,robust,1.0,2.2982,2.2703,4.5685
COCO,48,2048,resize1.5,robust,1.0,2.2982,2.2643,4.5626
COCO,48,2048,gnoise01,robust,1.0,2.2982,2.2649,4.5631
COCO,48,2048,gnoise05,robust,1.0,2.2982,2.2665,4.5647
COCO,48,2048,gnoise10,robust,1.0,2.2982,2.2702,4.5684
COCO,48,2048,gblur3,robust,1.0,2.2982,2.2688,4.5671
COCO,48,2048,gblur5,robust,1.0,2.2982,2.2713,4.5695
COCO,48,2048,gblur7,robust,0.892578,2.2982,2.2703,4.5685
COCO,48,2048,mblur3,robust,1.0,2.2982,2.2654,4.5637
COCO,48,2048,mblur5,robust,1.0,2.2982,2.2677,4.5659
COCO,48,2048,mblur7,robust,0.916504,2.2982,2.2707,4.5689
COCO,49,2048,clean,robust,1.0,2.3011,2.2682,4.5693
COCO,49,2048,png,robust,1.0,2.3011,2.2665,4.5675
COCO,49,2048,jpeg90,robust,1.0,2.3011,2.2642,4.5653
COCO,49,2048,jpeg70,robust,1.0,2.3011,2.2677,4.5687
COCO,49,2048,jpeg50,robust,1.0,2.3011,2.2686,4.5697
COCO,49,2048,resize0.5,robust,1.0,2.3011,2.2749,4.576
COCO,49,2048,resize0.75,robust,1.0,2.3011,2.2767,4.5778
COCO,49,2048,resize1.25,robust,1.0,2.3011,2.2674,4.5685
COCO,49,2048,resize1.5,robust,1.0,2.3011,2.2661,4.5671
COCO,49,2048,gnoise01,robust,1.0,2.3011,2.2698,4.5708
COCO,49,2048,gnoise05,robust,1.0,2.3011,2.2741,4.5752
COCO,49,2048,gnoise10,robust,0.923828,2.3011,2.2679,4.5689
COCO,49,2048,gblur3,robust,1.0,2.3011,2.2695,4.5706
COCO,49,2048,gblur5,robust,0.916992,2.3011,2.2645,4.5655
COCO,49,2048,gblur7,robust,0.880371,2.3011,2.2639,4.565
COCO,49,2048,mblur3,robust,1.0,2.3011,2.2658,4.5669
COCO,49,2048,mblur5,robust,0.924805,2.3011,2.2693,4.5703
COCO,49,2048,mblur7,robust,0.899414,2.3011,2.2646,4.5656
COCO,50,2048,clean,robust,1.0,2.2942,2.2654,4.5595
COCO,50,2048,png,robust,1.0,2.2942,2.2653,4.5595
COCO,50,2048,jpeg90,robust,1.0,2.2942,2.2666,4.5608
COCO,50,2048,jpeg70,robust,1.0,2.2942,2.2725,4.5667
COCO,50,2048,jpeg50,robust,0.925293,2.2942,2.2654,4.5596
COCO,50,2048,resize0.5,robust,1.0,2.2942,2.2696,4.5638
COCO,50,2048,resize0.75,robust,1.0,2.2942,2.2652,4.5593
COCO,50,2048,resize1.25,robust,1.0,2.2942,2.2676,4.5618
COCO,50,2048,resize1.5,robust,1.0,2.2942,2.2695,4.5637
COCO,50,2048,gnoise01,robust,1.0,2.2942,2.2671,4.5613
COCO,50,2048,gnoise05,robust,0.890137,2.2942,2.2636,4.5578
COCO,50,2048,gnoise10,robust,0.779297,2.2942,2.2643,4.5585
COCO,50,2048,gblur3,robust,1.0,2.2942,2.2648,4.559
COCO,50,2048,gblur5,robust,0.926758,2.2942,2.2652,4.5594
COCO,50,2048,gblur7,robust,0.869141,2.2942,2.2762,4.5704
COCO,50,2048,mblur3,robust,1.0,2.2942,2.2704,4.5645
COCO,50,2048,mblur5,robust,0.926758,2.2942,2.2659,4.56
COCO,50,2048,mblur7,robust,0.905273,2.2942,2.2684,4.5626
COCO,51,2048,clean,robust,1.0,2.2965,2.2662,4.5627
COCO,51,2048,png,robust,1.0,2.2965,2.2727,4.5691
COCO,51,2048,jpeg90,robust,1.0,2.2965,2.2698,4.5663
COCO,51,2048,jpeg70,robust,1.0,2.2965,2.2682,4.5647
COCO,51,2048,jpeg50,robust,0.923828,2.2965,2.2671,4.5635
COCO,51,2048,resize0.5,robust,1.0,2.2965,2.2655,4.562
COCO,51,2048,resize0.75,robust,1.0,2.2965,2.2693,4.5658
COCO,51,2048,resize1.25,robust,1.0,2.2965,2.2703,4.5667
COCO,51,2048,resize1.5,robust,1.0,2.2965,2.2665,4.563
COCO,51,2048,gnoise01,robust,1.0,2.2965,2.2672,4.5636
COCO,51,2048,gnoise05,robust,0.914551,2.2965,2.2655,4.562
COCO,51,2048,gnoise10,robust,0.854492,2.2965,2.2655,4.562
COCO,51,2048,gblur3,robust,1.0,2.2965,2.2707,4.5672
COCO,51,2048,gblur5,robust,0.912109,2.2965,2.2667,4.5631
COCO,51,2048,gblur7,robust,0.856445,2.2965,2.2628,4.5592
COCO,51,2048,mblur3,robust,1.0,2.2965,2.2663,4.5628
COCO,51,2048,mblur5,robust,0.927734,2.2965,2.271,4.5674
COCO,51,2048,mblur7,robust,0.893066,2.2965,2.2736,4.5701
COCO,52,2048,clean,robust,1.0,2.296,2.269,4.5649
COCO,52,2048,png,robust,1.0,2.296,2.2665,4.5624
COCO,52,2048,jpeg90,robust,1.0,2.296,2.2641,4.56
COCO,52,2048,jpeg70,robust,1.0,2.296,2.2664,4.5623
COCO,52,2048,jpeg50,robust,1.0,2.296,2.2752,4.5712
COCO,52,2048,resize0.5,robust,1.0,2.296,2.2721,4.568
COCO,52,2048,resize0.75,robust,1.0,2.296,2.2686,4.5646
COCO,52,2048,resize1.25,robust,1.0,2.296,2.2716,4.5675
COCO,52,2048,resize1.5,robust,1.0,2.296,2.268,4.5639
COCO,52,2048,gnoise01,robust,1.0,2.296,2.2691,4.5651
COCO,52,2048,gnoise05,robust,1.0,2.296,2.2747,4.5706
COCO,52,2048,gnoise10,robust,0.915527,2.296,2.2718,4.5678
COCO,52,2048,gblur3,robust,1.0,2.296,2.2716,4.5676
COCO,52,2048,gblur5,robust,0.916504,2.296,2.265,4.561
COCO,52,2048,gblur7,robust,0.861816,2.296,2.2637,4.5597
COCO,52,2048,mblur3,robust,1.0,2.296,2.2764,4.5723
COCO,52,2048,mblur5,robust,0.924805,2.296,2.274,4.5699
COCO,52,2048,mblur7,robust,0.898438,2.296,2.2686,4.5646
COCO,53,2048,clean,robust,1.0,2.2951,2.2664,4.5616
COCO,53,2048,png,robust,1.0,2.2951,2.2698,4.565
COCO,53,2048,jpeg90,robust,1.0,2.2951,2.2672,4.5623
COCO,53,2048,jpeg70,robust,1.0,2.2951,2.2742,4.5694
COCO,53,2048,jpeg50,robust,1.0,2.2951,2.269,4.5641
COCO,53,2048,resize0.5,robust,1.0,2.2951,2.266,4.5611
COCO,53,2048,resize0.75,robust,1.0,2.2951,2.2677,4.5629
COCO,53,2048,resize1.25,robust,1.0,2.2951,2.2672,4.5624
COCO,53,2048,resize1.5,robust,1.0,2.2951,2.2732,4.5683
COCO,53,2048,gnoise01,robust,1.0,2.2951,2.2693,4.5645
COCO,53,2048,gnoise05,robust,0.924805,2.2951,2.2671,4.5622
COCO,53,2048,gnoise10,robust,0.88623,2.2951,2.2718,4.567
COCO,53,2048,gblur3,robust,1.0,2.2951,2.2706,4.5657
COCO,53,2048,gblur5,robust,0.921387,2.2951,2.2684,4.5636
COCO,53,2048,gblur7,robust,0.878906,2.2951,2.2777,4.5728
COCO,53,2048,mblur3,robust,1.0,2.2951,2.2659,4.561
COCO,53,2048,mblur5,robust,1.0,2.2951,2.2728,4.5679
COCO,53,2048,mblur7,robust,0.919434,2.2951,2.2704,4.5655
COCO,54,2048,clean,robust,1.0,2.3046,2.2669,4.5714
COCO,54,2048,png,robust,1.0,2.3046,2.2724,4.577
COCO,54,2048,jpeg90,robust,1.0,2.3046,2.2711,4.5757
COCO,54,2048,jpeg70,robust,0.919434,2.3046,2.2683,4.5729
COCO,54,2048,jpeg50,robust,0.900391,2.3046,2.2733,4.5779
COCO,54,2048,resize0.5,robust,1.0,2.3046,2.2752,4.5798
COCO,54,2048,resize0.75,robust,1.0,2.3046,2.2727,4.5773
COCO,54,2048,resize1.25,robust,1.0,2.3046,2.2712,4.5758
COCO,54,2048,resize1.5,robust,1.0,2.3046,2.2693,4.5739
COCO,54,2048,gnoise01,robust,1.0,2.3046,2.2689,4.5735
COCO,54,2048,gnoise05,robust,0.861328,2.3046,2.2663,4.5709
COCO,54,2048,gnoise10,robust,0.770508,2.3046,2.2673,4.5718
COCO,54,2048,gblur3,robust,1.0,2.3046,2.2731,4.5777
COCO,54,2048,gblur5,robust,0.893555,2.3046,2.2673,4.5719
COCO,54,2048,gblur7,robust,0.835938,2.3046,2.2663,4.5708
COCO,54,2048,mblur3,robust,1.0,2.3046,2.272,4.5766
COCO,54,2048,mblur5,robust,0.904297,2.3046,2.2677,4.5723
COCO,54,2048,mblur7,robust,0.874023,2.3046,2.2747,4.5793
COCO,55,2048,clean,robust,1.0,2.2994,2.2751,4.5745
COCO,55,2048,png,robust,1.0,2.2994,2.2775,4.5769
COCO,55,2048,jpeg90,robust,1.0,2.2994,2.2661,4.5655
COCO,55,2048,jpeg70,robust,1.0,2.2994,2.2708,4.5702
COCO,55,2048,jpeg50,robust,1.0,2.2994,2.2723,4.5716
COCO,55,2048,resize0.5,robust,1.0,2.2994,2.2715,4.5709
COCO,55,2048,resize0.75,robust,1.0,2.2994,2.2697,4.5691
COCO,55,2048,resize1.25,robust,1.0,2.2994,2.2646,4.564
COCO,55,2048,resize1.5,robust,1.0,2.2994,2.2677,4.5671
COCO,55,2048,gnoise01,robust,1.0,2.2994,2.2646,4.564
COCO,55,2048,gnoise05,robust,0.907227,2.2994,2.2711,4.5705
COCO,55,2048,gnoise10,robust,0.84668,2.2994,2.2661,4.5655
COCO,55,2048,gblur3,robust,1.0,2.2994,2.2652,4.5646
COCO,55,2048,gblur5,robust,0.928223,2.2994,2.2661,4.5655
COCO,55,2048,gblur7,robust,0.875,2.2994,2.267,4.5664
COCO,55,2048,mblur3,robust,1.0,2.2994,2.2701,4.5695
COCO,55,2048,mblur5,robust,1.0,2.2994,2.2702,4.5696
COCO,55,2048,mblur7,robust,0.913574,2.2994,2.2658,4.5652
COCO,56,2048,clean,robust,1.0,2.3013,2.2649,4.5662
COCO,56,2048,png,robust,1.0,2.3013,2.2646,4.5658
COCO,56,2048,jpeg90,robust,1.0,2.3013,2.2677,4.569
COCO,56,2048,jpeg70,robust,1.0,2.3013,2.2745,4.5758
COCO,56,2048,jpeg50,robust,1.0,2.3013,2.2648,4.5661
COCO,56,2048,resize0.5,robust,1.0,2.3013,2.2646,4.5659
COCO,56,2048,resize0.75,robust,1.0,2.3013,2.2662,4.5675
COCO,56,2048,resize1.25,robust,1.0,2.3013,2.266,4.5673
COCO,56,2048,resize1.5,robust,1.0,2.3013,2.2724,4.5737
COCO,56,2048,gnoise01,robust,1.0,2.3013,2.2717,4.573
COCO,56,2048,gnoise05,robust,1.0,2.3013,2.2667,4.568
COCO,56,2048,gnoise10,robust,1.0,2.3013,2.2693,4.5705
COCO,56,2048,gblur3,robust,1.0,2.3013,2.2651,4.5664
COCO,56,2048,gblur5,robust,1.0,2.3013,2.2726,4.5739
COCO,56,2048,gblur7,robust,0.922852,2.3013,2.2742,4.5755
COCO,56,2048,mblur3,robust,1.0,2.3013,2.2673,4.5685
COCO,56,2048,mblur5,robust,1.0,2.3013,2.2711,4.5723
COCO,56,2048,mblur7,robust,1.0,2.3013,2.2685,4.5698
COCO,57,2048,clean,robust,1.0,2.3023,2.2673,4.5696
COCO,57,2048,png,robust,1.0,2.3023,2.2705,4.5728
COCO,57,2048,jpeg90,robust,1.0,2.3023,2.2658,4.5681
COCO,57,2048,jpeg70,robust,1.0,2.3023,2.2667,4.569
COCO,57,2048,jpeg50,robust,0.908203,2.3023,2.2649,4.5672
COCO,57,2048,resize0.5,robust,1.0,2.3023,2.2643,4.5666
COCO,57,2048,resize0.75,robust,1.0,2.3023,2.2717,4.5739
COCO,57,2048,resize1.25,robust,1.0,2.3023,2.27,4.5722
COCO,57,2048,resize1.5,robust,1.0,2.3023,2.2653,4.5676
COCO,57,2048,gnoise01,robust,1.0,2.3023,2.2687,4.571
COCO,57,2048,gnoise05,robust,0.851074,2.3023,2.2653,4.5676
COCO,57,2048,gnoise10,robust,0.789551,2.3023,2.2687,4.571
COCO,57,2048,gblur3,robust,1.0,2.3023,2.2744,4.5767
COCO,57,2048,gblur5,robust,1.0,2.3023,2.2662,4.5685
COCO,57,2048,gblur7,robust,0.894043,2.3023,2.2652,4.5675
COCO,57,2048,mblur3,robust,1.0,2.3023,2.2659,4.5682
COCO,57,2048,mblur5,robust,1.0,2.3023,2.2738,4.5761
COCO,57,2048,mblur7,robust,0.92041,2.3023,2.2754,4.5777
COCO,58,2048,clean,robust,1.0,2.2973,2.2642,4.5615
COCO,58,2048,png,robust,1.0,2.2973,2.267,4.5643
COCO,58,2048,jpeg90,robust,1.0,2.2973,2.2652,4.5626
COCO,58,2048,jpeg70,robust,1.0,2.2973,2.2674,4.5647
COCO,58,2048,jpeg50,robust,0.926758,2.2973,2.2703,4.5676
COCO,58,2048,resize0.5,robust,1.0,2.2973,2.2741,4.5714
COCO,58,2048,resize0.75,robust,1.0,2.2973,2.2657,4.5631
COCO,58,2048,resize1.25,robust,1.0,2.2973,2.2635,4.5608
COCO,58,2048,resize1.5,robust,1.0,2.2973,2.2646,4.5619
COCO,58,2048,gnoise01,robust,1.0,2.2973,2.2645,4.5618
COCO,58,2048,gnoise05,robust,0.903809,2.2973,2.2743,4.5716
COCO,58,2048,gnoise10,robust,0.78418,2.2973,2.2677,4.565
COCO,58,2048,gblur3,robust,1.0,2.2973,2.2709,4.5682
COCO,58,2048,gblur5,robust,1.0,2.2973,2.2722,4.5695
COCO,58,2048,gblur7,robust,0.882812,2.2973,2.2669,4.5642
COCO,58,2048,mblur3,robust,1.0,2.2973,2.2719,4.5692
COCO,58,2048,mblur5,robust,1.0,2.2973,2.2722,4.5695
COCO,58,2048,mblur7,robust,0.896973,2.2973,2.2683,4.5657
COCO,59,2048,clean,robust,1.0,2.3005,2.264,4.5645
COCO,59,2048,png,robust,1.0,2.3005,2.2642,4.5646
COCO,59,2048,jpeg90,robust,1.0,2.3005,2.2676,4.5681
COCO,59,2048,jpeg70,robust,1.0,2.3005,2.2701,4.5706
COCO,59,2048,jpeg50,robust,0.937012,2.3005,2.2649,4.5654
COCO,59,2048,resize0.5,robust,1.0,2.3005,2.2667,4.5672
COCO,59,2048,resize0.75,robust,1.0,2.3005,2.272,4.5725
COCO,59,2048,resize1.25,robust,1.0,2.3005,2.2653,4.5658
COCO,59,2048,resize1.5,robust,1.0,2.3005,2.2682,4.5687
COCO,59,2048,gnoise01,robust,1.0,2.3005,2.2688,4.5693
COCO,59,2048,gnoise05,robust,0.894043,2.3005,2.2638,4.5643
COCO,59,2048,gnoise10,robust,0.789062,2.3005,2.265,4.5655
COCO,59,2048,gblur3,robust,1.0,2.3005,2.2648,4.5653
COCO,59,2048,gblur5,robust,0.9375,2.3005,2.2729,4.5734
COCO,59,2048,gblur7,robust,0.885742,2.3005,2.2709,4.5714
COCO,59,2048,mblur3,robust,1.0,2.3005,2.2655,4.5659
COCO,59,2048,mblur5,robust,1.0,2.3005,2.2664,4.5669
COCO,59,2048,mblur7,robust,0.92627,2.3005,2.2656,4.5661
COCO,60,2048,clean,robust,1.0,2.3042,2.2684,4.5725
COCO,60,2048,png,robust,1.0,2.3042,2.2699,4.5741
COCO,60,2048,jpeg90,robust,1.0,2.3042,2.2652,4.5693
COCO,60,2048,jpeg70,robust,1.0,2.3042,2.2676,4.5718
COCO,60,2048,jpeg50,robust,1.0,2.3042,2.2675,4.5717
COCO,60,2048,resize0.5,robust,1.0,2.3042,2.2686,4.5728
COCO,60,2048,resize0.75,robust,1.0,2.3042,2.2707,4.5749
COCO,60,2048,resize1.25,robust,1.0,2.3042,2.2701,4.5742
COCO,60,2048,resize1.5,robust,1.0,2.3042,2.2642,4.5684
COCO,60,2048,gnoise01,robust,1.0,2.3042,2.268,4.5722
COCO,60,2048,gnoise05,robust,1.0,2.3042,2.2674,4.5716
COCO,60,2048,gnoise10,robust,1.0,2.3042,2.2711,4.5753
COCO,60,2048,gblur3,robust,1.0,2.3042,2.2691,4.5733
COCO,60,2048,gblur5,robust,1.0,2.3042,2.267,4.5711
COCO,60,2048,gblur7,robust,0.910645,2.3042,2.2727,4.5768
COCO,60,2048,mblur3,robust,1.0,2.3042,2.2668,4.5709
COCO,60,2048,mblur5,robust,1.0,2.3042,2.2671,4.5713
COCO,60,2048,mblur7,robust,0.921875,2.3042,2.2706,4.5748
COCO,61,2048,clean,robust,1.0,2.2975,2.2662,4.5637
COCO,61,2048,png,robust,1.0,2.2975,2.2672,4.5647
COCO,61,2048,jpeg90,robust,1.0,2.2975,2.2662,4.5637
COCO,61,2048,jpeg70,robust,0.90625,2.2975,2.2696,4.5671
COCO,61,2048,jpeg50,robust,0.866699,2.2975,2.2705,4.568
COCO,61,2048,resize0.5,robust,0.908691,2.2975,2.2744,4.5719
COCO,61,2048,resize0.75,robust,1.0,2.2975,2.2686,4.5661
COCO,61,2048,resize1.25,robust,1.0,2.2975,2.2676,4.5651
COCO,61,2048,resize1.5,robust,1.0,2.2975,2.2671,4.5646
COCO,61,2048,gnoise01,robust,1.0,2.2975,2.272,4.5695
COCO,61,2048,gnoise05,robust,0.835449,2.2975,2.2719,4.5694
COCO,61,2048,gnoise10,robust,0.751953,2.2975,2.2634,4.5609
COCO,61,2048,gblur3,robust,0.92041,2.2975,2.266,4.5635
COCO,61,2048,gblur5,robust,0.859375,2.2975,2.2645,4.562
COCO,61,2048,gblur7,robust,0.795898,2.2975,2.2642,4.5617
COCO,61,2048,mblur3,robust,0.915527,2.2975,2.2691,4.5666
COCO,61,2048,mblur5,robust,0.88916,2.2975,2.2664,4.5639
COCO,61,2048,mblur7,robust,0.839355,2.2975,2.266,4.5635
COCO,62,2048,clean,robust,1.0,2.2977,2.2661,4.5639
COCO,62,2048,png,robust,1.0,2.2977,2.2746,4.5723
COCO,62,2048,jpeg90,robust,1.0,2.2977,2.2796,4.5773
COCO,62,2048,jpeg70,robust,1.0,2.2977,2.2805,4.5782
COCO,62,2048,jpeg50,robust,1.0,2.2977,2.2744,4.5721
COCO,62,2048,resize0.5,robust,1.0,2.2977,2.2649,4.5626
COCO,62,2048,resize0.75,robust,1.0,2.2977,2.2674,4.5651
COCO,62,2048,resize1.25,robust,1.0,2.2977,2.2699,4.5676
COCO,62,2048,resize1.5,robust,1.0,2.2977,2.2704,4.5681
COCO,62,2048,gnoise01,robust,1.0,2.2977,2.265,4.5627
COCO,62,2048,gnoise05,robust,0.898438,2.2977,2.2651,4.5628
COCO,62,2048,gnoise10,robust,0.811523,2.2977,2.2648,4.5625
COCO,62,2048,gblur3,robust,1.0,2.2977,2.2731,4.5708
COCO,62,2048,gblur5,robust,0.922363,2.2977,2.2683,4.566
COCO,62,2048,gblur7,robust,0.879883,2.2977,2.2671,4.5648
COCO,62,2048,mblur3,robust,1.0,2.2977,2.2665,4.5642
COCO,62,2048,mblur5,robust,1.0,2.2977,2.2703,4.568
COCO,62,2048,mblur7,robust,0.90332,2.2977,2.2657,4.5634
COCO,63,2048,clean,robust,1.0,2.2975,2.2684,4.5659
COCO,63,2048,png,robust,1.0,2.2975,2.2682,4.5657
COCO,63,2048,jpeg90,robust,1.0,2.2975,2.2648,4.5623
COCO,63,2048,jpeg70,robust,1.0,2.2975,2.2657,4.5632
COCO,63,2048,jpeg50,robust,0.912598,2.2975,2.2646,4.5621
COCO,63,2048,resize0.5,robust,1.0,2.2975,2.2664,4.5639
COCO,63,2048,resize0.75,robust,1.0,2.2975,2.2699,4.5674
COCO,63,2048,resize1.25,robust,1.0,2.2975,2.265,4.5625
COCO,63,2048,resize1.5,robust,1.0,2.2975,2.2649,4.5624
COCO,63,2048,gnoise01,robust,1.0,2.2975,2.265,4.5625
COCO,63,2048,gnoise05,robust,0.899414,2.2975,2.2652,4.5627
COCO,63,2048,gnoise10,robust,0.803223,2.2975,2.2755,4.5729
COCO,63,2048,gblur3,robust,1.0,2.2975,2.2729,4.5704
COCO,63,2048,gblur5,robust,0.908203,2.2975,2.2669,4.5644
COCO,63,2048,gblur7,robust,0.865234,2.2975,2.2654,4.5629
COCO,63,2048,mblur3,robust,1.0,2.2975,2.2692,4.5667
COCO,63,2048,mblur5,robust,0.916504,2.2975,2.2666,4.5641
COCO,63,2048,mblur7,robust,0.874023,2.2975,2.2685,4.566
COCO,64,2048,clean,robust,1.0,2.2931,2.2644,4.5575
COCO,64,2048,png,robust,1.0,2.2931,2.264,4.5572
COCO,64,2048,jpeg90,robust,1.0,2.2931,2.268,4.5611
COCO,64,2048,jpeg70,robust,0.92041,2.2931,2.2719,4.5651
COCO,64,2048,jpeg50,robust,0.895508,2.2931,2.2735,4.5666
COCO,64,2048,resize0.5,robust,1.0,2.2931,2.2675,4.5607
COCO,64,2048,resize0.75,robust,1.0,2.2931,2.2647,4.5578
COCO,64,2048,resize1.25,robust,1.0,2.2931,2.2671,4.5603
COCO,64,2048,resize1.5,robust,1.0,2.2931,2.2685,4.5616
COCO,64,2048,gnoise01,robust,1.0,2.2931,2.2712,4.5643
COCO,64,2048,gnoise05,robust,0.853516,2.2931,2.269,4.5622
COCO,64,2048,gnoise10,robust,0.787598,2.2931,2.2653,4.5584
COCO,64,2048,gblur3,robust,1.0,2.2931,2.2642,4.5574
COCO,64,2048,gblur5,robust,1.0,2.2931,2.2659,4.5591
COCO,64,2048,gblur7,robust,0.892578,2.2931,2.2639,4.557
COCO,64,2048,mblur3,robust,1.0,2.2931,2.267,4.5602
COCO,64,2048,mblur5,robust,1.0,2.2931,2.2643,4.5575
COCO,64,2048,mblur7,robust,0.930176,2.2931,2.2625,4.5557
COCO,65,2048,clean,robust,1.0,2.2991,2.264,4.5631
COCO,65,2048,png,robust,1.0,2.2991,2.2712,4.5703
COCO,65,2048,jpeg90,robust,1.0,2.2991,2.2665,4.5656
COCO,65,2048,jpeg70,robust,1.0,2.2991,2.2692,4.5683
COCO,65,2048,jpeg50,robust,0.921875,2.2991,2.2695,4.5687
COCO,65,2048,resize0.5,robust,1.0,2.2991,2.2685,4.5676
COCO,65,2048,resize0.75,robust,1.0,2.2991,2.2661,4.5653
COCO,65,2048,resize1.25,robust,1.0,2.2991,2.2672,4.5664
COCO,65,2048,resize1.5,robust,1.0,2.2991,2.2691,4.5682
COCO,65,2048,gnoise01,robust,1.0,2.2991,2.2634,4.5625
COCO,65,2048,gnoise05,robust,0.921387,2.2991,2.2658,4.565
COCO,65,2048,gnoise10,robust,0.881348,2.2991,2.265,4.5641
COCO,65,2048,gblur3,robust,1.0,2.2991,2.2668,4.566
COCO,65,2048,gblur5,robust,0.908691,2.2991,2.2684,4.5676
COCO,65,2048,gblur7,robust,0.85498,2.2991,2.2688,4.5679
COCO,65,2048,mblur3,robust,1.0,2.2991,2.2668,4.566
COCO,65,2048,mblur5,robust,0.915527,2.2991,2.2647,4.5639
COCO,65,2048,mblur7,robust,0.883301,2.2991,2.2719,4.571
COCO,66,2048,clean,robust,1.0,2.2997,2.2703,4.57
COCO,66,2048,png,robust,1.0,2.2997,2.2671,4.5668
COCO,66,2048,jpeg90,robust,1.0,2.2997,2.2652,4.5649
COCO,66,2048,jpeg70,robust,1.0,2.2997,2.263,4.5627
COCO,66,2048,jpeg50,robust,1.0,2.2997,2.2632,4.5629
COCO,66,2048,resize0.5,robust,1.0,2.2997,2.2654,4.565
COCO,66,2048,resize0.75,robust,1.0,2.2997,2.2712,4.5709
COCO,66,2048,resize1.25,robust,1.0,2.2997,2.2671,4.5668
COCO,66,2048,resize1.5,robust,1.0,2.2997,2.2654,4.565
COCO,66,2048,gnoise01,robust,1.0,2.2997,2.2723,4.572
COCO,66,2048,gnoise05,robust,1.0,2.2997,2.2676,4.5673
COCO,66,2048,gnoise10,robust,0.92041,2.2997,2.269,4.5687
COCO,66,2048,gblur3,robust,1.0,2.2997,2.2684,4.5681
COCO,66,2048,gblur5,robust,1.0,2.2997,2.2682,4.5679
COCO,66,2048,gblur7,robust,0.891602,2.2997,2.267,4.5666
COCO,66,2048,mblur3,robust,1.0,2.2997,2.2651,4.5648
COCO,66,2048,mblur5,robust,1.0,2.2997,2.2736,4.5733
COCO,66,2048,mblur7,robust,0.912109,2.2997,2.2691,4.5688
COCO,67,2048,clean,robust,1.0,2.2957,2.2678,4.5636
COCO,67,2048,png,robust,1.0,2.2957,2.2701,4.5658
COCO,67,2048,jpeg90,robust,1.0,2.2957,2.2694,4.5651
COCO,67,2048,jpeg70,robust,0.850098,2.2957,2.2669,4.5627
COCO,67,2048,jpeg50,robust,0.752441,2.2957,2.2704,4.5662
COCO,67,2048,resize0.5,robust,0.930176,2.2957,2.2686,4.5643
COCO,67,2048,resize0.75,robust,1.0,2.2957,2.2662,4.5619
COCO,67,2048,resize1.25,robust,1.0,2.2957,2.2653,4.561
COCO,67,2048,resize1.5,robust,1.0,2.2957,2.2644,4.5601
COCO,67,2048,gnoise01,robust,0.929199,2.2957,2.2703,4.566
COCO,67,2048,gnoise05,robust,0.723145,2.2957,2.2703,4.566
COCO,67,2048,gnoise10,robust,0.649414,2.2957,2.265,4.5607
COCO,67,2048,gblur3,robust,0.931152,2.2957,2.2653,4.561
COCO,67,2048,gblur5,robust,0.866211,2.2957,2.2651,4.5608
COCO,67,2048,gblur7,robust,0.803711,2.2957,2.2671,4.5628
COCO,67,2048,mblur3,robust,0.924316,2.2957,2.2724,4.5682
COCO,67,2048,mblur5,robust,0.869629,2.2957,2.271,4.5667
COCO,67,2048,mblur7,robust,0.805176,2.2957,2.2691,4.5648
COCO,68,2048,clean,robust,1.0,2.2949,2.2639,4.5588
COCO,68,2048,png,robust,1.0,2.2949,2.2647,4.5595
COCO,68,2048,jpeg90,robust,1.0,2.2949,2.2701,4.565
COCO,68,2048,jpeg70,robust,1.0,2.2949,2.2682,4.5631
COCO,68,2048,jpeg50,robust,0.910645,2.2949,2.2649,4.5598
COCO,68,2048,resize0.5,robust,1.0,2.2949,2.2702,4.565
COCO,68,2048,resize0.75,robust,1.0,2.2949,2.2659,4.5608
COCO,68,2048,resize1.25,robust,1.0,2.2949,2.2666,4.5615
COCO,68,2048,resize1.5,robust,1.0,2.2949,2.2692,4.564
COCO,68,2048,gnoise01,robust,1.0,2.2949,2.267,4.5619
COCO,68,2048,gnoise05,robust,0.814941,2.2949,2.2682,4.5631
COCO,68,2048,gnoise10,robust,0.720703,2.2949,2.2649,4.5598
COCO,68,2048,gblur3,robust,1.0,2.2949,2.2637,4.5585
COCO,68,2048,gblur5,robust,0.913574,2.2949,2.2704,4.5653
COCO,68,2048,gblur7,robust,0.854004,2.2949,2.2677,4.5626
COCO,68,2048,mblur3,robust,1.0,2.2949,2.267,4.5619
COCO,68,2048,mblur5,robust,0.919434,2.2949,2.2656,4.5604
COCO,68,2048,mblur7,robust,0.880371,2.2949,2.2671,4.562
COCO,69,2048,clean,robust,1.0,2.2975,2.2697,4.5672
COCO,69,2048,png,robust,1.0,2.2975,2.2687,4.5662
COCO,69,2048,jpeg90,robust,1.0,2.2975,2.2704,4.5679
COCO,69,2048,jpeg70,robust,1.0,2.2975,2.2726,4.5701
COCO,69,2048,jpeg50,robust,1.0,2.2975,2.2714,4.5689
COCO,69,2048,resize0.5,robust,1.0,2.2975,2.2742,4.5717
COCO,69,2048,resize0.75,robust,1.0,2.2975,2.2846,4.5821
COCO,69,2048,resize1.25,robust,1.0,2.2975,2.2679,4.5654
COCO,69,2048,resize1.5,robust,1.0,2.2975,2.2663,4.5638
COCO,69,2048,gnoise01,robust,1.0,2.2975,2.2673,4.5648
COCO,69,2048,gnoise05,robust,0.925293,2.2975,2.2683,4.5658
COCO,69,2048,gnoise10,robust,0.883301,2.2975,2.2749,4.5724
COCO,69,2048,gblur3,robust,1.0,2.2975,2.274,4.5715
COCO,69,2048,gblur5,robust,0.911621,2.2975,2.2668,4.5642
COCO,69,2048,gblur7,robust,0.860352,2.2975,2.2681,4.5655
COCO,69,2048,mblur3,robust,1.0,2.2975,2.2715,4.569
COCO,69,2048,mblur5,robust,0.928711,2.2975,2.2749,4.5724
COCO,69,2048,mblur7,robust,0.89502,2.2975,2.2801,4.5776
COCO,70,2048,clean,robust,1.0,2.2966,2.2735,4.5701
COCO,70,2048,png,robust,1.0,2.2966,2.2696,4.5662
COCO,70,2048,jpeg90,robust,1.0,2.2966,2.2697,4.5663
COCO,70,2048,jpeg70,robust,0.927734,2.2966,2.2696,4.5662
COCO,70,2048,jpeg50,robust,0.921875,2.2966,2.281,4.5775
COCO,70,2048,resize0.5,robust,1.0,2.2966,2.2701,4.5667
COCO,70,2048,resize0.75,robust,1.0,2.2966,2.2689,4.5654
COCO,70,2048,resize1.25,robust,1.0,2.2966,2.269,4.5655
COCO,70,2048,resize1.5,robust,1.0,2.2966,2.2679,4.5644
COCO,70,2048,gnoise01,robust,1.0,2.2966,2.2809,4.5775
COCO,70,2048,gnoise05,robust,0.911621,2.2966,2.2749,4.5714
COCO,70,2048,gnoise10,robust,0.870117,2.2966,2.268,4.5646
COCO,70,2048,gblur3,robust,1.0,2.2966,2.2699,4.5664
COCO,70,2048,gblur5,robust,0.903809,2.2966,2.2701,4.5667
COCO,70,2048,gblur7,robust,0.844238,2.2966,2.2777,4.5742
COCO,70,2048,mblur3,robust,1.0,2.2966,2.2817,4.5783
COCO,70,2048,mblur5,robust,0.905273,2.2966,2.268,4.5645
COCO,70,2048,mblur7,robust,0.867676,2.2966,2.2674,4.564
COCO,71,2048,clean,robust,1.0,2.3025,2.2697,4.5722
COCO,71,2048,png,robust,1.0,2.3025,2.2727,4.5752
COCO,71,2048,jpeg90,robust,1.0,2.3025,2.2787,4.5812
COCO,71,2048,jpeg70,robust,0.914551,2.3025,2.2671,4.5695
COCO,71,2048,jpeg50,robust,0.893555,2.3025,2.2672,4.5697
COCO,71,2048,resize0.5,robust,1.0,2.3025,2.2712,4.5736
COCO,71,2048,resize0.75,robust,1.0,2.3025,2.2695,4.5719
COCO,71,2048,resize1.25,robust,1.0,2.3025,2.2761,4.5786
COCO,71,2048,resize1.5,robust,1.0,2.3025,2.28,4.5825
COCO,71,2048,gnoise01,robust,1.0,2.3025,2.2712,4.5737
COCO,71,2048,gnoise05,robust,0.854004,2.3025,2.2694,4.5719
COCO,71,2048,gnoise10,robust,0.780273,2.3025,2.2666,4.5691
COCO,71,2048,gblur3,robust,1.0,2.3025,2.2707,4.5732
COCO,71,2048,gblur5,robust,0.915039,2.3025,2.277,4.5795
COCO,71,2048,gblur7,robust,0.86084,2.3025,2.2672,4.5697
COCO,71,2048,mblur3,robust,1.0,2.3025,2.2719,4.5743
COCO,71,2048,mblur5,robust,0.919434,2.3025,2.2683,4.5708
COCO,71,2048,mblur7,robust,0.889648,2.3025,2.271,4.5734
COCO,72,2048,clean,robust,1.0,2.2976,2.2769,4.5745
COCO,72,2048,png,robust,1.0,2.2976,2.2669,4.5645
COCO,72,2048,jpeg90,robust,1.0,2.2976,2.2674,4.565
COCO,72,2048,jpeg70,robust,1.0,2.2976,2.2743,4.5719
COCO,72,2048,jpeg50,robust,1.0,2.2976,2.2714,4.569
COCO,72,2048,resize0.5,robust,1.0,2.2976,2.2726,4.5702
COCO,72,2048,resize0.75,robust,1.0,2.2976,2.2698,4.5673
COCO,72,2048,resize1.25,robust,1.0,2.2976,2.2689,4.5665
COCO,72,2048,resize1.5,robust,1.0,2.2976,2.2659,4.5635
COCO,72,2048,gnoise01,robust,1.0,2.2976,2.2643,4.5619
COCO,72,2048,gnoise05,robust,0.899414,2.2976,2.2642,4.5618
COCO,72,2048,gnoise10,robust,0.785645,2.2976,2.2711,4.5686
COCO,72,2048,gblur3,robust,1.0,2.2976,2.2684,4.566
COCO,72,2048,gblur5,robust,0.919434,2.2976,2.2663,4.5639
COCO,72,2048,gblur7,robust,0.847168,2.2976,2.2656,4.5632
COCO,72,2048,mblur3,robust,1.0,2.2976,2.267,4.5646
COCO,72,2048,mblur5,robust,0.929688,2.2976,2.2761,4.5737
COCO,72,2048,mblur7,robust,0.890137,2.2976,2.2708,4.5684
COCO,73,2048,clean,robust,1.0,2.2953,2.2715,4.5668
COCO,73,2048,png,robust,1.0,2.2953,2.2684,4.5637
COCO,73,2048,jpeg90,robust,1.0,2.2953,2.2665,4.5618
COCO,73,2048,jpeg70,robust,1.0,2.2953,2.2726,4.568
COCO,73,2048,jpeg50,robust,0.92627,2.2953,2.2748,4.5701
COCO,73,2048,resize0.5,robust,1.0,2.2953,2.2649,4.5602
COCO,73,2048,resize0.75,robust,1.0,2.2953,2.2713,4.5666
COCO,73,2048,resize1.25,robust,1.0,2.2953,2.267,4.5624
COCO,73,2048,resize1.5,robust,1.0,2.2953,2.2677,4.5631
COCO,73,2048,gnoise01,robust,1.0,2.2953,2.2795,4.5748
COCO,73,2048,gnoise05,robust,0.893555,2.2953,2.2707,4.566
COCO,73,2048,gnoise10,robust,0.814941,2.2953,2.2738,4.5691
COCO,73,2048,gblur3,robust,1.0,2.2953,2.2701,4.5655
COCO,73,2048,gblur5,robust,0.930664,2.2953,2.2681,4.5634
COCO,73,2048,gblur7,robust,0.888184,2.2953,2.273,4.5683
COCO,73,2048,mblur3,robust,1.0,2.2953,2.2778,4.5732
COCO,73,2048,mblur5,robust,1.0,2.2953,2.2679,4.5633
COCO,73,2048,mblur7,robust,0.930664,2.2953,2.2667,4.562
COCO,74,2048,clean,robust,1.0,2.2953,2.265,4.5603
COCO,74,2048,png,robust,1.0,2.2953,2.2723,4.5676
COCO,74,2048,jpeg90,robust,1.0,2.2953,2.2763,4.5716
COCO,74,2048,jpeg70,robust,1.0,2.2953,2.2657,4.561
COCO,74,2048,jpeg50,robust,1.0,2.2953,2.2675,4.5628
COCO,74,2048,resize0.5,robust,1.0,2.2953,2.2654,4.5607
COCO,74,2048,resize0.75,robust,1.0,2.2953,2.2687,4.564
COCO,74,2048,resize1.25,robust,1.0,2.2953,2.2707,4.566
COCO,74,2048,resize1.5,robust,1.0,2.2953,2.2676,4.5629
COCO,74,2048,gnoise01,robust,1.0,2.2953,2.263,4.5583
COCO,74,2048,gnoise05,robust,0.927734,2.2953,2.2689,4.5642
COCO,74,2048,gnoise10,robust,0.87793,2.2953,2.2661,4.5614
COCO,74,2048,gblur3,robust,1.0,2.2953,2.267,4.5623
COCO,74,2048,gblur5,robust,1.0,2.2953,2.2761,4.5714
COCO,74,2048,gblur7,robust,0.88916,2.2953,2.2688,4.5641
COCO,74,2048,mblur3,robust,1.0,2.2953,2.2655,4.5608
COCO,74,2048,mblur5,robust,1.0,2.2953,2.2693,4.5646
COCO,74,2048,mblur7,robust,0.904785,2.2953,2.2692,4.5645
COCO,75,2048,clean,robust,1.0,2.2966,2.28,4.5766
COCO,75,2048,png,robust,1.0,2.2966,2.2761,4.5726
COCO,75,2048,jpeg90,robust,1.0,2.2966,2.2653,4.5619
COCO,75,2048,jpeg70,robust,1.0,2.2966,2.269,4.5656
COCO,75,2048,jpeg50,robust,1.0,2.2966,2.2698,4.5664
COCO,75,2048,resize0.5,robust,1.0,2.2966,2.276,4.5725
COCO,75,2048,resize0.75,robust,1.0,2.2966,2.2711,4.5677
COCO,75,2048,resize1.25,robust,1.0,2.2966,2.2681,4.5647
COCO,75,2048,resize1.5,robust,1.0,2.2966,2.2654,4.5619
COCO,75,2048,gnoise01,robust,1.0,2.2966,2.2647,4.5613
COCO,75,2048,gnoise05,robust,1.0,2.2966,2.2674,4.5639
COCO,75,2048,gnoise10,robust,0.918457,2.2966,2.2746,4.5711
COCO,75,2048,gblur3,robust,1.0,2.2966,2.2677,4.5643
COCO,75,2048,gblur5,robust,0.914062,2.2966,2.2658,4.5624
COCO,75,2048,gblur7,robust,0.869141,2.2966,2.2655,4.5621
COCO,75,2048,mblur3,robust,0.907227,2.2966,2.2699,4.5665
COCO,75,2048,mblur5,robust,0.883789,2.2966,2.2728,4.5693
COCO,75,2048,mblur7,robust,0.838379,2.2966,2.2683,4.5649
COCO,76,2048,clean,robust,1.0,2.3056,2.2703,4.5759
COCO,76,2048,png,robust,1.0,2.3056,2.2658,4.5714
COCO,76,2048,jpeg90,robust,1.0,2.3056,2.2693,4.5749
COCO,76,2048,jpeg70,robust,0.921875,2.3056,2.2702,4.5758
COCO,76,2048,jpeg50,robust,0.900879,2.3056,2.2716,4.5772
COCO,76,2048,resize0.5,robust,1.0,2.3056,2.2667,4.5723
COCO,76,2048,resize0.75,robust,1.0,2.3056,2.2739,4.5795
COCO,76,2048,resize1.25,robust,1.0,2.3056,2.2747,4.5803
COCO,76,2048,resize1.5,robust,1.0,2.3056,2.272,4.5776
COCO,76,2048,gnoise01,robust,1.0,2.3056,2.281,4.5866
COCO,76,2048,gnoise05,robust,0.905273,2.3056,2.2668,4.5724
COCO,76,2048,gnoise10,robust,0.865234,2.3056,2.2645,4.5701
COCO,76,2048,gblur3,robust,1.0,2.3056,2.2655,4.5711
COCO,76,2048,gblur5,robust,0.918945,2.3056,2.2672,4.5728
COCO,76,2048,gblur7,robust,0.875977,2.3056,2.2667,4.5723
COCO,76,2048,mblur3,robust,1.0,2.3056,2.2701,4.5757
COCO,76,2048,mblur5,robust,0.924316,2.3056,2.265,4.5706
COCO,76,2048,mblur7,robust,0.910156,2.3056,2.2688,4.5744
COCO,77,2048,clean,robust,1.0,2.2989,2.2669,4.5658
COCO,77,2048,png,robust,1.0,2.2989,2.2684,4.5673
COCO,77,2048,jpeg90,robust,1.0,2.2989,2.2714,4.5703
COCO,77,2048,jpeg70,robust,1.0,2.2989,2.2681,4.567
COCO,77,2048,jpeg50,robust,0.927246,2.2989,2.2656,4.5645
COCO,77,2048,resize0.5,robust,1.0,2.2989,2.271,4.5699
COCO,77,2048,resize0.75,robust,1.0,2.2989,2.2691,4.568
COCO,77,2048,resize1.25,robust,1.0,2.2989,2.2722,4.5712
COCO,77,2048,resize1.5,robust,1.0,2.2989,2.2696,4.5685
COCO,77,2048,gnoise01,robust,1.0,2.2989,2.267,4.566
COCO,77,2048,gnoise05,robust,0.921875,2.2989,2.2685,4.5675
COCO,77,2048,gnoise10,robust,0.864746,2.2989,2.2656,4.5646
COCO,77,2048,gblur3,robust,1.0,2.2989,2.2767,4.5756
COCO,77,2048,gblur5,robust,0.90625,2.2989,2.273,4.5719
COCO,77,2048,gblur7,robust,0.849121,2.2989,2.2682,4.5672
COCO,77,2048,mblur3,robust,1.0,2.2989,2.2694,4.5683
COCO,77,2048,mblur5,robust,0.915527,2.2989,2.2743,4.5732
COCO,77,2048,mblur7,robust,0.864258,2.2989,2.2703,4.5692
COCO,78,2048,clean,robust,1.0,2.2963,2.2701,4.5664
COCO,78,2048,png,robust,1.0,2.2963,2.265,4.5612
COCO,78,2048,jpeg90,robust,1.0,2.2963,2.2662,4.5625
COCO,78,2048,jpeg70,robust,0.922852,2.2963,2.2663,4.5626
COCO,78,2048,jpeg50,robust,0.911133,2.2963,2.2665,4.5627
COCO,78,2048,resize0.5,robust,1.0,2.2963,2.2721,4.5683
COCO,78,2048,resize0.75,robust,1.0,2.2963,2.2696,4.5658
COCO,78,2048,resize1.25,robust,1.0,2.2963,2.2658,4.562
COCO,78,2048,resize1.5,robust,1.0,2.2963,2.2655,4.5617
COCO,78,2048,gnoise01,robust,1.0,2.2963,2.2726,4.5689
COCO,78,2048,gnoise05,robust,0.907227,2.2963,2.2711,4.5674
COCO,78,2048,gnoise10,robust,0.861328,2.2963,2.2763,4.5726
COCO,78,2048,gblur3,robust,1.0,2.2963,2.267,4.5633
COCO,78,2048,gblur5,robust,0.91748,2.2963,2.2642,4.5605
COCO,78,2048,gblur7,robust,0.868652,2.2963,2.2671,4.5633
COCO,78,2048,mblur3,robust,1.0,2.2963,2.2664,4.5627
COCO,78,2048,mblur5,robust,0.916504,2.2963,2.2744,4.5707
COCO,78,2048,mblur7,robust,0.883301,2.2963,2.2687,4.5649
COCO,79,2048,clean,robust,1.0,2.295,2.2653,4.5603
COCO,79,2048,png,robust,1.0,2.295,2.2657,4.5608
COCO,79,2048,jpeg90,robust,1.0,2.295,2.2642,4.5592
COCO,79,2048,jpeg70,robust,1.0,2.295,2.2736,4.5686
COCO,79,2048,jpeg50,robust,0.919922,2.295,2.2734,4.5685
COCO,79,2048,resize0.5,robust,1.0,2.295,2.2739,4.569
COCO,79,2048,resize0.75,robust,1.0,2.295,2.2742,4.5693
COCO,79,2048,resize1.25,robust,1.0,2.295,2.2688,4.5638
COCO,79,2048,resize1.5,robust,1.0,2.295,2.2678,4.5629
COCO,79,2048,gnoise01,robust,1.0,2.295,2.2781,4.5731
COCO,79,2048,gnoise05,robust,0.909668,2.295,2.2667,4.5618
COCO,79,2048,gnoise10,robust,0.851074,2.295,2.2666,4.5616
COCO,79,2048,gblur3,robust,1.0,2.295,2.2673,4.5624
COCO,79,2048,gblur5,robust,0.924805,2.295,2.2654,4.5605
COCO,79,2048,gblur7,robust,0.875,2.295,2.2726,4.5677
COCO,79,2048,mblur3,robust,1.0,2.295,2.2738,4.5688
COCO,79,2048,mblur5,robust,1.0,2.295,2.2688,4.5638
COCO,79,2048,mblur7,robust,0.913086,2.295,2.2668,4.5618
COCO,80,2048,clean,robust,1.0,2.2971,2.2707,4.5678
COCO,80,2048,png,robust,1.0,2.2971,2.2744,4.5715
COCO,80,2048,jpeg90,robust,1.0,2.2971,2.2792,4.5763
COCO,80,2048,jpeg70,robust,1.0,2.2971,2.2665,4.5636
COCO,80,2048,jpeg50,robust,1.0,2.2971,2.2761,4.5732
COCO,80,2048,resize0.5,robust,1.0,2.2971,2.2691,4.5662
COCO,80,2048,resize0.75,robust,1.0,2.2971,2.2708,4.5679
COCO,80,2048,resize1.25,robust,1.0,2.2971,2.2739,4.571
COCO,80,2048,resize1.5,robust,1.0,2.2971,2.2715,4.5686
COCO,80,2048,gnoise01,robust,1.0,2.2971,2.2648,4.562
COCO,80,2048,gnoise05,robust,1.0,2.2971,2.2731,4.5702
COCO,80,2048,gnoise10,robust,0.884766,2.2971,2.2705,4.5676
COCO,80,2048,gblur3,robust,1.0,2.2971,2.2716,4.5688
COCO,80,2048,gblur5,robust,0.929199,2.2971,2.277,4.5741
COCO,80,2048,gblur7,robust,0.881348,2.2971,2.2777,4.5748
COCO,80,2048,mblur3,robust,1.0,2.2971,2.2738,4.5709
COCO,80,2048,mblur5,robust,0.932617,2.2971,2.2728,4.5699
COCO,80,2048,mblur7,robust,0.911621,2.2971,2.2724,4.5695
COCO,81,2048,clean,robust,1.0,2.2994,2.2779,4.5773
COCO,81,2048,png,robust,1.0,2.2994,2.267,4.5664
COCO,81,2048,jpeg90,robust,1.0,2.2994,2.2692,4.5685
COCO,81,2048,jpeg70,robust,1.0,2.2994,2.2697,4.5691
COCO,81,2048,jpeg50,robust,1.0,2.2994,2.2735,4.5728
COCO,81,2048,resize0.5,robust,1.0,2.2994,2.2774,4.5768
COCO,81,2048,resize0.75,robust,1.0,2.2994,2.2722,4.5716
COCO,81,2048,resize1.25,robust,1.0,2.2994,2.2667,4.566
COCO,81,2048,resize1.5,robust,1.0,2.2994,2.2674,4.5668
COCO,81,2048,gnoise01,robust,1.0,2.2994,2.2675,4.5669
COCO,81,2048,gnoise05,robust,1.0,2.2994,2.2733,4.5727
COCO,81,2048,gnoise10,robust,0.908203,2.2994,2.275,4.5744
COCO,81,2048,gblur3,robust,1.0,2.2994,2.2682,4.5676
COCO,81,2048,gblur5,robust,1.0,2.2994,2.2683,4.5676
COCO,81,2048,gblur7,robust,0.895508,2.2994,2.2692,4.5686
COCO,81,2048,mblur3,robust,1.0,2.2994,2.2659,4.5653
COCO,81,2048,mblur5,robust,1.0,2.2994,2.2777,4.577
COCO,81,2048,mblur7,robust,0.922852,2.2994,2.2659,4.5653
COCO,82,2048,clean,robust,1.0,2.3033,2.2649,4.5682
COCO,82,2048,png,robust,1.0,2.3033,2.2657,4.5691
COCO,82,2048,jpeg90,robust,1.0,2.3033,2.2659,4.5692
COCO,82,2048,jpeg70,robust,1.0,2.3033,2.2729,4.5763
COCO,82,2048,jpeg50,robust,0.927246,2.3033,2.2735,4.5769
COCO,82,2048,resize0.5,robust,1.0,2.3033,2.2655,4.5688
COCO,82,2048,resize0.75,robust,1.0,2.3033,2.2675,4.5708
COCO,82,2048,resize1.25,robust,1.0,2.3033,2.2664,4.5697
COCO,82,2048,resize1.5,robust,1.0,2.3033,2.2692,4.5725
COCO,82,2048,gnoise01,robust,1.0,2.3033,2.2694,4.5728
COCO,82,2048,gnoise05,robust,0.900879,2.3033,2.2642,4.5676
COCO,82,2048,gnoise10,robust,0.825684,2.3033,2.2646,4.5679
COCO,82,2048,gblur3,robust,1.0,2.3033,2.2641,4.5674
COCO,82,2048,gblur5,robust,0.928711,2.3033,2.2649,4.5683
COCO,82,2048,gblur7,robust,0.884766,2.3033,2.2715,4.5748
COCO,82,2048,mblur3,robust,1.0,2.3033,2.2739,4.5772
COCO,82,2048,mblur5,robust,1.0,2.3033,2.268,4.5713
COCO,82,2048,mblur7,robust,0.922852,2.3033,2.2673,4.5706
COCO,83,2048,clean,robust,1.0,2.3023,2.2673,4.5696
COCO,83,2048,png,robust,1.0,2.3023,2.2728,4.5751
COCO,83,2048,jpeg90,robust,1.0,2.3023,2.2761,4.5784
COCO,83,2048,jpeg70,robust,1.0,2.3023,2.2729,4.5752
COCO,83,2048,jpeg50,robust,1.0,2.3023,2.27,4.5723
COCO,83,2048,resize0.5,robust,1.0,2.3023,2.273,4.5753
COCO,83,2048,resize0.75,robust,1.0,2.3023,2.2661,4.5684
COCO,83,2048,resize1.25,robust,1.0,2.3023,2.2779,4.5803
COCO,83,2048,resize1.5,robust,1.0,2.3023,2.2693,4.5717
COCO,83,2048,gnoise01,robust,1.0,2.3023,2.2674,4.5698
COCO,83,2048,gnoise05,robust,1.0,2.3023,2.2679,4.5702
COCO,83,2048,gnoise10,robust,0.909668,2.3023,2.271,4.5733
COCO,83,2048,gblur3,robust,1.0,2.3023,2.2777,4.58
COCO,83,2048,gblur5,robust,0.910156,2.3023,2.2744,4.5768
COCO,83,2048,gblur7,robust,0.849609,2.3023,2.2671,4.5695
COCO,83,2048,mblur3,robust,1.0,2.3023,2.2678,4.5701
COCO,83,2048,mblur5,robust,0.919922,2.3023,2.2673,4.5696
COCO,83,2048,mblur7,robust,0.883789,2.3023,2.2724,4.5748
COCO,84,2048,clean,robust,1.0,2.2972,2.2769,4.5742
COCO,84,2048,png,robust,1.0,2.2972,2.2689,4.5661
COCO,84,2048,jpeg90,robust,1.0,2.2972,2.2681,4.5654
COCO,84,2048,jpeg70,robust,1.0,2.2972,2.268,4.5652
COCO,84,2048,jpeg50,robust,0.917969,2.2972,2.2682,4.5654
COCO,84,2048,resize0.5,robust,1.0,2.2972,2.2783,4.5755
COCO,84,2048,resize0.75,robust,1.0,2.2972,2.2733,4.5705
COCO,84,2048,resize1.25,robust,1.0,2.2972,2.2679,4.5651
COCO,84,2048,resize1.5,robust,1.0,2.2972,2.2679,4.5651
COCO,84,2048,gnoise01,robust,1.0,2.2972,2.2687,4.5659
COCO,84,2048,gnoise05,robust,0.873047,2.2972,2.2706,4.5678
COCO,84,2048,gnoise10,robust,0.791504,2.2972,2.2796,4.5768
COCO,84,2048,gblur3,robust,1.0,2.2972,2.273,4.5702
COCO,84,2048,gblur5,robust,0.907715,2.2972,2.2657,4.563
COCO,84,2048,gblur7,robust,0.842285,2.2972,2.2686,4.5658
COCO,84,2048,mblur3,robust,1.0,2.2972,2.2712,4.5684
COCO,84,2048,mblur5,robust,0.908691,2.2972,2.2798,4.5771
COCO,84,2048,mblur7,robust,0.866211,2.2972,2.2665,4.5637
COCO,85,2048,clean,robust,1.0,2.2989,2.2693,4.5682
COCO,85,2048,png,robust,1.0,2.2989,2.2763,4.5752
COCO,85,2048,jpeg90,robust,1.0,2.2989,2.2652,4.5641
COCO,85,2048,jpeg70,robust,1.0,2.2989,2.2715,4.5704
COCO,85,2048,jpeg50,robust,1.0,2.2989,2.2685,4.5674
COCO,85,2048,resize0.5,robust,1.0,2.2989,2.2667,4.5656
COCO,85,2048,resize0.75,robust,1.0,2.2989,2.265,4.5639
COCO,85,2048,resize1.25,robust,1.0,2.2989,2.2648,4.5637
COCO,85,2048,resize1.5,robust,1.0,2.2989,2.2663,4.5652
COCO,85,2048,gnoise01,robust,1.0,2.2989,2.2696,4.5685
COCO,85,2048,gnoise05,robust,1.0,2.2989,2.27,4.569
COCO,85,2048,gnoise10,robust,0.877441,2.2989,2.2696,4.5685
COCO,85,2048,gblur3,robust,1.0,2.2989,2.269,4.5679
COCO,85,2048,gblur5,robust,1.0,2.2989,2.2679,4.5668
COCO,85,2048,gblur7,robust,0.902344,2.2989,2.2731,4.572
COCO,85,2048,mblur3,robust,1.0,2.2989,2.272,4.5709
COCO,85,2048,mblur5,robust,1.0,2.2989,2.2682,4.5671
COCO,85,2048,mblur7,robust,0.920898,2.2989,2.2662,4.5651
COCO,86,2048,clean,robust,1.0,2.2961,2.2681,4.5642
COCO,86,2048,png,robust,1.0,2.2961,2.2756,4.5717
COCO,86,2048,jpeg90,robust,1.0,2.2961,2.2735,4.5695
COCO,86,2048,jpeg70,robust,1.0,2.2961,2.2671,4.5632
COCO,86,2048,jpeg50,robust,0.916992,2.2961,2.2657,4.5618
COCO,86,2048,resize0.5,robust,1.0,2.2961,2.2644,4.5605
COCO,86,2048,resize0.75,robust,1.0,2.2961,2.2728,4.5689
COCO,86,2048,resize1.25,robust,1.0,2.2961,2.2799,4.576
COCO,86,2048,resize1.5,robust,1.0,2.2961,2.2701,4.5662
COCO,86,2048,gnoise01,robust,1.0,2.2961,2.2767,4.5728
COCO,86,2048,gnoise05,robust,0.886719,2.2961,2.2655,4.5616
COCO,86,2048,gnoise10,robust,0.826172,2.2961,2.2652,4.5612
COCO,86,2048,gblur3,robust,1.0,2.2961,2.2682,4.5642
COCO,86,2048,gblur5,robust,0.922852,2.2961,2.2673,4.5634
COCO,86,2048,gblur7,robust,0.879395,2.2961,2.2646,4.5607
COCO,86,2048,mblur3,robust,1.0,2.2961,2.2634,4.5595
COCO,86,2048,mblur5,robust,1.0,2.2961,2.2665,4.5626
COCO,86,2048,mblur7,robust,0.916992,2.2961,2.2675,4.5636
COCO,87,2048,clean,robust,1.0,2.3033,2.2745,4.5778
COCO,87,2048,png,robust,1.0,2.3033,2.2673,4.5705
COCO,87,2048,jpeg90,robust,1.0,2.3033,2.2671,4.5704
COCO,87,2048,jpeg70,robust,1.0,2.3033,2.27,4.5733
COCO,87,2048,jpeg50,robust,0.916504,2.3033,2.2655,4.5688
COCO,87,2048,resize0.5,robust,1.0,2.3033,2.2758,4.579
COCO,87,2048,resize0.75,robust,1.0,2.3033,2.269,4.5723
COCO,87,2048,resize1.25,robust,1.0,2.3033,2.2648,4.5681
COCO,87,2048,resize1.5,robust,1.0,2.3033,2.265,4.5683
COCO,87,2048,gnoise01,robust,1.0,2.3033,2.2676,4.5709
COCO,87,2048,gnoise05,robust,0.903809,2.3033,2.279,4.5822
COCO,87,2048,gnoise10,robust,0.85498,2.3033,2.274,4.5773
COCO,87,2048,gblur3,robust,1.0,2.3033,2.2645,4.5678
COCO,87,2048,gblur5,robust,0.918945,2.3033,2.2654,4.5686
COCO,87,2048,gblur7,robust,0.871094,2.3033,2.2651,4.5684
COCO,87,2048,mblur3,robust,1.0,2.3033,2.2658,4.569
COCO,87,2048,mblur5,robust,1.0,2.3033,2.2858,4.5891
COCO,87,2048,mblur7,robust,0.896973,2.3033,2.2695,4.5728
COCO,88,2048,clean,robust,1.0,2.298,2.2653,4.5633
COCO,88,2048,png,robust,1.0,2.298,2.265,4.563
COCO,88,2048,jpeg90,robust,1.0,2.298,2.2667,4.5647
COCO,88,2048,jpeg70,robust,0.912598,2.298,2.2753,4.5733
COCO,88,2048,jpeg50,robust,0.879883,2.298,2.2708,4.5687
COCO,88,2048,resize0.5,robust,1.0,2.298,2.2678,4.5658
COCO,88,2048,resize0.75,robust,1.0,2.298,2.2647,4.5627
COCO,88,2048,resize1.25,robust,1.0,2.298,2.2659,4.5639
COCO,88,2048,resize1.5,robust,1.0,2.298,2.2685,4.5664
COCO,88,2048,gnoise01,robust,1.0,2.298,2.2756,4.5735
COCO,88,2048,gnoise05,robust,0.816406,2.298,2.2657,4.5636
COCO,88,2048,gnoise10,robust,0.73877,2.298,2.265,4.563
COCO,88,2048,gblur3,robust,1.0,2.298,2.2679,4.5659
COCO,88,2048,gblur5,robust,0.912109,2.298,2.2675,4.5655
COCO,88,2048,gblur7,robust,0.853027,2.298,2.2752,4.5732
COCO,88,2048,mblur3,robust,1.0,2.298,2.2711,4.569
COCO,88,2048,mblur5,robust,0.902344,2.298,2.265,4.5629
COCO,88,2048,mblur7,robust,0.851562,2.298,2.2673,4.5653
COCO,89,2048,clean,robust,1.0,2.2954,2.268,4.5633
COCO,89,2048,png,robust,1.0,2.2954,2.2762,4.5715
COCO,89,2048,jpeg90,robust,1.0,2.2954,2.2703,4.5657
COCO,89,2048,jpeg70,robust,1.0,2.2954,2.2666,4.562
COCO,89,2048,jpeg50,robust,1.0,2.2954,2.2675,4.5629
COCO,89,2048,resize0.5,robust,1.0,2.2954,2.2672,4.5626
COCO,89,2048,resize0.75,robust,1.0,2.2954,2.2788,4.5742
COCO,89,2048,resize1.25,robust,1.0,2.2954,2.2794,4.5747
COCO,89,2048,resize1.5,robust,1.0,2.2954,2.2658,4.5612
COCO,89,2048,gnoise01,robust,1.0,2.2954,2.2693,4.5647
COCO,89,2048,gnoise05,robust,0.89209,2.2954,2.2676,4.5629
COCO,89,2048,gnoise10,robust,0.80957,2.2954,2.2658,4.5611
COCO,89,2048,gblur3,robust,1.0,2.2954,2.2757,4.5711
COCO,89,2048,gblur5,robust,0.918457,2.2954,2.2724,4.5678
COCO,89,2048,gblur7,robust,0.882324,2.2954,2.2655,4.5608
COCO,89,2048,mblur3,robust,1.0,2.2954,2.2667,4.5621
COCO,89,2048,mblur5,robust,0.919922,2.2954,2.266,4.5614
COCO,89,2048,mblur7,robust,0.883789,2.2954,2.2774,4.5727
COCO,90,2048,clean,robust,1.0,2.3005,2.2725,4.573
COCO,90,2048,png,robust,1.0,2.3005,2.2666,4.5671
COCO,90,2048,jpeg90,robust,1.0,2.3005,2.2659,4.5664
COCO,90,2048,jpeg70,robust,1.0,2.3005,2.2646,4.5651
COCO,90,2048,jpeg50,robust,1.0,2.3005,2.2687,4.5692
COCO,90,2048,resize0.5,robust,1.0,2.3005,2.2789,4.5793
COCO,90,2048,resize0.75,robust,1.0,2.3005,2.2689,4.5694
COCO,90,2048,resize1.25,robust,1.0,2.3005,2.2687,4.5692
COCO,90,2048,resize1.5,robust,1.0,2.3005,2.2673,4.5678
COCO,90,2048,gnoise01,robust,1.0,2.3005,2.2651,4.5656
COCO,90,2048,gnoise05,robust,1.0,2.3005,2.2685,4.569
COCO,90,2048,gnoise10,robust,0.915527,2.3005,2.2774,4.5779
COCO,90,2048,gblur3,robust,1.0,2.3005,2.2747,4.5752
COCO,90,2048,gblur5,robust,0.923828,2.3005,2.2782,4.5787
COCO,90,2048,gblur7,robust,0.903809,2.3005,2.2782,4.5787
COCO,90,2048,mblur3,robust,1.0,2.3005,2.2723,4.5728
COCO,90,2048,mblur5,robust,1.0,2.3005,2.2798,4.5803
COCO,90,2048,mblur7,robust,0.905273,2.3005,2.2671,4.5676
COCO,91,2048,clean,robust,1.0,2.2998,2.2693,4.569
COCO,91,2048,png,robust,1.0,2.2998,2.2713,4.5711
COCO,91,2048,jpeg90,robust,0.915039,2.2998,2.269,4.5688
COCO,91,2048,jpeg70,robust,0.827148,2.2998,2.2727,4.5725
COCO,91,2048,jpeg50,robust,0.776367,2.2998,2.2673,4.5671
COCO,91,2048,resize0.5,robust,0.898438,2.2998,2.2661,4.5658
COCO,91,2048,resize0.75,robust,0.92627,2.2998,2.265,4.5648
COCO,91,2048,resize1.25,robust,1.0,2.2998,2.27,4.5697
COCO,91,2048,resize1.5,robust,1.0,2.2998,2.2735,4.5732
COCO,91,2048,gnoise01,robust,0.90918,2.2998,2.2701,4.5699
COCO,91,2048,gnoise05,robust,0.69043,2.2998,2.2666,4.5664
COCO,91,2048,gnoise10,robust,0.617188,2.2998,2.265,4.5648
COCO,91,2048,gblur3,robust,0.908203,2.2998,2.2665,4.5663
COCO,91,2048,gblur5,robust,0.843262,2.2998,2.265,4.5648
COCO,91,2048,gblur7,robust,0.782715,2.2998,2.279,4.5787
COCO,91,2048,mblur3,robust,0.896973,2.2998,2.2732,4.573
COCO,91,2048,mblur5,robust,0.850098,2.2998,2.2714,4.5711
COCO,91,2048,mblur7,robust,0.792969,2.2998,2.271,4.5708
COCO,92,2048,clean,robust,1.0,2.298,2.2667,4.5647
COCO,92,2048,png,robust,1.0,2.298,2.2791,4.577
COCO,92,2048,jpeg90,robust,1.0,2.298,2.2732,4.5711
COCO,92,2048,jpeg70,robust,1.0,2.298,2.2747,4.5727
COCO,92,2048,jpeg50,robust,0.925293,2.298,2.2723,4.5703
COCO,92,2048,resize0.5,robust,1.0,2.298,2.2689,4.5668
COCO,92,2048,resize0.75,robust,1.0,2.298,2.27,4.568
COCO,92,2048,resize1.25,robust,1.0,2.298,2.2762,4.5742
COCO,92,2048,resize1.5,robust,1.0,2.298,2.2646,4.5626
COCO,92,2048,gnoise01,robust,1.0,2.298,2.2732,4.5712
COCO,92,2048,gnoise05,robust,0.898926,2.298,2.2662,4.5642
COCO,92,2048,gnoise10,robust,0.85498,2.298,2.2676,4.5656
COCO,92,2048,gblur3,robust,1.0,2.298,2.2825,4.5804
COCO,92,2048,gblur5,robust,0.927246,2.298,2.2743,4.5722
COCO,92,2048,gblur7,robust,0.891113,2.298,2.2698,4.5678
COCO,92,2048,mblur3,robust,1.0,2.298,2.2686,4.5665
COCO,92,2048,mblur5,robust,1.0,2.298,2.2688,4.5668
COCO,92,2048,mblur7,robust,0.924316,2.298,2.2765,4.5745
COCO,93,2048,clean,robust,1.0,2.3016,2.2738,4.5755
COCO,93,2048,png,robust,1.0,2.3016,2.2704,4.572
COCO,93,2048,jpeg90,robust,1.0,2.3016,2.2676,4.5692
COCO,93,2048,jpeg70,robust,0.917969,2.3016,2.2661,4.5677
COCO,93,2048,jpeg50,robust,0.88623,2.3016,2.271,4.5726
COCO,93,2048,resize0.5,robust,1.0,2.3016,2.2806,4.5822
COCO,93,2048,resize0.75,robust,1.0,2.3016,2.2698,4.5714
COCO,93,2048,resize1.25,robust,1.0,2.3016,2.2722,4.5738
COCO,93,2048,resize1.5,robust,1.0,2.3016,2.2695,4.5711
COCO,93,2048,gnoise01,robust,1.0,2.3016,2.2681,4.5697
COCO,93,2048,gnoise05,robust,0.819336,2.3016,2.2763,4.5779
COCO,93,2048,gnoise10,robust,0.688965,2.3016,2.2775,4.5791
COCO,93,2048,gblur3,robust,1.0,2.3016,2.2715,4.5731
COCO,93,2048,gblur5,robust,0.90332,2.3016,2.2675,4.5691
COCO,93,2048,gblur7,robust,0.835449,2.3016,2.2661,4.5677
COCO,93,2048,mblur3,robust,1.0,2.3016,2.2724,4.574
COCO,93,2048,mblur5,robust,0.890137,2.3016,2.2748,4.5764
COCO,93,2048,mblur7,robust,0.845215,2.3016,2.2717,4.5734
COCO,94,2048,clean,robust,1.0,2.2956,2.265,4.5606
COCO,94,2048,png,robust,1.0,2.2956,2.2653,4.561
COCO,94,2048,jpeg90,robust,1.0,2.2956,2.2708,4.5665
COCO,94,2048,jpeg70,robust,1.0,2.2956,2.2787,4.5743
COCO,94,2048,jpeg50,robust,1.0,2.2956,2.27,4.5656
COCO,94,2048,resize0.5,robust,1.0,2.2956,2.2693,4.5649
COCO,94,2048,resize0.75,robust,1.0,2.2956,2.2688,4.5644
COCO,94,2048,resize1.25,robust,1.0,2.2956,2.2671,4.5627
COCO,94,2048,resize1.5,robust,1.0,2.2956,2.2741,4.5698
COCO,94,2048,gnoise01,robust,1.0,2.2956,2.2757,4.5713
COCO,94,2048,gnoise05,robust,1.0,2.2956,2.2671,4.5627
COCO,94,2048,gnoise10,robust,0.880859,2.2956,2.2646,4.5602
COCO,94,2048,gblur3,robust,1.0,2.2956,2.2666,4.5623
COCO,94,2048,gblur5,robust,0.92334,2.2956,2.2691,4.5648
COCO,94,2048,gblur7,robust,0.874023,2.2956,2.2803,4.5759
COCO,94,2048,mblur3,robust,1.0,2.2956,2.2728,4.5685
COCO,94,2048,mblur5,robust,1.0,2.2956,2.2703,4.5659
COCO,94,2048,mblur7,robust,0.90918,2.2956,2.2687,4.5643
COCO,95,2048,clean,robust,1.0,2.2967,2.271,4.5676
COCO,95,2048,png,robust,1.0,2.2967,2.2891,4.5857
COCO,95,2048,jpeg90,robust,1.0,2.2967,2.2663,4.5629
COCO,95,2048,jpeg70,robust,0.92334,2.2967,2.2665,4.5632
COCO,95,2048,jpeg50,robust,0.897461,2.2967,2.2688,4.5655
COCO,95,2048,resize0.5,robust,1.0,2.2967,2.268,4.5646
COCO,95,2048,resize0.75,robust,1.0,2.2967,2.2723,4.569
COCO,95,2048,resize1.25,robust,1.0,2.2967,2.2732,4.5698
COCO,95,2048,resize1.5,robust,1.0,2.2967,2.2691,4.5657
COCO,95,2048,gnoise01,robust,1.0,2.2967,2.272,4.5686
COCO,95,2048,gnoise05,robust,0.822754,2.2967,2.2654,4.5621
COCO,95,2048,gnoise10,robust,0.697266,2.2967,2.2674,4.564
COCO,95,2048,gblur3,robust,1.0,2.2967,2.2796,4.5763
COCO,95,2048,gblur5,robust,0.911133,2.2967,2.2673,4.564
COCO,95,2048,gblur7,robust,0.878418,2.2967,2.2683,4.565
COCO,95,2048,mblur3,robust,1.0,2.2967,2.2707,4.5674
COCO,95,2048,mblur5,robust,0.924316,2.2967,2.2682,4.5649
COCO,95,2048,mblur7,robust,0.891113,2.2967,2.2757,4.5723
COCO,96,2048,clean,robust,1.0,2.2965,2.2682,4.5647
COCO,96,2048,png,robust,1.0,2.2965,2.2673,4.5638
COCO,96,2048,jpeg90,robust,1.0,2.2965,2.2689,4.5654
COCO,96,2048,jpeg70,robust,1.0,2.2965,2.2673,4.5638
COCO,96,2048,jpeg50,robust,0.927734,2.2965,2.2693,4.5658
COCO,96,2048,resize0.5,robust,1.0,2.2965,2.271,4.5675
COCO,96,2048,resize0.75,robust,1.0,2.2965,2.2662,4.5627
COCO,96,2048,resize1.25,robust,1.0,2.2965,2.2661,4.5626
COCO,96,2048,resize1.5,robust,1.0,2.2965,2.2674,4.5639
COCO,96,2048,gnoise01,robust,1.0,2.2965,2.2723,4.5688
COCO,96,2048,gnoise05,robust,0.891602,2.2965,2.2768,4.5733
COCO,96,2048,gnoise10,robust,0.811035,2.2965,2.2753,4.5718
COCO,96,2048,gblur3,robust,1.0,2.2965,2.2648,4.5613
COCO,96,2048,gblur5,robust,1.0,2.2965,2.2689,4.5654
COCO,96,2048,gblur7,robust,0.898438,2.2965,2.266,4.5625
COCO,96,2048,mblur3,robust,1.0,2.2965,2.2722,4.5687
COCO,96,2048,mblur5,robust,1.0,2.2965,2.2726,4.5691
COCO,96,2048,mblur7,robust,0.928711,2.2965,2.2666,4.5631
COCO,97,2048,clean,robust,1.0,2.2991,2.2653,4.5644
COCO,97,2048,png,robust,1.0,2.2991,2.2652,4.5643
COCO,97,2048,jpeg90,robust,1.0,2.2991,2.2706,4.5697
COCO,97,2048,jpeg70,robust,1.0,2.2991,2.2781,4.5772
COCO,97,2048,jpeg50,robust,1.0,2.2991,2.2648,4.5639
COCO,97,2048,resize0.5,robust,1.0,2.2991,2.2678,4.567
COCO,97,2048,resize0.75,robust,1.0,2.2991,2.268,4.5672
COCO,97,2048,resize1.25,robust,1.0,2.2991,2.2675,4.5667
COCO,97,2048,resize1.5,robust,1.0,2.2991,2.2737,4.5729
COCO,97,2048,gnoise01,robust,1.0,2.2991,2.2699,4.569
COCO,97,2048,gnoise05,robust,1.0,2.2991,2.2668,4.5659
COCO,97,2048,gnoise10,robust,0.922852,2.2991,2.2651,4.5642
COCO,97,2048,gblur3,robust,1.0,2.2991,2.266,4.5651
COCO,97,2048,gblur5,robust,1.0,2.2991,2.2727,4.5718
COCO,97,2048,gblur7,robust,0.888184,2.2991,2.2789,4.578
COCO,97,2048,mblur3,robust,1.0,2.2991,2.2665,4.5656
COCO,97,2048,mblur5,robust,1.0,2.2991,2.2755,4.5746
COCO,97,2048,mblur7,robust,0.918945,2.2991,2.2665,4.5657
COCO,98,2048,clean,robust,1.0,2.3035,2.266,4.5695
COCO,98,2048,png,robust,1.0,2.3035,2.2712,4.5747
COCO,98,2048,jpeg90,robust,1.0,2.3035,2.2658,4.5693
COCO,98,2048,jpeg70,robust,1.0,2.3035,2.2719,4.5754
COCO,98,2048,jpeg50,robust,0.91748,2.3035,2.2648,4.5683
COCO,98,2048,resize0.5,robust,1.0,2.3035,2.2681,4.5716
COCO,98,2048,resize0.75,robust,1.0,2.3035,2.2711,4.5746
COCO,98,2048,resize1.25,robust,1.0,2.3035,2.2717,4.5751
COCO,98,2048,resize1.5,robust,1.0,2.3035,2.2648,4.5683
COCO,98,2048,gnoise01,robust,1.0,2.3035,2.2632,4.5667
COCO,98,2048,gnoise05,robust,0.899414,2.3035,2.2674,4.5709
COCO,98,2048,gnoise10,robust,0.800293,2.3035,2.2666,4.5701
COCO,98,2048,gblur3,robust,1.0,2.3035,2.2732,4.5767
COCO,98,2048,gblur5,robust,0.905762,2.3035,2.2652,4.5687
COCO,98,2048,gblur7,robust,0.866211,2.3035,2.2657,4.5692
COCO,98,2048,mblur3,robust,1.0,2.3035,2.2671,4.5705
COCO,98,2048,mblur5,robust,0.912109,2.3035,2.2682,4.5717
COCO,98,2048,mblur7,robust,0.880371,2.3035,2.2847,4.5882
COCO,99,2048,clean,robust,1.0,2.2968,2.2695,4.5663
COCO,99,2048,png,robust,1.0,2.2968,2.2691,4.5659
COCO,99,2048,jpeg90,robust,1.0,2.2968,2.2705,4.5673
COCO,99,2048,jpeg70,robust,0.919922,2.2968,2.2675,4.5643
COCO,99,2048,jpeg50,robust,0.890137,2.2968,2.2741,4.5709
COCO,99,2048,resize0.5,robust,1.0,2.2968,2.2792,4.576
COCO,99,2048,resize0.75,robust,1.0,2.2968,2.2768,4.5736
COCO,99,2048,resize1.25,robust,1.0,2.2968,2.2681,4.5649
COCO,99,2048,resize1.5,robust,1.0,2.2968,2.2657,4.5625
COCO,99,2048,gnoise01,robust,1.0,2.2968,2.2705,4.5672
COCO,99,2048,gnoise05,robust,0.850098,2.2968,2.2728,4.5696
COCO,99,2048,gnoise10,robust,0.781738,2.2968,2.2666,4.5633
COCO,99,2048,gblur3,robust,1.0,2.2968,2.2678,4.5645
COCO,99,2048,gblur5,robust,0.911133,2.2968,2.2665,4.5633
COCO,99,2048,gblur7,robust,0.878906,2.2968,2.2663,4.5631
COCO,99,2048,mblur3,robust,1.0,2.2968,2.2729,4.5697
COCO,99,2048,mblur5,robust,0.914551,2.2968,2.2692,4.566
COCO,99,2048,mblur7,robust,0.881348,2.2968,2.2674,4.5642
COCO,0,4096,clean,robust,1.0,2.2958,2.2702,4.566
COCO,0,4096,png,robust,1.0,2.2958,2.2674,4.5632
COCO,0,4096,jpeg90,robust,1.0,2.2958,2.2707,4.5665
COCO,0,4096,jpeg70,robust,1.0,2.2958,2.2742,4.57
COCO,0,4096,jpeg50,robust,1.0,2.2958,2.2673,4.5631
COCO,0,4096,resize0.5,robust,1.0,2.2958,2.2667,4.5625
COCO,0,4096,resize0.75,robust,1.0,2.2958,2.2652,4.561
COCO,0,4096,resize1.25,robust,1.0,2.2958,2.2667,4.5625
COCO,0,4096,resize1.5,robust,1.0,2.2958,2.2717,4.5675
COCO,0,4096,gnoise01,robust,1.0,2.2958,2.2728,4.5686
COCO,0,4096,gnoise05,robust,1.0,2.2958,2.2733,4.5691
COCO,0,4096,gnoise10,robust,1.0,2.2958,2.2723,4.5681
COCO,0,4096,gblur3,robust,1.0,2.2958,2.2689,4.5647
COCO,0,4096,gblur5,robust,0.70752,2.2958,2.2731,4.569
COCO,0,4096,gblur7,robust,0.684326,2.2958,2.2791,4.5749
COCO,0,4096,mblur3,robust,1.0,2.2958,2.2685,4.5643
COCO,0,4096,mblur5,robust,1.0,2.2958,2.2747,4.5705
COCO,0,4096,mblur7,robust,0.696777,2.2958,2.2666,4.5624
COCO,1,4096,clean,robust,1.0,2.2982,2.2734,4.5715
COCO,1,4096,png,robust,1.0,2.2982,2.2714,4.5696
COCO,1,4096,jpeg90,robust,1.0,2.2982,2.2673,4.5655
COCO,1,4096,jpeg70,robust,1.0,2.2982,2.2689,4.5671
COCO,1,4096,jpeg50,robust,1.0,2.2982,2.2729,4.5711
COCO,1,4096,resize0.5,robust,1.0,2.2982,2.273,4.5712
COCO,1,4096,resize0.75,robust,1.0,2.2982,2.2751,4.5733
COCO,1,4096,resize1.25,robust,1.0,2.2982,2.2714,4.5696
COCO,1,4096,resize1.5,robust,1.0,2.2982,2.2699,4.5681
COCO,1,4096,gnoise01,robust,1.0,2.2982,2.2752,4.5734
COCO,1,4096,gnoise05,robust,0.70874,2.2982,2.2667,4.5649
COCO,1,4096,gnoise10,robust,0.693115,2.2982,2.2683,4.5664
COCO,1,4096,gblur3,robust,1.0,2.2982,2.2778,4.5759
COCO,1,4096,gblur5,robust,0.712891,2.2982,2.2691,4.5673
COCO,1,4096,gblur7,robust,0.681641,2.2982,2.2663,4.5645
COCO,1,4096,mblur3,robust,1.0,2.2982,2.2719,4.57
COCO,1,4096,mblur5,robust,1.0,2.2982,2.2732,4.5714
COCO,1,4096,mblur7,robust,0.702393,2.2982,2.2709,4.5691
COCO,2,4096,clean,robust,1.0,2.2968,2.2645,4.5613
COCO,2,4096,png,robust,1.0,2.2968,2.2735,4.5703
COCO,2,4096,jpeg90,robust,1.0,2.2968,2.2726,4.5694
COCO,2,4096,jpeg70,robust,1.0,2.2968,2.2822,4.579
COCO,2,4096,jpeg50,robust,0.702881,2.2968,2.2768,4.5736
COCO,2,4096,resize0.5,robust,1.0,2.2968,2.2851,4.5819
COCO,2,4096,resize0.75,robust,1.0,2.2968,2.2723,4.5691
COCO,2,4096,resize1.25,robust,1.0,2.2968,2.2709,4.5677
COCO,2,4096,resize1.5,robust,1.0,2.2968,2.2712,4.5679
COCO,2,4096,gnoise01,robust,1.0,2.2968,2.2731,4.5699
COCO,2,4096,gnoise05,robust,0.686035,2.2968,2.2727,4.5694
COCO,2,4096,gnoise10,robust,0.64624,2.2968,2.2639,4.5606
COCO,2,4096,gblur3,robust,1.0,2.2968,2.2696,4.5664
COCO,2,4096,gblur5,robust,0.699951,2.2968,2.2649,4.5617
COCO,2,4096,gblur7,robust,0.65332,2.2968,2.2645,4.5613
COCO,2,4096,mblur3,robust,1.0,2.2968,2.2801,4.5768
COCO,2,4096,mblur5,robust,0.70459,2.2968,2.2694,4.5661
COCO,2,4096,mblur7,robust,0.675537,2.2968,2.2687,4.5654
COCO,3,4096,clean,robust,0.715332,2.2986,2.2687,4.5673
COCO,3,4096,png,robust,0.715332,2.2986,2.2684,4.567
COCO,3,4096,jpeg90,robust,0.709229,2.2986,2.2706,4.5691
COCO,3,4096,jpeg70,robust,0.687012,2.2986,2.2728,4.5714
COCO,3,4096,jpeg50,robust,0.654053,2.2986,2.2649,4.5635
COCO,3,4096,resize0.5,robust,0.708252,2.2986,2.2653,4.5639
COCO,3,4096,resize0.75,robust,0.709961,2.2986,2.2642,4.5627
COCO,3,4096,resize1.25,robust,1.0,2.2986,2.2731,4.5716
COCO,3,4096,resize1.5,robust,0.7146,2.2986,2.2705,4.5691
COCO,3,4096,gnoise01,robust,0.697754,2.2986,2.2687,4.5672
COCO,3,4096,gnoise05,robust,0.614014,2.2986,2.2652,4.5637
COCO,3,4096,gnoise10,robust,0.584717,2.2986,2.2757,4.5743
COCO,3,4096,gblur3,robust,0.712158,2.2986,2.269,4.5676
COCO,3,4096,gblur5,robust,0.685791,2.2986,2.2701,4.5687
COCO,3,4096,gblur7,robust,0.647705,2.2986,2.2681,4.5667
COCO,3,4096,mblur3,robust,0.712891,2.2986,2.2642,4.5627
COCO,3,4096,mblur5,robust,0.692627,2.2986,2.2656,4.5641
COCO,3,4096,mblur7,robust,0.662842,2.2986,2.2644,4.563
COCO,4,4096,clean,robust,1.0,2.3027,2.2784,4.581
COCO,4,4096,png,robust,1.0,2.3027,2.2753,4.5779
COCO,4,4096,jpeg90,robust,0.708008,2.3027,2.2652,4.5678
COCO,4,4096,jpeg70,robust,0.661865,2.3027,2.2665,4.5692
COCO,4,4096,jpeg50,robust,0.641113,2.3027,2.2702,4.5729
COCO,4,4096,resize0.5,robust,0.712891,2.3027,2.2668,4.5695
COCO,4,4096,resize0.75,robust,0.716797,2.3027,2.2724,4.575
COCO,4,4096,resize1.25,robust,1.0,2.3027,2.2763,4.5789
COCO,4,4096,resize1.5,robust,1.0,2.3027,2.2714,4.574
COCO,4,4096,gnoise01,robust,0.683594,2.3027,2.2645,4.5672
COCO,4,4096,gnoise05,robust,0.620605,2.3027,2.2645,4.5672
COCO,4,4096,gnoise10,robust,0.584717,2.3027,2.2677,4.5703
COCO,4,4096,gblur3,robust,0.71582,2.3027,2.2687,4.5713
COCO,4,4096,gblur5,robust,0.696045,2.3027,2.2653,4.5679
COCO,4,4096,gblur7,robust,0.662109,2.3027,2.2648,4.5674
COCO,4,4096,mblur3,robust,0.714844,2.3027,2.264,4.5666
COCO,4,4096,mblur5,robust,0.696045,2.3027,2.2757,4.5784
COCO,4,4096,mblur7,robust,0.678467,2.3027,2.2774,4.5801
COCO,5,4096,clean,robust,1.0,2.2994,2.2774,4.5768
COCO,5,4096,png,robust,1.0,2.2994,2.2833,4.5828
COCO,5,4096,jpeg90,robust,0.70874,2.2994,2.2721,4.5716
COCO,5,4096,jpeg70,robust,0.679932,2.2994,2.2656,4.565
COCO,5,4096,jpeg50,robust,0.66333,2.2994,2.2691,4.5685
COCO,5,4096,resize0.5,robust,0.706543,2.2994,2.2687,4.5682
COCO,5,4096,resize0.75,robust,1.0,2.2994,2.2694,4.5689
COCO,5,4096,resize1.25,robust,1.0,2.2994,2.2692,4.5687
COCO,5,4096,resize1.5,robust,1.0,2.2994,2.2718,4.5713
COCO,5,4096,gnoise01,robust,0.703613,2.2994,2.2659,4.5653
COCO,5,4096,gnoise05,robust,0.632812,2.2994,2.2683,4.5677
COCO,5,4096,gnoise10,robust,0.610596,2.2994,2.2658,4.5652
COCO,5,4096,gblur3,robust,1.0,2.2994,2.2695,4.569
COCO,5,4096,gblur5,robust,0.693604,2.2994,2.2655,4.565
COCO,5,4096,gblur7,robust,0.653809,2.2994,2.2661,4.5656
COCO,5,4096,mblur3,robust,1.0,2.2994,2.2763,4.5757
COCO,5,4096,mblur5,robust,0.694092,2.2994,2.2681,4.5675
COCO,5,4096,mblur7,robust,0.676025,2.2994,2.2661,4.5655
COCO,6,4096,clean,robust,1.0,2.2969,2.274,4.5709
COCO,6,4096,png,robust,1.0,2.2969,2.2729,4.5698
COCO,6,4096,jpeg90,robust,1.0,2.2969,2.2751,4.572
COCO,6,4096,jpeg70,robust,1.0,2.2969,2.2764,4.5733
COCO,6,4096,jpeg50,robust,0.715332,2.2969,2.2659,4.5628
COCO,6,4096,resize0.5,robust,1.0,2.2969,2.2723,4.5692
COCO,6,4096,resize0.75,robust,1.0,2.2969,2.2715,4.5684
COCO,6,4096,resize1.25,robust,1.0,2.2969,2.2741,4.5711
COCO,6,4096,resize1.5,robust,1.0,2.2969,2.281,4.5779
COCO,6,4096,gnoise01,robust,1.0,2.2969,2.2781,4.575
COCO,6,4096,gnoise05,robust,0.702637,2.2969,2.2703,4.5673
COCO,6,4096,gnoise10,robust,0.662598,2.2969,2.2665,4.5634
COCO,6,4096,gblur3,robust,1.0,2.2969,2.2733,4.5702
COCO,6,4096,gblur5,robust,0.708252,2.2969,2.2703,4.5673
COCO,6,4096,gblur7,robust,0.677002,2.2969,2.2708,4.5677
COCO,6,4096,mblur3,robust,1.0,2.2969,2.2765,4.5734
COCO,6,4096,mblur5,robust,0.714844,2.2969,2.2706,4.5676
COCO,6,4096,mblur7,robust,0.698486,2.2969,2.2705,4.5675
COCO,7,4096,clean,robust,1.0,2.2984,2.2725,4.5708
COCO,7,4096,png,robust,1.0,2.2984,2.2721,4.5705
COCO,7,4096,jpeg90,robust,1.0,2.2984,2.2724,4.5708
COCO,7,4096,jpeg70,robust,0.720215,2.2984,2.2653,4.5637
COCO,7,4096,jpeg50,robust,0.706299,2.2984,2.2652,4.5636
COCO,7,4096,resize0.5,robust,1.0,2.2984,2.2721,4.5705
COCO,7,4096,resize0.75,robust,1.0,2.2984,2.2741,4.5725
COCO,7,4096,resize1.25,robust,1.0,2.2984,2.2705,4.5689
COCO,7,4096,resize1.5,robust,1.0,2.2984,2.2667,4.5651
COCO,7,4096,gnoise01,robust,1.0,2.2984,2.2694,4.5678
COCO,7,4096,gnoise05,robust,0.668213,2.2984,2.2699,4.5682
COCO,7,4096,gnoise10,robust,0.609619,2.2984,2.2685,4.5668
COCO,7,4096,gblur3,robust,1.0,2.2984,2.2727,4.5711
COCO,7,4096,gblur5,robust,0.708496,2.2984,2.2635,4.5618
COCO,7,4096,gblur7,robust,0.668945,2.2984,2.2648,4.5631
COCO,7,4096,mblur3,robust,1.0,2.2984,2.27,4.5683
COCO,7,4096,mblur5,robust,0.714844,2.2984,2.2691,4.5675
COCO,7,4096,mblur7,robust,0.683105,2.2984,2.2728,4.5711
COCO,8,4096,clean,robust,1.0,2.2988,2.2692,4.568
COCO,8,4096,png,robust,1.0,2.2988,2.2676,4.5664
COCO,8,4096,jpeg90,robust,1.0,2.2988,2.2639,4.5627
COCO,8,4096,jpeg70,robust,1.0,2.2988,2.2676,4.5664
COCO,8,4096,jpeg50,robust,1.0,2.2988,2.2739,4.5727
COCO,8,4096,resize0.5,robust,1.0,2.2988,2.2732,4.572
COCO,8,4096,resize0.75,robust,1.0,2.2988,2.2675,4.5663
COCO,8,4096,resize1.25,robust,1.0,2.2988,2.2661,4.5649
COCO,8,4096,resize1.5,robust,1.0,2.2988,2.2645,4.5633
COCO,8,4096,gnoise01,robust,1.0,2.2988,2.2683,4.5671
COCO,8,4096,gnoise05,robust,0.708984,2.2988,2.2689,4.5677
COCO,8,4096,gnoise10,robust,0.692383,2.2988,2.2644,4.5632
COCO,8,4096,gblur3,robust,1.0,2.2988,2.2697,4.5685
COCO,8,4096,gblur5,robust,0.706543,2.2988,2.2669,4.5657
COCO,8,4096,gblur7,robust,0.667969,2.2988,2.2649,4.5638
COCO,8,4096,mblur3,robust,1.0,2.2988,2.2717,4.5706
COCO,8,4096,mblur5,robust,1.0,2.2988,2.2717,4.5705
COCO,8,4096,mblur7,robust,0.696533,2.2988,2.2671,4.5659
COCO,9,4096,clean,robust,1.0,2.3057,2.2691,4.5748
COCO,9,4096,png,robust,1.0,2.3057,2.2687,4.5744
COCO,9,4096,jpeg90,robust,1.0,2.3057,2.2772,4.5829
COCO,9,4096,jpeg70,robust,0.697266,2.3057,2.2684,4.5741
COCO,9,4096,jpeg50,robust,0.669922,2.3057,2.2644,4.5701
COCO,9,4096,resize0.5,robust,1.0,2.3057,2.2716,4.5773
COCO,9,4096,resize0.75,robust,1.0,2.3057,2.2767,4.5824
COCO,9,4096,resize1.25,robust,1.0,2.3057,2.2716,4.5772
COCO,9,4096,resize1.5,robust,1.0,2.3057,2.276,4.5816
COCO,9,4096,gnoise01,robust,0.711182,2.3057,2.2652,4.5709
COCO,9,4096,gnoise05,robust,0.616699,2.3057,2.2642,4.5699
COCO,9,4096,gnoise10,robust,0.576172,2.3057,2.2631,4.5688
COCO,9,4096,gblur3,robust,1.0,2.3057,2.269,4.5747
COCO,9,4096,gblur5,robust,0.701416,2.3057,2.2699,4.5756
COCO,9,4096,gblur7,robust,0.668945,2.3057,2.2687,4.5744
COCO,9,4096,mblur3,robust,1.0,2.3057,2.2701,4.5757
COCO,9,4096,mblur5,robust,0.703613,2.3057,2.269,4.5746
COCO,9,4096,mblur7,robust,0.676025,2.3057,2.2684,4.5741
COCO,10,4096,clean,robust,1.0,2.3005,2.2746,4.5751
COCO,10,4096,png,robust,1.0,2.3005,2.2774,4.578
COCO,10,4096,jpeg90,robust,1.0,2.3005,2.2718,4.5723
COCO,10,4096,jpeg70,robust,0.712891,2.3005,2.2641,4.5646
COCO,10,4096,jpeg50,robust,0.709961,2.3005,2.265,4.5655
COCO,10,4096,resize0.5,robust,0.712158,2.3005,2.2655,4.566
COCO,10,4096,resize0.75,robust,1.0,2.3005,2.2752,4.5758
COCO,10,4096,resize1.25,robust,1.0,2.3005,2.272,4.5725
COCO,10,4096,resize1.5,robust,1.0,2.3005,2.2721,4.5727
COCO,10,4096,gnoise01,robust,1.0,2.3005,2.2714,4.5719
COCO,10,4096,gnoise05,robust,0.71167,2.3005,2.2649,4.5654
COCO,10,4096,gnoise10,robust,0.688232,2.3005,2.2697,4.5702
COCO,10,4096,gblur3,robust,0.71167,2.3005,2.2772,4.5777
COCO,10,4096,gblur5,robust,0.694824,2.3005,2.2712,4.5717
COCO,10,4096,gblur7,robust,0.671387,2.3005,2.2743,4.5748
COCO,10,4096,mblur3,robust,0.71167,2.3005,2.2655,4.566
COCO,10,4096,mblur5,robust,0.696045,2.3005,2.2698,4.5703
COCO,10,4096,mblur7,robust,0.666504,2.3005,2.2694,4.5699
COCO,11,4096,clean,robust,1.0,2.2994,2.2682,4.5676
COCO,11,4096,png,robust,1.0,2.2994,2.2661,4.5655
COCO,11,4096,jpeg90,robust,1.0,2.2994,2.269,4.5684
COCO,11,4096,jpeg70,robust,1.0,2.2994,2.2718,4.5713
COCO,11,4096,jpeg50,robust,0.700928,2.2994,2.2699,4.5693
COCO,11,4096,resize0.5,robust,1.0,2.2994,2.2699,4.5693
COCO,11,4096,resize0.75,robust,1.0,2.2994,2.2704,4.5698
COCO,11,4096,resize1.25,robust,1.0,2.2994,2.2656,4.5651
COCO,11,4096,resize1.5,robust,1.0,2.2994,2.2741,4.5735
COCO,11,4096,gnoise01,robust,1.0,2.2994,2.2813,4.5808
COCO,11,4096,gnoise05,robust,0.696777,2.2994,2.2703,4.5697
COCO,11,4096,gnoise10,robust,0.661865,2.2994,2.2646,4.5641
COCO,11,4096,gblur3,robust,1.0,2.2994,2.2683,4.5677
COCO,11,4096,gblur5,robust,0.692627,2.2994,2.2645,4.564
COCO,11,4096,gblur7,robust,0.667236,2.2994,2.266,4.5654
COCO,11,4096,mblur3,robust,1.0,2.2994,2.2782,4.5776
COCO,11,4096,mblur5,robust,0.702637,2.2994,2.2667,4.5661
COCO,11,4096,mblur7,robust,0.688965,2.2994,2.2673,4.5668
COCO,12,4096,clean,robust,1.0,2.2971,2.2676,4.5647
COCO,12,4096,png,robust,1.0,2.2971,2.2693,4.5664
COCO,12,4096,jpeg90,robust,1.0,2.2971,2.2742,4.5713
COCO,12,4096,jpeg70,robust,1.0,2.2971,2.2802,4.5773
COCO,12,4096,jpeg50,robust,0.713867,2.2971,2.2727,4.5698
COCO,12,4096,resize0.5,robust,1.0,2.2971,2.2746,4.5717
COCO,12,4096,resize0.75,robust,1.0,2.2971,2.2716,4.5687
COCO,12,4096,resize1.25,robust,1.0,2.2971,2.2727,4.5698
COCO,12,4096,resize1.5,robust,1.0,2.2971,2.2711,4.5681
COCO,12,4096,gnoise01,robust,1.0,2.2971,2.2677,4.5648
COCO,12,4096,gnoise05,robust,0.688965,2.2971,2.2643,4.5614
COCO,12,4096,gnoise10,robust,0.651123,2.2971,2.2647,4.5618
COCO,12,4096,gblur3,robust,1.0,2.2971,2.2686,4.5657
COCO,12,4096,gblur5,robust,0.712402,2.2971,2.27,4.5671
COCO,12,4096,gblur7,robust,0.67627,2.2971,2.2694,4.5664
COCO,12,4096,mblur3,robust,1.0,2.2971,2.2701,4.5672
COCO,12,4096,mblur5,robust,0.717529,2.2971,2.2649,4.562
COCO,12,4096,mblur7,robust,0.689941,2.2971,2.2663,4.5633
COCO,13,4096,clean,robust,1.0,2.2973,2.2762,4.5735
COCO,13,4096,png,robust,1.0,2.2973,2.272,4.5693
COCO,13,4096,jpeg90,robust,0.711182,2.2973,2.2748,4.5721
COCO,13,4096,jpeg70,robust,0.699219,2.2973,2.2648,4.5622
COCO,13,4096,jpeg50,robust,0.673096,2.2973,2.2639,4.5613
COCO,13,4096,resize0.5,robust,0.70752,2.2973,2.2666,4.5639
COCO,13,4096,resize0.75,robust,1.0,2.2973,2.2781,4.5754
COCO,13,4096,resize1.25,robust,1.0,2.2973,2.2696,4.5669
COCO,13,4096,resize1.5,robust,1.0,2.2973,2.2699,4.5672
COCO,13,4096,gnoise01,robust,0.703369,2.2973,2.2647,4.562
COCO,13,4096,gnoise05,robust,0.632324,2.2973,2.2656,4.563
COCO,13,4096,gnoise10,robust,0.607178,2.2973,2.277,4.5743
COCO,13,4096,gblur3,robust,1.0,2.2973,2.2753,4.5727
COCO,13,4096,gblur5,robust,0.694092,2.2973,2.265,4.5623
COCO,13,4096,gblur7,robust,0.652832,2.2973,2.2644,4.5617
COCO,13,4096,mblur3,robust,0.707764,2.2973,2.2731,4.5704
COCO,13,4096,mblur5,robust,0.694336,2.2973,2.2705,4.5678
COCO,13,4096,mblur7,robust,0.670654,2.2973,2.2703,4.5677
COCO,14,4096,clean,robust,1.0,2.2996,2.2665,4.5661
COCO,14,4096,png,robust,1.0,2.2996,2.2684,4.568
COCO,14,4096,jpeg90,robust,1.0,2.2996,2.2706,4.5703
COCO,14,4096,jpeg70,robust,0.711182,2.2996,2.2678,4.5674
COCO,14,4096,jpeg50,robust,0.685303,2.2996,2.2808,4.5804
COCO,14,4096,resize0.5,robust,1.0,2.2996,2.2723,4.5719
COCO,14,4096,resize0.75,robust,1.0,2.2996,2.2716,4.5713
COCO,14,4096,resize1.25,robust,1.0,2.2996,2.2697,4.5694
COCO,14,4096,resize1.5,robust,1.0,2.2996,2.2668,4.5665
COCO,14,4096,gnoise01,robust,1.0,2.2996,2.2761,4.5758
COCO,14,4096,gnoise05,robust,0.681396,2.2996,2.2673,4.5669
COCO,14,4096,gnoise10,robust,0.643799,2.2996,2.267,4.5666
COCO,14,4096,gblur3,robust,1.0,2.2996,2.2727,4.5724
COCO,14,4096,gblur5,robust,0.700928,2.2996,2.2642,4.5638
COCO,14,4096,gblur7,robust,0.676758,2.2996,2.2697,4.5694
COCO,14,4096,mblur3,robust,1.0,2.2996,2.2755,4.5752
COCO,14,4096,mblur5,robust,0.709961,2.2996,2.2655,4.5652
COCO,14,4096,mblur7,robust,0.69043,2.2996,2.2652,4.5649
COCO,15,4096,clean,robust,1.0,2.2993,2.271,4.5703
COCO,15,4096,png,robust,1.0,2.2993,2.2803,4.5796
COCO,15,4096,jpeg90,robust,1.0,2.2993,2.2788,4.5781
COCO,15,4096,jpeg70,robust,0.711426,2.2993,2.2673,4.5666
COCO,15,4096,jpeg50,robust,0.708008,2.2993,2.2644,4.5637
COCO,15,4096,resize0.5,robust,1.0,2.2993,2.2727,4.572
COCO,15,4096,resize0.75,robust,1.0,2.2993,2.2767,4.576
COCO,15,4096,resize1.25,robust,1.0,2.2993,2.279,4.5783
COCO,15,4096,resize1.5,robust,1.0,2.2993,2.2737,4.573
COCO,15,4096,gnoise01,robust,1.0,2.2993,2.2729,4.5722
COCO,15,4096,gnoise05,robust,0.699219,2.2993,2.2636,4.5629
COCO,15,4096,gnoise10,robust,0.67627,2.2993,2.264,4.5633
COCO,15,4096,gblur3,robust,1.0,2.2993,2.2724,4.5717
COCO,15,4096,gblur5,robust,0.690186,2.2993,2.2708,4.5701
COCO,15,4096,gblur7,robust,0.6521,2.2993,2.2661,4.5654
COCO,15,4096,mblur3,robust,0.7146,2.2993,2.27,4.5693
COCO,15,4096,mblur5,robust,0.706787,2.2993,2.2645,4.5638
COCO,15,4096,mblur7,robust,0.675049,2.2993,2.2649,4.5642
COCO,16,4096,clean,robust,1.0,2.2961,2.2707,4.5668
COCO,16,4096,png,robust,1.0,2.2961,2.2677,4.5639
COCO,16,4096,jpeg90,robust,1.0,2.2961,2.2661,4.5622
COCO,16,4096,jpeg70,robust,1.0,2.2961,2.2728,4.5689
COCO,16,4096,jpeg50,robust,0.717285,2.2961,2.2654,4.5615
COCO,16,4096,resize0.5,robust,1.0,2.2961,2.2723,4.5684
COCO,16,4096,resize0.75,robust,1.0,2.2961,2.273,4.5691
COCO,16,4096,resize1.25,robust,1.0,2.2961,2.2718,4.5679
COCO,16,4096,resize1.5,robust,1.0,2.2961,2.272,4.5681
COCO,16,4096,gnoise01,robust,1.0,2.2961,2.2705,4.5666
COCO,16,4096,gnoise05,robust,0.697998,2.2961,2.2657,4.5618
COCO,16,4096,gnoise10,robust,0.665527,2.2961,2.2736,4.5697
COCO,16,4096,gblur3,robust,1.0,2.2961,2.2723,4.5684
COCO,16,4096,gblur5,robust,0.702637,2.2961,2.2644,4.5605
COCO,16,4096,gblur7,robust,0.667969,2.2961,2.2681,4.5642
COCO,16,4096,mblur3,robust,1.0,2.2961,2.2677,4.5639
COCO,16,4096,mblur5,robust,0.711426,2.2961,2.2689,4.5651
COCO,16,4096,mblur7,robust,0.682617,2.2961,2.269,4.5652
COCO,17,4096,clean,robust,1.0,2.2963,2.2714,4.5677
COCO,17,4096,png,robust,1.0,2.2963,2.2671,4.5634
COCO,17,4096,jpeg90,robust,1.0,2.2963,2.2718,4.5681
COCO,17,4096,jpeg70,robust,0.710205,2.2963,2.272,4.5683
COCO,17,4096,jpeg50,robust,0.710449,2.2963,2.2739,4.5702
COCO,17,4096,resize0.5,robust,0.712891,2.2963,2.2682,4.5645
COCO,17,4096,resize0.75,robust,1.0,2.2963,2.2682,4.5645
COCO,17,4096,resize1.25,robust,1.0,2.2963,2.2694,4.5657
COCO,17,4096,resize1.5,robust,1.0,2.2963,2.2693,4.5656
COCO,17,4096,gnoise01,robust,1.0,2.2963,2.2745,4.5708
COCO,17,4096,gnoise05,robust,0.704834,2.2963,2.2677,4.564
COCO,17,4096,gnoise10,robust,0.677246,2.2963,2.2665,4.5628
COCO,17,4096,gblur3,robust,1.0,2.2963,2.2705,4.5668
COCO,17,4096,gblur5,robust,0.700928,2.2963,2.2659,4.5622
COCO,17,4096,gblur7,robust,0.684326,2.2963,2.2687,4.5651
COCO,17,4096,mblur3,robust,1.0,2.2963,2.2776,4.574
COCO,17,4096,mblur5,robust,0.700195,2.2963,2.2691,4.5655
COCO,17,4096,mblur7,robust,0.686523,2.2963,2.2676,4.5639
COCO,18,4096,clean,robust,0.715576,2.2979,2.2697,4.5676
COCO,18,4096,png,robust,0.715576,2.2979,2.2719,4.5699
COCO,18,4096,jpeg90,robust,0.708252,2.2979,2.2689,4.5668
COCO,18,4096,jpeg70,robust,0.689941,2.2979,2.2647,4.5626
COCO,18,4096,jpeg50,robust,0.665039,2.2979,2.2674,4.5653
COCO,18,4096,resize0.5,robust,0.707764,2.2979,2.2677,4.5656
COCO,18,4096,resize0.75,robust,0.712646,2.2979,2.2677,4.5656
COCO,18,4096,resize1.25,robust,0.714111,2.2979,2.2747,4.5726
COCO,18,4096,resize1.5,robust,0.713867,2.2979,2.2721,4.5701
COCO,18,4096,gnoise01,robust,0.704102,2.2979,2.2678,4.5657
COCO,18,4096,gnoise05,robust,0.656738,2.2979,2.2671,4.5651
COCO,18,4096,gnoise10,robust,0.633789,2.2979,2.2709,4.5688
COCO,18,4096,gblur3,robust,0.709961,2.2979,2.2675,4.5654
COCO,18,4096,gblur5,robust,0.682373,2.2979,2.2692,4.5671
COCO,18,4096,gblur7,robust,0.669434,2.2979,2.2645,4.5624
COCO,18,4096,mblur3,robust,0.707275,2.2979,2.2652,4.5631
COCO,18,4096,mblur5,robust,0.686279,2.2979,2.2646,4.5625
COCO,18,4096,mblur7,robust,0.66626,2.2979,2.2651,4.5631
COCO,19,4096,clean,robust,1.0,2.3032,2.2745,4.5776
COCO,19,4096,png,robust,1.0,2.3032,2.2771,4.5803
COCO,19,4096,jpeg90,robust,1.0,2.3032,2.2834,4.5866
COCO,19,4096,jpeg70,robust,0.720459,2.3032,2.2806,4.5838
COCO,19,4096,jpeg50,robust,0.719727,2.3032,2.2768,4.5799
COCO,19,4096,resize0.5,robust,0.722412,2.3032,2.282,4.5852
COCO,19,4096,resize0.75,robust,1.0,2.3032,2.2854,4.5886
COCO,19,4096,resize1.25,robust,1.0,2.3032,2.2761,4.5792
COCO,19,4096,resize1.5,robust,1.0,2.3032,2.2821,4.5853
COCO,19,4096,gnoise01,robust,0.723145,2.3032,2.277,4.5802
COCO,19,4096,gnoise05,robust,0.690186,2.3032,2.2726,4.5757
COCO,19,4096,gnoise10,robust,0.643311,2.3032,2.2746,4.5777
COCO,19,4096,gblur3,robust,0.722168,2.3032,2.2718,4.575
COCO,19,4096,gblur5,robust,0.692139,2.3032,2.2725,4.5757
COCO,19,4096,gblur7,robust,0.645508,2.3032,2.2716,4.5747
COCO,19,4096,mblur3,robust,0.719971,2.3032,2.2727,4.5759
COCO,19,4096,mblur5,robust,0.69458,2.3032,2.2769,4.5801
COCO,19,4096,mblur7,robust,0.666504,2.3032,2.2749,4.5781
COCO,20,4096,clean,robust,1.0,2.3072,2.2741,4.5813
COCO,20,4096,png,robust,1.0,2.3072,2.2736,4.5808
COCO,20,4096,jpeg90,robust,1.0,2.3072,2.275,4.5822
COCO,20,4096,jpeg70,robust,1.0,2.3072,2.2799,4.5871
COCO,20,4096,jpeg50,robust,1.0,2.3072,2.2809,4.5881
COCO,20,4096,resize0.5,robust,1.0,2.3072,2.2773,4.5845
COCO,20,4096,resize0.75,robust,1.0,2.3072,2.2748,4.582
COCO,20,4096,resize1.25,robust,1.0,2.3072,2.27,4.5772
COCO,20,4096,resize1.5,robust,1.0,2.3072,2.267,4.5741
COCO,20,4096,gnoise01,robust,1.0,2.3072,2.2795,4.5867
COCO,20,4096,gnoise05,robust,0.699951,2.3072,2.2665,4.5736
COCO,20,4096,gnoise10,robust,0.652832,2.3072,2.2649,4.5721
COCO,20,4096,gblur3,robust,1.0,2.3072,2.2691,4.5763
COCO,20,4096,gblur5,robust,0.708008,2.3072,2.2651,4.5723
COCO,20,4096,gblur7,robust,0.676514,2.3072,2.2788,4.586
COCO,20,4096,mblur3,robust,1.0,2.3072,2.2774,4.5846
COCO,20,4096,mblur5,robust,0.70752,2.3072,2.2702,4.5774
COCO,20,4096,mblur7,robust,0.682861,2.3072,2.2656,4.5728
COCO,21,4096,clean,robust,1.0,2.3006,2.2676,4.5682
COCO,21,4096,png,robust,1.0,2.3006,2.2689,4.5695
COCO,21,4096,jpeg90,robust,1.0,2.3006,2.2759,4.5765
COCO,21,4096,jpeg70,robust,1.0,2.3006,2.273,4.5736
COCO,21,4096,jpeg50,robust,1.0,2.3006,2.2726,4.5732
COCO,21,4096,resize0.5,robust,1.0,2.3006,2.269,4.5696
COCO,21,4096,resize0.75,robust,1.0,2.3006,2.2732,4.5739
COCO,21,4096,resize1.25,robust,1.0,2.3006,2.2713,4.5719
COCO,21,4096,resize1.5,robust,1.0,2.3006,2.2701,4.5707
COCO,21,4096,gnoise01,robust,1.0,2.3006,2.2691,4.5697
COCO,21,4096,gnoise05,robust,1.0,2.3006,2.2719,4.5725
COCO,21,4096,gnoise10,robust,0.690918,2.3006,2.2691,4.5697
COCO,21,4096,gblur3,robust,1.0,2.3006,2.2757,4.5763
COCO,21,4096,gblur5,robust,0.695312,2.3006,2.2705,4.5712
COCO,21,4096,gblur7,robust,0.665527,2.3006,2.2666,4.5672
COCO,21,4096,mblur3,robust,1.0,2.3006,2.2704,4.571
COCO,21,4096,mblur5,robust,0.699219,2.3006,2.2668,4.5674
COCO,21,4096,mblur7,robust,0.677246,2.3006,2.268,4.5686
COCO,22,4096,clean,robust,0.703857,2.3004,2.2712,4.5716
COCO,22,4096,png,robust,0.703857,2.3004,2.2655,4.5659
COCO,22,4096,jpeg90,robust,0.688232,2.3004,2.2659,4.5663
COCO,22,4096,jpeg70,robust,0.661621,2.3004,2.2723,4.5727
COCO,22,4096,jpeg50,robust,0.629395,2.3004,2.268,4.5684
COCO,22,4096,resize0.5,robust,0.694824,2.3004,2.272,4.5724
COCO,22,4096,resize0.75,robust,0.700439,2.3004,2.2674,4.5678
COCO,22,4096,resize1.25,robust,0.702637,2.3004,2.2667,4.5671
COCO,22,4096,resize1.5,robust,0.702881,2.3004,2.2664,4.5668
COCO,22,4096,gnoise01,robust,0.67749,2.3004,2.2646,4.565
COCO,22,4096,gnoise05,robust,0.605469,2.3004,2.2668,4.5671
COCO,22,4096,gnoise10,robust,0.564453,2.3004,2.2697,4.5701
COCO,22,4096,gblur3,robust,0.698486,2.3004,2.2749,4.5753
COCO,22,4096,gblur5,robust,0.668213,2.3004,2.2641,4.5645
COCO,22,4096,gblur7,robust,0.640869,2.3004,2.2645,4.5648
COCO,22,4096,mblur3,robust,0.702148,2.3004,2.2656,4.566
COCO,22,4096,mblur5,robust,0.68457,2.3004,2.2709,4.5713
COCO,22,4096,mblur7,robust,0.657959,2.3004,2.2671,4.5675
COCO,23,4096,clean,robust,1.0,2.299,2.2708,4.5698
COCO,23,4096,png,robust,1.0,2.299,2.267,4.566
COCO,23,4096,jpeg90,robust,1.0,2.299,2.2732,4.5722
COCO,23,4096,jpeg70,robust,1.0,2.299,2.2778,4.5768
COCO,23,4096,jpeg50,robust,0.714111,2.299,2.2729,4.5719
COCO,23,4096,resize0.5,robust,1.0,2.299,2.2704,4.5694
COCO,23,4096,resize0.75,robust,1.0,2.299,2.2714,4.5704
COCO,23,4096,resize1.25,robust,1.0,2.299,2.2691,4.5681
COCO,23,4096,resize1.5,robust,1.0,2.299,2.2674,4.5663
COCO,23,4096,gnoise01,robust,1.0,2.299,2.2755,4.5745
COCO,23,4096,gnoise05,robust,0.687988,2.299,2.2656,4.5646
COCO,23,4096,gnoise10,robust,0.63916,2.299,2.2717,4.5707
COCO,23,4096,gblur3,robust,1.0,2.299,2.2713,4.5703
COCO,23,4096,gblur5,robust,0.71167,2.299,2.2658,4.5648
COCO,23,4096,gblur7,robust,0.671875,2.299,2.2702,4.5691
COCO,23,4096,mblur3,robust,1.0,2.299,2.2782,4.5772
COCO,23,4096,mblur5,robust,0.715088,2.299,2.2684,4.5673
COCO,23,4096,mblur7,robust,0.691895,2.299,2.2676,4.5666
COCO,24,4096,clean,robust,1.0,2.3027,2.2689,4.5717
COCO,24,4096,png,robust,1.0,2.3027,2.2755,4.5782
COCO,24,4096,jpeg90,robust,1.0,2.3027,2.2739,4.5766
COCO,24,4096,jpeg70,robust,1.0,2.3027,2.2714,4.5741
COCO,24,4096,jpeg50,robust,0.713867,2.3027,2.2645,4.5673
COCO,24,4096,resize0.5,robust,1.0,2.3027,2.2707,4.5734
COCO,24,4096,resize0.75,robust,1.0,2.3027,2.2686,4.5713
COCO,24,4096,resize1.25,robust,1.0,2.3027,2.2746,4.5773
COCO,24,4096,resize1.5,robust,1.0,2.3027,2.2713,4.574
COCO,24,4096,gnoise01,robust,1.0,2.3027,2.268,4.5708
COCO,24,4096,gnoise05,robust,0.710205,2.3027,2.265,4.5677
COCO,24,4096,gnoise10,robust,0.679688,2.3027,2.2647,4.5675
COCO,24,4096,gblur3,robust,1.0,2.3027,2.2728,4.5756
COCO,24,4096,gblur5,robust,0.701172,2.3027,2.2693,4.572
COCO,24,4096,gblur7,robust,0.67627,2.3027,2.2686,4.5714
COCO,24,4096,mblur3,robust,1.0,2.3027,2.2748,4.5775
COCO,24,4096,mblur5,robust,0.711914,2.3027,2.267,4.5698
COCO,24,4096,mblur7,robust,0.692871,2.3027,2.27,4.5727
COCO,25,4096,clean,robust,1.0,2.3042,2.2776,4.5818
COCO,25,4096,png,robust,1.0,2.3042,2.2774,4.5816
COCO,25,4096,jpeg90,robust,1.0,2.3042,2.2748,4.579
COCO,25,4096,jpeg70,robust,0.712891,2.3042,2.2658,4.5699
COCO,25,4096,jpeg50,robust,0.703613,2.3042,2.2687,4.5729
COCO,25,4096,resize0.5,robust,0.717529,2.3042,2.2747,4.5789
COCO,25,4096,resize0.75,robust,1.0,2.3042,2.2717,4.5758
COCO,25,4096,resize1.25,robust,1.0,2.3042,2.2698,4.574
COCO,25,4096,resize1.5,robust,1.0,2.3042,2.2689,4.5731
COCO,25,4096,gnoise01,robust,0.720215,2.3042,2.2643,4.5685
COCO,25,4096,gnoise05,robust,0.706055,2.3042,2.2725,4.5767
COCO,25,4096,gnoise10,robust,0.665771,2.3042,2.2788,4.583
COCO,25,4096,gblur3,robust,1.0,2.3042,2.2751,4.5792
COCO,25,4096,gblur5,robust,0.697998,2.3042,2.2692,4.5734
COCO,25,4096,gblur7,robust,0.672363,2.3042,2.265,4.5692
COCO,25,4096,mblur3,robust,0.718018,2.3042,2.2681,4.5723
COCO,25,4096,mblur5,robust,0.703613,2.3042,2.2703,4.5745
COCO,25,4096,mblur7,robust,0.682617,2.3042,2.2659,4.5701
COCO,26,4096,clean,robust,1.0,2.304,2.2661,4.5701
COCO,26,4096,png,robust,1.0,2.304,2.2666,4.5706
COCO,26,4096,jpeg90,robust,1.0,2.304,2.266,4.5699
COCO,26,4096,jpeg70,robust,1.0,2.304,2.2724,4.5764
COCO,26,4096,jpeg50,robust,1.0,2.304,2.2722,4.5761
COCO,26,4096,resize0.5,robust,1.0,2.304,2.2666,4.5706
COCO,26,4096,resize0.75,robust,1.0,2.304,2.266,4.57
COCO,26,4096,resize1.25,robust,1.0,2.304,2.2654,4.5694
COCO,26,4096,resize1.5,robust,1.0,2.304,2.2709,4.5749
COCO,26,4096,gnoise01,robust,1.0,2.304,2.2718,4.5758
COCO,26,4096,gnoise05,robust,0.717041,2.304,2.2667,4.5707
COCO,26,4096,gnoise10,robust,0.701172,2.304,2.2661,4.5701
COCO,26,4096,gblur3,robust,1.0,2.304,2.2679,4.5719
COCO,26,4096,gblur5,robust,0.713135,2.304,2.2648,4.5688
COCO,26,4096,gblur7,robust,0.691895,2.304,2.2703,4.5743
COCO,26,4096,mblur3,robust,1.0,2.304,2.268,4.572
COCO,26,4096,mblur5,robust,1.0,2.304,2.2725,4.5765
COCO,26,4096,mblur7,robust,0.702637,2.304,2.2668,4.5708
COCO,27,4096,clean,robust,1.0,2.3007,2.2709,4.5716
COCO,27,4096,png,robust,1.0,2.3007,2.2741,4.5748
COCO,27,4096,jpeg90,robust,1.0,2.3007,2.2737,4.5745
COCO,27,4096,jpeg70,robust,1.0,2.3007,2.272,4.5728
COCO,27,4096,jpeg50,robust,1.0,2.3007,2.2711,4.5718
COCO,27,4096,resize0.5,robust,1.0,2.3007,2.2669,4.5676
COCO,27,4096,resize0.75,robust,1.0,2.3007,2.27,4.5707
COCO,27,4096,resize1.25,robust,1.0,2.3007,2.2724,4.5732
COCO,27,4096,resize1.5,robust,1.0,2.3007,2.2684,4.5691
COCO,27,4096,gnoise01,robust,1.0,2.3007,2.2674,4.5681
COCO,27,4096,gnoise05,robust,0.723877,2.3007,2.264,4.5647
COCO,27,4096,gnoise10,robust,0.697754,2.3007,2.2684,4.5691
COCO,27,4096,gblur3,robust,1.0,2.3007,2.2726,4.5734
COCO,27,4096,gblur5,robust,0.724854,2.3007,2.2698,4.5705
COCO,27,4096,gblur7,robust,0.69043,2.3007,2.2683,4.569
COCO,27,4096,mblur3,robust,1.0,2.3007,2.2733,4.574
COCO,27,4096,mblur5,robust,0.728271,2.3007,2.2741,4.5748
COCO,27,4096,mblur7,robust,0.70459,2.3007,2.2763,4.577
COCO,28,4096,clean,robust,1.0,2.2998,2.2735,4.5733
COCO,28,4096,png,robust,1.0,2.2998,2.2679,4.5677
COCO,28,4096,jpeg90,robust,1.0,2.2998,2.2678,4.5676
COCO,28,4096,jpeg70,robust,1.0,2.2998,2.2717,4.5715
COCO,28,4096,jpeg50,robust,1.0,2.2998,2.2745,4.5743
COCO,28,4096,resize0.5,robust,1.0,2.2998,2.2774,4.5772
COCO,28,4096,resize0.75,robust,1.0,2.2998,2.2712,4.571
COCO,28,4096,resize1.25,robust,1.0,2.2998,2.2681,4.5678
COCO,28,4096,resize1.5,robust,1.0,2.2998,2.2673,4.5671
COCO,28,4096,gnoise01,robust,1.0,2.2998,2.2713,4.5711
COCO,28,4096,gnoise05,robust,0.703125,2.2998,2.2724,4.5722
COCO,28,4096,gnoise10,robust,0.679199,2.2998,2.2673,4.5671
COCO,28,4096,gblur3,robust,1.0,2.2998,2.2711,4.5709
COCO,28,4096,gblur5,robust,0.696777,2.2998,2.2656,4.5653
COCO,28,4096,gblur7,robust,0.664551,2.2998,2.2663,4.566
COCO,28,4096,mblur3,robust,1.0,2.2998,2.273,4.5727
COCO,28,4096,mblur5,robust,0.69873,2.2998,2.2706,4.5704
COCO,28,4096,mblur7,robust,0.661865,2.2998,2.2667,4.5664
COCO,29,4096,clean,robust,1.0,2.3005,2.2779,4.5783
COCO,29,4096,png,robust,1.0,2.3005,2.2719,4.5724
COCO,29,4096,jpeg90,robust,0.71582,2.3005,2.2681,4.5685
COCO,29,4096,jpeg70,robust,0.708008,2.3005,2.2729,4.5734
COCO,29,4096,jpeg50,robust,0.695068,2.3005,2.2672,4.5677
COCO,29,4096,resize0.5,robust,0.710693,2.3005,2.2692,4.5696
COCO,29,4096,resize0.75,robust,1.0,2.3005,2.2817,4.5822
COCO,29,4096,resize1.25,robust,1.0,2.3005,2.2729,4.5734
COCO,29,4096,resize1.5,robust,1.0,2.3005,2.2767,4.5771
COCO,29,4096,gnoise01,robust,0.716797,2.3005,2.2677,4.5682
COCO,29,4096,gnoise05,robust,0.675293,2.3005,2.2626,4.563
COCO,29,4096,gnoise10,robust,0.625488,2.3005,2.2615,4.562
COCO,29,4096,gblur3,robust,0.711426,2.3005,2.261,4.5615
COCO,29,4096,gblur5,robust,0.690186,2.3005,2.2621,4.5626
COCO,29,4096,gblur7,robust,0.653809,2.3005,2.2674,4.5678
COCO,29,4096,mblur3,robust,0.712158,2.3005,2.2685,4.569
COCO,29,4096,mblur5,robust,0.698242,2.3005,2.269,4.5695
COCO,29,4096,mblur7,robust,0.668701,2.3005,2.2708,4.5712
COCO,30,4096,clean,robust,1.0,2.3011,2.2724,4.5735
COCO,30,4096,png,robust,1.0,2.3011,2.2711,4.5722
COCO,30,4096,jpeg90,robust,1.0,2.3011,2.2681,4.5693
COCO,30,4096,jpeg70,robust,1.0,2.3011,2.27,4.5711
COCO,30,4096,jpeg50,robust,1.0,2.3011,2.2684,4.5695
COCO,30,4096,resize0.5,robust,1.0,2.3011,2.2742,4.5753
COCO,30,4096,resize0.75,robust,1.0,2.3011,2.2697,4.5708
COCO,30,4096,resize1.25,robust,1.0,2.3011,2.2674,4.5685
COCO,30,4096,resize1.5,robust,1.0,2.3011,2.2641,4.5652
COCO,30,4096,gnoise01,robust,1.0,2.3011,2.2652,4.5663
COCO,30,4096,gnoise05,robust,1.0,2.3011,2.2679,4.569
COCO,30,4096,gnoise10,robust,0.723389,2.3011,2.2704,4.5715
COCO,30,4096,gblur3,robust,1.0,2.3011,2.2745,4.5756
COCO,30,4096,gblur5,robust,0.719971,2.3011,2.2691,4.5702
COCO,30,4096,gblur7,robust,0.683105,2.3011,2.2814,4.5825
COCO,30,4096,mblur3,robust,1.0,2.3011,2.2695,4.5706
COCO,30,4096,mblur5,robust,1.0,2.3011,2.2715,4.5726
COCO,30,4096,mblur7,robust,0.712158,2.3011,2.2705,4.5716
COCO,31,4096,clean,robust,1.0,2.3026,2.2709,4.5735
COCO,31,4096,png,robust,1.0,2.3026,2.2737,4.5762
COCO,31,4096,jpeg90,robust,1.0,2.3026,2.2753,4.5779
COCO,31,4096,jpeg70,robust,0.704834,2.3026,2.2659,4.5685
COCO,31,4096,jpeg50,robust,0.692871,2.3026,2.2672,4.5697
COCO,31,4096,resize0.5,robust,1.0,2.3026,2.2784,4.581
COCO,31,4096,resize0.75,robust,1.0,2.3026,2.2718,4.5744
COCO,31,4096,resize1.25,robust,1.0,2.3026,2.2713,4.5738
COCO,31,4096,resize1.5,robust,1.0,2.3026,2.2724,4.575
COCO,31,4096,gnoise01,robust,1.0,2.3026,2.2712,4.5737
COCO,31,4096,gnoise05,robust,0.678711,2.3026,2.2737,4.5763
COCO,31,4096,gnoise10,robust,0.640625,2.3026,2.2691,4.5717
COCO,31,4096,gblur3,robust,1.0,2.3026,2.2729,4.5755
COCO,31,4096,gblur5,robust,0.687988,2.3026,2.2654,4.5679
COCO,31,4096,gblur7,robust,0.664307,2.3026,2.2656,4.5682
COCO,31,4096,mblur3,robust,0.705566,2.3026,2.273,4.5756
COCO,31,4096,mblur5,robust,0.686768,2.3026,2.2722,4.5748
COCO,31,4096,mblur7,robust,0.666504,2.3026,2.2676,4.5702
COCO,32,4096,clean,robust,1.0,2.2991,2.2711,4.5702
COCO,32,4096,png,robust,1.0,2.2991,2.2692,4.5683
COCO,32,4096,jpeg90,robust,1.0,2.2991,2.2707,4.5698
COCO,32,4096,jpeg70,robust,1.0,2.2991,2.281,4.5801
COCO,32,4096,jpeg50,robust,1.0,2.2991,2.2735,4.5726
COCO,32,4096,resize0.5,robust,1.0,2.2991,2.2683,4.5674
COCO,32,4096,resize0.75,robust,1.0,2.2991,2.2693,4.5684
COCO,32,4096,resize1.25,robust,1.0,2.2991,2.2668,4.5659
COCO,32,4096,resize1.5,robust,1.0,2.2991,2.2718,4.5709
COCO,32,4096,gnoise01,robust,1.0,2.2991,2.2693,4.5684
COCO,32,4096,gnoise05,robust,1.0,2.2991,2.2689,4.568
COCO,32,4096,gnoise10,robust,0.709229,2.2991,2.2667,4.5658
COCO,32,4096,gblur3,robust,1.0,2.2991,2.2713,4.5704
COCO,32,4096,gblur5,robust,0.707275,2.2991,2.2663,4.5654
COCO,32,4096,gblur7,robust,0.678711,2.2991,2.2716,4.5707
COCO,32,4096,mblur3,robust,1.0,2.2991,2.2664,4.5655
COCO,32,4096,mblur5,robust,0.713135,2.2991,2.2701,4.5693
COCO,32,4096,mblur7,robust,0.694092,2.2991,2.2683,4.5674
COCO,33,4096,clean,robust,1.0,2.3007,2.2652,4.5659
COCO,33,4096,png,robust,1.0,2.3007,2.2732,4.5739
COCO,33,4096,jpeg90,robust,1.0,2.3007,2.2707,4.5714
COCO,33,4096,jpeg70,robust,0.70752,2.3007,2.2643,4.565
COCO,33,4096,jpeg50,robust,0.700439,2.3007,2.2643,4.5651
COCO,33,4096,resize0.5,robust,1.0,2.3007,2.2708,4.5715
COCO,33,4096,resize0.75,robust,1.0,2.3007,2.272,4.5727
COCO,33,4096,resize1.25,robust,1.0,2.3007,2.2733,4.574
COCO,33,4096,resize1.5,robust,1.0,2.3007,2.2779,4.5787
COCO,33,4096,gnoise01,robust,1.0,2.3007,2.2788,4.5795
COCO,33,4096,gnoise05,robust,0.679932,2.3007,2.2733,4.5741
COCO,33,4096,gnoise10,robust,0.626953,2.3007,2.2769,4.5776
COCO,33,4096,gblur3,robust,1.0,2.3007,2.2809,4.5816
COCO,33,4096,gblur5,robust,0.697021,2.3007,2.2668,4.5675
COCO,33,4096,gblur7,robust,0.670166,2.3007,2.2647,4.5655
COCO,33,4096,mblur3,robust,1.0,2.3007,2.2703,4.571
COCO,33,4096,mblur5,robust,0.697998,2.3007,2.2659,4.5666
COCO,33,4096,mblur7,robust,0.679688,2.3007,2.2705,4.5712
COCO,34,4096,clean,robust,1.0,2.3018,2.2727,4.5745
COCO,34,4096,png,robust,1.0,2.3018,2.2713,4.5731
COCO,34,4096,jpeg90,robust,1.0,2.3018,2.2731,4.5749
COCO,34,4096,jpeg70,robust,0.702148,2.3018,2.2677,4.5695
COCO,34,4096,jpeg50,robust,0.696777,2.3018,2.2693,4.5711
COCO,34,4096,resize0.5,robust,0.705811,2.3018,2.272,4.5738
COCO,34,4096,resize0.75,robust,1.0,2.3018,2.2746,4.5764
COCO,34,4096,resize1.25,robust,1.0,2.3018,2.2717,4.5735
COCO,34,4096,resize1.5,robust,1.0,2.3018,2.2701,4.5719
COCO,34,4096,gnoise01,robust,1.0,2.3018,2.2716,4.5734
COCO,34,4096,gnoise05,robust,0.688477,2.3018,2.2719,4.5737
COCO,34,4096,gnoise10,robust,0.656738,2.3018,2.2726,4.5744
COCO,34,4096,gblur3,robust,0.70874,2.3018,2.2685,4.5703
COCO,34,4096,gblur5,robust,0.690186,2.3018,2.265,4.5668
COCO,34,4096,gblur7,robust,0.659668,2.3018,2.2647,4.5665
COCO,34,4096,mblur3,robust,0.704834,2.3018,2.2698,4.5716
COCO,34,4096,mblur5,robust,0.69458,2.3018,2.2691,4.5709
COCO,34,4096,mblur7,robust,0.673096,2.3018,2.2671,4.5689
COCO,35,4096,clean,robust,1.0,2.3079,2.2722,4.5802
COCO,35,4096,png,robust,1.0,2.3079,2.2726,4.5806
COCO,35,4096,jpeg90,robust,1.0,2.3079,2.2676,4.5755
COCO,35,4096,jpeg70,robust,1.0,2.3079,2.2723,4.5802
COCO,35,4096,jpeg50,robust,1.0,2.3079,2.2663,4.5743
COCO,35,4096,resize0.5,robust,1.0,2.3079,2.2658,4.5737
COCO,35,4096,resize0.75,robust,1.0,2.3079,2.2657,4.5737
COCO,35,4096,resize1.25,robust,1.0,2.3079,2.2646,4.5725
COCO,35,4096,resize1.5,robust,1.0,2.3079,2.2706,4.5786
COCO,35,4096,gnoise01,robust,1.0,2.3079,2.2759,4.5838
COCO,35,4096,gnoise05,robust,1.0,2.3079,2.2773,4.5852
COCO,35,4096,gnoise10,robust,1.0,2.3079,2.281,4.5889
COCO,35,4096,gblur3,robust,1.0,2.3079,2.2765,4.5845
COCO,35,4096,gblur5,robust,1.0,2.3079,2.2759,4.5839
COCO,35,4096,gblur7,robust,0.692627,2.3079,2.2756,4.5835
COCO,35,4096,mblur3,robust,1.0,2.3079,2.2665,4.5744
COCO,35,4096,mblur5,robust,1.0,2.3079,2.2695,4.5775
COCO,35,4096,mblur7,robust,0.709473,2.3079,2.2641,4.572
COCO,36,4096,clean,robust,1.0,2.3034,2.2669,4.5703
COCO,36,4096,png,robust,1.0,2.3034,2.2734,4.5768
COCO,36,4096,jpeg90,robust,1.0,2.3034,2.2684,4.5718
COCO,36,4096,jpeg70,robust,0.710449,2.3034,2.2677,4.5711
COCO,36,4096,jpeg50,robust,0.706787,2.3034,2.2633,4.5667
COCO,36,4096,resize0.5,robust,1.0,2.3034,2.2717,4.5751
COCO,36,4096,resize0.75,robust,1.0,2.3034,2.2766,4.58
COCO,36,4096,resize1.25,robust,1.0,2.3034,2.272,4.5754
COCO,36,4096,resize1.5,robust,1.0,2.3034,2.2753,4.5787
COCO,36,4096,gnoise01,robust,1.0,2.3034,2.2772,4.5806
COCO,36,4096,gnoise05,robust,0.69043,2.3034,2.2669,4.5703
COCO,36,4096,gnoise10,robust,0.659668,2.3034,2.269,4.5724
COCO,36,4096,gblur3,robust,1.0,2.3034,2.2768,4.5802
COCO,36,4096,gblur5,robust,0.704346,2.3034,2.2654,4.5688
COCO,36,4096,gblur7,robust,0.673096,2.3034,2.2639,4.5673
COCO,36,4096,mblur3,robust,1.0,2.3034,2.27,4.5734
COCO,36,4096,mblur5,robust,0.696777,2.3034,2.2654,4.5688
COCO,36,4096,mblur7,robust,0.659424,2.3034,2.2707,4.5741
COCO,37,4096,clean,robust,1.0,2.3077,2.27,4.5776
COCO,37,4096,png,robust,1.0,2.3077,2.2734,4.5811
COCO,37,4096,jpeg90,robust,1.0,2.3077,2.2701,4.5778
COCO,37,4096,jpeg70,robust,0.696533,2.3077,2.2643,4.572
COCO,37,4096,jpeg50,robust,0.676758,2.3077,2.2716,4.5793
COCO,37,4096,resize0.5,robust,1.0,2.3077,2.2805,4.5882
COCO,37,4096,resize0.75,robust,1.0,2.3077,2.2716,4.5793
COCO,37,4096,resize1.25,robust,1.0,2.3077,2.2711,4.5788
COCO,37,4096,resize1.5,robust,1.0,2.3077,2.2687,4.5764
COCO,37,4096,gnoise01,robust,1.0,2.3077,2.273,4.5807
COCO,37,4096,gnoise05,robust,0.654785,2.3077,2.2707,4.5784
COCO,37,4096,gnoise10,robust,0.62915,2.3077,2.2656,4.5732
COCO,37,4096,gblur3,robust,1.0,2.3077,2.2698,4.5775
COCO,37,4096,gblur5,robust,0.696289,2.3077,2.2664,4.5741
COCO,37,4096,gblur7,robust,0.655029,2.3077,2.2656,4.5733
COCO,37,4096,mblur3,robust,1.0,2.3077,2.2743,4.582
COCO,37,4096,mblur5,robust,0.699219,2.3077,2.2748,4.5825
COCO,37,4096,mblur7,robust,0.676758,2.3077,2.2648,4.5725
COCO,38,4096,clean,robust,1.0,2.2994,2.2718,4.5712
COCO,38,4096,png,robust,1.0,2.2994,2.2734,4.5728
COCO,38,4096,jpeg90,robust,0.723389,2.2994,2.2684,4.5678
COCO,38,4096,jpeg70,robust,0.718018,2.2994,2.2707,4.5701
COCO,38,4096,jpeg50,robust,0.711914,2.2994,2.2641,4.5635
COCO,38,4096,resize0.5,robust,0.715088,2.2994,2.2643,4.5637
COCO,38,4096,resize0.75,robust,1.0,2.2994,2.2708,4.5702
COCO,38,4096,resize1.25,robust,0.723633,2.2994,2.2641,4.5635
COCO,38,4096,resize1.5,robust,0.723633,2.2994,2.2717,4.5711
COCO,38,4096,gnoise01,robust,0.722656,2.2994,2.2655,4.5649
COCO,38,4096,gnoise05,robust,0.705322,2.2994,2.2652,4.5646
COCO,38,4096,gnoise10,robust,0.689209,2.2994,2.2635,4.5629
COCO,38,4096,gblur3,robust,0.720215,2.2994,2.265,4.5644
COCO,38,4096,gblur5,robust,0.695557,2.2994,2.2696,4.569
COCO,38,4096,gblur7,robust,0.652588,2.2994,2.2719,4.5713
COCO,38,4096,mblur3,robust,0.720947,2.2994,2.264,4.5634
COCO,38,4096,mblur5,robust,0.706299,2.2994,2.2677,4.5671
COCO,38,4096,mblur7,robust,0.676758,2.2994,2.2676,4.567
COCO,39,4096,clean,robust,1.0,2.299,2.2712,4.5702
COCO,39,4096,png,robust,1.0,2.299,2.2738,4.5728
COCO,39,4096,jpeg90,robust,1.0,2.299,2.2694,4.5685
COCO,39,4096,jpeg70,robust,0.710449,2.299,2.2648,4.5638
COCO,39,4096,jpeg50,robust,0.708984,2.299,2.2642,4.5632
COCO,39,4096,resize0.5,robust,1.0,2.299,2.2746,4.5736
COCO,39,4096,resize0.75,robust,1.0,2.299,2.2806,4.5796
COCO,39,4096,resize1.25,robust,1.0,2.299,2.2695,4.5685
COCO,39,4096,resize1.5,robust,1.0,2.299,2.2681,4.5671
COCO,39,4096,gnoise01,robust,1.0,2.299,2.2723,4.5714
COCO,39,4096,gnoise05,robust,0.697998,2.299,2.2653,4.5643
COCO,39,4096,gnoise10,robust,0.674805,2.299,2.2666,4.5656
COCO,39,4096,gblur3,robust,1.0,2.299,2.2746,4.5737
COCO,39,4096,gblur5,robust,0.69873,2.299,2.2661,4.5651
COCO,39,4096,gblur7,robust,0.660645,2.299,2.2656,4.5646
COCO,39,4096,mblur3,robust,1.0,2.299,2.2711,4.5701
COCO,39,4096,mblur5,robust,0.703613,2.299,2.2643,4.5633
COCO,39,4096,mblur7,robust,0.674805,2.299,2.2686,4.5677
COCO,40,4096,clean,robust,1.0,2.2996,2.2645,4.5642
COCO,40,4096,png,robust,1.0,2.2996,2.2623,4.562
COCO,40,4096,jpeg90,robust,1.0,2.2996,2.264,4.5637
COCO,40,4096,jpeg70,robust,1.0,2.2996,2.2743,4.5739
COCO,40,4096,jpeg50,robust,1.0,2.2996,2.2782,4.5778
COCO,40,4096,resize0.5,robust,1.0,2.2996,2.2717,4.5713
COCO,40,4096,resize0.75,robust,1.0,2.2996,2.2671,4.5667
COCO,40,4096,resize1.25,robust,1.0,2.2996,2.2672,4.5668
COCO,40,4096,resize1.5,robust,1.0,2.2996,2.2685,4.5681
COCO,40,4096,gnoise01,robust,1.0,2.2996,2.2712,4.5709
COCO,40,4096,gnoise05,robust,0.716553,2.2996,2.27,4.5696
COCO,40,4096,gnoise10,robust,0.696289,2.2996,2.268,4.5676
COCO,40,4096,gblur3,robust,1.0,2.2996,2.273,4.5727
COCO,40,4096,gblur5,robust,0.707031,2.2996,2.269,4.5686
COCO,40,4096,gblur7,robust,0.672119,2.2996,2.2723,4.572
COCO,40,4096,mblur3,robust,1.0,2.2996,2.2741,4.5738
COCO,40,4096,mblur5,robust,0.716309,2.2996,2.2699,4.5695
COCO,40,4096,mblur7,robust,0.696289,2.2996,2.27,4.5697
COCO,41,4096,clean,robust,1.0,2.2992,2.2744,4.5736
COCO,41,4096,png,robust,1.0,2.2992,2.2725,4.5717
COCO,41,4096,jpeg90,robust,0.709961,2.2992,2.2842,4.5834
COCO,41,4096,jpeg70,robust,0.703857,2.2992,2.2712,4.5704
COCO,41,4096,jpeg50,robust,0.683105,2.2992,2.2702,4.5694
COCO,41,4096,resize0.5,robust,0.709717,2.2992,2.2707,4.5699
COCO,41,4096,resize0.75,robust,1.0,2.2992,2.2739,4.5731
COCO,41,4096,resize1.25,robust,1.0,2.2992,2.2745,4.5738
COCO,41,4096,resize1.5,robust,1.0,2.2992,2.2806,4.5798
COCO,41,4096,gnoise01,robust,0.708252,2.2992,2.2664,4.5656
COCO,41,4096,gnoise05,robust,0.683594,2.2992,2.2655,4.5647
COCO,41,4096,gnoise10,robust,0.645508,2.2992,2.2691,4.5684
COCO,41,4096,gblur3,robust,1.0,2.2992,2.2789,4.5781
COCO,41,4096,gblur5,robust,0.687256,2.2992,2.2699,4.5691
COCO,41,4096,gblur7,robust,0.661621,2.2992,2.2703,4.5696
COCO,41,4096,mblur3,robust,1.0,2.2992,2.2738,4.573
COCO,41,4096,mblur5,robust,0.703613,2.2992,2.2676,4.5668
COCO,41,4096,mblur7,robust,0.679932,2.2992,2.2689,4.5681
COCO,42,4096,clean,robust,1.0,2.3049,2.278,4.5829
COCO,42,4096,png,robust,1.0,2.3049,2.2788,4.5837
COCO,42,4096,jpeg90,robust,1.0,2.3049,2.276,4.5808
COCO,42,4096,jpeg70,robust,0.687744,2.3049,2.2753,4.5802
COCO,42,4096,jpeg50,robust,0.658936,2.3049,2.2693,4.5742
COCO,42,4096,resize0.5,robust,1.0,2.3049,2.2747,4.5796
COCO,42,4096,resize0.75,robust,1.0,2.3049,2.2769,4.5818
COCO,42,4096,resize1.25,robust,1.0,2.3049,2.2697,4.5746
COCO,42,4096,resize1.5,robust,1.0,2.3049,2.2683,4.5732
COCO,42,4096,gnoise01,robust,0.703857,2.3049,2.2664,4.5713
COCO,42,4096,gnoise05,robust,0.593994,2.3049,2.2675,4.5724
COCO,42,4096,gnoise10,robust,0.570557,2.3049,2.2695,4.5744
COCO,42,4096,gblur3,robust,1.0,2.3049,2.2738,4.5787
COCO,42,4096,gblur5,robust,0.703613,2.3049,2.2674,4.5723
COCO,42,4096,gblur7,robust,0.661377,2.3049,2.2658,4.5707
COCO,42,4096,mblur3,robust,1.0,2.3049,2.2731,4.578
COCO,42,4096,mblur5,robust,0.706055,2.3049,2.2734,4.5782
COCO,42,4096,mblur7,robust,0.685791,2.3049,2.2724,4.5773
COCO,43,4096,clean,robust,1.0,2.3004,2.2705,4.5709
COCO,43,4096,png,robust,1.0,2.3004,2.272,4.5724
COCO,43,4096,jpeg90,robust,1.0,2.3004,2.2738,4.5742
COCO,43,4096,jpeg70,robust,0.717041,2.3004,2.2702,4.5707
COCO,43,4096,jpeg50,robust,0.708984,2.3004,2.2754,4.5758
COCO,43,4096,resize0.5,robust,1.0,2.3004,2.2749,4.5753
COCO,43,4096,resize0.75,robust,1.0,2.3004,2.2753,4.5758
COCO,43,4096,resize1.25,robust,1.0,2.3004,2.2744,4.5748
COCO,43,4096,resize1.5,robust,1.0,2.3004,2.274,4.5744
COCO,43,4096,gnoise01,robust,1.0,2.3004,2.2748,4.5752
COCO,43,4096,gnoise05,robust,0.700439,2.3004,2.2794,4.5798
COCO,43,4096,gnoise10,robust,0.662109,2.3004,2.2767,4.5772
COCO,43,4096,gblur3,robust,1.0,2.3004,2.2764,4.5768
COCO,43,4096,gblur5,robust,0.692627,2.3004,2.2691,4.5696
COCO,43,4096,gblur7,robust,0.652588,2.3004,2.2672,4.5676
COCO,43,4096,mblur3,robust,1.0,2.3004,2.2781,4.5785
COCO,43,4096,mblur5,robust,0.707275,2.3004,2.2642,4.5647
COCO,43,4096,mblur7,robust,0.683594,2.3004,2.2711,4.5715
COCO,44,4096,clean,robust,1.0,2.2992,2.2684,4.5676
COCO,44,4096,png,robust,1.0,2.2992,2.2697,4.5688
COCO,44,4096,jpeg90,robust,1.0,2.2992,2.2737,4.5728
COCO,44,4096,jpeg70,robust,1.0,2.2992,2.2756,4.5748
COCO,44,4096,jpeg50,robust,1.0,2.2992,2.2723,4.5714
COCO,44,4096,resize0.5,robust,1.0,2.2992,2.2714,4.5705
COCO,44,4096,resize0.75,robust,1.0,2.2992,2.2677,4.5669
COCO,44,4096,resize1.25,robust,1.0,2.2992,2.2735,4.5727
COCO,44,4096,resize1.5,robust,1.0,2.2992,2.2751,4.5743
COCO,44,4096,gnoise01,robust,1.0,2.2992,2.2677,4.5669
COCO,44,4096,gnoise05,robust,0.705078,2.2992,2.2664,4.5656
COCO,44,4096,gnoise10,robust,0.662109,2.2992,2.2658,4.565
COCO,44,4096,gblur3,robust,1.0,2.2992,2.2683,4.5675
COCO,44,4096,gblur5,robust,0.709229,2.2992,2.2716,4.5708
COCO,44,4096,gblur7,robust,0.68335,2.2992,2.2672,4.5664
COCO,44,4096,mblur3,robust,1.0,2.2992,2.2714,4.5706
COCO,44,4096,mblur5,robust,0.711182,2.2992,2.269,4.5682
COCO,44,4096,mblur7,robust,0.695312,2.2992,2.2678,4.567
COCO,45,4096,clean,robust,1.0,2.3013,2.2767,4.578
COCO,45,4096,png,robust,1.0,2.3013,2.2743,4.5756
COCO,45,4096,jpeg90,robust,1.0,2.3013,2.2715,4.5728
COCO,45,4096,jpeg70,robust,1.0,2.3013,2.2788,4.5801
COCO,45,4096,jpeg50,robust,0.709473,2.3013,2.2705,4.5718
COCO,45,4096,resize0.5,robust,1.0,2.3013,2.2734,4.5747
COCO,45,4096,resize0.75,robust,1.0,2.3013,2.2723,4.5736
COCO,45,4096,resize1.25,robust,1.0,2.3013,2.2673,4.5686
COCO,45,4096,resize1.5,robust,1.0,2.3013,2.2656,4.5669
COCO,45,4096,gnoise01,robust,1.0,2.3013,2.2688,4.5701
COCO,45,4096,gnoise05,robust,0.699951,2.3013,2.264,4.5653
COCO,45,4096,gnoise10,robust,0.690674,2.3013,2.2699,4.5712
COCO,45,4096,gblur3,robust,1.0,2.3013,2.2748,4.5761
COCO,45,4096,gblur5,robust,0.702881,2.3013,2.265,4.5663
COCO,45,4096,gblur7,robust,0.678223,2.3013,2.2646,4.5659
COCO,45,4096,mblur3,robust,1.0,2.3013,2.2703,4.5716
COCO,45,4096,mblur5,robust,1.0,2.3013,2.2758,4.5771
COCO,45,4096,mblur7,robust,0.698486,2.3013,2.2729,4.5742
COCO,46,4096,clean,robust,0.709717,2.3004,2.2687,4.569
COCO,46,4096,png,robust,0.709961,2.3004,2.2674,4.5677
COCO,46,4096,jpeg90,robust,0.708496,2.3004,2.2677,4.5681
COCO,46,4096,jpeg70,robust,0.69043,2.3004,2.2696,4.5699
COCO,46,4096,jpeg50,robust,0.67749,2.3004,2.2728,4.5731
COCO,46,4096,resize0.5,robust,0.689697,2.3004,2.269,4.5694
COCO,46,4096,resize0.75,robust,0.705811,2.3004,2.2675,4.5679
COCO,46,4096,resize1.25,robust,0.710938,2.3004,2.2694,4.5698
COCO,46,4096,resize1.5,robust,0.710693,2.3004,2.2707,4.5711
COCO,46,4096,gnoise01,robust,0.708252,2.3004,2.2753,4.5757
COCO,46,4096,gnoise05,robust,0.661621,2.3004,2.2698,4.5702
COCO,46,4096,gnoise10,robust,0.608643,2.3004,2.2669,4.5673
COCO,46,4096,gblur3,robust,0.697021,2.3004,2.268,4.5684
COCO,46,4096,gblur5,robust,0.658447,2.3004,2.2667,4.567
COCO,46,4096,gblur7,robust,0.616943,2.3004,2.2694,4.5697
COCO,46,4096,mblur3,robust,0.696533,2.3004,2.2795,4.5799
COCO,46,4096,mblur5,robust,0.658691,2.3004,2.266,4.5663
COCO,46,4096,mblur7,robust,0.618652,2.3004,2.2654,4.5658
COCO,47,4096,clean,robust,1.0,2.3056,2.268,4.5736
COCO,47,4096,png,robust,1.0,2.3056,2.2668,4.5724
COCO,47,4096,jpeg90,robust,1.0,2.3056,2.2754,4.581
COCO,47,4096,jpeg70,robust,0.719238,2.3056,2.2721,4.5777
COCO,47,4096,jpeg50,robust,0.70752,2.3056,2.2659,4.5714
COCO,47,4096,resize0.5,robust,1.0,2.3056,2.2698,4.5754
COCO,47,4096,resize0.75,robust,1.0,2.3056,2.2683,4.5738
COCO,47,4096,resize1.25,robust,1.0,2.3056,2.2708,4.5764
COCO,47,4096,resize1.5,robust,1.0,2.3056,2.2729,4.5785
COCO,47,4096,gnoise01,robust,1.0,2.3056,2.2748,4.5804
COCO,47,4096,gnoise05,robust,0.700928,2.3056,2.2663,4.5719
COCO,47,4096,gnoise10,robust,0.670166,2.3056,2.264,4.5696
COCO,47,4096,gblur3,robust,1.0,2.3056,2.2696,4.5751
COCO,47,4096,gblur5,robust,0.702881,2.3056,2.2735,4.5791
COCO,47,4096,gblur7,robust,0.667236,2.3056,2.2789,4.5844
COCO,47,4096,mblur3,robust,1.0,2.3056,2.2815,4.5871
COCO,47,4096,mblur5,robust,0.710938,2.3056,2.2772,4.5828
COCO,47,4096,mblur7,robust,0.687256,2.3056,2.2681,4.5736
COCO,48,4096,clean,robust,1.0,2.3056,2.2722,4.5778
COCO,48,4096,png,robust,1.0,2.3056,2.2739,4.5794
COCO,48,4096,jpeg90,robust,1.0,2.3056,2.27,4.5756
COCO,48,4096,jpeg70,robust,1.0,2.3056,2.2705,4.5761
COCO,48,4096,jpeg50,robust,1.0,2.3056,2.2702,4.5758
COCO,48,4096,resize0.5,robust,1.0,2.3056,2.2755,4.581
COCO,48,4096,resize0.75,robust,1.0,2.3056,2.2778,4.5833
COCO,48,4096,resize1.25,robust,1.0,2.3056,2.2707,4.5763
COCO,48,4096,resize1.5,robust,1.0,2.3056,2.277,4.5826
COCO,48,4096,gnoise01,robust,1.0,2.3056,2.2729,4.5785
COCO,48,4096,gnoise05,robust,1.0,2.3056,2.2715,4.5771
COCO,48,4096,gnoise10,robust,0.711182,2.3056,2.2741,4.5796
COCO,48,4096,gblur3,robust,1.0,2.3056,2.2744,4.58
COCO,48,4096,gblur5,robust,0.706787,2.3056,2.2647,4.5703
COCO,48,4096,gblur7,robust,0.683594,2.3056,2.2658,4.5714
COCO,48,4096,mblur3,robust,1.0,2.3056,2.2705,4.576
COCO,48,4096,mblur5,robust,0.708496,2.3056,2.2684,4.5739
COCO,48,4096,mblur7,robust,0.681641,2.3056,2.2693,4.5749
COCO,49,4096,clean,robust,1.0,2.299,2.2676,4.5666
COCO,49,4096,png,robust,1.0,2.299,2.2714,4.5704
COCO,49,4096,jpeg90,robust,1.0,2.299,2.274,4.573
COCO,49,4096,jpeg70,robust,0.72583,2.299,2.2678,4.5668
COCO,49,4096,jpeg50,robust,0.711182,2.299,2.2729,4.5718
COCO,49,4096,resize0.5,robust,1.0,2.299,2.2733,4.5723
COCO,49,4096,resize0.75,robust,1.0,2.299,2.2785,4.5775
COCO,49,4096,resize1.25,robust,1.0,2.299,2.2691,4.5681
COCO,49,4096,resize1.5,robust,1.0,2.299,2.2697,4.5687
COCO,49,4096,gnoise01,robust,1.0,2.299,2.275,4.574
COCO,49,4096,gnoise05,robust,0.69751,2.299,2.2678,4.5668
COCO,49,4096,gnoise10,robust,0.663818,2.299,2.2646,4.5636
COCO,49,4096,gblur3,robust,1.0,2.299,2.2692,4.5682
COCO,49,4096,gblur5,robust,0.714355,2.299,2.2641,4.5631
COCO,49,4096,gblur7,robust,0.696533,2.299,2.2675,4.5665
COCO,49,4096,mblur3,robust,1.0,2.299,2.2788,4.5778
COCO,49,4096,mblur5,robust,0.719971,2.299,2.2721,4.5711
COCO,49,4096,mblur7,robust,0.705566,2.299,2.2681,4.5671
COCO,50,4096,clean,robust,1.0,2.299,2.2709,4.5699
COCO,50,4096,png,robust,1.0,2.299,2.2727,4.5717
COCO,50,4096,jpeg90,robust,0.709961,2.299,2.2784,4.5773
COCO,50,4096,jpeg70,robust,0.693604,2.299,2.2643,4.5633
COCO,50,4096,jpeg50,robust,0.666748,2.299,2.2669,4.5659
COCO,50,4096,resize0.5,robust,0.706055,2.299,2.2653,4.5643
COCO,50,4096,resize0.75,robust,1.0,2.299,2.2696,4.5686
COCO,50,4096,resize1.25,robust,1.0,2.299,2.278,4.5769
COCO,50,4096,resize1.5,robust,1.0,2.299,2.2751,4.574
COCO,50,4096,gnoise01,robust,0.702148,2.299,2.2638,4.5628
COCO,50,4096,gnoise05,robust,0.654053,2.299,2.2641,4.5631
COCO,50,4096,gnoise10,robust,0.635742,2.299,2.2672,4.5662
COCO,50,4096,gblur3,robust,1.0,2.299,2.2755,4.5745
COCO,50,4096,gblur5,robust,0.690674,2.299,2.2735,4.5725
COCO,50,4096,gblur7,robust,0.650391,2.299,2.2726,4.5716
COCO,50,4096,mblur3,robust,0.707031,2.299,2.2655,4.5645
COCO,50,4096,mblur5,robust,0.698242,2.299,2.2656,4.5645
COCO,50,4096,mblur7,robust,0.653076,2.299,2.2661,4.5651
COCO,51,4096,clean,robust,1.0,2.3033,2.2742,4.5775
COCO,51,4096,png,robust,1.0,2.3033,2.2706,4.5739
COCO,51,4096,jpeg90,robust,0.708008,2.3033,2.2658,4.5691
COCO,51,4096,jpeg70,robust,0.693604,2.3033,2.2659,4.5692
COCO,51,4096,jpeg50,robust,0.676758,2.3033,2.2653,4.5686
COCO,51,4096,resize0.5,robust,0.705811,2.3033,2.2687,4.572
COCO,51,4096,resize0.75,robust,1.0,2.3033,2.2767,4.58
COCO,51,4096,resize1.25,robust,1.0,2.3033,2.2722,4.5755
COCO,51,4096,resize1.5,robust,1.0,2.3033,2.2743,4.5775
COCO,51,4096,gnoise01,robust,0.70459,2.3033,2.2651,4.5684
COCO,51,4096,gnoise05,robust,0.675049,2.3033,2.2657,4.569
COCO,51,4096,gnoise10,robust,0.651855,2.3033,2.2701,4.5734
COCO,51,4096,gblur3,robust,1.0,2.3033,2.2724,4.5757
COCO,51,4096,gblur5,robust,0.680176,2.3033,2.2646,4.5679
COCO,51,4096,gblur7,robust,0.637939,2.3033,2.2644,4.5677
COCO,51,4096,mblur3,robust,0.705078,2.3033,2.2656,4.5689
COCO,51,4096,mblur5,robust,0.687256,2.3033,2.274,4.5773
COCO,51,4096,mblur7,robust,0.655273,2.3033,2.2716,4.5749
COCO,52,4096,clean,robust,1.0,2.3013,2.269,4.5703
COCO,52,4096,png,robust,1.0,2.3013,2.2702,4.5715
COCO,52,4096,jpeg90,robust,1.0,2.3013,2.2711,4.5724
COCO,52,4096,jpeg70,robust,1.0,2.3013,2.2859,4.5872
COCO,52,4096,jpeg50,robust,0.710693,2.3013,2.2749,4.5762
COCO,52,4096,resize0.5,robust,1.0,2.3013,2.2714,4.5727
COCO,52,4096,resize0.75,robust,1.0,2.3013,2.2708,4.5721
COCO,52,4096,resize1.25,robust,1.0,2.3013,2.2698,4.5711
COCO,52,4096,resize1.5,robust,1.0,2.3013,2.2687,4.57
COCO,52,4096,gnoise01,robust,1.0,2.3013,2.2724,4.5737
COCO,52,4096,gnoise05,robust,0.706543,2.3013,2.2659,4.5672
COCO,52,4096,gnoise10,robust,0.685791,2.3013,2.2648,4.5661
COCO,52,4096,gblur3,robust,1.0,2.3013,2.2697,4.571
COCO,52,4096,gblur5,robust,0.69165,2.3013,2.2645,4.5659
COCO,52,4096,gblur7,robust,0.650635,2.3013,2.2691,4.5704
COCO,52,4096,mblur3,robust,1.0,2.3013,2.2808,4.5821
COCO,52,4096,mblur5,robust,0.710693,2.3013,2.2658,4.5671
COCO,52,4096,mblur7,robust,0.680664,2.3013,2.2702,4.5715
COCO,53,4096,clean,robust,1.0,2.303,2.2678,4.5708
COCO,53,4096,png,robust,1.0,2.303,2.2707,4.5737
COCO,53,4096,jpeg90,robust,1.0,2.303,2.2752,4.5781
COCO,53,4096,jpeg70,robust,1.0,2.303,2.2705,4.5735
COCO,53,4096,jpeg50,robust,0.708496,2.303,2.2649,4.5679
COCO,53,4096,resize0.5,robust,1.0,2.303,2.2694,4.5724
COCO,53,4096,resize0.75,robust,1.0,2.303,2.2713,4.5743
COCO,53,4096,resize1.25,robust,1.0,2.303,2.2706,4.5736
COCO,53,4096,resize1.5,robust,1.0,2.303,2.269,4.572
COCO,53,4096,gnoise01,robust,1.0,2.303,2.2679,4.5709
COCO,53,4096,gnoise05,robust,0.69751,2.303,2.2651,4.568
COCO,53,4096,gnoise10,robust,0.669434,2.303,2.2735,4.5765
COCO,53,4096,gblur3,robust,1.0,2.303,2.2719,4.5749
COCO,53,4096,gblur5,robust,0.701416,2.303,2.2724,4.5754
COCO,53,4096,gblur7,robust,0.672852,2.303,2.267,4.57
COCO,53,4096,mblur3,robust,1.0,2.303,2.2718,4.5748
COCO,53,4096,mblur5,robust,1.0,2.303,2.2734,4.5764
COCO,53,4096,mblur7,robust,0.70166,2.303,2.2666,4.5696
COCO,54,4096,clean,robust,1.0,2.2985,2.279,4.5775
COCO,54,4096,png,robust,1.0,2.2985,2.2681,4.5666
COCO,54,4096,jpeg90,robust,1.0,2.2985,2.2706,4.5691
COCO,54,4096,jpeg70,robust,0.702148,2.2985,2.266,4.5646
COCO,54,4096,jpeg50,robust,0.677246,2.2985,2.2664,4.5649
COCO,54,4096,resize0.5,robust,1.0,2.2985,2.2766,4.5751
COCO,54,4096,resize0.75,robust,1.0,2.2985,2.2776,4.5761
COCO,54,4096,resize1.25,robust,1.0,2.2985,2.2725,4.571
COCO,54,4096,resize1.5,robust,1.0,2.2985,2.2692,4.5677
COCO,54,4096,gnoise01,robust,0.713867,2.2985,2.2682,4.5667
COCO,54,4096,gnoise05,robust,0.635986,2.2985,2.2705,4.569
COCO,54,4096,gnoise10,robust,0.592773,2.2985,2.2744,4.5729
COCO,54,4096,gblur3,robust,1.0,2.2985,2.272,4.5705
COCO,54,4096,gblur5,robust,0.70874,2.2985,2.2664,4.5649
COCO,54,4096,gblur7,robust,0.671387,2.2985,2.2704,4.5689
COCO,54,4096,mblur3,robust,1.0,2.2985,2.2729,4.5714
COCO,54,4096,mblur5,robust,0.712891,2.2985,2.2784,4.5769
COCO,54,4096,mblur7,robust,0.695068,2.2985,2.272,4.5705
COCO,55,4096,clean,robust,1.0,2.2981,2.2795,4.5776
COCO,55,4096,png,robust,1.0,2.2981,2.276,4.574
COCO,55,4096,jpeg90,robust,0.719727,2.2981,2.2703,4.5684
COCO,55,4096,jpeg70,robust,0.71167,2.2981,2.2716,4.5696
COCO,55,4096,jpeg50,robust,0.691162,2.2981,2.2713,4.5694
COCO,55,4096,resize0.5,robust,0.70874,2.2981,2.2665,4.5646
COCO,55,4096,resize0.75,robust,1.0,2.2981,2.2755,4.5735
COCO,55,4096,resize1.25,robust,1.0,2.2981,2.2727,4.5707
COCO,55,4096,resize1.5,robust,1.0,2.2981,2.2779,4.576
COCO,55,4096,gnoise01,robust,0.719727,2.2981,2.2756,4.5737
COCO,55,4096,gnoise05,robust,0.696045,2.2981,2.2697,4.5678
COCO,55,4096,gnoise10,robust,0.66748,2.2981,2.2663,4.5644
COCO,55,4096,gblur3,robust,0.716064,2.2981,2.2667,4.5648
COCO,55,4096,gblur5,robust,0.689697,2.2981,2.2663,4.5643
COCO,55,4096,gblur7,robust,0.661621,2.2981,2.2694,4.5675
COCO,55,4096,mblur3,robust,0.714844,2.2981,2.2718,4.5699
COCO,55,4096,mblur5,robust,0.696777,2.2981,2.2693,4.5673
COCO,55,4096,mblur7,robust,0.684082,2.2981,2.2678,4.5659
COCO,56,4096,clean,robust,1.0,2.2981,2.2682,4.5663
COCO,56,4096,png,robust,1.0,2.2981,2.2682,4.5663
COCO,56,4096,jpeg90,robust,1.0,2.2981,2.2714,4.5694
COCO,56,4096,jpeg70,robust,1.0,2.2981,2.2679,4.566
COCO,56,4096,jpeg50,robust,1.0,2.2981,2.266,4.5641
COCO,56,4096,resize0.5,robust,1.0,2.2981,2.2708,4.5689
COCO,56,4096,resize0.75,robust,1.0,2.2981,2.2719,4.57
COCO,56,4096,resize1.25,robust,1.0,2.2981,2.2712,4.5693
COCO,56,4096,resize1.5,robust,1.0,2.2981,2.2745,4.5726
COCO,56,4096,gnoise01,robust,1.0,2.2981,2.2702,4.5683
COCO,56,4096,gnoise05,robust,1.0,2.2981,2.2694,4.5675
COCO,56,4096,gnoise10,robust,1.0,2.2981,2.2711,4.5691
COCO,56,4096,gblur3,robust,1.0,2.2981,2.2702,4.5683
COCO,56,4096,gblur5,robust,1.0,2.2981,2.2744,4.5724
COCO,56,4096,gblur7,robust,0.693115,2.2981,2.2649,4.563
COCO,56,4096,mblur3,robust,1.0,2.2981,2.2674,4.5654
COCO,56,4096,mblur5,robust,1.0,2.2981,2.2715,4.5696
COCO,56,4096,mblur7,robust,0.706299,2.2981,2.2707,4.5688
COCO,57,4096,clean,robust,1.0,2.3023,2.2733,4.5757
COCO,57,4096,png,robust,1.0,2.3023,2.2702,4.5726
COCO,57,4096,jpeg90,robust,1.0,2.3023,2.2733,4.5757
COCO,57,4096,jpeg70,robust,0.709473,2.3023,2.2707,4.573
COCO,57,4096,jpeg50,robust,0.699951,2.3023,2.2669,4.5692
COCO,57,4096,resize0.5,robust,1.0,2.3023,2.2751,4.5775
COCO,57,4096,resize0.75,robust,1.0,2.3023,2.2714,4.5737
COCO,57,4096,resize1.25,robust,1.0,2.3023,2.268,4.5704
COCO,57,4096,resize1.5,robust,1.0,2.3023,2.266,4.5683
COCO,57,4096,gnoise01,robust,1.0,2.3023,2.2711,4.5734
COCO,57,4096,gnoise05,robust,0.694824,2.3023,2.2683,4.5706
COCO,57,4096,gnoise10,robust,0.660889,2.3023,2.2707,4.573
COCO,57,4096,gblur3,robust,1.0,2.3023,2.2687,4.5711
COCO,57,4096,gblur5,robust,0.709717,2.3023,2.269,4.5714
COCO,57,4096,gblur7,robust,0.679199,2.3023,2.2732,4.5756
COCO,57,4096,mblur3,robust,1.0,2.3023,2.2702,4.5725
COCO,57,4096,mblur5,robust,0.710693,2.3023,2.2803,4.5827
COCO,57,4096,mblur7,robust,0.69165,2.3023,2.2657,4.568
COCO,58,4096,clean,robust,1.0,2.3042,2.2665,4.5707
COCO,58,4096,png,robust,1.0,2.3042,2.2672,4.5714
COCO,58,4096,jpeg90,robust,1.0,2.3042,2.2696,4.5738
COCO,58,4096,jpeg70,robust,0.719238,2.3042,2.2724,4.5766
COCO,58,4096,jpeg50,robust,0.712402,2.3042,2.2695,4.5737
COCO,58,4096,resize0.5,robust,1.0,2.3042,2.2684,4.5726
COCO,58,4096,resize0.75,robust,1.0,2.3042,2.2682,4.5724
COCO,58,4096,resize1.25,robust,1.0,2.3042,2.2681,4.5723
COCO,58,4096,resize1.5,robust,1.0,2.3042,2.2694,4.5736
COCO,58,4096,gnoise01,robust,0.719482,2.3042,2.2788,4.583
COCO,58,4096,gnoise05,robust,0.6521,2.3042,2.2673,4.5715
COCO,58,4096,gnoise10,robust,0.599854,2.3042,2.2652,4.5694
COCO,58,4096,gblur3,robust,1.0,2.3042,2.2708,4.575
COCO,58,4096,gblur5,robust,0.709473,2.3042,2.2661,4.5703
COCO,58,4096,gblur7,robust,0.671143,2.3042,2.27,4.5742
COCO,58,4096,mblur3,robust,1.0,2.3042,2.2717,4.5759
COCO,58,4096,mblur5,robust,0.71582,2.3042,2.2656,4.5698
COCO,58,4096,mblur7,robust,0.692139,2.3042,2.2653,4.5695
COCO,59,4096,clean,robust,1.0,2.3015,2.2697,4.5712
COCO,59,4096,png,robust,1.0,2.3015,2.2727,4.5741
COCO,59,4096,jpeg90,robust,1.0,2.3015,2.2745,4.576
COCO,59,4096,jpeg70,robust,1.0,2.3015,2.2744,4.5758
COCO,59,4096,jpeg50,robust,0.70459,2.3015,2.2718,4.5732
COCO,59,4096,resize0.5,robust,1.0,2.3015,2.2786,4.5801
COCO,59,4096,resize0.75,robust,1.0,2.3015,2.2845,4.586
COCO,59,4096,resize1.25,robust,1.0,2.3015,2.2785,4.5799
COCO,59,4096,resize1.5,robust,1.0,2.3015,2.271,4.5725
COCO,59,4096,gnoise01,robust,1.0,2.3015,2.2696,4.5711
COCO,59,4096,gnoise05,robust,0.697021,2.3015,2.2639,4.5654
COCO,59,4096,gnoise10,robust,0.662354,2.3015,2.2646,4.5661
COCO,59,4096,gblur3,robust,0.712646,2.3015,2.2732,4.5747
COCO,59,4096,gblur5,robust,0.694824,2.3015,2.2688,4.5703
COCO,59,4096,gblur7,robust,0.657959,2.3015,2.266,4.5675
COCO,59,4096,mblur3,robust,1.0,2.3015,2.2735,4.575
COCO,59,4096,mblur5,robust,0.701416,2.3015,2.267,4.5685
COCO,59,4096,mblur7,robust,0.679199,2.3015,2.2783,4.5798
COCO,60,4096,clean,robust,1.0,2.2992,2.276,4.5752
COCO,60,4096,png,robust,1.0,2.2992,2.2729,4.5721
COCO,60,4096,jpeg90,robust,1.0,2.2992,2.2746,4.5738
COCO,60,4096,jpeg70,robust,0.717529,2.2992,2.2663,4.5655
COCO,60,4096,jpeg50,robust,0.715332,2.2992,2.2678,4.567
COCO,60,4096,resize0.5,robust,0.719238,2.2992,2.2727,4.5719
COCO,60,4096,resize0.75,robust,1.0,2.2992,2.269,4.5681
COCO,60,4096,resize1.25,robust,1.0,2.2992,2.2703,4.5695
COCO,60,4096,resize1.5,robust,1.0,2.2992,2.2707,4.5699
COCO,60,4096,gnoise01,robust,1.0,2.2992,2.2724,4.5716
COCO,60,4096,gnoise05,robust,0.70166,2.2992,2.2687,4.5679
COCO,60,4096,gnoise10,robust,0.67627,2.2992,2.269,4.5682
COCO,60,4096,gblur3,robust,1.0,2.2992,2.2769,4.5761
COCO,60,4096,gblur5,robust,0.709229,2.2992,2.278,4.5772
COCO,60,4096,gblur7,robust,0.676514,2.2992,2.2706,4.5698
COCO,60,4096,mblur3,robust,1.0,2.2992,2.2744,4.5736
COCO,60,4096,mblur5,robust,0.71582,2.2992,2.2747,4.5739
COCO,60,4096,mblur7,robust,0.694336,2.2992,2.2679,4.567
COCO,61,4096,clean,robust,1.0,2.3061,2.2739,4.5799
COCO,61,4096,png,robust,1.0,2.3061,2.2707,4.5767
COCO,61,4096,jpeg90,robust,0.715576,2.3061,2.2661,4.5721
COCO,61,4096,jpeg70,robust,0.68042,2.3061,2.2702,4.5763
COCO,61,4096,jpeg50,robust,0.656982,2.3061,2.2678,4.5738
COCO,61,4096,resize0.5,robust,0.716553,2.3061,2.2664,4.5724
COCO,61,4096,resize0.75,robust,1.0,2.3061,2.2749,4.5809
COCO,61,4096,resize1.25,robust,1.0,2.3061,2.2735,4.5795
COCO,61,4096,resize1.5,robust,1.0,2.3061,2.2768,4.5828
COCO,61,4096,gnoise01,robust,0.705322,2.3061,2.2719,4.578
COCO,61,4096,gnoise05,robust,0.622803,2.3061,2.267,4.573
COCO,61,4096,gnoise10,robust,0.571289,2.3061,2.269,4.5751
COCO,61,4096,gblur3,robust,0.722412,2.3061,2.2702,4.5763
COCO,61,4096,gblur5,robust,0.69043,2.3061,2.266,4.5721
COCO,61,4096,gblur7,robust,0.648926,2.3061,2.2713,4.5773
COCO,61,4096,mblur3,robust,0.720703,2.3061,2.2653,4.5714
COCO,61,4096,mblur5,robust,0.693604,2.3061,2.2641,4.5702
COCO,61,4096,mblur7,robust,0.651855,2.3061,2.2644,4.5705
COCO,62,4096,clean,robust,1.0,2.2995,2.2746,4.5741
COCO,62,4096,png,robust,1.0,2.2995,2.2843,4.5837
COCO,62,4096,jpeg90,robust,1.0,2.2995,2.2816,4.581
COCO,62,4096,jpeg70,robust,1.0,2.2995,2.2848,4.5842
COCO,62,4096,jpeg50,robust,0.708008,2.2995,2.2681,4.5675
COCO,62,4096,resize0.5,robust,1.0,2.2995,2.2695,4.569
COCO,62,4096,resize0.75,robust,1.0,2.2995,2.271,4.5705
COCO,62,4096,resize1.25,robust,1.0,2.2995,2.2747,4.5741
COCO,62,4096,resize1.5,robust,1.0,2.2995,2.2693,4.5688
COCO,62,4096,gnoise01,robust,1.0,2.2995,2.2689,4.5684
COCO,62,4096,gnoise05,robust,0.681641,2.2995,2.2639,4.5634
COCO,62,4096,gnoise10,robust,0.633057,2.2995,2.2644,4.5639
COCO,62,4096,gblur3,robust,1.0,2.2995,2.2743,4.5738
COCO,62,4096,gblur5,robust,0.698486,2.2995,2.2671,4.5666
COCO,62,4096,gblur7,robust,0.664795,2.2995,2.2643,4.5638
COCO,62,4096,mblur3,robust,1.0,2.2995,2.2717,4.5712
COCO,62,4096,mblur5,robust,0.700684,2.2995,2.2676,4.5671
COCO,62,4096,mblur7,robust,0.673096,2.2995,2.2709,4.5704
COCO,63,4096,clean,robust,1.0,2.3007,2.2708,4.5715
COCO,63,4096,png,robust,1.0,2.3007,2.2696,4.5703
COCO,63,4096,jpeg90,robust,1.0,2.3007,2.2709,4.5717
COCO,63,4096,jpeg70,robust,0.710693,2.3007,2.2685,4.5692
COCO,63,4096,jpeg50,robust,0.697266,2.3007,2.2691,4.5698
COCO,63,4096,resize0.5,robust,0.706055,2.3007,2.2695,4.5702
COCO,63,4096,resize0.75,robust,1.0,2.3007,2.2699,4.5706
COCO,63,4096,resize1.25,robust,1.0,2.3007,2.2691,4.5698
COCO,63,4096,resize1.5,robust,1.0,2.3007,2.2699,4.5706
COCO,63,4096,gnoise01,robust,1.0,2.3007,2.2702,4.5709
COCO,63,4096,gnoise05,robust,0.691895,2.3007,2.2744,4.5751
COCO,63,4096,gnoise10,robust,0.650879,2.3007,2.2759,4.5766
COCO,63,4096,gblur3,robust,0.711182,2.3007,2.2652,4.5659
COCO,63,4096,gblur5,robust,0.679199,2.3007,2.2643,4.565
COCO,63,4096,gblur7,robust,0.657715,2.3007,2.2652,4.566
COCO,63,4096,mblur3,robust,0.712158,2.3007,2.2681,4.5688
COCO,63,4096,mblur5,robust,0.686035,2.3007,2.2695,4.5702
COCO,63,4096,mblur7,robust,0.648682,2.3007,2.2678,4.5685
COCO,64,4096,clean,robust,1.0,2.3033,2.2705,4.5738
COCO,64,4096,png,robust,1.0,2.3033,2.2683,4.5716
COCO,64,4096,jpeg90,robust,1.0,2.3033,2.2717,4.575
COCO,64,4096,jpeg70,robust,0.693848,2.3033,2.2708,4.5741
COCO,64,4096,jpeg50,robust,0.681885,2.3033,2.2665,4.5698
COCO,64,4096,resize0.5,robust,1.0,2.3033,2.2712,4.5745
COCO,64,4096,resize0.75,robust,1.0,2.3033,2.2695,4.5728
COCO,64,4096,resize1.25,robust,1.0,2.3033,2.2682,4.5715
COCO,64,4096,resize1.5,robust,1.0,2.3033,2.2732,4.5765
COCO,64,4096,gnoise01,robust,1.0,2.3033,2.2763,4.5796
COCO,64,4096,gnoise05,robust,0.648926,2.3033,2.2665,4.5698
COCO,64,4096,gnoise10,robust,0.61499,2.3033,2.2657,4.569
COCO,64,4096,gblur3,robust,1.0,2.3033,2.2707,4.574
COCO,64,4096,gblur5,robust,0.694824,2.3033,2.2685,4.5718
COCO,64,4096,gblur7,robust,0.666504,2.3033,2.2729,4.5762
COCO,64,4096,mblur3,robust,1.0,2.3033,2.2709,4.5742
COCO,64,4096,mblur5,robust,0.697754,2.3033,2.2654,4.5687
COCO,64,4096,mblur7,robust,0.692627,2.3033,2.2662,4.5695
COCO,65,4096,clean,robust,1.0,2.2945,2.2816,4.5761
COCO,65,4096,png,robust,1.0,2.2945,2.2796,4.5741
COCO,65,4096,jpeg90,robust,0.712646,2.2945,2.2681,4.5626
COCO,65,4096,jpeg70,robust,0.708252,2.2945,2.2647,4.5592
COCO,65,4096,jpeg50,robust,0.702148,2.2945,2.2653,4.5598
COCO,65,4096,resize0.5,robust,0.702393,2.2945,2.265,4.5595
COCO,65,4096,resize0.75,robust,0.712402,2.2945,2.2691,4.5636
COCO,65,4096,resize1.25,robust,1.0,2.2945,2.274,4.5685
COCO,65,4096,resize1.5,robust,1.0,2.2945,2.2706,4.5651
COCO,65,4096,gnoise01,robust,1.0,2.2945,2.2748,4.5693
COCO,65,4096,gnoise05,robust,0.695557,2.2945,2.2688,4.5633
COCO,65,4096,gnoise10,robust,0.662354,2.2945,2.2682,4.5627
COCO,65,4096,gblur3,robust,0.710938,2.2945,2.2739,4.5684
COCO,65,4096,gblur5,robust,0.675781,2.2945,2.2688,4.5633
COCO,65,4096,gblur7,robust,0.638184,2.2945,2.2674,4.5619
COCO,65,4096,mblur3,robust,0.710449,2.2945,2.2665,4.561
COCO,65,4096,mblur5,robust,0.673096,2.2945,2.2695,4.564
COCO,65,4096,mblur7,robust,0.635742,2.2945,2.2749,4.5694
COCO,66,4096,clean,robust,1.0,2.2982,2.2688,4.5669
COCO,66,4096,png,robust,1.0,2.2982,2.2696,4.5677
COCO,66,4096,jpeg90,robust,1.0,2.2982,2.2705,4.5687
COCO,66,4096,jpeg70,robust,1.0,2.2982,2.2703,4.5685
COCO,66,4096,jpeg50,robust,0.713623,2.2982,2.2702,4.5684
COCO,66,4096,resize0.5,robust,1.0,2.2982,2.2759,4.5741
COCO,66,4096,resize0.75,robust,1.0,2.2982,2.267,4.5652
COCO,66,4096,resize1.25,robust,1.0,2.2982,2.2714,4.5696
COCO,66,4096,resize1.5,robust,1.0,2.2982,2.2747,4.5729
COCO,66,4096,gnoise01,robust,1.0,2.2982,2.273,4.5712
COCO,66,4096,gnoise05,robust,0.705322,2.2982,2.272,4.5702
COCO,66,4096,gnoise10,robust,0.655273,2.2982,2.2665,4.5647
COCO,66,4096,gblur3,robust,1.0,2.2982,2.2676,4.5658
COCO,66,4096,gblur5,robust,0.703369,2.2982,2.2647,4.5628
COCO,66,4096,gblur7,robust,0.689697,2.2982,2.2647,4.5629
COCO,66,4096,mblur3,robust,1.0,2.2982,2.2778,4.5759
COCO,66,4096,mblur5,robust,0.696777,2.2982,2.2694,4.5676
COCO,66,4096,mblur7,robust,0.670166,2.2982,2.2667,4.5649
COCO,67,4096,clean,robust,1.0,2.2959,2.2706,4.5665
COCO,67,4096,png,robust,1.0,2.2959,2.2717,4.5675
COCO,67,4096,jpeg90,robust,1.0,2.2959,2.2747,4.5705
COCO,67,4096,jpeg70,robust,1.0,2.2959,2.2762,4.572
COCO,67,4096,jpeg50,robust,1.0,2.2959,2.2719,4.5678
COCO,67,4096,resize0.5,robust,1.0,2.2959,2.2666,4.5624
COCO,67,4096,resize0.75,robust,1.0,2.2959,2.2666,4.5624
COCO,67,4096,resize1.25,robust,1.0,2.2959,2.2675,4.5634
COCO,67,4096,resize1.5,robust,1.0,2.2959,2.2767,4.5726
COCO,67,4096,gnoise01,robust,1.0,2.2959,2.2659,4.5617
COCO,67,4096,gnoise05,robust,1.0,2.2959,2.2694,4.5652
COCO,67,4096,gnoise10,robust,0.682373,2.2959,2.2676,4.5634
COCO,67,4096,gblur3,robust,1.0,2.2959,2.2669,4.5627
COCO,67,4096,gblur5,robust,0.704834,2.2959,2.2691,4.565
COCO,67,4096,gblur7,robust,0.681885,2.2959,2.2688,4.5647
COCO,67,4096,mblur3,robust,1.0,2.2959,2.2766,4.5724
COCO,67,4096,mblur5,robust,0.689697,2.2959,2.2726,4.5684
COCO,67,4096,mblur7,robust,0.665283,2.2959,2.2719,4.5677
COCO,68,4096,clean,robust,1.0,2.2957,2.2705,4.5663
COCO,68,4096,png,robust,1.0,2.2957,2.271,4.5667
COCO,68,4096,jpeg90,robust,0.726562,2.2957,2.2687,4.5644
COCO,68,4096,jpeg70,robust,0.701172,2.2957,2.2644,4.5602
COCO,68,4096,jpeg50,robust,0.669189,2.2957,2.2642,4.5599
COCO,68,4096,resize0.5,robust,1.0,2.2957,2.2704,4.5661
COCO,68,4096,resize0.75,robust,1.0,2.2957,2.2771,4.5729
COCO,68,4096,resize1.25,robust,1.0,2.2957,2.2692,4.5649
COCO,68,4096,resize1.5,robust,1.0,2.2957,2.2651,4.5609
COCO,68,4096,gnoise01,robust,0.715088,2.2957,2.264,4.5597
COCO,68,4096,gnoise05,robust,0.615234,2.2957,2.2654,4.5612
COCO,68,4096,gnoise10,robust,0.563232,2.2957,2.2677,4.5635
COCO,68,4096,gblur3,robust,1.0,2.2957,2.2828,4.5786
COCO,68,4096,gblur5,robust,0.705078,2.2957,2.2657,4.5615
COCO,68,4096,gblur7,robust,0.665771,2.2957,2.2675,4.5633
COCO,68,4096,mblur3,robust,1.0,2.2957,2.271,4.5667
COCO,68,4096,mblur5,robust,0.710693,2.2957,2.2656,4.5614
COCO,68,4096,mblur7,robust,0.68042,2.2957,2.2717,4.5674
COCO,69,4096,clean,robust,1.0,2.301,2.2693,4.5703
COCO,69,4096,png,robust,1.0,2.301,2.2696,4.5705
COCO,69,4096,jpeg90,robust,0.71582,2.301,2.2643,4.5653
COCO,69,4096,jpeg70,robust,0.70459,2.301,2.2666,4.5676
COCO,69,4096,jpeg50,robust,0.693359,2.301,2.2726,4.5735
COCO,69,4096,resize0.5,robust,0.709229,2.301,2.2731,4.5741
COCO,69,4096,resize0.75,robust,0.716797,2.301,2.2713,4.5723
COCO,69,4096,resize1.25,robust,1.0,2.301,2.2736,4.5746
COCO,69,4096,resize1.5,robust,1.0,2.301,2.2754,4.5764
COCO,69,4096,gnoise01,robust,0.714844,2.301,2.2783,4.5793
COCO,69,4096,gnoise05,robust,0.687256,2.301,2.2707,4.5717
COCO,69,4096,gnoise10,robust,0.637207,2.301,2.2714,4.5724
COCO,69,4096,gblur3,robust,0.712646,2.301,2.2667,4.5677
COCO,69,4096,gblur5,robust,0.688965,2.301,2.2641,4.5651
COCO,69,4096,gblur7,robust,0.658691,2.301,2.265,4.566
COCO,69,4096,mblur3,robust,0.713623,2.301,2.2705,4.5714
COCO,69,4096,mblur5,robust,0.685791,2.301,2.274,4.575
COCO,69,4096,mblur7,robust,0.656494,2.301,2.2675,4.5684
COCO,70,4096,clean,robust,1.0,2.2997,2.2738,4.5735
COCO,70,4096,png,robust,1.0,2.2997,2.2712,4.5709
COCO,70,4096,jpeg90,robust,0.714111,2.2997,2.2693,4.569
COCO,70,4096,jpeg70,robust,0.708984,2.2997,2.2681,4.5678
COCO,70,4096,jpeg50,robust,0.704102,2.2997,2.2666,4.5664
COCO,70,4096,resize0.5,robust,0.711182,2.2997,2.2689,4.5686
COCO,70,4096,resize0.75,robust,1.0,2.2997,2.2725,4.5722
COCO,70,4096,resize1.25,robust,1.0,2.2997,2.274,4.5737
COCO,70,4096,resize1.5,robust,1.0,2.2997,2.2784,4.5781
COCO,70,4096,gnoise01,robust,1.0,2.2997,2.2741,4.5739
COCO,70,4096,gnoise05,robust,0.698975,2.2997,2.266,4.5657
COCO,70,4096,gnoise10,robust,0.667725,2.2997,2.2656,4.5654
COCO,70,4096,gblur3,robust,0.716553,2.2997,2.2718,4.5716
COCO,70,4096,gblur5,robust,0.693359,2.2997,2.2778,4.5775
COCO,70,4096,gblur7,robust,0.6521,2.2997,2.2754,4.5752
COCO,70,4096,mblur3,robust,0.712402,2.2997,2.2665,4.5662
COCO,70,4096,mblur5,robust,0.696533,2.2997,2.2714,4.5711
COCO,70,4096,mblur7,robust,0.661377,2.2997,2.2716,4.5713
COCO,71,4096,clean,robust,1.0,2.2965,2.2772,4.5737
COCO,71,4096,png,robust,1.0,2.2965,2.277,4.5734
COCO,71,4096,jpeg90,robust,0.709961,2.2965,2.2638,4.5603
COCO,71,4096,jpeg70,robust,0.678711,2.2965,2.2644,4.5608
COCO,71,4096,jpeg50,robust,0.653076,2.2965,2.2637,4.5602
COCO,71,4096,resize0.5,robust,0.704102,2.2965,2.2642,4.5607
COCO,71,4096,resize0.75,robust,1.0,2.2965,2.2766,4.5731
COCO,71,4096,resize1.25,robust,1.0,2.2965,2.2748,4.5713
COCO,71,4096,resize1.5,robust,1.0,2.2965,2.2717,4.5681
COCO,71,4096,gnoise01,robust,0.709473,2.2965,2.2662,4.5626
COCO,71,4096,gnoise05,robust,0.629883,2.2965,2.2646,4.5611
COCO,71,4096,gnoise10,robust,0.58252,2.2965,2.2694,4.5659
COCO,71,4096,gblur3,robust,0.712402,2.2965,2.2755,4.5719
COCO,71,4096,gblur5,robust,0.676758,2.2965,2.2648,4.5613
COCO,71,4096,gblur7,robust,0.654541,2.2965,2.2671,4.5635
COCO,71,4096,mblur3,robust,0.711182,2.2965,2.2695,4.566
COCO,71,4096,mblur5,robust,0.685547,2.2965,2.2671,4.5636
COCO,71,4096,mblur7,robust,0.666016,2.2965,2.2763,4.5727
COCO,72,4096,clean,robust,1.0,2.2988,2.2676,4.5664
COCO,72,4096,png,robust,1.0,2.2988,2.2709,4.5697
COCO,72,4096,jpeg90,robust,1.0,2.2988,2.2699,4.5687
COCO,72,4096,jpeg70,robust,1.0,2.2988,2.2781,4.5769
COCO,72,4096,jpeg50,robust,1.0,2.2988,2.2785,4.5773
COCO,72,4096,resize0.5,robust,1.0,2.2988,2.2723,4.5711
COCO,72,4096,resize0.75,robust,1.0,2.2988,2.2702,4.569
COCO,72,4096,resize1.25,robust,1.0,2.2988,2.2661,4.5649
COCO,72,4096,resize1.5,robust,1.0,2.2988,2.2668,4.5657
COCO,72,4096,gnoise01,robust,1.0,2.2988,2.269,4.5678
COCO,72,4096,gnoise05,robust,1.0,2.2988,2.2833,4.5821
COCO,72,4096,gnoise10,robust,0.705322,2.2988,2.2668,4.5656
COCO,72,4096,gblur3,robust,1.0,2.2988,2.2663,4.5651
COCO,72,4096,gblur5,robust,0.724854,2.2988,2.2669,4.5657
COCO,72,4096,gblur7,robust,0.696289,2.2988,2.2656,4.5644
COCO,72,4096,mblur3,robust,1.0,2.2988,2.2778,4.5766
COCO,72,4096,mblur5,robust,1.0,2.2988,2.2787,4.5775
COCO,72,4096,mblur7,robust,0.708008,2.2988,2.2668,4.5656
COCO,73,4096,clean,robust,1.0,2.2965,2.2681,4.5646
COCO,73,4096,png,robust,1.0,2.2965,2.2662,4.5627
COCO,73,4096,jpeg90,robust,1.0,2.2965,2.2809,4.5774
COCO,73,4096,jpeg70,robust,0.703613,2.2965,2.2744,4.5709
COCO,73,4096,jpeg50,robust,0.690186,2.2965,2.2648,4.5613
COCO,73,4096,resize0.5,robust,1.0,2.2965,2.2723,4.5688
COCO,73,4096,resize0.75,robust,1.0,2.2965,2.2733,4.5698
COCO,73,4096,resize1.25,robust,1.0,2.2965,2.2709,4.5674
COCO,73,4096,resize1.5,robust,1.0,2.2965,2.2823,4.5788
COCO,73,4096,gnoise01,robust,1.0,2.2965,2.2753,4.5718
COCO,73,4096,gnoise05,robust,0.660645,2.2965,2.2706,4.5671
COCO,73,4096,gnoise10,robust,0.618164,2.2965,2.2716,4.5681
COCO,73,4096,gblur3,robust,1.0,2.2965,2.2717,4.5682
COCO,73,4096,gblur5,robust,0.693359,2.2965,2.2751,4.5716
COCO,73,4096,gblur7,robust,0.668213,2.2965,2.2731,4.5696
COCO,73,4096,mblur3,robust,1.0,2.2965,2.2715,4.5679
COCO,73,4096,mblur5,robust,1.0,2.2965,2.2742,4.5707
COCO,73,4096,mblur7,robust,0.687744,2.2965,2.2665,4.563
COCO,74,4096,clean,robust,1.0,2.2986,2.2725,4.5711
COCO,74,4096,png,robust,1.0,2.2986,2.2785,4.5771
COCO,74,4096,jpeg90,robust,1.0,2.2986,2.2708,4.5694
COCO,74,4096,jpeg70,robust,1.0,2.2986,2.2722,4.5708
COCO,74,4096,jpeg50,robust,1.0,2.2986,2.2713,4.5699
COCO,74,4096,resize0.5,robust,1.0,2.2986,2.2676,4.5662
COCO,74,4096,resize0.75,robust,1.0,2.2986,2.2763,4.5749
COCO,74,4096,resize1.25,robust,1.0,2.2986,2.2713,4.5699
COCO,74,4096,resize1.5,robust,1.0,2.2986,2.267,4.5656
COCO,74,4096,gnoise01,robust,1.0,2.2986,2.2664,4.565
COCO,74,4096,gnoise05,robust,1.0,2.2986,2.2718,4.5704
COCO,74,4096,gnoise10,robust,0.68457,2.2986,2.2706,4.5692
COCO,74,4096,gblur3,robust,1.0,2.2986,2.2835,4.5821
COCO,74,4096,gblur5,robust,1.0,2.2986,2.2711,4.5697
COCO,74,4096,gblur7,robust,0.69751,2.2986,2.266,4.5646
COCO,74,4096,mblur3,robust,1.0,2.2986,2.2672,4.5658
COCO,74,4096,mblur5,robust,1.0,2.2986,2.2754,4.574
COCO,74,4096,mblur7,robust,0.707275,2.2986,2.2786,4.5772
COCO,75,4096,clean,robust,1.0,2.3017,2.2746,4.5763
COCO,75,4096,png,robust,1.0,2.3017,2.2728,4.5745
COCO,75,4096,jpeg90,robust,1.0,2.3017,2.2693,4.571
COCO,75,4096,jpeg70,robust,1.0,2.3017,2.274,4.5757
COCO,75,4096,jpeg50,robust,0.713867,2.3017,2.2707,4.5724
COCO,75,4096,resize0.5,robust,1.0,2.3017,2.2789,4.5806
COCO,75,4096,resize0.75,robust,1.0,2.3017,2.2689,4.5706
COCO,75,4096,resize1.25,robust,1.0,2.3017,2.2687,4.5704
COCO,75,4096,resize1.5,robust,1.0,2.3017,2.265,4.5667
COCO,75,4096,gnoise01,robust,1.0,2.3017,2.2679,4.5696
COCO,75,4096,gnoise05,robust,0.700928,2.3017,2.2713,4.573
COCO,75,4096,gnoise10,robust,0.67627,2.3017,2.2673,4.569
COCO,75,4096,gblur3,robust,1.0,2.3017,2.2718,4.5735
COCO,75,4096,gblur5,robust,0.703613,2.3017,2.2695,4.5713
COCO,75,4096,gblur7,robust,0.668945,2.3017,2.2674,4.5691
COCO,75,4096,mblur3,robust,1.0,2.3017,2.2769,4.5786
COCO,75,4096,mblur5,robust,0.705322,2.3017,2.2667,4.5684
COCO,75,4096,mblur7,robust,0.683594,2.3017,2.2659,4.5676
COCO,76,4096,clean,robust,1.0,2.2987,2.2693,4.568
COCO,76,4096,png,robust,1.0,2.2987,2.2716,4.5703
COCO,76,4096,jpeg90,robust,1.0,2.2987,2.277,4.5757
COCO,76,4096,jpeg70,robust,0.702881,2.2987,2.2711,4.5698
COCO,76,4096,jpeg50,robust,0.69458,2.2987,2.2639,4.5626
COCO,76,4096,resize0.5,robust,0.710693,2.2987,2.2721,4.5708
COCO,76,4096,resize0.75,robust,1.0,2.2987,2.2792,4.5778
COCO,76,4096,resize1.25,robust,1.0,2.2987,2.2803,4.579
COCO,76,4096,resize1.5,robust,1.0,2.2987,2.2859,4.5845
COCO,76,4096,gnoise01,robust,0.71167,2.2987,2.269,4.5676
COCO,76,4096,gnoise05,robust,0.677979,2.2987,2.2678,4.5665
COCO,76,4096,gnoise10,robust,0.65332,2.2987,2.2634,4.5621
COCO,76,4096,gblur3,robust,1.0,2.2987,2.2708,4.5695
COCO,76,4096,gblur5,robust,0.687012,2.2987,2.2736,4.5723
COCO,76,4096,gblur7,robust,0.650879,2.2987,2.2707,4.5693
COCO,76,4096,mblur3,robust,1.0,2.2987,2.2714,4.5701
COCO,76,4096,mblur5,robust,0.690918,2.2987,2.2649,4.5636
COCO,76,4096,mblur7,robust,0.664795,2.2987,2.2654,4.5641
COCO,77,4096,clean,robust,1.0,2.3018,2.2711,4.5729
COCO,77,4096,png,robust,1.0,2.3018,2.2697,4.5716
COCO,77,4096,jpeg90,robust,1.0,2.3018,2.2681,4.5699
COCO,77,4096,jpeg70,robust,1.0,2.3018,2.2734,4.5752
COCO,77,4096,jpeg50,robust,1.0,2.3018,2.2701,4.5719
COCO,77,4096,resize0.5,robust,1.0,2.3018,2.2828,4.5847
COCO,77,4096,resize0.75,robust,1.0,2.3018,2.2758,4.5776
COCO,77,4096,resize1.25,robust,1.0,2.3018,2.2692,4.571
COCO,77,4096,resize1.5,robust,1.0,2.3018,2.2683,4.5702
COCO,77,4096,gnoise01,robust,1.0,2.3018,2.2713,4.5731
COCO,77,4096,gnoise05,robust,0.706299,2.3018,2.2648,4.5666
COCO,77,4096,gnoise10,robust,0.687256,2.3018,2.2685,4.5703
COCO,77,4096,gblur3,robust,1.0,2.3018,2.2728,4.5746
COCO,77,4096,gblur5,robust,0.701416,2.3018,2.2661,4.5679
COCO,77,4096,gblur7,robust,0.673096,2.3018,2.2651,4.567
COCO,77,4096,mblur3,robust,1.0,2.3018,2.2698,4.5717
COCO,77,4096,mblur5,robust,0.708008,2.3018,2.2764,4.5782
COCO,77,4096,mblur7,robust,0.68457,2.3018,2.2714,4.5732
COCO,78,4096,clean,robust,1.0,2.3001,2.2723,4.5724
COCO,78,4096,png,robust,1.0,2.3001,2.2726,4.5726
COCO,78,4096,jpeg90,robust,1.0,2.3001,2.2739,4.574
COCO,78,4096,jpeg70,robust,0.714355,2.3001,2.2683,4.5683
COCO,78,4096,jpeg50,robust,0.698486,2.3001,2.2682,4.5683
COCO,78,4096,resize0.5,robust,0.707031,2.3001,2.2657,4.5657
COCO,78,4096,resize0.75,robust,1.0,2.3001,2.2716,4.5717
COCO,78,4096,resize1.25,robust,1.0,2.3001,2.2714,4.5714
COCO,78,4096,resize1.5,robust,1.0,2.3001,2.2701,4.5702
COCO,78,4096,gnoise01,robust,0.715576,2.3001,2.27,4.57
COCO,78,4096,gnoise05,robust,0.678467,2.3001,2.2721,4.5721
COCO,78,4096,gnoise10,robust,0.649658,2.3001,2.2646,4.5647
COCO,78,4096,gblur3,robust,0.714111,2.3001,2.2652,4.5653
COCO,78,4096,gblur5,robust,0.686523,2.3001,2.2642,4.5642
COCO,78,4096,gblur7,robust,0.654785,2.3001,2.265,4.5651
COCO,78,4096,mblur3,robust,0.717529,2.3001,2.2756,4.5757
COCO,78,4096,mblur5,robust,0.692383,2.3001,2.269,4.569
COCO,78,4096,mblur7,robust,0.657227,2.3001,2.2663,4.5663
COCO,79,4096,clean,robust,1.0,2.2978,2.269,4.5668
COCO,79,4096,png,robust,1.0,2.2978,2.268,4.5658
COCO,79,4096,jpeg90,robust,1.0,2.2978,2.2767,4.5745
COCO,79,4096,jpeg70,robust,0.715576,2.2978,2.2705,4.5683
COCO,79,4096,jpeg50,robust,0.706299,2.2978,2.2659,4.5637
COCO,79,4096,resize0.5,robust,1.0,2.2978,2.2779,4.5757
COCO,79,4096,resize0.75,robust,1.0,2.2978,2.2737,4.5715
COCO,79,4096,resize1.25,robust,1.0,2.2978,2.2711,4.5689
COCO,79,4096,resize1.5,robust,1.0,2.2978,2.2721,4.5699
COCO,79,4096,gnoise01,robust,1.0,2.2978,2.2684,4.5662
COCO,79,4096,gnoise05,robust,0.679199,2.2978,2.2645,4.5623
COCO,79,4096,gnoise10,robust,0.630371,2.2978,2.2659,4.5637
COCO,79,4096,gblur3,robust,1.0,2.2978,2.2734,4.5711
COCO,79,4096,gblur5,robust,0.710449,2.2978,2.2775,4.5753
COCO,79,4096,gblur7,robust,0.673584,2.2978,2.2682,4.566
COCO,79,4096,mblur3,robust,1.0,2.2978,2.2696,4.5674
COCO,79,4096,mblur5,robust,0.716797,2.2978,2.2668,4.5646
COCO,79,4096,mblur7,robust,0.70752,2.2978,2.2659,4.5637
COCO,80,4096,clean,robust,1.0,2.3053,2.2739,4.5792
COCO,80,4096,png,robust,1.0,2.3053,2.2718,4.5771
COCO,80,4096,jpeg90,robust,1.0,2.3053,2.2702,4.5755
COCO,80,4096,jpeg70,robust,1.0,2.3053,2.2728,4.5781
COCO,80,4096,jpeg50,robust,0.709473,2.3053,2.2647,4.57
COCO,80,4096,resize0.5,robust,1.0,2.3053,2.2753,4.5806
COCO,80,4096,resize0.75,robust,1.0,2.3053,2.2713,4.5766
COCO,80,4096,resize1.25,robust,1.0,2.3053,2.2716,4.5769
COCO,80,4096,resize1.5,robust,1.0,2.3053,2.2694,4.5747
COCO,80,4096,gnoise01,robust,1.0,2.3053,2.2731,4.5784
COCO,80,4096,gnoise05,robust,0.690674,2.3053,2.266,4.5713
COCO,80,4096,gnoise10,robust,0.642578,2.3053,2.2695,4.5749
COCO,80,4096,gblur3,robust,1.0,2.3053,2.2755,4.5808
COCO,80,4096,gblur5,robust,0.69873,2.3053,2.2736,4.5789
COCO,80,4096,gblur7,robust,0.667236,2.3053,2.266,4.5713
COCO,80,4096,mblur3,robust,1.0,2.3053,2.2706,4.5759
COCO,80,4096,mblur5,robust,0.707275,2.3053,2.2686,4.5739
COCO,80,4096,mblur7,robust,0.687012,2.3053,2.2717,4.5771
COCO,81,4096,clean,robust,1.0,2.2978,2.2704,4.5682
COCO,81,4096,png,robust,1.0,2.2978,2.2657,4.5635
COCO,81,4096,jpeg90,robust,1.0,2.2978,2.2702,4.568
COCO,81,4096,jpeg70,robust,0.708496,2.2978,2.2653,4.5631
COCO,81,4096,jpeg50,robust,0.6875,2.2978,2.2694,4.5672
COCO,81,4096,resize0.5,robust,1.0,2.2978,2.2754,4.5732
COCO,81,4096,resize0.75,robust,1.0,2.2978,2.2687,4.5665
COCO,81,4096,resize1.25,robust,1.0,2.2978,2.2644,4.5622
COCO,81,4096,resize1.5,robust,1.0,2.2978,2.2671,4.5649
COCO,81,4096,gnoise01,robust,0.715332,2.2978,2.2679,4.5657
COCO,81,4096,gnoise05,robust,0.64917,2.2978,2.2691,4.5669
COCO,81,4096,gnoise10,robust,0.616699,2.2978,2.2638,4.5616
COCO,81,4096,gblur3,robust,1.0,2.2978,2.2696,4.5674
COCO,81,4096,gblur5,robust,0.703369,2.2978,2.2653,4.5631
COCO,81,4096,gblur7,robust,0.673584,2.2978,2.2641,4.5619
COCO,81,4096,mblur3,robust,1.0,2.2978,2.2822,4.58
COCO,81,4096,mblur5,robust,0.713135,2.2978,2.2648,4.5626
COCO,81,4096,mblur7,robust,0.698975,2.2978,2.2643,4.5621
COCO,82,4096,clean,robust,1.0,2.2971,2.2695,4.5666
COCO,82,4096,png,robust,1.0,2.2971,2.2697,4.5668
COCO,82,4096,jpeg90,robust,1.0,2.2971,2.2762,4.5733
COCO,82,4096,jpeg70,robust,0.714355,2.2971,2.2733,4.5704
COCO,82,4096,jpeg50,robust,0.70459,2.2971,2.2622,4.5593
COCO,82,4096,resize0.5,robust,1.0,2.2971,2.2687,4.5658
COCO,82,4096,resize0.75,robust,1.0,2.2971,2.2662,4.5634
COCO,82,4096,resize1.25,robust,1.0,2.2971,2.2679,4.5651
COCO,82,4096,resize1.5,robust,1.0,2.2971,2.2724,4.5696
COCO,82,4096,gnoise01,robust,1.0,2.2971,2.2739,4.5711
COCO,82,4096,gnoise05,robust,0.68335,2.2971,2.267,4.5641
COCO,82,4096,gnoise10,robust,0.655518,2.2971,2.2666,4.5637
COCO,82,4096,gblur3,robust,1.0,2.2971,2.2682,4.5653
COCO,82,4096,gblur5,robust,0.706787,2.2971,2.2694,4.5666
COCO,82,4096,gblur7,robust,0.678467,2.2971,2.2683,4.5654
COCO,82,4096,mblur3,robust,1.0,2.2971,2.2723,4.5695
COCO,82,4096,mblur5,robust,0.709473,2.2971,2.267,4.5641
COCO,82,4096,mblur7,robust,0.692871,2.2971,2.2657,4.5628
COCO,83,4096,clean,robust,1.0,2.2971,2.2737,4.5708
COCO,83,4096,png,robust,1.0,2.2971,2.2726,4.5698
COCO,83,4096,jpeg90,robust,1.0,2.2971,2.2703,4.5675
COCO,83,4096,jpeg70,robust,0.712646,2.2971,2.2639,4.5611
COCO,83,4096,jpeg50,robust,0.702637,2.2971,2.2645,4.5616
COCO,83,4096,resize0.5,robust,0.704834,2.2971,2.2654,4.5625
COCO,83,4096,resize0.75,robust,1.0,2.2971,2.2772,4.5743
COCO,83,4096,resize1.25,robust,1.0,2.2971,2.2709,4.5681
COCO,83,4096,resize1.5,robust,1.0,2.2971,2.2722,4.5693
COCO,83,4096,gnoise01,robust,1.0,2.2971,2.2715,4.5687
COCO,83,4096,gnoise05,robust,0.701172,2.2971,2.2686,4.5658
COCO,83,4096,gnoise10,robust,0.662354,2.2971,2.2744,4.5715
COCO,83,4096,gblur3,robust,0.713135,2.2971,2.2704,4.5676
COCO,83,4096,gblur5,robust,0.686523,2.2971,2.2655,4.5626
COCO,83,4096,gblur7,robust,0.6521,2.2971,2.2664,4.5635
COCO,83,4096,mblur3,robust,0.70752,2.2971,2.265,4.5622
COCO,83,4096,mblur5,robust,0.668945,2.2971,2.2695,4.5667
COCO,83,4096,mblur7,robust,0.644287,2.2971,2.269,4.5661
COCO,84,4096,clean,robust,1.0,2.299,2.2715,4.5705
COCO,84,4096,png,robust,1.0,2.299,2.2759,4.575
COCO,84,4096,jpeg90,robust,1.0,2.299,2.2692,4.5682
COCO,84,4096,jpeg70,robust,0.713867,2.299,2.2723,4.5713
COCO,84,4096,jpeg50,robust,0.703125,2.299,2.2703,4.5693
COCO,84,4096,resize0.5,robust,0.716064,2.299,2.2682,4.5672
COCO,84,4096,resize0.75,robust,1.0,2.299,2.271,4.5701
COCO,84,4096,resize1.25,robust,1.0,2.299,2.2693,4.5683
COCO,84,4096,resize1.5,robust,1.0,2.299,2.2728,4.5718
COCO,84,4096,gnoise01,robust,1.0,2.299,2.2741,4.5731
COCO,84,4096,gnoise05,robust,0.689209,2.299,2.2664,4.5655
COCO,84,4096,gnoise10,robust,0.651855,2.299,2.2636,4.5626
COCO,84,4096,gblur3,robust,1.0,2.299,2.2693,4.5683
COCO,84,4096,gblur5,robust,0.696045,2.299,2.2639,4.5629
COCO,84,4096,gblur7,robust,0.658447,2.299,2.2676,4.5667
COCO,84,4096,mblur3,robust,1.0,2.299,2.2781,4.5772
COCO,84,4096,mblur5,robust,0.70874,2.299,2.2659,4.565
COCO,84,4096,mblur7,robust,0.684814,2.299,2.2675,4.5665
COCO,85,4096,clean,robust,1.0,2.3003,2.2797,4.58
COCO,85,4096,png,robust,1.0,2.3003,2.2778,4.5781
COCO,85,4096,jpeg90,robust,1.0,2.3003,2.2809,4.5812
COCO,85,4096,jpeg70,robust,0.709961,2.3003,2.2661,4.5664
COCO,85,4096,jpeg50,robust,0.70459,2.3003,2.2634,4.5637
COCO,85,4096,resize0.5,robust,0.715088,2.3003,2.2685,4.5688
COCO,85,4096,resize0.75,robust,1.0,2.3003,2.2707,4.571
COCO,85,4096,resize1.25,robust,1.0,2.3003,2.2741,4.5744
COCO,85,4096,resize1.5,robust,1.0,2.3003,2.2753,4.5756
COCO,85,4096,gnoise01,robust,1.0,2.3003,2.2727,4.573
COCO,85,4096,gnoise05,robust,0.689697,2.3003,2.2649,4.5652
COCO,85,4096,gnoise10,robust,0.663574,2.3003,2.2647,4.565
COCO,85,4096,gblur3,robust,0.713379,2.3003,2.268,4.5683
COCO,85,4096,gblur5,robust,0.698486,2.3003,2.2707,4.571
COCO,85,4096,gblur7,robust,0.661865,2.3003,2.266,4.5663
COCO,85,4096,mblur3,robust,1.0,2.3003,2.2716,4.5719
COCO,85,4096,mblur5,robust,0.711182,2.3003,2.27,4.5703
COCO,85,4096,mblur7,robust,0.6875,2.3003,2.2675,4.5678
COCO,86,4096,clean,robust,1.0,2.3037,2.2754,4.579
COCO,86,4096,png,robust,1.0,2.3037,2.2736,4.5772
COCO,86,4096,jpeg90,robust,1.0,2.3037,2.27,4.5736
COCO,86,4096,jpeg70,robust,0.696289,2.3037,2.2653,4.5689
COCO,86,4096,jpeg50,robust,0.68457,2.3037,2.2648,4.5684
COCO,86,4096,resize0.5,robust,0.699951,2.3037,2.2677,4.5713
COCO,86,4096,resize0.75,robust,1.0,2.3037,2.275,4.5787
COCO,86,4096,resize1.25,robust,1.0,2.3037,2.2707,4.5744
COCO,86,4096,resize1.5,robust,1.0,2.3037,2.2778,4.5815
COCO,86,4096,gnoise01,robust,0.704102,2.3037,2.2694,4.573
COCO,86,4096,gnoise05,robust,0.670898,2.3037,2.2643,4.5679
COCO,86,4096,gnoise10,robust,0.638184,2.3037,2.2703,4.574
COCO,86,4096,gblur3,robust,1.0,2.3037,2.2752,4.5788
COCO,86,4096,gblur5,robust,0.682861,2.3037,2.2676,4.5713
COCO,86,4096,gblur7,robust,0.649414,2.3037,2.2648,4.5684
COCO,86,4096,mblur3,robust,0.703857,2.3037,2.2641,4.5678
COCO,86,4096,mblur5,robust,0.687256,2.3037,2.2694,4.5731
COCO,86,4096,mblur7,robust,0.663574,2.3037,2.2705,4.5742
COCO,87,4096,clean,robust,1.0,2.3057,2.2738,4.5795
COCO,87,4096,png,robust,1.0,2.3057,2.2695,4.5752
COCO,87,4096,jpeg90,robust,1.0,2.3057,2.2712,4.5769
COCO,87,4096,jpeg70,robust,0.718262,2.3057,2.2671,4.5728
COCO,87,4096,jpeg50,robust,0.702148,2.3057,2.2694,4.5751
COCO,87,4096,resize0.5,robust,1.0,2.3057,2.2708,4.5765
COCO,87,4096,resize0.75,robust,1.0,2.3057,2.2692,4.5748
COCO,87,4096,resize1.25,robust,1.0,2.3057,2.2688,4.5745
COCO,87,4096,resize1.5,robust,1.0,2.3057,2.2759,4.5816
COCO,87,4096,gnoise01,robust,1.0,2.3057,2.2804,4.5861
COCO,87,4096,gnoise05,robust,0.689209,2.3057,2.2711,4.5768
COCO,87,4096,gnoise10,robust,0.655518,2.3057,2.2663,4.572
COCO,87,4096,gblur3,robust,1.0,2.3057,2.2704,4.5761
COCO,87,4096,gblur5,robust,0.70459,2.3057,2.2649,4.5706
COCO,87,4096,gblur7,robust,0.666016,2.3057,2.2674,4.573
COCO,87,4096,mblur3,robust,1.0,2.3057,2.2761,4.5817
COCO,87,4096,mblur5,robust,0.716797,2.3057,2.2752,4.5808
COCO,87,4096,mblur7,robust,0.696289,2.3057,2.2656,4.5713
COCO,88,4096,clean,robust,1.0,2.3005,2.2699,4.5703
COCO,88,4096,png,robust,1.0,2.3005,2.2733,4.5738
COCO,88,4096,jpeg90,robust,0.706543,2.3005,2.2734,4.5739
COCO,88,4096,jpeg70,robust,0.653076,2.3005,2.2664,4.5669
COCO,88,4096,jpeg50,robust,0.608398,2.3005,2.2675,4.568
COCO,88,4096,resize0.5,robust,0.705322,2.3005,2.2667,4.5672
COCO,88,4096,resize0.75,robust,1.0,2.3005,2.2722,4.5727
COCO,88,4096,resize1.25,robust,1.0,2.3005,2.2751,4.5756
COCO,88,4096,resize1.5,robust,1.0,2.3005,2.2772,4.5777
COCO,88,4096,gnoise01,robust,0.703369,2.3005,2.265,4.5655
COCO,88,4096,gnoise05,robust,0.575928,2.3005,2.265,4.5655
COCO,88,4096,gnoise10,robust,0.544189,2.3005,2.2673,4.5678
COCO,88,4096,gblur3,robust,0.70459,2.3005,2.2715,4.572
COCO,88,4096,gblur5,robust,0.668701,2.3005,2.2716,4.5721
COCO,88,4096,gblur7,robust,0.634766,2.3005,2.2642,4.5647
COCO,88,4096,mblur3,robust,0.689941,2.3005,2.2642,4.5646
COCO,88,4096,mblur5,robust,0.648438,2.3005,2.265,4.5654
COCO,88,4096,mblur7,robust,0.638428,2.3005,2.2673,4.5677
COCO,89,4096,clean,robust,1.0,2.2968,2.2723,4.5691
COCO,89,4096,png,robust,1.0,2.2968,2.2702,4.567
COCO,89,4096,jpeg90,robust,1.0,2.2968,2.2686,4.5653
COCO,89,4096,jpeg70,robust,0.714844,2.2968,2.2647,4.5614
COCO,89,4096,jpeg50,robust,0.704834,2.2968,2.2653,4.562
COCO,89,4096,resize0.5,robust,1.0,2.2968,2.2802,4.5769
COCO,89,4096,resize0.75,robust,1.0,2.2968,2.2745,4.5713
COCO,89,4096,resize1.25,robust,1.0,2.2968,2.2682,4.5649
COCO,89,4096,resize1.5,robust,1.0,2.2968,2.2684,4.5652
COCO,89,4096,gnoise01,robust,1.0,2.2968,2.2699,4.5667
COCO,89,4096,gnoise05,robust,0.674072,2.2968,2.2664,4.5632
COCO,89,4096,gnoise10,robust,0.646973,2.2968,2.2705,4.5672
COCO,89,4096,gblur3,robust,1.0,2.2968,2.2685,4.5652
COCO,89,4096,gblur5,robust,0.705566,2.2968,2.2634,4.5602
COCO,89,4096,gblur7,robust,0.663818,2.2968,2.266,4.5628
COCO,89,4096,mblur3,robust,1.0,2.2968,2.2702,4.5669
COCO,89,4096,mblur5,robust,0.707764,2.2968,2.2734,4.5701
COCO,89,4096,mblur7,robust,0.67627,2.2968,2.2698,4.5665
COCO,90,4096,clean,robust,1.0,2.299,2.2688,4.5679
COCO,90,4096,png,robust,1.0,2.299,2.2706,4.5696
COCO,90,4096,jpeg90,robust,1.0,2.299,2.2729,4.5719
COCO,90,4096,jpeg70,robust,0.712646,2.299,2.2713,4.5703
COCO,90,4096,jpeg50,robust,0.703369,2.299,2.2679,4.567
COCO,90,4096,resize0.5,robust,0.71582,2.299,2.2647,4.5638
COCO,90,4096,resize0.75,robust,1.0,2.299,2.2683,4.5673
COCO,90,4096,resize1.25,robust,1.0,2.299,2.2687,4.5677
COCO,90,4096,resize1.5,robust,1.0,2.299,2.2692,4.5683
COCO,90,4096,gnoise01,robust,1.0,2.299,2.2762,4.5753
COCO,90,4096,gnoise05,robust,0.702637,2.299,2.2688,4.5678
COCO,90,4096,gnoise10,robust,0.691406,2.299,2.2739,4.5729
COCO,90,4096,gblur3,robust,1.0,2.299,2.2821,4.5812
COCO,90,4096,gblur5,robust,0.69873,2.299,2.2751,4.5742
COCO,90,4096,gblur7,robust,0.673584,2.299,2.2745,4.5735
COCO,90,4096,mblur3,robust,1.0,2.299,2.2764,4.5754
COCO,90,4096,mblur5,robust,0.704102,2.299,2.2647,4.5637
COCO,90,4096,mblur7,robust,0.679932,2.299,2.2646,4.5636
COCO,91,4096,clean,robust,0.710693,2.3043,2.2651,4.5695
COCO,91,4096,png,robust,0.710693,2.3043,2.2682,4.5725
COCO,91,4096,jpeg90,robust,0.697998,2.3043,2.2675,4.5718
COCO,91,4096,jpeg70,robust,0.670166,2.3043,2.2639,4.5683
COCO,91,4096,jpeg50,robust,0.644287,2.3043,2.264,4.5683
COCO,91,4096,resize0.5,robust,0.668213,2.3043,2.2646,4.5689
COCO,91,4096,resize0.75,robust,0.703857,2.3043,2.2669,4.5712
COCO,91,4096,resize1.25,robust,0.708252,2.3043,2.2756,4.58
COCO,91,4096,resize1.5,robust,0.709229,2.3043,2.2716,4.5759
COCO,91,4096,gnoise01,robust,0.691406,2.3043,2.2653,4.5697
COCO,91,4096,gnoise05,robust,0.613037,2.3043,2.2636,4.568
COCO,91,4096,gnoise10,robust,0.570068,2.3043,2.267,4.5714
COCO,91,4096,gblur3,robust,0.688965,2.3043,2.2681,4.5724
COCO,91,4096,gblur5,robust,0.648438,2.3043,2.2698,4.5742
COCO,91,4096,gblur7,robust,0.624756,2.3043,2.2643,4.5687
COCO,91,4096,mblur3,robust,0.678467,2.3043,2.2649,4.5692
COCO,91,4096,mblur5,robust,0.654541,2.3043,2.2657,4.57
COCO,91,4096,mblur7,robust,0.63623,2.3043,2.2687,4.5731
COCO,92,4096,clean,robust,1.0,2.3035,2.278,4.5815
COCO,92,4096,png,robust,1.0,2.3035,2.2721,4.5756
COCO,92,4096,jpeg90,robust,1.0,2.3035,2.2757,4.5792
COCO,92,4096,jpeg70,robust,0.693359,2.3035,2.275,4.5785
COCO,92,4096,jpeg50,robust,0.682129,2.3035,2.2676,4.5711
COCO,92,4096,resize0.5,robust,0.69751,2.3035,2.2767,4.5802
COCO,92,4096,resize0.75,robust,1.0,2.3035,2.2766,4.5801
COCO,92,4096,resize1.25,robust,1.0,2.3035,2.2703,4.5738
COCO,92,4096,resize1.5,robust,1.0,2.3035,2.2722,4.5756
COCO,92,4096,gnoise01,robust,1.0,2.3035,2.2714,4.5749
COCO,92,4096,gnoise05,robust,0.665039,2.3035,2.267,4.5705
COCO,92,4096,gnoise10,robust,0.641846,2.3035,2.2741,4.5775
COCO,92,4096,gblur3,robust,1.0,2.3035,2.272,4.5754
COCO,92,4096,gblur5,robust,0.679688,2.3035,2.2659,4.5693
COCO,92,4096,gblur7,robust,0.640869,2.3035,2.2643,4.5678
COCO,92,4096,mblur3,robust,0.702393,2.3035,2.2666,4.5701
COCO,92,4096,mblur5,robust,0.697021,2.3035,2.2729,4.5764
COCO,92,4096,mblur7,robust,0.678467,2.3035,2.2683,4.5718
COCO,93,4096,clean,robust,1.0,2.2991,2.2707,4.5698
COCO,93,4096,png,robust,1.0,2.2991,2.2688,4.5679
COCO,93,4096,jpeg90,robust,0.706787,2.2991,2.2643,4.5634
COCO,93,4096,jpeg70,robust,0.679688,2.2991,2.2683,4.5673
COCO,93,4096,jpeg50,robust,0.651123,2.2991,2.2692,4.5682
COCO,93,4096,resize0.5,robust,0.709473,2.2991,2.2674,4.5665
COCO,93,4096,resize0.75,robust,1.0,2.2991,2.2704,4.5695
COCO,93,4096,resize1.25,robust,1.0,2.2991,2.2705,4.5696
COCO,93,4096,resize1.5,robust,1.0,2.2991,2.2711,4.5702
COCO,93,4096,gnoise01,robust,0.708008,2.2991,2.2694,4.5685
COCO,93,4096,gnoise05,robust,0.601074,2.2991,2.2689,4.5679
COCO,93,4096,gnoise10,robust,0.559326,2.2991,2.269,4.5681
COCO,93,4096,gblur3,robust,0.712646,2.2991,2.2646,4.5637
COCO,93,4096,gblur5,robust,0.69165,2.2991,2.2663,4.5653
COCO,93,4096,gblur7,robust,0.662109,2.2991,2.2703,4.5693
COCO,93,4096,mblur3,robust,0.710938,2.2991,2.2679,4.567
COCO,93,4096,mblur5,robust,0.686768,2.2991,2.2652,4.5642
COCO,93,4096,mblur7,robust,0.662109,2.2991,2.2655,4.5645
COCO,94,4096,clean,robust,1.0,2.2973,2.2647,4.562
COCO,94,4096,png,robust,1.0,2.2973,2.2687,4.566
COCO,94,4096,jpeg90,robust,1.0,2.2973,2.27,4.5673
COCO,94,4096,jpeg70,robust,1.0,2.2973,2.2685,4.5658
COCO,94,4096,jpeg50,robust,1.0,2.2973,2.2687,4.5661
COCO,94,4096,resize0.5,robust,1.0,2.2973,2.2712,4.5685
COCO,94,4096,resize0.75,robust,1.0,2.2973,2.2701,4.5674
COCO,94,4096,resize1.25,robust,1.0,2.2973,2.2733,4.5707
COCO,94,4096,resize1.5,robust,1.0,2.2973,2.2666,4.5639
COCO,94,4096,gnoise01,robust,1.0,2.2973,2.2666,4.5639
COCO,94,4096,gnoise05,robust,1.0,2.2973,2.2729,4.5702
COCO,94,4096,gnoise10,robust,0.690186,2.2973,2.266,4.5634
COCO,94,4096,gblur3,robust,1.0,2.2973,2.2699,4.5672
COCO,94,4096,gblur5,robust,0.712646,2.2973,2.2678,4.5651
COCO,94,4096,gblur7,robust,0.690186,2.2973,2.2645,4.5619
COCO,94,4096,mblur3,robust,1.0,2.2973,2.2671,4.5644
COCO,94,4096,mblur5,robust,0.71582,2.2973,2.2655,4.5628
COCO,94,4096,mblur7,robust,0.69873,2.2973,2.2705,4.5679
COCO,95,4096,clean,robust,1.0,2.2987,2.2748,4.5735
COCO,95,4096,png,robust,1.0,2.2987,2.2687,4.5674
COCO,95,4096,jpeg90,robust,1.0,2.2987,2.2674,4.5661
COCO,95,4096,jpeg70,robust,0.701904,2.2987,2.2616,4.5603
COCO,95,4096,jpeg50,robust,0.673096,2.2987,2.2613,4.5601
COCO,95,4096,resize0.5,robust,1.0,2.2987,2.2806,4.5794
COCO,95,4096,resize0.75,robust,1.0,2.2987,2.267,4.5657
COCO,95,4096,resize1.25,robust,1.0,2.2987,2.2641,4.5628
COCO,95,4096,resize1.5,robust,1.0,2.2987,2.2641,4.5628
COCO,95,4096,gnoise01,robust,1.0,2.2987,2.2684,4.5671
COCO,95,4096,gnoise05,robust,0.640869,2.2987,2.2681,4.5668
COCO,95,4096,gnoise10,robust,0.602783,2.2987,2.2706,4.5693
COCO,95,4096,gblur3,robust,1.0,2.2987,2.2731,4.5718
COCO,95,4096,gblur5,robust,0.703369,2.2987,2.2692,4.568
COCO,95,4096,gblur7,robust,0.674072,2.2987,2.2659,4.5646
COCO,95,4096,mblur3,robust,1.0,2.2987,2.2719,4.5706
COCO,95,4096,mblur5,robust,0.705078,2.2987,2.2702,4.569
COCO,95,4096,mblur7,robust,0.686768,2.2987,2.2648,4.5635
COCO,96,4096,clean,robust,1.0,2.3023,2.2708,4.5731
COCO,96,4096,png,robust,1.0,2.3023,2.2714,4.5737
COCO,96,4096,jpeg90,robust,0.70874,2.3023,2.2691,4.5715
COCO,96,4096,jpeg70,robust,0.687744,2.3023,2.2682,4.5705
COCO,96,4096,jpeg50,robust,0.676025,2.3023,2.2678,4.5701
COCO,96,4096,resize0.5,robust,0.70166,2.3023,2.2649,4.5672
COCO,96,4096,resize0.75,robust,1.0,2.3023,2.2722,4.5746
COCO,96,4096,resize1.25,robust,1.0,2.3023,2.2716,4.5739
COCO,96,4096,resize1.5,robust,1.0,2.3023,2.2803,4.5827
COCO,96,4096,gnoise01,robust,0.70874,2.3023,2.2701,4.5724
COCO,96,4096,gnoise05,robust,0.664551,2.3023,2.268,4.5703
COCO,96,4096,gnoise10,robust,0.616699,2.3023,2.2639,4.5662
COCO,96,4096,gblur3,robust,0.711426,2.3023,2.2641,4.5664
COCO,96,4096,gblur5,robust,0.69458,2.3023,2.2655,4.5679
COCO,96,4096,gblur7,robust,0.649414,2.3023,2.2707,4.5731
COCO,96,4096,mblur3,robust,0.706787,2.3023,2.2693,4.5717
COCO,96,4096,mblur5,robust,0.690674,2.3023,2.2681,4.5705
COCO,96,4096,mblur7,robust,0.659912,2.3023,2.2686,4.5709
COCO,97,4096,clean,robust,1.0,2.3047,2.2657,4.5705
COCO,97,4096,png,robust,1.0,2.3047,2.2733,4.5781
COCO,97,4096,jpeg90,robust,1.0,2.3047,2.2694,4.5741
COCO,97,4096,jpeg70,robust,1.0,2.3047,2.2702,4.5749
COCO,97,4096,jpeg50,robust,1.0,2.3047,2.2775,4.5823
COCO,97,4096,resize0.5,robust,1.0,2.3047,2.2699,4.5747
COCO,97,4096,resize0.75,robust,1.0,2.3047,2.2663,4.5711
COCO,97,4096,resize1.25,robust,1.0,2.3047,2.2722,4.577
COCO,97,4096,resize1.5,robust,1.0,2.3047,2.2661,4.5708
COCO,97,4096,gnoise01,robust,1.0,2.3047,2.2714,4.5761
COCO,97,4096,gnoise05,robust,0.714111,2.3047,2.2695,4.5743
COCO,97,4096,gnoise10,robust,0.677979,2.3047,2.2635,4.5682
COCO,97,4096,gblur3,robust,1.0,2.3047,2.2743,4.5791
COCO,97,4096,gblur5,robust,0.70459,2.3047,2.2722,4.5769
COCO,97,4096,gblur7,robust,0.670654,2.3047,2.2656,4.5703
COCO,97,4096,mblur3,robust,1.0,2.3047,2.2716,4.5763
COCO,97,4096,mblur5,robust,0.710693,2.3047,2.2729,4.5776
COCO,97,4096,mblur7,robust,0.687256,2.3047,2.2703,4.5751
COCO,98,4096,clean,robust,1.0,2.2974,2.2745,4.5719
COCO,98,4096,png,robust,1.0,2.2974,2.2704,4.5677
COCO,98,4096,jpeg90,robust,1.0,2.2974,2.272,4.5694
COCO,98,4096,jpeg70,robust,0.716553,2.2974,2.2673,4.5647
COCO,98,4096,jpeg50,robust,0.708496,2.2974,2.2669,4.5643
COCO,98,4096,resize0.5,robust,0.719238,2.2974,2.2711,4.5685
COCO,98,4096,resize0.75,robust,1.0,2.2974,2.2712,4.5686
COCO,98,4096,resize1.25,robust,1.0,2.2974,2.2683,4.5657
COCO,98,4096,resize1.5,robust,1.0,2.2974,2.2715,4.5689
COCO,98,4096,gnoise01,robust,1.0,2.2974,2.2717,4.5691
COCO,98,4096,gnoise05,robust,0.675537,2.2974,2.2677,4.5651
COCO,98,4096,gnoise10,robust,0.619385,2.2974,2.2678,4.5652
COCO,98,4096,gblur3,robust,1.0,2.2974,2.2767,4.5741
COCO,98,4096,gblur5,robust,0.703369,2.2974,2.2652,4.5626
COCO,98,4096,gblur7,robust,0.651367,2.2974,2.2649,4.5623
COCO,98,4096,mblur3,robust,1.0,2.2974,2.274,4.5714
COCO,98,4096,mblur5,robust,0.700684,2.2974,2.273,4.5703
COCO,98,4096,mblur7,robust,0.672363,2.2974,2.2667,4.5641
COCO,99,4096,clean,robust,1.0,2.2998,2.2708,4.5706
COCO,99,4096,png,robust,1.0,2.2998,2.2713,4.5711
COCO,99,4096,jpeg90,robust,1.0,2.2998,2.2735,4.5733
COCO,99,4096,jpeg70,robust,0.700684,2.2998,2.2703,4.5701
COCO,99,4096,jpeg50,robust,0.681396,2.2998,2.2691,4.5688
COCO,99,4096,resize0.5,robust,0.703857,2.2998,2.2742,4.574
COCO,99,4096,resize0.75,robust,1.0,2.2998,2.2735,4.5733
COCO,99,4096,resize1.25,robust,1.0,2.2998,2.2748,4.5746
COCO,99,4096,resize1.5,robust,1.0,2.2998,2.2748,4.5746
COCO,99,4096,gnoise01,robust,1.0,2.2998,2.2772,4.5769
COCO,99,4096,gnoise05,robust,0.664307,2.2998,2.2642,4.5639
COCO,99,4096,gnoise10,robust,0.619385,2.2998,2.2652,4.565
COCO,99,4096,gblur3,robust,1.0,2.2998,2.2721,4.5718
COCO,99,4096,gblur5,robust,0.689697,2.2998,2.2645,4.5643
COCO,99,4096,gblur7,robust,0.656494,2.2998,2.271,4.5707
COCO,99,4096,mblur3,robust,0.706787,2.2998,2.2682,4.568
COCO,99,4096,mblur5,robust,0.690918,2.2998,2.2657,4.5655
COCO,99,4096,mblur7,robust,0.663574,2.2998,2.2667,4.5664
